year,school,ivy,ivy.plus,nescac,SFFA.brief,us.news,category,first_time_first_year,undergraduates,total_undergraduates,source_file,legacy_combined
2008,airforce,0,0,0,0,1,"American Indian or Alaska Native, non-Hispanic",7,69,69,IPEDS_EF2008A,0
2008,airforce,0,0,0,0,1,"Asian, non-Hispanic",93,384,384,IPEDS_EF2008A,0
2008,airforce,0,0,0,0,1,"Black or African American, non-Hispanic",66,212,212,IPEDS_EF2008A,0
2008,airforce,0,0,0,0,1,Hispanic/Latino,110,336,336,IPEDS_EF2008A,0
2008,airforce,0,0,0,0,1,Nonresident,13,51,51,IPEDS_EF2008A,0
2008,airforce,0,0,0,0,1,Race and/or ethnicity unknown,0,0,0,IPEDS_EF2008A,0
2008,airforce,0,0,0,0,1,Total,1286,4537,4537,IPEDS_EF2008A,0
2008,airforce,0,0,0,0,1,"White, non-Hispanic",997,3485,3485,IPEDS_EF2008A,0
2008,amherst,0,0,1,1,1,"American Indian or Alaska Native, non-Hispanic",0,3,3,IPEDS_EF2008A,0
2008,amherst,0,0,1,1,1,"Asian, non-Hispanic",47,172,172,IPEDS_EF2008A,0
2008,amherst,0,0,1,1,1,"Black or African American, non-Hispanic",48,173,173,IPEDS_EF2008A,0
2008,amherst,0,0,1,1,1,Hispanic/Latino,46,160,160,IPEDS_EF2008A,0
2008,amherst,0,0,1,1,1,Nonresident,38,123,123,IPEDS_EF2008A,0
2008,amherst,0,0,1,1,1,Race and/or ethnicity unknown,96,358,358,IPEDS_EF2008A,0
2008,amherst,0,0,1,1,1,Total,438,1697,1697,IPEDS_EF2008A,0
2008,amherst,0,0,1,1,1,"White, non-Hispanic",163,708,708,IPEDS_EF2008A,0
2008,army,0,0,0,0,1,"American Indian or Alaska Native, non-Hispanic",9,47,47,IPEDS_EF2008A,0
2008,army,0,0,0,0,1,"Asian, non-Hispanic",59,258,258,IPEDS_EF2008A,0
2008,army,0,0,0,0,1,"Black or African American, non-Hispanic",71,256,256,IPEDS_EF2008A,0
2008,army,0,0,0,0,1,Hispanic/Latino,117,407,407,IPEDS_EF2008A,0
2008,army,0,0,0,0,1,Nonresident,13,57,57,IPEDS_EF2008A,0
2008,army,0,0,0,0,1,Race and/or ethnicity unknown,22,56,56,IPEDS_EF2008A,0
2008,army,0,0,0,0,1,Total,1263,4553,4553,IPEDS_EF2008A,0
2008,army,0,0,0,0,1,"White, non-Hispanic",925,3301,3301,IPEDS_EF2008A,0
2008,barnard,0,0,0,1,1,"American Indian or Alaska Native, non-Hispanic",1,5,5,IPEDS_EF2008A,0
2008,barnard,0,0,0,1,1,"Asian, non-Hispanic",92,375,375,IPEDS_EF2008A,0
2008,barnard,0,0,0,1,1,"Black or African American, non-Hispanic",25,108,108,IPEDS_EF2008A,0
2008,barnard,0,0,0,1,1,Hispanic/Latino,52,206,206,IPEDS_EF2008A,0
2008,barnard,0,0,0,1,1,Nonresident,22,94,94,IPEDS_EF2008A,0
2008,barnard,0,0,0,1,1,Race and/or ethnicity unknown,0,0,0,IPEDS_EF2008A,0
2008,barnard,0,0,0,1,1,Total,574,2359,2359,IPEDS_EF2008A,0
2008,barnard,0,0,0,1,1,"White, non-Hispanic",382,1571,1571,IPEDS_EF2008A,0
2008,bates,0,0,1,1,1,"American Indian or Alaska Native, non-Hispanic",2,6,6,IPEDS_EF2008A,0
2008,bates,0,0,1,1,1,"Asian, non-Hispanic",30,106,106,IPEDS_EF2008A,0
2008,bates,0,0,1,1,1,"Black or African American, non-Hispanic",34,69,69,IPEDS_EF2008A,0
2008,bates,0,0,1,1,1,Hispanic/Latino,28,63,63,IPEDS_EF2008A,0
2008,bates,0,0,1,1,1,Nonresident,32,97,97,IPEDS_EF2008A,0
2008,bates,0,0,1,1,1,Race and/or ethnicity unknown,14,48,48,IPEDS_EF2008A,0
2008,bates,0,0,1,1,1,Total,521,1776,1776,IPEDS_EF2008A,0
2008,bates,0,0,1,1,1,"White, non-Hispanic",381,1387,1387,IPEDS_EF2008A,0
2008,berkeley,0,0,0,0,1,"American Indian or Alaska Native, non-Hispanic",19,121,121,IPEDS_EF2008A,0
2008,berkeley,0,0,0,0,1,"Asian, non-Hispanic",1793,10457,10457,IPEDS_EF2008A,0
2008,berkeley,0,0,0,0,1,"Black or African American, non-Hispanic",146,889,889,IPEDS_EF2008A,0
2008,berkeley,0,0,0,0,1,Hispanic/Latino,450,2926,2926,IPEDS_EF2008A,0
2008,berkeley,0,0,0,0,1,Nonresident,360,1073,1073,IPEDS_EF2008A,0
2008,berkeley,0,0,0,0,1,Race and/or ethnicity unknown,315,1945,1945,IPEDS_EF2008A,0
2008,berkeley,0,0,0,0,1,Total,4261,25151,25151,IPEDS_EF2008A,0
2008,berkeley,0,0,0,0,1,"White, non-Hispanic",1178,7740,7740,IPEDS_EF2008A,0
2008,bowdoin,0,0,1,1,1,"American Indian or Alaska Native, non-Hispanic",2,10,10,IPEDS_EF2008A,0
2008,bowdoin,0,0,1,1,1,"Asian, non-Hispanic",58,199,199,IPEDS_EF2008A,0
2008,bowdoin,0,0,1,1,1,"Black or African American, non-Hispanic",37,108,108,IPEDS_EF2008A,0
2008,bowdoin,0,0,1,1,1,Hispanic/Latino,61,155,155,IPEDS_EF2008A,0
2008,bowdoin,0,0,1,1,1,Nonresident,16,51,51,IPEDS_EF2008A,0
2008,bowdoin,0,0,1,1,1,Race and/or ethnicity unknown,5,31,31,IPEDS_EF2008A,0
2008,bowdoin,0,0,1,1,1,Total,488,1717,1723,IPEDS_EF2008A,0
2008,bowdoin,0,0,1,1,1,"White, non-Hispanic",309,1163,1169,IPEDS_EF2008A,0
2008,brown,1,1,0,0,1,"American Indian or Alaska Native, non-Hispanic",9,34,34,IPEDS_EF2008A,0
2008,brown,1,1,0,0,1,"Asian, non-Hispanic",270,940,962,IPEDS_EF2008A,0
2008,brown,1,1,0,0,1,"Black or African American, non-Hispanic",104,399,402,IPEDS_EF2008A,0
2008,brown,1,1,0,0,1,Hispanic/Latino,136,509,516,IPEDS_EF2008A,0
2008,brown,1,1,0,0,1,Nonresident,150,478,514,IPEDS_EF2008A,0
2008,brown,1,1,0,0,1,Race and/or ethnicity unknown,256,853,919,IPEDS_EF2008A,0
2008,brown,1,1,0,0,1,Total,1548,5874,6095,IPEDS_EF2008A,0
2008,brown,1,1,0,0,1,"White, non-Hispanic",623,2661,2748,IPEDS_EF2008A,0
2008,brynmawr,0,0,0,1,0,"American Indian or Alaska Native, non-Hispanic",1,2,2,IPEDS_EF2008A,0
2008,brynmawr,0,0,0,1,0,"Asian, non-Hispanic",40,151,151,IPEDS_EF2008A,0
2008,brynmawr,0,0,0,1,0,"Black or African American, non-Hispanic",18,75,76,IPEDS_EF2008A,0
2008,brynmawr,0,0,0,1,0,Hispanic/Latino,16,48,48,IPEDS_EF2008A,0
2008,brynmawr,0,0,0,1,0,Nonresident,36,89,90,IPEDS_EF2008A,0
2008,brynmawr,0,0,0,1,0,Race and/or ethnicity unknown,116,328,332,IPEDS_EF2008A,0
2008,brynmawr,0,0,0,1,0,Total,366,1274,1287,IPEDS_EF2008A,0
2008,brynmawr,0,0,0,1,0,"White, non-Hispanic",139,581,588,IPEDS_EF2008A,0
2008,bucknell,0,0,0,1,0,"American Indian or Alaska Native, non-Hispanic",1,6,6,IPEDS_EF2008A,0
2008,bucknell,0,0,0,1,0,"Asian, non-Hispanic",38,189,189,IPEDS_EF2008A,0
2008,bucknell,0,0,0,1,0,"Black or African American, non-Hispanic",18,95,95,IPEDS_EF2008A,0
2008,bucknell,0,0,0,1,0,Hispanic/Latino,25,98,98,IPEDS_EF2008A,0
2008,bucknell,0,0,0,1,0,Nonresident,40,112,119,IPEDS_EF2008A,0
2008,bucknell,0,0,0,1,0,Race and/or ethnicity unknown,54,196,202,IPEDS_EF2008A,0
2008,bucknell,0,0,0,1,0,Total,953,3602,3624,IPEDS_EF2008A,0
2008,bucknell,0,0,0,1,0,"White, non-Hispanic",777,2906,2915,IPEDS_EF2008A,0
2008,caltech,0,1,0,0,1,"American Indian or Alaska Native, non-Hispanic",0,0,0,IPEDS_EF2008A,0
2008,caltech,0,1,0,0,1,"Asian, non-Hispanic",94,367,367,IPEDS_EF2008A,0
2008,caltech,0,1,0,0,1,"Black or African American, non-Hispanic",2,7,7,IPEDS_EF2008A,0
2008,caltech,0,1,0,0,1,Hispanic/Latino,13,51,51,IPEDS_EF2008A,0
2008,caltech,0,1,0,0,1,Nonresident,28,104,104,IPEDS_EF2008A,0
2008,caltech,0,1,0,0,1,Race and/or ethnicity unknown,8,20,20,IPEDS_EF2008A,0
2008,caltech,0,1,0,0,1,Total,236,921,921,IPEDS_EF2008A,0
2008,caltech,0,1,0,0,1,"White, non-Hispanic",91,372,372,IPEDS_EF2008A,0
2008,carleton,0,0,0,1,1,"American Indian or Alaska Native, non-Hispanic",6,17,17,IPEDS_EF2008A,0
2008,carleton,0,0,0,1,1,"Asian, non-Hispanic",43,189,189,IPEDS_EF2008A,0
2008,carleton,0,0,0,1,1,"Black or African American, non-Hispanic",29,100,100,IPEDS_EF2008A,0
2008,carleton,0,0,0,1,1,Hispanic/Latino,25,104,106,IPEDS_EF2008A,0
2008,carleton,0,0,0,1,1,Nonresident,34,121,121,IPEDS_EF2008A,0
2008,carleton,0,0,0,1,1,Race and/or ethnicity unknown,0,0,0,IPEDS_EF2008A,0
2008,carleton,0,0,0,1,1,Total,489,1975,1983,IPEDS_EF2008A,0
2008,carleton,0,0,0,1,1,"White, non-Hispanic",352,1444,1450,IPEDS_EF2008A,0
2008,clark,0,0,0,1,0,"American Indian or Alaska Native, non-Hispanic",2,7,7,IPEDS_EF2008A,0
2008,clark,0,0,0,1,0,"Asian, non-Hispanic",32,93,107,IPEDS_EF2008A,0
2008,clark,0,0,0,1,0,"Black or African American, non-Hispanic",12,48,49,IPEDS_EF2008A,0
2008,clark,0,0,0,1,0,Hispanic/Latino,20,52,56,IPEDS_EF2008A,0
2008,clark,0,0,0,1,0,Nonresident,54,192,195,IPEDS_EF2008A,0
2008,clark,0,0,0,1,0,Race and/or ethnicity unknown,65,331,359,IPEDS_EF2008A,0
2008,clark,0,0,0,1,0,Total,591,2293,2380,IPEDS_EF2008A,0
2008,clark,0,0,0,1,0,"White, non-Hispanic",406,1570,1607,IPEDS_EF2008A,0
2008,cmc,0,0,0,0,1,"American Indian or Alaska Native, non-Hispanic",0,2,2,IPEDS_EF2008A,0
2008,cmc,0,0,0,0,1,"Asian, non-Hispanic",36,150,150,IPEDS_EF2008A,0
2008,cmc,0,0,0,0,1,"Black or African American, non-Hispanic",12,46,46,IPEDS_EF2008A,0
2008,cmc,0,0,0,0,1,Hispanic/Latino,29,137,137,IPEDS_EF2008A,0
2008,cmc,0,0,0,0,1,Nonresident,17,71,71,IPEDS_EF2008A,0
2008,cmc,0,0,0,0,1,Race and/or ethnicity unknown,85,200,200,IPEDS_EF2008A,0
2008,cmc,0,0,0,0,1,Total,320,1212,1212,IPEDS_EF2008A,0
2008,cmc,0,0,0,0,1,"White, non-Hispanic",141,606,606,IPEDS_EF2008A,0
2008,cmu,0,0,0,0,1,"American Indian or Alaska Native, non-Hispanic",10,29,29,IPEDS_EF2008A,0
2008,cmu,0,0,0,0,1,"Asian, non-Hispanic",320,1392,1398,IPEDS_EF2008A,0
2008,cmu,0,0,0,0,1,"Black or African American, non-Hispanic",79,288,290,IPEDS_EF2008A,0
2008,cmu,0,0,0,0,1,Hispanic/Latino,88,293,294,IPEDS_EF2008A,0
2008,cmu,0,0,0,0,1,Nonresident,174,683,708,IPEDS_EF2008A,0
2008,cmu,0,0,0,0,1,Race and/or ethnicity unknown,228,728,734,IPEDS_EF2008A,0
2008,cmu,0,0,0,0,1,Total,1465,5703,5809,IPEDS_EF2008A,0
2008,cmu,0,0,0,0,1,"White, non-Hispanic",566,2290,2356,IPEDS_EF2008A,0
2008,colby,0,0,1,1,1,"American Indian or Alaska Native, non-Hispanic",2,9,9,IPEDS_EF2008A,0
2008,colby,0,0,1,1,1,"Asian, non-Hispanic",44,149,149,IPEDS_EF2008A,0
2008,colby,0,0,1,1,1,"Black or African American, non-Hispanic",8,41,41,IPEDS_EF2008A,0
2008,colby,0,0,1,1,1,Hispanic/Latino,13,50,50,IPEDS_EF2008A,0
2008,colby,0,0,1,1,1,Nonresident,19,99,99,IPEDS_EF2008A,0
2008,colby,0,0,1,1,1,Race and/or ethnicity unknown,116,228,228,IPEDS_EF2008A,0
2008,colby,0,0,1,1,1,Total,482,1847,1847,IPEDS_EF2008A,0
2008,colby,0,0,1,1,1,"White, non-Hispanic",280,1271,1271,IPEDS_EF2008A,0
2008,colgate,0,0,0,0,1,"American Indian or Alaska Native, non-Hispanic",8,16,17,IPEDS_EF2008A,0
2008,colgate,0,0,0,0,1,"Asian, non-Hispanic",32,168,168,IPEDS_EF2008A,0
2008,colgate,0,0,0,0,1,"Black or African American, non-Hispanic",50,158,158,IPEDS_EF2008A,0
2008,colgate,0,0,0,0,1,Hispanic/Latino,51,175,176,IPEDS_EF2008A,0
2008,colgate,0,0,0,0,1,Nonresident,32,131,136,IPEDS_EF2008A,0
2008,colgate,0,0,0,0,1,Race and/or ethnicity unknown,19,74,88,IPEDS_EF2008A,0
2008,colgate,0,0,0,0,1,Total,738,2806,2836,IPEDS_EF2008A,0
2008,colgate,0,0,0,0,1,"White, non-Hispanic",546,2084,2093,IPEDS_EF2008A,0
2008,columbia,1,1,0,0,1,"American Indian or Alaska Native, non-Hispanic",15,51,51,IPEDS_EF2008A,0
2008,columbia,1,1,0,0,1,"Asian, non-Hispanic",229,1183,1183,IPEDS_EF2008A,0
2008,columbia,1,1,0,0,1,"Black or African American, non-Hispanic",155,639,639,IPEDS_EF2008A,0
2008,columbia,1,1,0,0,1,Hispanic/Latino,184,753,753,IPEDS_EF2008A,0
2008,columbia,1,1,0,0,1,Nonresident,136,718,718,IPEDS_EF2008A,0
2008,columbia,1,1,0,0,1,Race and/or ethnicity unknown,165,1016,1016,IPEDS_EF2008A,0
2008,columbia,1,1,0,0,1,Total,1393,7495,7495,IPEDS_EF2008A,0
2008,columbia,1,1,0,0,1,"White, non-Hispanic",509,3135,3135,IPEDS_EF2008A,0
2008,conncoll,0,0,1,1,0,"American Indian or Alaska Native, non-Hispanic",1,2,2,IPEDS_EF2008A,0
2008,conncoll,0,0,1,1,0,"Asian, non-Hispanic",30,80,84,IPEDS_EF2008A,0
2008,conncoll,0,0,1,1,0,"Black or African American, non-Hispanic",16,71,74,IPEDS_EF2008A,0
2008,conncoll,0,0,1,1,0,Hispanic/Latino,29,97,99,IPEDS_EF2008A,0
2008,conncoll,0,0,1,1,0,Nonresident,26,78,83,IPEDS_EF2008A,0
2008,conncoll,0,0,1,1,0,Race and/or ethnicity unknown,25,113,114,IPEDS_EF2008A,0
2008,conncoll,0,0,1,1,0,Total,493,1741,1845,IPEDS_EF2008A,0
2008,conncoll,0,0,1,1,0,"White, non-Hispanic",366,1300,1389,IPEDS_EF2008A,0
2008,cornell,1,1,0,0,1,"American Indian or Alaska Native, non-Hispanic",13,66,66,IPEDS_EF2008A,0
2008,cornell,1,1,0,0,1,"Asian, non-Hispanic",566,2283,2283,IPEDS_EF2008A,0
2008,cornell,1,1,0,0,1,"Black or African American, non-Hispanic",135,699,699,IPEDS_EF2008A,0
2008,cornell,1,1,0,0,1,Hispanic/Latino,179,768,768,IPEDS_EF2008A,0
2008,cornell,1,1,0,0,1,Nonresident,307,1135,1199,IPEDS_EF2008A,0
2008,cornell,1,1,0,0,1,Race and/or ethnicity unknown,504,2060,2067,IPEDS_EF2008A,0
2008,cornell,1,1,0,0,1,Total,3139,13772,13846,IPEDS_EF2008A,0
2008,cornell,1,1,0,0,1,"White, non-Hispanic",1435,6761,6764,IPEDS_EF2008A,0
2008,dartmouth,1,1,0,0,1,"American Indian or Alaska Native, non-Hispanic",44,151,151,IPEDS_EF2008A,0
2008,dartmouth,1,1,0,0,1,"Asian, non-Hispanic",163,559,561,IPEDS_EF2008A,0
2008,dartmouth,1,1,0,0,1,"Black or African American, non-Hispanic",103,329,329,IPEDS_EF2008A,0
2008,dartmouth,1,1,0,0,1,Hispanic/Latino,88,277,277,IPEDS_EF2008A,0
2008,dartmouth,1,1,0,0,1,Nonresident,77,269,286,IPEDS_EF2008A,0
2008,dartmouth,1,1,0,0,1,Race and/or ethnicity unknown,52,197,243,IPEDS_EF2008A,0
2008,dartmouth,1,1,0,0,1,Total,1097,4067,4147,IPEDS_EF2008A,0
2008,dartmouth,1,1,0,0,1,"White, non-Hispanic",570,2285,2300,IPEDS_EF2008A,0
2008,davidson,0,0,0,1,1,"American Indian or Alaska Native, non-Hispanic",2,9,9,IPEDS_EF2008A,0
2008,davidson,0,0,0,1,1,"Asian, non-Hispanic",24,67,67,IPEDS_EF2008A,0
2008,davidson,0,0,0,1,1,"Black or African American, non-Hispanic",32,95,95,IPEDS_EF2008A,0
2008,davidson,0,0,0,1,1,Hispanic/Latino,18,69,70,IPEDS_EF2008A,0
2008,davidson,0,0,0,1,1,Nonresident,20,60,63,IPEDS_EF2008A,0
2008,davidson,0,0,0,1,1,Race and/or ethnicity unknown,44,124,124,IPEDS_EF2008A,0
2008,davidson,0,0,0,1,1,Total,480,1661,1668,IPEDS_EF2008A,0
2008,davidson,0,0,0,1,1,"White, non-Hispanic",340,1237,1240,IPEDS_EF2008A,0
2008,duke,0,1,0,0,1,"American Indian or Alaska Native, non-Hispanic",10,27,27,IPEDS_EF2008A,0
2008,duke,0,1,0,0,1,"Asian, non-Hispanic",373,1371,1376,IPEDS_EF2008A,0
2008,duke,0,1,0,0,1,"Black or African American, non-Hispanic",168,620,629,IPEDS_EF2008A,0
2008,duke,0,1,0,0,1,Hispanic/Latino,107,390,404,IPEDS_EF2008A,0
2008,duke,0,1,0,0,1,Nonresident,124,393,393,IPEDS_EF2008A,0
2008,duke,0,1,0,0,1,Race and/or ethnicity unknown,97,318,374,IPEDS_EF2008A,0
2008,duke,0,1,0,0,1,Total,1699,6352,6496,IPEDS_EF2008A,0
2008,duke,0,1,0,0,1,"White, non-Hispanic",820,3233,3293,IPEDS_EF2008A,0
2008,emory,0,0,0,0,1,"American Indian or Alaska Native, non-Hispanic",7,20,20,IPEDS_EF2008A,0
2008,emory,0,0,0,0,1,"Asian, non-Hispanic",409,1391,1395,IPEDS_EF2008A,0
2008,emory,0,0,0,0,1,"Black or African American, non-Hispanic",165,688,699,IPEDS_EF2008A,0
2008,emory,0,0,0,0,1,Hispanic/Latino,62,246,246,IPEDS_EF2008A,0
2008,emory,0,0,0,0,1,Nonresident,137,482,549,IPEDS_EF2008A,0
2008,emory,0,0,0,0,1,Race and/or ethnicity unknown,112,451,455,IPEDS_EF2008A,0
2008,emory,0,0,0,0,1,Total,1677,6787,6890,IPEDS_EF2008A,0
2008,emory,0,0,0,0,1,"White, non-Hispanic",785,3509,3526,IPEDS_EF2008A,0
2008,fandm,0,0,0,1,0,"American Indian or Alaska Native, non-Hispanic",1,5,5,IPEDS_EF2008A,0
2008,fandm,0,0,0,1,0,"Asian, non-Hispanic",21,90,90,IPEDS_EF2008A,0
2008,fandm,0,0,0,1,0,"Black or African American, non-Hispanic",21,77,79,IPEDS_EF2008A,0
2008,fandm,0,0,0,1,0,Hispanic/Latino,23,88,90,IPEDS_EF2008A,0
2008,fandm,0,0,0,1,0,Nonresident,52,180,188,IPEDS_EF2008A,0
2008,fandm,0,0,0,1,0,Race and/or ethnicity unknown,82,210,215,IPEDS_EF2008A,0
2008,fandm,0,0,0,1,0,Total,588,2118,2164,IPEDS_EF2008A,0
2008,fandm,0,0,0,1,0,"White, non-Hispanic",388,1468,1497,IPEDS_EF2008A,0
2008,georgetown,0,0,0,0,1,"American Indian or Alaska Native, non-Hispanic",0,5,5,IPEDS_EF2008A,0
2008,georgetown,0,0,0,0,1,"Asian, non-Hispanic",148,620,625,IPEDS_EF2008A,0
2008,georgetown,0,0,0,0,1,"Black or African American, non-Hispanic",95,460,464,IPEDS_EF2008A,0
2008,georgetown,0,0,0,0,1,Hispanic/Latino,81,433,438,IPEDS_EF2008A,0
2008,georgetown,0,0,0,0,1,Nonresident,104,441,609,IPEDS_EF2008A,0
2008,georgetown,0,0,0,0,1,Race and/or ethnicity unknown,44,266,363,IPEDS_EF2008A,0
2008,georgetown,0,0,0,0,1,Total,1571,6792,7092,IPEDS_EF2008A,0
2008,georgetown,0,0,0,0,1,"White, non-Hispanic",1099,4567,4588,IPEDS_EF2008A,0
2008,grinnell,0,0,0,0,1,"American Indian or Alaska Native, non-Hispanic",2,7,7,IPEDS_EF2008A,0
2008,grinnell,0,0,0,0,1,"Asian, non-Hispanic",36,126,127,IPEDS_EF2008A,0
2008,grinnell,0,0,0,0,1,"Black or African American, non-Hispanic",29,85,85,IPEDS_EF2008A,0
2008,grinnell,0,0,0,0,1,Hispanic/Latino,38,101,102,IPEDS_EF2008A,0
2008,grinnell,0,0,0,0,1,Nonresident,50,181,183,IPEDS_EF2008A,0
2008,grinnell,0,0,0,0,1,Race and/or ethnicity unknown,42,118,145,IPEDS_EF2008A,0
2008,grinnell,0,0,0,0,1,Total,464,1639,1678,IPEDS_EF2008A,0
2008,grinnell,0,0,0,0,1,"White, non-Hispanic",267,1021,1029,IPEDS_EF2008A,0
2008,hamilton,0,0,1,1,1,"American Indian or Alaska Native, non-Hispanic",2,16,16,IPEDS_EF2008A,0
2008,hamilton,0,0,1,1,1,"Asian, non-Hispanic",39,131,132,IPEDS_EF2008A,0
2008,hamilton,0,0,1,1,1,"Black or African American, non-Hispanic",18,71,71,IPEDS_EF2008A,0
2008,hamilton,0,0,1,1,1,Hispanic/Latino,26,85,85,IPEDS_EF2008A,0
2008,hamilton,0,0,1,1,1,Nonresident,22,98,100,IPEDS_EF2008A,0
2008,hamilton,0,0,1,1,1,Race and/or ethnicity unknown,50,141,166,IPEDS_EF2008A,0
2008,hamilton,0,0,1,1,1,Total,462,1834,1872,IPEDS_EF2008A,0
2008,hamilton,0,0,1,1,1,"White, non-Hispanic",305,1292,1302,IPEDS_EF2008A,0
2008,hampshire,0,0,0,1,0,"American Indian or Alaska Native, non-Hispanic",6,14,14,IPEDS_EF2008A,0
2008,hampshire,0,0,0,1,0,"Asian, non-Hispanic",14,51,51,IPEDS_EF2008A,0
2008,hampshire,0,0,0,1,0,"Black or African American, non-Hispanic",8,57,64,IPEDS_EF2008A,0
2008,hampshire,0,0,0,1,0,Hispanic/Latino,26,86,88,IPEDS_EF2008A,0
2008,hampshire,0,0,0,1,0,Nonresident,19,55,67,IPEDS_EF2008A,0
2008,hampshire,0,0,0,1,0,Race and/or ethnicity unknown,22,101,106,IPEDS_EF2008A,0
2008,hampshire,0,0,0,1,0,Total,389,1402,1428,IPEDS_EF2008A,0
2008,hampshire,0,0,0,1,0,"White, non-Hispanic",294,1038,1038,IPEDS_EF2008A,0
2008,harvard,1,1,0,0,1,"American Indian or Alaska Native, non-Hispanic",9,48,63,IPEDS_EF2008A,0
2008,harvard,1,1,0,0,1,"Asian, non-Hispanic",310,1160,1526,IPEDS_EF2008A,0
2008,harvard,1,1,0,0,1,"Black or African American, non-Hispanic",127,558,758,IPEDS_EF2008A,0
2008,harvard,1,1,0,0,1,Hispanic/Latino,111,482,642,IPEDS_EF2008A,0
2008,harvard,1,1,0,0,1,Nonresident,174,692,692,IPEDS_EF2008A,0
2008,harvard,1,1,0,0,1,Race and/or ethnicity unknown,256,981,1316,IPEDS_EF2008A,0
2008,harvard,1,1,0,0,1,Total,1666,7156,10156,IPEDS_EF2008A,0
2008,harvard,1,1,0,0,1,"White, non-Hispanic",679,3235,5159,IPEDS_EF2008A,0
2008,haverford,0,0,0,1,0,"American Indian or Alaska Native, non-Hispanic",0,7,7,IPEDS_EF2008A,0
2008,haverford,0,0,0,1,0,"Asian, non-Hispanic",32,122,122,IPEDS_EF2008A,0
2008,haverford,0,0,0,1,0,"Black or African American, non-Hispanic",27,98,98,IPEDS_EF2008A,0
2008,haverford,0,0,0,1,0,Hispanic/Latino,33,103,103,IPEDS_EF2008A,0
2008,haverford,0,0,0,1,0,Nonresident,15,38,38,IPEDS_EF2008A,0
2008,haverford,0,0,0,1,0,Race and/or ethnicity unknown,0,0,0,IPEDS_EF2008A,0
2008,haverford,0,0,0,1,0,Total,327,1169,1169,IPEDS_EF2008A,0
2008,haverford,0,0,0,1,0,"White, non-Hispanic",200,780,780,IPEDS_EF2008A,0
2008,hmc,0,0,0,0,1,"American Indian or Alaska Native, non-Hispanic",2,7,7,IPEDS_EF2008A,0
2008,hmc,0,0,0,0,1,"Asian, non-Hispanic",46,152,152,IPEDS_EF2008A,0
2008,hmc,0,0,0,0,1,"Black or African American, non-Hispanic",4,13,13,IPEDS_EF2008A,0
2008,hmc,0,0,0,0,1,Hispanic/Latino,13,57,57,IPEDS_EF2008A,0
2008,hmc,0,0,0,0,1,Nonresident,10,25,25,IPEDS_EF2008A,0
2008,hmc,0,0,0,0,1,Race and/or ethnicity unknown,6,64,64,IPEDS_EF2008A,0
2008,hmc,0,0,0,0,1,Total,202,738,738,IPEDS_EF2008A,0
2008,hmc,0,0,0,0,1,"White, non-Hispanic",121,420,420,IPEDS_EF2008A,0
2008,jhu,0,1,0,0,1,"American Indian or Alaska Native, non-Hispanic",8,38,38,IPEDS_EF2008A,0
2008,jhu,0,1,0,0,1,"Asian, non-Hispanic",281,1199,1203,IPEDS_EF2008A,0
2008,jhu,0,1,0,0,1,"Black or African American, non-Hispanic",83,417,418,IPEDS_EF2008A,0
2008,jhu,0,1,0,0,1,Hispanic/Latino,102,350,350,IPEDS_EF2008A,0
2008,jhu,0,1,0,0,1,Nonresident,107,359,371,IPEDS_EF2008A,0
2008,jhu,0,1,0,0,1,Race and/or ethnicity unknown,100,418,421,IPEDS_EF2008A,0
2008,jhu,0,1,0,0,1,Total,1317,5549,5577,IPEDS_EF2008A,0
2008,jhu,0,1,0,0,1,"White, non-Hispanic",636,2768,2776,IPEDS_EF2008A,0
2008,macalester,0,0,0,1,0,"American Indian or Alaska Native, non-Hispanic",6,20,20,IPEDS_EF2008A,0
2008,macalester,0,0,0,1,0,"Asian, non-Hispanic",40,166,169,IPEDS_EF2008A,0
2008,macalester,0,0,0,1,0,"Black or African American, non-Hispanic",12,70,70,IPEDS_EF2008A,0
2008,macalester,0,0,0,1,0,Hispanic/Latino,27,84,87,IPEDS_EF2008A,0
2008,macalester,0,0,0,1,0,Nonresident,47,209,212,IPEDS_EF2008A,0
2008,macalester,0,0,0,1,0,Race and/or ethnicity unknown,0,0,0,IPEDS_EF2008A,0
2008,macalester,0,0,0,1,0,Total,479,1871,1900,IPEDS_EF2008A,0
2008,macalester,0,0,0,1,0,"White, non-Hispanic",347,1322,1342,IPEDS_EF2008A,0
2008,middlebury,0,0,1,1,1,"American Indian or Alaska Native, non-Hispanic",4,17,17,IPEDS_EF2008A,0
2008,middlebury,0,0,1,1,1,"Asian, non-Hispanic",57,221,221,IPEDS_EF2008A,0
2008,middlebury,0,0,1,1,1,"Black or African American, non-Hispanic",27,81,81,IPEDS_EF2008A,0
2008,middlebury,0,0,1,1,1,Hispanic/Latino,42,155,156,IPEDS_EF2008A,0
2008,middlebury,0,0,1,1,1,Nonresident,69,249,272,IPEDS_EF2008A,0
2008,middlebury,0,0,1,1,1,Race and/or ethnicity unknown,36,137,137,IPEDS_EF2008A,0
2008,middlebury,0,0,1,1,1,Total,576,2422,2455,IPEDS_EF2008A,0
2008,middlebury,0,0,1,1,1,"White, non-Hispanic",340,1561,1570,IPEDS_EF2008A,0
2008,mit,0,1,0,0,1,"American Indian or Alaska Native, non-Hispanic",11,42,42,IPEDS_EF2008A,0
2008,mit,0,1,0,0,1,"Asian, non-Hispanic",263,1053,1054,IPEDS_EF2008A,0
2008,mit,0,1,0,0,1,"Black or African American, non-Hispanic",99,334,334,IPEDS_EF2008A,0
2008,mit,0,1,0,0,1,Hispanic/Latino,147,516,516,IPEDS_EF2008A,0
2008,mit,0,1,0,0,1,Nonresident,98,377,389,IPEDS_EF2008A,0
2008,mit,0,1,0,0,1,Race and/or ethnicity unknown,74,300,301,IPEDS_EF2008A,0
2008,mit,0,1,0,0,1,Total,1048,4138,4153,IPEDS_EF2008A,0
2008,mit,0,1,0,0,1,"White, non-Hispanic",356,1516,1517,IPEDS_EF2008A,0
2008,mtholyoke,0,0,0,1,0,"American Indian or Alaska Native, non-Hispanic",0,10,10,IPEDS_EF2008A,0
2008,mtholyoke,0,0,0,1,0,"Asian, non-Hispanic",59,256,257,IPEDS_EF2008A,0
2008,mtholyoke,0,0,0,1,0,"Black or African American, non-Hispanic",31,112,112,IPEDS_EF2008A,0
2008,mtholyoke,0,0,0,1,0,Hispanic/Latino,27,111,111,IPEDS_EF2008A,0
2008,mtholyoke,0,0,0,1,0,Nonresident,100,403,403,IPEDS_EF2008A,0
2008,mtholyoke,0,0,0,1,0,Race and/or ethnicity unknown,77,255,261,IPEDS_EF2008A,0
2008,mtholyoke,0,0,0,1,0,Total,518,2210,2231,IPEDS_EF2008A,0
2008,mtholyoke,0,0,0,1,0,"White, non-Hispanic",224,1063,1077,IPEDS_EF2008A,0
2008,navy,0,0,0,0,1,"American Indian or Alaska Native, non-Hispanic",5,23,23,IPEDS_EF2008A,0
2008,navy,0,0,0,0,1,"Asian, non-Hispanic",57,154,154,IPEDS_EF2008A,0
2008,navy,0,0,0,0,1,"Black or African American, non-Hispanic",60,192,192,IPEDS_EF2008A,0
2008,navy,0,0,0,0,1,Hispanic/Latino,133,470,470,IPEDS_EF2008A,0
2008,navy,0,0,0,0,1,Nonresident,14,46,46,IPEDS_EF2008A,0
2008,navy,0,0,0,0,1,Race and/or ethnicity unknown,13,39,39,IPEDS_EF2008A,0
2008,navy,0,0,0,0,1,Total,1231,4488,4488,IPEDS_EF2008A,0
2008,navy,0,0,0,0,1,"White, non-Hispanic",869,3349,3349,IPEDS_EF2008A,0
2008,northwestern,0,0,0,0,1,"American Indian or Alaska Native, non-Hispanic",4,9,9,IPEDS_EF2008A,0
2008,northwestern,0,0,0,0,1,"Asian, non-Hispanic",443,1561,1585,IPEDS_EF2008A,0
2008,northwestern,0,0,0,0,1,"Black or African American, non-Hispanic",87,489,506,IPEDS_EF2008A,0
2008,northwestern,0,0,0,0,1,Hispanic/Latino,147,575,586,IPEDS_EF2008A,0
2008,northwestern,0,0,0,0,1,Nonresident,127,474,499,IPEDS_EF2008A,0
2008,northwestern,0,0,0,0,1,Race and/or ethnicity unknown,115,570,981,IPEDS_EF2008A,0
2008,northwestern,0,0,0,0,1,Total,2078,8704,9336,IPEDS_EF2008A,0
2008,northwestern,0,0,0,0,1,"White, non-Hispanic",1155,5026,5170,IPEDS_EF2008A,0
2008,notredame,0,0,0,0,1,"American Indian or Alaska Native, non-Hispanic",14,51,51,IPEDS_EF2008A,0
2008,notredame,0,0,0,0,1,"Asian, non-Hispanic",138,593,593,IPEDS_EF2008A,0
2008,notredame,0,0,0,0,1,"Black or African American, non-Hispanic",61,307,308,IPEDS_EF2008A,0
2008,notredame,0,0,0,0,1,Hispanic/Latino,185,776,776,IPEDS_EF2008A,0
2008,notredame,0,0,0,0,1,Nonresident,57,218,226,IPEDS_EF2008A,0
2008,notredame,0,0,0,0,1,Race and/or ethnicity unknown,0,0,0,IPEDS_EF2008A,0
2008,notredame,0,0,0,0,1,Total,2000,8354,8363,IPEDS_EF2008A,0
2008,notredame,0,0,0,0,1,"White, non-Hispanic",1545,6409,6409,IPEDS_EF2008A,0
2008,oberlin,0,0,0,1,0,"American Indian or Alaska Native, non-Hispanic",4,17,17,IPEDS_EF2008A,0
2008,oberlin,0,0,0,1,0,"Asian, non-Hispanic",50,202,202,IPEDS_EF2008A,0
2008,oberlin,0,0,0,1,0,"Black or African American, non-Hispanic",52,182,182,IPEDS_EF2008A,0
2008,oberlin,0,0,0,1,0,Hispanic/Latino,52,145,145,IPEDS_EF2008A,0
2008,oberlin,0,0,0,1,0,Nonresident,42,171,171,IPEDS_EF2008A,0
2008,oberlin,0,0,0,1,0,Race and/or ethnicity unknown,0,4,4,IPEDS_EF2008A,0
2008,oberlin,0,0,0,1,0,Total,766,2839,2839,IPEDS_EF2008A,0
2008,oberlin,0,0,0,1,0,"White, non-Hispanic",566,2118,2118,IPEDS_EF2008A,0
2008,penn,1,1,0,0,1,"American Indian or Alaska Native, non-Hispanic",8,46,46,IPEDS_EF2008A,0
2008,penn,1,1,0,0,1,"Asian, non-Hispanic",444,1823,1873,IPEDS_EF2008A,0
2008,penn,1,1,0,0,1,"Black or African American, non-Hispanic",218,834,860,IPEDS_EF2008A,0
2008,penn,1,1,0,0,1,Hispanic/Latino,160,639,647,IPEDS_EF2008A,0
2008,penn,1,1,0,0,1,Nonresident,238,1003,1178,IPEDS_EF2008A,0
2008,penn,1,1,0,0,1,Race and/or ethnicity unknown,427,1887,2476,IPEDS_EF2008A,0
2008,penn,1,1,0,0,1,Total,2424,10840,11851,IPEDS_EF2008A,0
2008,penn,1,1,0,0,1,"White, non-Hispanic",929,4608,4771,IPEDS_EF2008A,0
2008,pomona,0,0,0,1,1,"American Indian or Alaska Native, non-Hispanic",2,7,7,IPEDS_EF2008A,0
2008,pomona,0,0,0,1,1,"Asian, non-Hispanic",59,218,219,IPEDS_EF2008A,0
2008,pomona,0,0,0,1,1,"Black or African American, non-Hispanic",32,125,125,IPEDS_EF2008A,0
2008,pomona,0,0,0,1,1,Hispanic/Latino,40,171,171,IPEDS_EF2008A,0
2008,pomona,0,0,0,1,1,Nonresident,23,61,63,IPEDS_EF2008A,0
2008,pomona,0,0,0,1,1,Race and/or ethnicity unknown,54,224,236,IPEDS_EF2008A,0
2008,pomona,0,0,0,1,1,Total,382,1516,1532,IPEDS_EF2008A,0
2008,pomona,0,0,0,1,1,"White, non-Hispanic",172,710,711,IPEDS_EF2008A,0
2008,princeton,1,1,0,0,1,"American Indian or Alaska Native, non-Hispanic",5,32,32,IPEDS_EF2008A,0
2008,princeton,1,1,0,0,1,"Asian, non-Hispanic",206,734,734,IPEDS_EF2008A,0
2008,princeton,1,1,0,0,1,"Black or African American, non-Hispanic",93,414,414,IPEDS_EF2008A,0
2008,princeton,1,1,0,0,1,Hispanic/Latino,93,369,369,IPEDS_EF2008A,0
2008,princeton,1,1,0,0,1,Nonresident,141,487,487,IPEDS_EF2008A,0
2008,princeton,1,1,0,0,1,Race and/or ethnicity unknown,95,344,344,IPEDS_EF2008A,0
2008,princeton,1,1,0,0,1,Total,1243,4878,4878,IPEDS_EF2008A,0
2008,princeton,1,1,0,0,1,"White, non-Hispanic",610,2498,2498,IPEDS_EF2008A,0
2008,reed,0,0,0,1,0,"American Indian or Alaska Native, non-Hispanic",3,17,17,IPEDS_EF2008A,0
2008,reed,0,0,0,1,0,"Asian, non-Hispanic",34,130,133,IPEDS_EF2008A,0
2008,reed,0,0,0,1,0,"Black or African American, non-Hispanic",14,43,44,IPEDS_EF2008A,0
2008,reed,0,0,0,1,0,Hispanic/Latino,30,101,101,IPEDS_EF2008A,0
2008,reed,0,0,0,1,0,Nonresident,13,73,80,IPEDS_EF2008A,0
2008,reed,0,0,0,1,0,Race and/or ethnicity unknown,74,254,263,IPEDS_EF2008A,0
2008,reed,0,0,0,1,0,Total,330,1407,1442,IPEDS_EF2008A,0
2008,reed,0,0,0,1,0,"White, non-Hispanic",162,789,804,IPEDS_EF2008A,0
2008,rice,0,0,0,0,1,"American Indian or Alaska Native, non-Hispanic",2,15,15,IPEDS_EF2008A,0
2008,rice,0,0,0,0,1,"Asian, non-Hispanic",167,643,643,IPEDS_EF2008A,0
2008,rice,0,0,0,0,1,"Black or African American, non-Hispanic",62,226,226,IPEDS_EF2008A,0
2008,rice,0,0,0,0,1,Hispanic/Latino,89,374,374,IPEDS_EF2008A,0
2008,rice,0,0,0,0,1,Nonresident,67,200,217,IPEDS_EF2008A,0
2008,rice,0,0,0,0,1,Race and/or ethnicity unknown,58,147,147,IPEDS_EF2008A,0
2008,rice,0,0,0,0,1,Total,789,3102,3120,IPEDS_EF2008A,0
2008,rice,0,0,0,0,1,"White, non-Hispanic",344,1497,1498,IPEDS_EF2008A,0
2008,richmond,0,0,0,0,1,"American Indian or Alaska Native, non-Hispanic",3,10,10,IPEDS_EF2008A,0
2008,richmond,0,0,0,0,1,"Asian, non-Hispanic",21,100,104,IPEDS_EF2008A,0
2008,richmond,0,0,0,0,1,"Black or African American, non-Hispanic",40,237,252,IPEDS_EF2008A,0
2008,richmond,0,0,0,0,1,Hispanic/Latino,29,86,87,IPEDS_EF2008A,0
2008,richmond,0,0,0,0,1,Nonresident,48,145,221,IPEDS_EF2008A,0
2008,richmond,0,0,0,0,1,Race and/or ethnicity unknown,116,305,326,IPEDS_EF2008A,0
2008,richmond,0,0,0,0,1,Total,738,3135,3328,IPEDS_EF2008A,0
2008,richmond,0,0,0,0,1,"White, non-Hispanic",481,2252,2328,IPEDS_EF2008A,0
2008,sarahlawrence,0,0,0,1,0,"American Indian or Alaska Native, non-Hispanic",1,4,4,IPEDS_EF2008A,0
2008,sarahlawrence,0,0,0,1,0,"Asian, non-Hispanic",25,72,72,IPEDS_EF2008A,0
2008,sarahlawrence,0,0,0,1,0,"Black or African American, non-Hispanic",8,49,49,IPEDS_EF2008A,0
2008,sarahlawrence,0,0,0,1,0,Hispanic/Latino,16,70,70,IPEDS_EF2008A,0
2008,sarahlawrence,0,0,0,1,0,Nonresident,15,40,42,IPEDS_EF2008A,0
2008,sarahlawrence,0,0,0,1,0,Race and/or ethnicity unknown,36,179,243,IPEDS_EF2008A,0
2008,sarahlawrence,0,0,0,1,0,Total,348,1309,1389,IPEDS_EF2008A,0
2008,sarahlawrence,0,0,0,1,0,"White, non-Hispanic",247,895,909,IPEDS_EF2008A,0
2008,smith,0,0,0,1,1,"American Indian or Alaska Native, non-Hispanic",5,17,17,IPEDS_EF2008A,0
2008,smith,0,0,0,1,1,"Asian, non-Hispanic",91,343,343,IPEDS_EF2008A,0
2008,smith,0,0,0,1,1,"Black or African American, non-Hispanic",38,179,179,IPEDS_EF2008A,0
2008,smith,0,0,0,1,1,Hispanic/Latino,40,174,174,IPEDS_EF2008A,0
2008,smith,0,0,0,1,1,Nonresident,48,172,172,IPEDS_EF2008A,0
2008,smith,0,0,0,1,1,Race and/or ethnicity unknown,190,601,601,IPEDS_EF2008A,0
2008,smith,0,0,0,1,1,Total,643,2610,2610,IPEDS_EF2008A,0
2008,smith,0,0,0,1,1,"White, non-Hispanic",231,1124,1124,IPEDS_EF2008A,0
2008,stanford,0,1,0,0,1,"American Indian or Alaska Native, non-Hispanic",54,178,178,IPEDS_EF2008A,0
2008,stanford,0,1,0,0,1,"Asian, non-Hispanic",350,1497,1501,IPEDS_EF2008A,0
2008,stanford,0,1,0,0,1,"Black or African American, non-Hispanic",178,647,648,IPEDS_EF2008A,0
2008,stanford,0,1,0,0,1,Hispanic/Latino,248,795,799,IPEDS_EF2008A,0
2008,stanford,0,1,0,0,1,Nonresident,123,452,454,IPEDS_EF2008A,0
2008,stanford,0,1,0,0,1,Race and/or ethnicity unknown,214,451,459,IPEDS_EF2008A,0
2008,stanford,0,1,0,0,1,Total,1703,6502,6532,IPEDS_EF2008A,0
2008,stanford,0,1,0,0,1,"White, non-Hispanic",536,2482,2493,IPEDS_EF2008A,0
2008,stolaf,0,0,0,1,0,"American Indian or Alaska Native, non-Hispanic",3,7,7,IPEDS_EF2008A,0
2008,stolaf,0,0,0,1,0,"Asian, non-Hispanic",51,156,157,IPEDS_EF2008A,0
2008,stolaf,0,0,0,1,0,"Black or African American, non-Hispanic",11,41,41,IPEDS_EF2008A,0
2008,stolaf,0,0,0,1,0,Hispanic/Latino,18,48,48,IPEDS_EF2008A,0
2008,stolaf,0,0,0,1,0,Nonresident,25,45,62,IPEDS_EF2008A,0
2008,stolaf,0,0,0,1,0,Race and/or ethnicity unknown,15,120,124,IPEDS_EF2008A,0
2008,stolaf,0,0,0,1,0,Total,813,3014,3073,IPEDS_EF2008A,0
2008,stolaf,0,0,0,1,0,"White, non-Hispanic",690,2597,2634,IPEDS_EF2008A,0
2008,swarthmore,0,0,0,1,1,"American Indian or Alaska Native, non-Hispanic",0,9,9,IPEDS_EF2008A,0
2008,swarthmore,0,0,0,1,1,"Asian, non-Hispanic",61,253,254,IPEDS_EF2008A,0
2008,swarthmore,0,0,0,1,1,"Black or African American, non-Hispanic",36,133,134,IPEDS_EF2008A,0
2008,swarthmore,0,0,0,1,1,Hispanic/Latino,45,162,162,IPEDS_EF2008A,0
2008,swarthmore,0,0,0,1,1,Nonresident,28,104,107,IPEDS_EF2008A,0
2008,swarthmore,0,0,0,1,1,Race and/or ethnicity unknown,39,165,165,IPEDS_EF2008A,0
2008,swarthmore,0,0,0,1,1,Total,372,1477,1490,IPEDS_EF2008A,0
2008,swarthmore,0,0,0,1,1,"White, non-Hispanic",163,651,659,IPEDS_EF2008A,0
2008,trinity,0,0,1,1,0,"American Indian or Alaska Native, non-Hispanic",2,5,5,IPEDS_EF2008A,0
2008,trinity,0,0,1,1,0,"Asian, non-Hispanic",50,142,142,IPEDS_EF2008A,0
2008,trinity,0,0,1,1,0,"Black or African American, non-Hispanic",40,157,159,IPEDS_EF2008A,0
2008,trinity,0,0,1,1,0,Hispanic/Latino,42,138,141,IPEDS_EF2008A,0
2008,trinity,0,0,1,1,0,Nonresident,30,97,97,IPEDS_EF2008A,0
2008,trinity,0,0,1,1,0,Race and/or ethnicity unknown,77,339,374,IPEDS_EF2008A,0
2008,trinity,0,0,1,1,0,Total,589,2285,2341,IPEDS_EF2008A,0
2008,trinity,0,0,1,1,0,"White, non-Hispanic",348,1407,1423,IPEDS_EF2008A,0
2008,tufts,0,0,1,1,0,"American Indian or Alaska Native, non-Hispanic",5,15,15,IPEDS_EF2008A,0
2008,tufts,0,0,1,1,0,"Asian, non-Hispanic",178,656,656,IPEDS_EF2008A,0
2008,tufts,0,0,1,1,0,"Black or African American, non-Hispanic",70,311,311,IPEDS_EF2008A,0
2008,tufts,0,0,1,1,0,Hispanic/Latino,77,310,310,IPEDS_EF2008A,0
2008,tufts,0,0,1,1,0,Nonresident,82,297,297,IPEDS_EF2008A,0
2008,tufts,0,0,1,1,0,Race and/or ethnicity unknown,202,669,680,IPEDS_EF2008A,0
2008,tufts,0,0,1,1,0,Total,1295,5029,5044,IPEDS_EF2008A,0
2008,tufts,0,0,1,1,0,"White, non-Hispanic",681,2771,2775,IPEDS_EF2008A,0
2008,uchicago,0,1,0,0,1,"American Indian or Alaska Native, non-Hispanic",4,16,16,IPEDS_EF2008A,0
2008,uchicago,0,1,0,0,1,"Asian, non-Hispanic",205,700,701,IPEDS_EF2008A,0
2008,uchicago,0,1,0,0,1,"Black or African American, non-Hispanic",95,288,288,IPEDS_EF2008A,0
2008,uchicago,0,1,0,0,1,Hispanic/Latino,153,436,436,IPEDS_EF2008A,0
2008,uchicago,0,1,0,0,1,Nonresident,121,426,426,IPEDS_EF2008A,0
2008,uchicago,0,1,0,0,1,Race and/or ethnicity unknown,191,904,906,IPEDS_EF2008A,0
2008,uchicago,0,1,0,0,1,Total,1305,5027,5031,IPEDS_EF2008A,0
2008,uchicago,0,1,0,0,1,"White, non-Hispanic",536,2257,2258,IPEDS_EF2008A,0
2008,ucla,0,0,0,0,1,"American Indian or Alaska Native, non-Hispanic",11,104,104,IPEDS_EF2008A,0
2008,ucla,0,0,0,0,1,"Asian, non-Hispanic",1783,10126,10126,IPEDS_EF2008A,0
2008,ucla,0,0,0,0,1,"Black or African American, non-Hispanic",225,938,938,IPEDS_EF2008A,0
2008,ucla,0,0,0,0,1,Hispanic/Latino,748,3945,3945,IPEDS_EF2008A,0
2008,ucla,0,0,0,0,1,Nonresident,138,1189,1189,IPEDS_EF2008A,0
2008,ucla,0,0,0,0,1,Race and/or ethnicity unknown,173,1228,1228,IPEDS_EF2008A,0
2008,ucla,0,0,0,0,1,Total,4735,26536,26536,IPEDS_EF2008A,0
2008,ucla,0,0,0,0,1,"White, non-Hispanic",1657,9006,9006,IPEDS_EF2008A,0
2008,umich,0,0,0,0,1,"American Indian or Alaska Native, non-Hispanic",31,203,204,IPEDS_EF2008A,0
2008,umich,0,0,0,0,1,"Asian, non-Hispanic",686,3088,3097,IPEDS_EF2008A,0
2008,umich,0,0,0,0,1,"Black or African American, non-Hispanic",374,1635,1640,IPEDS_EF2008A,0
2008,umich,0,0,0,0,1,Hispanic/Latino,199,1152,1156,IPEDS_EF2008A,0
2008,umich,0,0,0,0,1,Nonresident,245,1317,1368,IPEDS_EF2008A,0
2008,umich,0,0,0,0,1,Race and/or ethnicity unknown,354,1531,1544,IPEDS_EF2008A,0
2008,umich,0,0,0,0,1,Total,5783,25865,25994,IPEDS_EF2008A,0
2008,umich,0,0,0,0,1,"White, non-Hispanic",3894,16939,16985,IPEDS_EF2008A,0
2008,union,0,0,0,1,0,"American Indian or Alaska Native, non-Hispanic",0,5,5,IPEDS_EF2008A,0
2008,union,0,0,0,1,0,"Asian, non-Hispanic",30,126,127,IPEDS_EF2008A,0
2008,union,0,0,0,1,0,"Black or African American, non-Hispanic",28,82,83,IPEDS_EF2008A,0
2008,union,0,0,0,1,0,Hispanic/Latino,30,98,98,IPEDS_EF2008A,0
2008,union,0,0,0,1,0,Nonresident,21,62,85,IPEDS_EF2008A,0
2008,union,0,0,0,1,0,Race and/or ethnicity unknown,10,21,24,IPEDS_EF2008A,0
2008,union,0,0,0,1,0,Total,580,2199,2240,IPEDS_EF2008A,0
2008,union,0,0,0,1,0,"White, non-Hispanic",461,1805,1818,IPEDS_EF2008A,0
2008,vanderbilt,0,0,0,0,1,"American Indian or Alaska Native, non-Hispanic",12,31,31,IPEDS_EF2008A,0
2008,vanderbilt,0,0,0,0,1,"Asian, non-Hispanic",118,460,460,IPEDS_EF2008A,0
2008,vanderbilt,0,0,0,0,1,"Black or African American, non-Hispanic",105,574,575,IPEDS_EF2008A,0
2008,vanderbilt,0,0,0,0,1,Hispanic/Latino,97,390,390,IPEDS_EF2008A,0
2008,vanderbilt,0,0,0,0,1,Nonresident,72,215,227,IPEDS_EF2008A,0
2008,vanderbilt,0,0,0,0,1,Race and/or ethnicity unknown,326,1014,1028,IPEDS_EF2008A,0
2008,vanderbilt,0,0,0,0,1,Total,1569,6598,6637,IPEDS_EF2008A,0
2008,vanderbilt,0,0,0,0,1,"White, non-Hispanic",839,3914,3926,IPEDS_EF2008A,0
2008,vassar,0,0,0,1,1,"American Indian or Alaska Native, non-Hispanic",3,5,5,IPEDS_EF2008A,0
2008,vassar,0,0,0,1,1,"Asian, non-Hispanic",68,233,236,IPEDS_EF2008A,0
2008,vassar,0,0,0,1,1,"Black or African American, non-Hispanic",38,120,121,IPEDS_EF2008A,0
2008,vassar,0,0,0,1,1,Hispanic/Latino,38,157,159,IPEDS_EF2008A,0
2008,vassar,0,0,0,1,1,Nonresident,43,139,154,IPEDS_EF2008A,0
2008,vassar,0,0,0,1,1,Race and/or ethnicity unknown,0,0,0,IPEDS_EF2008A,0
2008,vassar,0,0,0,1,1,Total,638,2343,2389,IPEDS_EF2008A,0
2008,vassar,0,0,0,1,1,"White, non-Hispanic",448,1689,1714,IPEDS_EF2008A,0
2008,washandlee,0,0,0,1,1,"American Indian or Alaska Native, non-Hispanic",2,5,5,IPEDS_EF2008A,0
2008,washandlee,0,0,0,1,1,"Asian, non-Hispanic",12,58,58,IPEDS_EF2008A,0
2008,washandlee,0,0,0,1,1,"Black or African American, non-Hispanic",15,66,66,IPEDS_EF2008A,0
2008,washandlee,0,0,0,1,1,Hispanic/Latino,8,30,30,IPEDS_EF2008A,0
2008,washandlee,0,0,0,1,1,Nonresident,16,73,75,IPEDS_EF2008A,0
2008,washandlee,0,0,0,1,1,Race and/or ethnicity unknown,2,21,21,IPEDS_EF2008A,0
2008,washandlee,0,0,0,1,1,Total,454,1749,1752,IPEDS_EF2008A,0
2008,washandlee,0,0,0,1,1,"White, non-Hispanic",399,1496,1497,IPEDS_EF2008A,0
2008,wellesley,0,0,0,1,1,"American Indian or Alaska Native, non-Hispanic",7,13,13,IPEDS_EF2008A,0
2008,wellesley,0,0,0,1,1,"Asian, non-Hispanic",157,600,608,IPEDS_EF2008A,0
2008,wellesley,0,0,0,1,1,"Black or African American, non-Hispanic",53,148,150,IPEDS_EF2008A,0
2008,wellesley,0,0,0,1,1,Hispanic/Latino,49,159,165,IPEDS_EF2008A,0
2008,wellesley,0,0,0,1,1,Nonresident,48,165,185,IPEDS_EF2008A,0
2008,wellesley,0,0,0,1,1,Race and/or ethnicity unknown,27,111,349,IPEDS_EF2008A,0
2008,wellesley,0,0,0,1,1,Total,596,2207,2498,IPEDS_EF2008A,0
2008,wellesley,0,0,0,1,1,"White, non-Hispanic",255,1011,1028,IPEDS_EF2008A,0
2008,wesleyan,0,0,1,1,1,"American Indian or Alaska Native, non-Hispanic",2,11,11,IPEDS_EF2008A,0
2008,wesleyan,0,0,1,1,1,"Asian, non-Hispanic",62,270,271,IPEDS_EF2008A,0
2008,wesleyan,0,0,1,1,1,"Black or African American, non-Hispanic",49,203,203,IPEDS_EF2008A,0
2008,wesleyan,0,0,1,1,1,Hispanic/Latino,62,228,228,IPEDS_EF2008A,0
2008,wesleyan,0,0,1,1,1,Nonresident,64,191,197,IPEDS_EF2008A,0
2008,wesleyan,0,0,1,1,1,Race and/or ethnicity unknown,102,219,227,IPEDS_EF2008A,0
2008,wesleyan,0,0,1,1,1,Total,715,2748,2772,IPEDS_EF2008A,0
2008,wesleyan,0,0,1,1,1,"White, non-Hispanic",374,1626,1635,IPEDS_EF2008A,0
2008,williams,0,0,1,1,1,"American Indian or Alaska Native, non-Hispanic",4,11,11,IPEDS_EF2008A,0
2008,williams,0,0,1,1,1,"Asian, non-Hispanic",64,222,223,IPEDS_EF2008A,0
2008,williams,0,0,1,1,1,"Black or African American, non-Hispanic",56,194,194,IPEDS_EF2008A,0
2008,williams,0,0,1,1,1,Hispanic/Latino,53,185,185,IPEDS_EF2008A,0
2008,williams,0,0,1,1,1,Nonresident,46,144,154,IPEDS_EF2008A,0
2008,williams,0,0,1,1,1,Race and/or ethnicity unknown,0,0,0,IPEDS_EF2008A,0
2008,williams,0,0,1,1,1,Total,539,1983,2024,IPEDS_EF2008A,0
2008,williams,0,0,1,1,1,"White, non-Hispanic",316,1227,1257,IPEDS_EF2008A,0
2008,wustl,0,0,0,0,1,"American Indian or Alaska Native, non-Hispanic",1,7,11,IPEDS_EF2008A,0
2008,wustl,0,0,0,0,1,"Asian, non-Hispanic",179,818,857,IPEDS_EF2008A,0
2008,wustl,0,0,0,0,1,"Black or African American, non-Hispanic",138,606,676,IPEDS_EF2008A,0
2008,wustl,0,0,0,0,1,Hispanic/Latino,39,172,188,IPEDS_EF2008A,0
2008,wustl,0,0,0,0,1,Nonresident,83,284,349,IPEDS_EF2008A,0
2008,wustl,0,0,0,0,1,Race and/or ethnicity unknown,155,596,651,IPEDS_EF2008A,0
2008,wustl,0,0,0,0,1,Total,1426,6339,6985,IPEDS_EF2008A,0
2008,wustl,0,0,0,0,1,"White, non-Hispanic",831,3856,4253,IPEDS_EF2008A,0
2008,yale,1,1,0,0,1,"American Indian or Alaska Native, non-Hispanic",8,47,47,IPEDS_EF2008A,0
2008,yale,1,1,0,0,1,"Asian, non-Hispanic",186,723,725,IPEDS_EF2008A,0
2008,yale,1,1,0,0,1,"Black or African American, non-Hispanic",122,457,457,IPEDS_EF2008A,0
2008,yale,1,1,0,0,1,Hispanic/Latino,121,450,450,IPEDS_EF2008A,0
2008,yale,1,1,0,0,1,Nonresident,129,452,453,IPEDS_EF2008A,0
2008,yale,1,1,0,0,1,Race and/or ethnicity unknown,294,757,771,IPEDS_EF2008A,0
2008,yale,1,1,0,0,1,Total,1318,5256,5277,IPEDS_EF2008A,0
2008,yale,1,1,0,0,1,"White, non-Hispanic",458,2370,2374,IPEDS_EF2008A,0
2009,airforce,0,0,0,0,1,"American Indian or Alaska Native, non-Hispanic",12,60,60,IPEDS_EF2009A,0
2009,airforce,0,0,0,0,1,"Asian, non-Hispanic",85,363,363,IPEDS_EF2009A,0
2009,airforce,0,0,0,0,1,"Black or African American, non-Hispanic",80,243,243,IPEDS_EF2009A,0
2009,airforce,0,0,0,0,1,Hispanic/Latino,127,387,387,IPEDS_EF2009A,0
2009,airforce,0,0,0,0,1,Nonresident,11,59,59,IPEDS_EF2009A,0
2009,airforce,0,0,0,0,1,Race and/or ethnicity unknown,25,114,114,IPEDS_EF2009A,0
2009,airforce,0,0,0,0,1,Total,1316,4620,4620,IPEDS_EF2009A,0
2009,airforce,0,0,0,0,1,"White, non-Hispanic",976,3394,3394,IPEDS_EF2009A,0
2009,amherst,0,0,1,1,1,"American Indian or Alaska Native, non-Hispanic",0,2,2,IPEDS_EF2009A,0
2009,amherst,0,0,1,1,1,"Asian, non-Hispanic",47,183,183,IPEDS_EF2009A,0
2009,amherst,0,0,1,1,1,"Black or African American, non-Hispanic",55,189,189,IPEDS_EF2009A,0
2009,amherst,0,0,1,1,1,Hispanic/Latino,45,189,189,IPEDS_EF2009A,0
2009,amherst,0,0,1,1,1,Nonresident,46,142,142,IPEDS_EF2009A,0
2009,amherst,0,0,1,1,1,Race and/or ethnicity unknown,113,360,360,IPEDS_EF2009A,0
2009,amherst,0,0,1,1,1,Total,467,1744,1744,IPEDS_EF2009A,0
2009,amherst,0,0,1,1,1,"White, non-Hispanic",161,679,679,IPEDS_EF2009A,0
2009,army,0,0,0,0,1,"American Indian or Alaska Native, non-Hispanic",9,38,38,IPEDS_EF2009A,0
2009,army,0,0,0,0,1,"Asian, non-Hispanic",69,262,262,IPEDS_EF2009A,0
2009,army,0,0,0,0,1,"Black or African American, non-Hispanic",78,256,256,IPEDS_EF2009A,0
2009,army,0,0,0,0,1,Hispanic/Latino,114,396,396,IPEDS_EF2009A,0
2009,army,0,0,0,0,1,Nonresident,17,57,57,IPEDS_EF2009A,0
2009,army,0,0,0,0,1,Race and/or ethnicity unknown,10,49,49,IPEDS_EF2009A,0
2009,army,0,0,0,0,1,Total,1262,4621,4621,IPEDS_EF2009A,0
2009,army,0,0,0,0,1,"White, non-Hispanic",912,3367,3367,IPEDS_EF2009A,0
2009,barnard,0,0,0,1,1,"American Indian or Alaska Native, non-Hispanic",0,4,4,IPEDS_EF2009A,0
2009,barnard,0,0,0,1,1,"Asian, non-Hispanic",99,380,380,IPEDS_EF2009A,0
2009,barnard,0,0,0,1,1,"Black or African American, non-Hispanic",26,102,102,IPEDS_EF2009A,0
2009,barnard,0,0,0,1,1,Hispanic/Latino,52,206,206,IPEDS_EF2009A,0
2009,barnard,0,0,0,1,1,Nonresident,35,109,109,IPEDS_EF2009A,0
2009,barnard,0,0,0,1,1,Race and/or ethnicity unknown,0,0,0,IPEDS_EF2009A,0
2009,barnard,0,0,0,1,1,Total,583,2357,2357,IPEDS_EF2009A,0
2009,barnard,0,0,0,1,1,"White, non-Hispanic",371,1556,1556,IPEDS_EF2009A,0
2009,bates,0,0,1,1,1,"American Indian or Alaska Native, non-Hispanic",5,9,9,IPEDS_EF2009A,0
2009,bates,0,0,1,1,1,"Asian, non-Hispanic",36,116,116,IPEDS_EF2009A,0
2009,bates,0,0,1,1,1,"Black or African American, non-Hispanic",30,83,83,IPEDS_EF2009A,0
2009,bates,0,0,1,1,1,Hispanic/Latino,19,70,70,IPEDS_EF2009A,0
2009,bates,0,0,1,1,1,Nonresident,23,98,98,IPEDS_EF2009A,0
2009,bates,0,0,1,1,1,Race and/or ethnicity unknown,19,57,57,IPEDS_EF2009A,0
2009,bates,0,0,1,1,1,Total,469,1738,1738,IPEDS_EF2009A,0
2009,bates,0,0,1,1,1,"White, non-Hispanic",337,1305,1305,IPEDS_EF2009A,0
2009,berkeley,0,0,0,0,1,"American Indian or Alaska Native, non-Hispanic",19,129,129,IPEDS_EF2009A,0
2009,berkeley,0,0,0,0,1,"Asian, non-Hispanic",1824,10309,10309,IPEDS_EF2009A,0
2009,berkeley,0,0,0,0,1,"Black or African American, non-Hispanic",129,923,923,IPEDS_EF2009A,0
2009,berkeley,0,0,0,0,1,Hispanic/Latino,471,3047,3047,IPEDS_EF2009A,0
2009,berkeley,0,0,0,0,1,Nonresident,331,1400,1401,IPEDS_EF2009A,0
2009,berkeley,0,0,0,0,1,Race and/or ethnicity unknown,256,1938,1938,IPEDS_EF2009A,0
2009,berkeley,0,0,0,0,1,Total,4356,25529,25530,IPEDS_EF2009A,0
2009,berkeley,0,0,0,0,1,"White, non-Hispanic",1326,7783,7783,IPEDS_EF2009A,0
2009,bowdoin,0,0,1,1,1,"American Indian or Alaska Native, non-Hispanic",5,10,10,IPEDS_EF2009A,0
2009,bowdoin,0,0,1,1,1,"Asian, non-Hispanic",50,205,205,IPEDS_EF2009A,0
2009,bowdoin,0,0,1,1,1,"Black or African American, non-Hispanic",32,115,115,IPEDS_EF2009A,0
2009,bowdoin,0,0,1,1,1,Hispanic/Latino,67,181,181,IPEDS_EF2009A,0
2009,bowdoin,0,0,1,1,1,Nonresident,19,61,62,IPEDS_EF2009A,0
2009,bowdoin,0,0,1,1,1,Race and/or ethnicity unknown,0,27,27,IPEDS_EF2009A,0
2009,bowdoin,0,0,1,1,1,Total,493,1772,1777,IPEDS_EF2009A,0
2009,bowdoin,0,0,1,1,1,"White, non-Hispanic",320,1173,1177,IPEDS_EF2009A,0
2009,brown,1,1,0,0,1,"American Indian or Alaska Native, non-Hispanic",6,26,29,IPEDS_EF2009A,0
2009,brown,1,1,0,0,1,"Asian, non-Hispanic",222,925,958,IPEDS_EF2009A,0
2009,brown,1,1,0,0,1,"Black or African American, non-Hispanic",76,334,340,IPEDS_EF2009A,0
2009,brown,1,1,0,0,1,Hispanic/Latino,142,554,564,IPEDS_EF2009A,0
2009,brown,1,1,0,0,1,Nonresident,150,535,569,IPEDS_EF2009A,0
2009,brown,1,1,0,0,1,Race and/or ethnicity unknown,152,673,718,IPEDS_EF2009A,0
2009,brown,1,1,0,0,1,Total,1493,6013,6244,IPEDS_EF2009A,0
2009,brown,1,1,0,0,1,"White, non-Hispanic",710,2824,2923,IPEDS_EF2009A,0
2009,brynmawr,0,0,0,1,0,"American Indian or Alaska Native, non-Hispanic",0,0,0,IPEDS_EF2009A,0
2009,brynmawr,0,0,0,1,0,"Asian, non-Hispanic",56,156,156,IPEDS_EF2009A,0
2009,brynmawr,0,0,0,1,0,"Black or African American, non-Hispanic",20,83,85,IPEDS_EF2009A,0
2009,brynmawr,0,0,0,1,0,Hispanic/Latino,34,70,71,IPEDS_EF2009A,0
2009,brynmawr,0,0,0,1,0,Nonresident,60,128,131,IPEDS_EF2009A,0
2009,brynmawr,0,0,0,1,0,Race and/or ethnicity unknown,81,312,319,IPEDS_EF2009A,0
2009,brynmawr,0,0,0,1,0,Total,362,1289,1307,IPEDS_EF2009A,0
2009,brynmawr,0,0,0,1,0,"White, non-Hispanic",111,540,545,IPEDS_EF2009A,0
2009,bucknell,0,0,0,1,0,"American Indian or Alaska Native, non-Hispanic",2,6,6,IPEDS_EF2009A,0
2009,bucknell,0,0,0,1,0,"Asian, non-Hispanic",24,134,134,IPEDS_EF2009A,0
2009,bucknell,0,0,0,1,0,"Black or African American, non-Hispanic",33,104,105,IPEDS_EF2009A,0
2009,bucknell,0,0,0,1,0,Hispanic/Latino,23,110,110,IPEDS_EF2009A,0
2009,bucknell,0,0,0,1,0,Nonresident,31,115,119,IPEDS_EF2009A,0
2009,bucknell,0,0,0,1,0,Race and/or ethnicity unknown,36,136,136,IPEDS_EF2009A,0
2009,bucknell,0,0,0,1,0,Total,920,3523,3543,IPEDS_EF2009A,0
2009,bucknell,0,0,0,1,0,"White, non-Hispanic",756,2872,2887,IPEDS_EF2009A,0
2009,caltech,0,1,0,0,1,"American Indian or Alaska Native, non-Hispanic",0,0,0,IPEDS_EF2009A,0
2009,caltech,0,1,0,0,1,"Asian, non-Hispanic",94,379,379,IPEDS_EF2009A,0
2009,caltech,0,1,0,0,1,"Black or African American, non-Hispanic",4,11,11,IPEDS_EF2009A,0
2009,caltech,0,1,0,0,1,Hispanic/Latino,27,65,65,IPEDS_EF2009A,0
2009,caltech,0,1,0,0,1,Nonresident,34,111,111,IPEDS_EF2009A,0
2009,caltech,0,1,0,0,1,Race and/or ethnicity unknown,1,17,17,IPEDS_EF2009A,0
2009,caltech,0,1,0,0,1,Total,252,951,951,IPEDS_EF2009A,0
2009,caltech,0,1,0,0,1,"White, non-Hispanic",92,368,368,IPEDS_EF2009A,0
2009,carleton,0,0,0,1,1,"American Indian or Alaska Native, non-Hispanic",1,13,14,IPEDS_EF2009A,0
2009,carleton,0,0,0,1,1,"Asian, non-Hispanic",57,192,193,IPEDS_EF2009A,0
2009,carleton,0,0,0,1,1,"Black or African American, non-Hispanic",21,92,92,IPEDS_EF2009A,0
2009,carleton,0,0,0,1,1,Hispanic/Latino,38,110,110,IPEDS_EF2009A,0
2009,carleton,0,0,0,1,1,Nonresident,46,142,150,IPEDS_EF2009A,0
2009,carleton,0,0,0,1,1,Race and/or ethnicity unknown,17,64,69,IPEDS_EF2009A,0
2009,carleton,0,0,0,1,1,Total,528,1986,2009,IPEDS_EF2009A,0
2009,carleton,0,0,0,1,1,"White, non-Hispanic",348,1373,1381,IPEDS_EF2009A,0
2009,clark,0,0,0,1,0,"American Indian or Alaska Native, non-Hispanic",2,8,8,IPEDS_EF2009A,0
2009,clark,0,0,0,1,0,"Asian, non-Hispanic",15,82,90,IPEDS_EF2009A,0
2009,clark,0,0,0,1,0,"Black or African American, non-Hispanic",14,51,53,IPEDS_EF2009A,0
2009,clark,0,0,0,1,0,Hispanic/Latino,14,56,61,IPEDS_EF2009A,0
2009,clark,0,0,0,1,0,Nonresident,43,180,183,IPEDS_EF2009A,0
2009,clark,0,0,0,1,0,Race and/or ethnicity unknown,61,286,314,IPEDS_EF2009A,0
2009,clark,0,0,0,1,0,Total,550,2243,2333,IPEDS_EF2009A,0
2009,clark,0,0,0,1,0,"White, non-Hispanic",401,1580,1624,IPEDS_EF2009A,0
2009,cmc,0,0,0,0,1,"American Indian or Alaska Native, non-Hispanic",1,2,2,IPEDS_EF2009A,0
2009,cmc,0,0,0,0,1,"Asian, non-Hispanic",29,141,141,IPEDS_EF2009A,0
2009,cmc,0,0,0,0,1,"Black or African American, non-Hispanic",6,39,39,IPEDS_EF2009A,0
2009,cmc,0,0,0,0,1,Hispanic/Latino,12,108,108,IPEDS_EF2009A,0
2009,cmc,0,0,0,0,1,Nonresident,17,73,78,IPEDS_EF2009A,0
2009,cmc,0,0,0,0,1,Race and/or ethnicity unknown,80,260,262,IPEDS_EF2009A,0
2009,cmc,0,0,0,0,1,Total,282,1211,1218,IPEDS_EF2009A,0
2009,cmc,0,0,0,0,1,"White, non-Hispanic",137,588,588,IPEDS_EF2009A,0
2009,cmu,0,0,0,0,1,"American Indian or Alaska Native, non-Hispanic",10,32,32,IPEDS_EF2009A,0
2009,cmu,0,0,0,0,1,"Asian, non-Hispanic",364,1436,1437,IPEDS_EF2009A,0
2009,cmu,0,0,0,0,1,"Black or African American, non-Hispanic",105,305,307,IPEDS_EF2009A,0
2009,cmu,0,0,0,0,1,Hispanic/Latino,94,327,329,IPEDS_EF2009A,0
2009,cmu,0,0,0,0,1,Nonresident,166,674,696,IPEDS_EF2009A,0
2009,cmu,0,0,0,0,1,Race and/or ethnicity unknown,61,562,566,IPEDS_EF2009A,0
2009,cmu,0,0,0,0,1,Total,1423,5705,5777,IPEDS_EF2009A,0
2009,cmu,0,0,0,0,1,"White, non-Hispanic",623,2369,2410,IPEDS_EF2009A,0
2009,colby,0,0,1,1,1,"American Indian or Alaska Native, non-Hispanic",3,10,10,IPEDS_EF2009A,0
2009,colby,0,0,1,1,1,"Asian, non-Hispanic",33,147,147,IPEDS_EF2009A,0
2009,colby,0,0,1,1,1,"Black or African American, non-Hispanic",18,52,52,IPEDS_EF2009A,0
2009,colby,0,0,1,1,1,Hispanic/Latino,16,58,58,IPEDS_EF2009A,0
2009,colby,0,0,1,1,1,Nonresident,34,98,98,IPEDS_EF2009A,0
2009,colby,0,0,1,1,1,Race and/or ethnicity unknown,130,334,334,IPEDS_EF2009A,0
2009,colby,0,0,1,1,1,Total,480,1838,1838,IPEDS_EF2009A,0
2009,colby,0,0,1,1,1,"White, non-Hispanic",246,1139,1139,IPEDS_EF2009A,0
2009,colgate,0,0,0,0,1,"American Indian or Alaska Native, non-Hispanic",4,18,19,IPEDS_EF2009A,0
2009,colgate,0,0,0,0,1,"Asian, non-Hispanic",39,148,148,IPEDS_EF2009A,0
2009,colgate,0,0,0,0,1,"Black or African American, non-Hispanic",38,166,166,IPEDS_EF2009A,0
2009,colgate,0,0,0,0,1,Hispanic/Latino,43,171,171,IPEDS_EF2009A,0
2009,colgate,0,0,0,0,1,Nonresident,46,139,143,IPEDS_EF2009A,0
2009,colgate,0,0,0,0,1,Race and/or ethnicity unknown,36,89,103,IPEDS_EF2009A,0
2009,colgate,0,0,0,0,1,Total,750,2799,2825,IPEDS_EF2009A,0
2009,colgate,0,0,0,0,1,"White, non-Hispanic",544,2068,2075,IPEDS_EF2009A,0
2009,columbia,1,1,0,0,1,"American Indian or Alaska Native, non-Hispanic",18,61,61,IPEDS_EF2009A,0
2009,columbia,1,1,0,0,1,"Asian, non-Hispanic",231,1168,1168,IPEDS_EF2009A,0
2009,columbia,1,1,0,0,1,"Black or African American, non-Hispanic",177,724,724,IPEDS_EF2009A,0
2009,columbia,1,1,0,0,1,Hispanic/Latino,225,861,861,IPEDS_EF2009A,0
2009,columbia,1,1,0,0,1,Nonresident,154,802,802,IPEDS_EF2009A,0
2009,columbia,1,1,0,0,1,Race and/or ethnicity unknown,136,1063,1063,IPEDS_EF2009A,0
2009,columbia,1,1,0,0,1,Total,1432,7743,7743,IPEDS_EF2009A,0
2009,columbia,1,1,0,0,1,"White, non-Hispanic",491,3064,3064,IPEDS_EF2009A,0
2009,conncoll,0,0,1,1,0,"American Indian or Alaska Native, non-Hispanic",1,4,4,IPEDS_EF2009A,0
2009,conncoll,0,0,1,1,0,"Asian, non-Hispanic",21,84,87,IPEDS_EF2009A,0
2009,conncoll,0,0,1,1,0,"Black or African American, non-Hispanic",19,73,78,IPEDS_EF2009A,0
2009,conncoll,0,0,1,1,0,Hispanic/Latino,31,101,109,IPEDS_EF2009A,0
2009,conncoll,0,0,1,1,0,Nonresident,23,69,73,IPEDS_EF2009A,0
2009,conncoll,0,0,1,1,0,Race and/or ethnicity unknown,31,115,125,IPEDS_EF2009A,0
2009,conncoll,0,0,1,1,0,Total,502,1777,1906,IPEDS_EF2009A,0
2009,conncoll,0,0,1,1,0,"White, non-Hispanic",376,1331,1430,IPEDS_EF2009A,0
2009,cornell,1,1,0,0,1,"American Indian or Alaska Native, non-Hispanic",11,55,55,IPEDS_EF2009A,0
2009,cornell,1,1,0,0,1,"Asian, non-Hispanic",533,2317,2317,IPEDS_EF2009A,0
2009,cornell,1,1,0,0,1,"Black or African American, non-Hispanic",212,745,745,IPEDS_EF2009A,0
2009,cornell,1,1,0,0,1,Hispanic/Latino,241,819,821,IPEDS_EF2009A,0
2009,cornell,1,1,0,0,1,Nonresident,317,1177,1216,IPEDS_EF2009A,0
2009,cornell,1,1,0,0,1,Race and/or ethnicity unknown,476,2418,2422,IPEDS_EF2009A,0
2009,cornell,1,1,0,0,1,Total,3181,13882,13931,IPEDS_EF2009A,0
2009,cornell,1,1,0,0,1,"White, non-Hispanic",1391,6351,6355,IPEDS_EF2009A,0
2009,dartmouth,1,1,0,0,1,"American Indian or Alaska Native, non-Hispanic",56,161,161,IPEDS_EF2009A,0
2009,dartmouth,1,1,0,0,1,"Asian, non-Hispanic",180,603,605,IPEDS_EF2009A,0
2009,dartmouth,1,1,0,0,1,"Black or African American, non-Hispanic",96,347,347,IPEDS_EF2009A,0
2009,dartmouth,1,1,0,0,1,Hispanic/Latino,96,289,290,IPEDS_EF2009A,0
2009,dartmouth,1,1,0,0,1,Nonresident,69,288,314,IPEDS_EF2009A,0
2009,dartmouth,1,1,0,0,1,Race and/or ethnicity unknown,67,207,259,IPEDS_EF2009A,0
2009,dartmouth,1,1,0,0,1,Total,1094,4090,4196,IPEDS_EF2009A,0
2009,dartmouth,1,1,0,0,1,"White, non-Hispanic",530,2195,2220,IPEDS_EF2009A,0
2009,davidson,0,0,0,1,1,"American Indian or Alaska Native, non-Hispanic",2,10,10,IPEDS_EF2009A,0
2009,davidson,0,0,0,1,1,"Asian, non-Hispanic",21,80,81,IPEDS_EF2009A,0
2009,davidson,0,0,0,1,1,"Black or African American, non-Hispanic",34,117,117,IPEDS_EF2009A,0
2009,davidson,0,0,0,1,1,Hispanic/Latino,19,84,84,IPEDS_EF2009A,0
2009,davidson,0,0,0,1,1,Nonresident,13,57,62,IPEDS_EF2009A,0
2009,davidson,0,0,0,1,1,Race and/or ethnicity unknown,31,107,107,IPEDS_EF2009A,0
2009,davidson,0,0,0,1,1,Total,491,1736,1743,IPEDS_EF2009A,0
2009,davidson,0,0,0,1,1,"White, non-Hispanic",369,1271,1272,IPEDS_EF2009A,0
2009,duke,0,1,0,0,1,"American Indian or Alaska Native, non-Hispanic",8,26,26,IPEDS_EF2009A,0
2009,duke,0,1,0,0,1,"Asian, non-Hispanic",306,1383,1392,IPEDS_EF2009A,0
2009,duke,0,1,0,0,1,"Black or African American, non-Hispanic",177,631,639,IPEDS_EF2009A,0
2009,duke,0,1,0,0,1,Hispanic/Latino,126,421,426,IPEDS_EF2009A,0
2009,duke,0,1,0,0,1,Nonresident,125,430,442,IPEDS_EF2009A,0
2009,duke,0,1,0,0,1,Race and/or ethnicity unknown,311,536,589,IPEDS_EF2009A,0
2009,duke,0,1,0,0,1,Total,1723,6416,6578,IPEDS_EF2009A,0
2009,duke,0,1,0,0,1,"White, non-Hispanic",670,2989,3064,IPEDS_EF2009A,0
2009,emory,0,0,0,0,1,"American Indian or Alaska Native, non-Hispanic",6,23,23,IPEDS_EF2009A,0
2009,emory,0,0,0,0,1,"Asian, non-Hispanic",408,1496,1497,IPEDS_EF2009A,0
2009,emory,0,0,0,0,1,"Black or African American, non-Hispanic",166,711,723,IPEDS_EF2009A,0
2009,emory,0,0,0,0,1,Hispanic/Latino,74,269,271,IPEDS_EF2009A,0
2009,emory,0,0,0,0,1,Nonresident,184,558,637,IPEDS_EF2009A,0
2009,emory,0,0,0,0,1,Race and/or ethnicity unknown,202,581,587,IPEDS_EF2009A,0
2009,emory,0,0,0,0,1,Total,1684,6868,6980,IPEDS_EF2009A,0
2009,emory,0,0,0,0,1,"White, non-Hispanic",644,3230,3242,IPEDS_EF2009A,0
2009,fandm,0,0,0,1,0,"American Indian or Alaska Native, non-Hispanic",7,11,11,IPEDS_EF2009A,0
2009,fandm,0,0,0,1,0,"Asian, non-Hispanic",28,95,95,IPEDS_EF2009A,0
2009,fandm,0,0,0,1,0,"Black or African American, non-Hispanic",23,84,84,IPEDS_EF2009A,0
2009,fandm,0,0,0,1,0,Hispanic/Latino,40,105,107,IPEDS_EF2009A,0
2009,fandm,0,0,0,1,0,Nonresident,42,170,177,IPEDS_EF2009A,0
2009,fandm,0,0,0,1,0,Race and/or ethnicity unknown,43,222,228,IPEDS_EF2009A,0
2009,fandm,0,0,0,1,0,Total,629,2130,2175,IPEDS_EF2009A,0
2009,fandm,0,0,0,1,0,"White, non-Hispanic",446,1443,1473,IPEDS_EF2009A,0
2009,georgetown,0,0,0,0,1,"American Indian or Alaska Native, non-Hispanic",1,2,2,IPEDS_EF2009A,0
2009,georgetown,0,0,0,0,1,"Asian, non-Hispanic",134,652,653,IPEDS_EF2009A,0
2009,georgetown,0,0,0,0,1,"Black or African American, non-Hispanic",99,468,472,IPEDS_EF2009A,0
2009,georgetown,0,0,0,0,1,Hispanic/Latino,95,438,439,IPEDS_EF2009A,0
2009,georgetown,0,0,0,0,1,Nonresident,82,480,671,IPEDS_EF2009A,0
2009,georgetown,0,0,0,0,1,Race and/or ethnicity unknown,218,468,576,IPEDS_EF2009A,0
2009,georgetown,0,0,0,0,1,Total,1555,7120,7461,IPEDS_EF2009A,0
2009,georgetown,0,0,0,0,1,"White, non-Hispanic",926,4612,4648,IPEDS_EF2009A,0
2009,grinnell,0,0,0,0,1,"American Indian or Alaska Native, non-Hispanic",10,18,18,IPEDS_EF2009A,0
2009,grinnell,0,0,0,0,1,"Asian, non-Hispanic",29,127,129,IPEDS_EF2009A,0
2009,grinnell,0,0,0,0,1,"Black or African American, non-Hispanic",29,96,96,IPEDS_EF2009A,0
2009,grinnell,0,0,0,0,1,Hispanic/Latino,29,113,113,IPEDS_EF2009A,0
2009,grinnell,0,0,0,0,1,Nonresident,48,176,177,IPEDS_EF2009A,0
2009,grinnell,0,0,0,0,1,Race and/or ethnicity unknown,31,133,182,IPEDS_EF2009A,0
2009,grinnell,0,0,0,0,1,Total,378,1630,1688,IPEDS_EF2009A,0
2009,grinnell,0,0,0,0,1,"White, non-Hispanic",202,967,973,IPEDS_EF2009A,0
2009,hamilton,0,0,1,1,1,"American Indian or Alaska Native, non-Hispanic",5,12,12,IPEDS_EF2009A,0
2009,hamilton,0,0,1,1,1,"Asian, non-Hispanic",45,142,143,IPEDS_EF2009A,0
2009,hamilton,0,0,1,1,1,"Black or African American, non-Hispanic",22,77,77,IPEDS_EF2009A,0
2009,hamilton,0,0,1,1,1,Hispanic/Latino,21,91,92,IPEDS_EF2009A,0
2009,hamilton,0,0,1,1,1,Nonresident,26,92,95,IPEDS_EF2009A,0
2009,hamilton,0,0,1,1,1,Race and/or ethnicity unknown,70,183,202,IPEDS_EF2009A,0
2009,hamilton,0,0,1,1,1,Total,466,1851,1882,IPEDS_EF2009A,0
2009,hamilton,0,0,1,1,1,"White, non-Hispanic",277,1254,1261,IPEDS_EF2009A,0
2009,hampshire,0,0,0,1,0,"American Indian or Alaska Native, non-Hispanic",0,9,9,IPEDS_EF2009A,0
2009,hampshire,0,0,0,1,0,"Asian, non-Hispanic",19,48,48,IPEDS_EF2009A,0
2009,hampshire,0,0,0,1,0,"Black or African American, non-Hispanic",15,57,61,IPEDS_EF2009A,0
2009,hampshire,0,0,0,1,0,Hispanic/Latino,31,114,119,IPEDS_EF2009A,0
2009,hampshire,0,0,0,1,0,Nonresident,12,58,70,IPEDS_EF2009A,0
2009,hampshire,0,0,0,1,0,Race and/or ethnicity unknown,69,149,152,IPEDS_EF2009A,0
2009,hampshire,0,0,0,1,0,Total,363,1438,1463,IPEDS_EF2009A,0
2009,hampshire,0,0,0,1,0,"White, non-Hispanic",208,975,976,IPEDS_EF2009A,0
2009,harvard,1,1,0,0,1,"American Indian or Alaska Native, non-Hispanic",10,48,61,IPEDS_EF2009A,0
2009,harvard,1,1,0,0,1,"Asian, non-Hispanic",289,1185,1556,IPEDS_EF2009A,0
2009,harvard,1,1,0,0,1,"Black or African American, non-Hispanic",147,569,740,IPEDS_EF2009A,0
2009,harvard,1,1,0,0,1,Hispanic/Latino,147,528,738,IPEDS_EF2009A,0
2009,harvard,1,1,0,0,1,Nonresident,168,729,982,IPEDS_EF2009A,0
2009,harvard,1,1,0,0,1,Race and/or ethnicity unknown,243,1000,1289,IPEDS_EF2009A,0
2009,harvard,1,1,0,0,1,Total,1677,7181,10257,IPEDS_EF2009A,0
2009,harvard,1,1,0,0,1,"White, non-Hispanic",673,3113,4832,IPEDS_EF2009A,0
2009,haverford,0,0,0,1,0,"American Indian or Alaska Native, non-Hispanic",0,2,2,IPEDS_EF2009A,0
2009,haverford,0,0,0,1,0,"Asian, non-Hispanic",21,102,102,IPEDS_EF2009A,0
2009,haverford,0,0,0,1,0,"Black or African American, non-Hispanic",23,93,93,IPEDS_EF2009A,0
2009,haverford,0,0,0,1,0,Hispanic/Latino,21,95,95,IPEDS_EF2009A,0
2009,haverford,0,0,0,1,0,Nonresident,11,31,33,IPEDS_EF2009A,0
2009,haverford,0,0,0,1,0,Race and/or ethnicity unknown,0,0,0,IPEDS_EF2009A,0
2009,haverford,0,0,0,1,0,Total,323,1184,1190,IPEDS_EF2009A,0
2009,haverford,0,0,0,1,0,"White, non-Hispanic",230,809,813,IPEDS_EF2009A,0
2009,hmc,0,0,0,0,1,"American Indian or Alaska Native, non-Hispanic",1,8,8,IPEDS_EF2009A,0
2009,hmc,0,0,0,0,1,"Asian, non-Hispanic",31,150,150,IPEDS_EF2009A,0
2009,hmc,0,0,0,0,1,"Black or African American, non-Hispanic",1,7,7,IPEDS_EF2009A,0
2009,hmc,0,0,0,0,1,Hispanic/Latino,12,53,53,IPEDS_EF2009A,0
2009,hmc,0,0,0,0,1,Nonresident,6,26,32,IPEDS_EF2009A,0
2009,hmc,0,0,0,0,1,Race and/or ethnicity unknown,28,75,75,IPEDS_EF2009A,0
2009,hmc,0,0,0,0,1,Total,207,757,763,IPEDS_EF2009A,0
2009,hmc,0,0,0,0,1,"White, non-Hispanic",128,438,438,IPEDS_EF2009A,0
2009,jhu,0,1,0,0,1,"American Indian or Alaska Native, non-Hispanic",4,28,28,IPEDS_EF2009A,0
2009,jhu,0,1,0,0,1,"Asian, non-Hispanic",303,1227,1229,IPEDS_EF2009A,0
2009,jhu,0,1,0,0,1,"Black or African American, non-Hispanic",77,411,413,IPEDS_EF2009A,0
2009,jhu,0,1,0,0,1,Hispanic/Latino,97,383,383,IPEDS_EF2009A,0
2009,jhu,0,1,0,0,1,Nonresident,161,441,453,IPEDS_EF2009A,0
2009,jhu,0,1,0,0,1,Race and/or ethnicity unknown,177,488,495,IPEDS_EF2009A,0
2009,jhu,0,1,0,0,1,Total,1433,5801,5831,IPEDS_EF2009A,0
2009,jhu,0,1,0,0,1,"White, non-Hispanic",614,2823,2830,IPEDS_EF2009A,0
2009,macalester,0,0,0,1,0,"American Indian or Alaska Native, non-Hispanic",4,20,20,IPEDS_EF2009A,0
2009,macalester,0,0,0,1,0,"Asian, non-Hispanic",46,175,178,IPEDS_EF2009A,0
2009,macalester,0,0,0,1,0,"Black or African American, non-Hispanic",24,83,83,IPEDS_EF2009A,0
2009,macalester,0,0,0,1,0,Hispanic/Latino,26,86,87,IPEDS_EF2009A,0
2009,macalester,0,0,0,1,0,Nonresident,73,231,236,IPEDS_EF2009A,0
2009,macalester,0,0,0,1,0,Race and/or ethnicity unknown,0,0,0,IPEDS_EF2009A,0
2009,macalester,0,0,0,1,0,Total,565,1965,1996,IPEDS_EF2009A,0
2009,macalester,0,0,0,1,0,"White, non-Hispanic",392,1370,1392,IPEDS_EF2009A,0
2009,middlebury,0,0,1,1,1,"American Indian or Alaska Native, non-Hispanic",3,12,12,IPEDS_EF2009A,0
2009,middlebury,0,0,1,1,1,"Asian, non-Hispanic",58,221,222,IPEDS_EF2009A,0
2009,middlebury,0,0,1,1,1,"Black or African American, non-Hispanic",20,90,90,IPEDS_EF2009A,0
2009,middlebury,0,0,1,1,1,Hispanic/Latino,44,130,131,IPEDS_EF2009A,0
2009,middlebury,0,0,1,1,1,Nonresident,61,257,275,IPEDS_EF2009A,0
2009,middlebury,0,0,1,1,1,Race and/or ethnicity unknown,40,149,152,IPEDS_EF2009A,0
2009,middlebury,0,0,1,1,1,Total,603,2455,2482,IPEDS_EF2009A,0
2009,middlebury,0,0,1,1,1,"White, non-Hispanic",377,1595,1599,IPEDS_EF2009A,0
2009,mit,0,1,0,0,1,"American Indian or Alaska Native, non-Hispanic",9,38,38,IPEDS_EF2009A,0
2009,mit,0,1,0,0,1,"Asian, non-Hispanic",272,1058,1059,IPEDS_EF2009A,0
2009,mit,0,1,0,0,1,"Black or African American, non-Hispanic",86,341,342,IPEDS_EF2009A,0
2009,mit,0,1,0,0,1,Hispanic/Latino,156,561,562,IPEDS_EF2009A,0
2009,mit,0,1,0,0,1,Nonresident,88,385,394,IPEDS_EF2009A,0
2009,mit,0,1,0,0,1,Race and/or ethnicity unknown,62,246,246,IPEDS_EF2009A,0
2009,mit,0,1,0,0,1,Total,1072,4218,4232,IPEDS_EF2009A,0
2009,mit,0,1,0,0,1,"White, non-Hispanic",388,1534,1536,IPEDS_EF2009A,0
2009,mtholyoke,0,0,0,1,0,"American Indian or Alaska Native, non-Hispanic",0,6,6,IPEDS_EF2009A,0
2009,mtholyoke,0,0,0,1,0,"Asian, non-Hispanic",54,226,226,IPEDS_EF2009A,0
2009,mtholyoke,0,0,0,1,0,"Black or African American, non-Hispanic",47,147,148,IPEDS_EF2009A,0
2009,mtholyoke,0,0,0,1,0,Hispanic/Latino,43,136,136,IPEDS_EF2009A,0
2009,mtholyoke,0,0,0,1,0,Nonresident,131,439,464,IPEDS_EF2009A,0
2009,mtholyoke,0,0,0,1,0,Race and/or ethnicity unknown,36,245,251,IPEDS_EF2009A,0
2009,mtholyoke,0,0,0,1,0,Total,558,2247,2288,IPEDS_EF2009A,0
2009,mtholyoke,0,0,0,1,0,"White, non-Hispanic",247,1048,1057,IPEDS_EF2009A,0
2009,navy,0,0,0,0,1,"American Indian or Alaska Native, non-Hispanic",5,17,17,IPEDS_EF2009A,0
2009,navy,0,0,0,0,1,"Asian, non-Hispanic",57,170,170,IPEDS_EF2009A,0
2009,navy,0,0,0,0,1,"Black or African American, non-Hispanic",99,230,230,IPEDS_EF2009A,0
2009,navy,0,0,0,0,1,Hispanic/Latino,173,533,533,IPEDS_EF2009A,0
2009,navy,0,0,0,0,1,Nonresident,18,53,53,IPEDS_EF2009A,0
2009,navy,0,0,0,0,1,Race and/or ethnicity unknown,10,49,49,IPEDS_EF2009A,0
2009,navy,0,0,0,0,1,Total,1228,4552,4552,IPEDS_EF2009A,0
2009,navy,0,0,0,0,1,"White, non-Hispanic",773,3233,3233,IPEDS_EF2009A,0
2009,northwestern,0,0,0,0,1,"American Indian or Alaska Native, non-Hispanic",3,12,13,IPEDS_EF2009A,0
2009,northwestern,0,0,0,0,1,"Asian, non-Hispanic",466,1684,1720,IPEDS_EF2009A,0
2009,northwestern,0,0,0,0,1,"Black or African American, non-Hispanic",132,510,524,IPEDS_EF2009A,0
2009,northwestern,0,0,0,0,1,Hispanic/Latino,143,606,614,IPEDS_EF2009A,0
2009,northwestern,0,0,0,0,1,Nonresident,120,495,512,IPEDS_EF2009A,0
2009,northwestern,0,0,0,0,1,Race and/or ethnicity unknown,82,609,1047,IPEDS_EF2009A,0
2009,northwestern,0,0,0,0,1,Total,2128,8905,9555,IPEDS_EF2009A,0
2009,northwestern,0,0,0,0,1,"White, non-Hispanic",1182,4989,5125,IPEDS_EF2009A,0
2009,notredame,0,0,0,0,1,"American Indian or Alaska Native, non-Hispanic",21,57,57,IPEDS_EF2009A,0
2009,notredame,0,0,0,0,1,"Asian, non-Hispanic",177,611,611,IPEDS_EF2009A,0
2009,notredame,0,0,0,0,1,"Black or African American, non-Hispanic",72,303,303,IPEDS_EF2009A,0
2009,notredame,0,0,0,0,1,Hispanic/Latino,203,801,801,IPEDS_EF2009A,0
2009,notredame,0,0,0,0,1,Nonresident,59,213,218,IPEDS_EF2009A,0
2009,notredame,0,0,0,0,1,Race and/or ethnicity unknown,0,0,0,IPEDS_EF2009A,0
2009,notredame,0,0,0,0,1,Total,2064,8367,8372,IPEDS_EF2009A,0
2009,notredame,0,0,0,0,1,"White, non-Hispanic",1532,6382,6382,IPEDS_EF2009A,0
2009,oberlin,0,0,0,1,0,"American Indian or Alaska Native, non-Hispanic",5,16,16,IPEDS_EF2009A,0
2009,oberlin,0,0,0,1,0,"Asian, non-Hispanic",54,214,214,IPEDS_EF2009A,0
2009,oberlin,0,0,0,1,0,"Black or African American, non-Hispanic",47,190,191,IPEDS_EF2009A,0
2009,oberlin,0,0,0,1,0,Hispanic/Latino,36,151,153,IPEDS_EF2009A,0
2009,oberlin,0,0,0,1,0,Nonresident,54,183,183,IPEDS_EF2009A,0
2009,oberlin,0,0,0,1,0,Race and/or ethnicity unknown,4,8,9,IPEDS_EF2009A,0
2009,oberlin,0,0,0,1,0,Total,807,2888,2905,IPEDS_EF2009A,0
2009,oberlin,0,0,0,1,0,"White, non-Hispanic",607,2126,2139,IPEDS_EF2009A,0
2009,penn,1,1,0,0,1,"American Indian or Alaska Native, non-Hispanic",13,50,50,IPEDS_EF2009A,0
2009,penn,1,1,0,0,1,"Asian, non-Hispanic",498,1890,1958,IPEDS_EF2009A,0
2009,penn,1,1,0,0,1,"Black or African American, non-Hispanic",191,836,871,IPEDS_EF2009A,0
2009,penn,1,1,0,0,1,Hispanic/Latino,176,667,687,IPEDS_EF2009A,0
2009,penn,1,1,0,0,1,Nonresident,254,1067,1245,IPEDS_EF2009A,0
2009,penn,1,1,0,0,1,Race and/or ethnicity unknown,432,2055,2678,IPEDS_EF2009A,0
2009,penn,1,1,0,0,1,Total,2456,10842,11954,IPEDS_EF2009A,0
2009,penn,1,1,0,0,1,"White, non-Hispanic",892,4277,4465,IPEDS_EF2009A,0
2009,pomona,0,0,0,1,1,"American Indian or Alaska Native, non-Hispanic",1,7,7,IPEDS_EF2009A,0
2009,pomona,0,0,0,1,1,"Asian, non-Hispanic",49,211,212,IPEDS_EF2009A,0
2009,pomona,0,0,0,1,1,"Black or African American, non-Hispanic",38,139,139,IPEDS_EF2009A,0
2009,pomona,0,0,0,1,1,Hispanic/Latino,46,164,164,IPEDS_EF2009A,0
2009,pomona,0,0,0,1,1,Nonresident,17,64,67,IPEDS_EF2009A,0
2009,pomona,0,0,0,1,1,Race and/or ethnicity unknown,71,245,255,IPEDS_EF2009A,0
2009,pomona,0,0,0,1,1,Total,390,1531,1550,IPEDS_EF2009A,0
2009,pomona,0,0,0,1,1,"White, non-Hispanic",168,701,706,IPEDS_EF2009A,0
2009,princeton,1,1,0,0,1,"American Indian or Alaska Native, non-Hispanic",6,25,25,IPEDS_EF2009A,0
2009,princeton,1,1,0,0,1,"Asian, non-Hispanic",231,799,802,IPEDS_EF2009A,0
2009,princeton,1,1,0,0,1,"Black or African American, non-Hispanic",96,399,401,IPEDS_EF2009A,0
2009,princeton,1,1,0,0,1,Hispanic/Latino,91,379,381,IPEDS_EF2009A,0
2009,princeton,1,1,0,0,1,Nonresident,133,518,534,IPEDS_EF2009A,0
2009,princeton,1,1,0,0,1,Race and/or ethnicity unknown,47,191,237,IPEDS_EF2009A,0
2009,princeton,1,1,0,0,1,Total,1315,5029,5113,IPEDS_EF2009A,0
2009,princeton,1,1,0,0,1,"White, non-Hispanic",642,2455,2470,IPEDS_EF2009A,0
2009,reed,0,0,0,1,0,"American Indian or Alaska Native, non-Hispanic",2,17,17,IPEDS_EF2009A,0
2009,reed,0,0,0,1,0,"Asian, non-Hispanic",36,122,126,IPEDS_EF2009A,0
2009,reed,0,0,0,1,0,"Black or African American, non-Hispanic",15,49,50,IPEDS_EF2009A,0
2009,reed,0,0,0,1,0,Hispanic/Latino,29,102,103,IPEDS_EF2009A,0
2009,reed,0,0,0,1,0,Nonresident,21,83,90,IPEDS_EF2009A,0
2009,reed,0,0,0,1,0,Race and/or ethnicity unknown,74,266,269,IPEDS_EF2009A,0
2009,reed,0,0,0,1,0,Total,367,1424,1452,IPEDS_EF2009A,0
2009,reed,0,0,0,1,0,"White, non-Hispanic",190,785,797,IPEDS_EF2009A,0
2009,rice,0,0,0,0,1,"American Indian or Alaska Native, non-Hispanic",3,13,13,IPEDS_EF2009A,0
2009,rice,0,0,0,0,1,"Asian, non-Hispanic",179,704,705,IPEDS_EF2009A,0
2009,rice,0,0,0,0,1,"Black or African American, non-Hispanic",66,230,230,IPEDS_EF2009A,0
2009,rice,0,0,0,0,1,Hispanic/Latino,108,401,401,IPEDS_EF2009A,0
2009,rice,0,0,0,0,1,Nonresident,111,283,300,IPEDS_EF2009A,0
2009,rice,0,0,0,0,1,Race and/or ethnicity unknown,72,201,202,IPEDS_EF2009A,0
2009,rice,0,0,0,0,1,Total,894,3279,3299,IPEDS_EF2009A,0
2009,rice,0,0,0,0,1,"White, non-Hispanic",355,1447,1448,IPEDS_EF2009A,0
2009,richmond,0,0,0,0,1,"American Indian or Alaska Native, non-Hispanic",3,10,10,IPEDS_EF2009A,0
2009,richmond,0,0,0,0,1,"Asian, non-Hispanic",79,151,155,IPEDS_EF2009A,0
2009,richmond,0,0,0,0,1,"Black or African American, non-Hispanic",80,276,291,IPEDS_EF2009A,0
2009,richmond,0,0,0,0,1,Hispanic/Latino,51,118,120,IPEDS_EF2009A,0
2009,richmond,0,0,0,0,1,Nonresident,52,154,228,IPEDS_EF2009A,0
2009,richmond,0,0,0,0,1,Race and/or ethnicity unknown,155,400,408,IPEDS_EF2009A,0
2009,richmond,0,0,0,0,1,Total,923,3200,3387,IPEDS_EF2009A,0
2009,richmond,0,0,0,0,1,"White, non-Hispanic",503,2091,2175,IPEDS_EF2009A,0
2009,sarahlawrence,0,0,0,1,0,"American Indian or Alaska Native, non-Hispanic",0,2,2,IPEDS_EF2009A,0
2009,sarahlawrence,0,0,0,1,0,"Asian, non-Hispanic",13,64,65,IPEDS_EF2009A,0
2009,sarahlawrence,0,0,0,1,0,"Black or African American, non-Hispanic",13,46,47,IPEDS_EF2009A,0
2009,sarahlawrence,0,0,0,1,0,Hispanic/Latino,23,70,70,IPEDS_EF2009A,0
2009,sarahlawrence,0,0,0,1,0,Nonresident,16,45,48,IPEDS_EF2009A,0
2009,sarahlawrence,0,0,0,1,0,Race and/or ethnicity unknown,147,309,368,IPEDS_EF2009A,0
2009,sarahlawrence,0,0,0,1,0,Total,365,1295,1367,IPEDS_EF2009A,0
2009,sarahlawrence,0,0,0,1,0,"White, non-Hispanic",153,759,767,IPEDS_EF2009A,0
2009,smith,0,0,0,1,1,"American Indian or Alaska Native, non-Hispanic",5,19,19,IPEDS_EF2009A,0
2009,smith,0,0,0,1,1,"Asian, non-Hispanic",86,338,338,IPEDS_EF2009A,0
2009,smith,0,0,0,1,1,"Black or African American, non-Hispanic",43,178,178,IPEDS_EF2009A,0
2009,smith,0,0,0,1,1,Hispanic/Latino,47,174,174,IPEDS_EF2009A,0
2009,smith,0,0,0,1,1,Nonresident,82,205,205,IPEDS_EF2009A,0
2009,smith,0,0,0,1,1,Race and/or ethnicity unknown,128,632,632,IPEDS_EF2009A,0
2009,smith,0,0,0,1,1,Total,665,2614,2614,IPEDS_EF2009A,0
2009,smith,0,0,0,1,1,"White, non-Hispanic",274,1068,1068,IPEDS_EF2009A,0
2009,stanford,0,1,0,0,1,"American Indian or Alaska Native, non-Hispanic",54,182,182,IPEDS_EF2009A,0
2009,stanford,0,1,0,0,1,"Asian, non-Hispanic",397,1514,1515,IPEDS_EF2009A,0
2009,stanford,0,1,0,0,1,"Black or African American, non-Hispanic",180,656,659,IPEDS_EF2009A,0
2009,stanford,0,1,0,0,1,Hispanic/Latino,247,881,881,IPEDS_EF2009A,0
2009,stanford,0,1,0,0,1,Nonresident,128,470,480,IPEDS_EF2009A,0
2009,stanford,0,1,0,0,1,Race and/or ethnicity unknown,125,507,513,IPEDS_EF2009A,0
2009,stanford,0,1,0,0,1,Total,1692,6564,6602,IPEDS_EF2009A,0
2009,stanford,0,1,0,0,1,"White, non-Hispanic",561,2354,2372,IPEDS_EF2009A,0
2009,stolaf,0,0,0,1,0,"American Indian or Alaska Native, non-Hispanic",2,6,6,IPEDS_EF2009A,0
2009,stolaf,0,0,0,1,0,"Asian, non-Hispanic",36,146,146,IPEDS_EF2009A,0
2009,stolaf,0,0,0,1,0,"Black or African American, non-Hispanic",21,53,53,IPEDS_EF2009A,0
2009,stolaf,0,0,0,1,0,Hispanic/Latino,25,62,62,IPEDS_EF2009A,0
2009,stolaf,0,0,0,1,0,Nonresident,29,67,75,IPEDS_EF2009A,0
2009,stolaf,0,0,0,1,0,Race and/or ethnicity unknown,15,92,92,IPEDS_EF2009A,0
2009,stolaf,0,0,0,1,0,Total,778,3033,3099,IPEDS_EF2009A,0
2009,stolaf,0,0,0,1,0,"White, non-Hispanic",634,2576,2633,IPEDS_EF2009A,0
2009,swarthmore,0,0,0,1,1,"American Indian or Alaska Native, non-Hispanic",4,11,11,IPEDS_EF2009A,0
2009,swarthmore,0,0,0,1,1,"Asian, non-Hispanic",65,247,250,IPEDS_EF2009A,0
2009,swarthmore,0,0,0,1,1,"Black or African American, non-Hispanic",38,146,146,IPEDS_EF2009A,0
2009,swarthmore,0,0,0,1,1,Hispanic/Latino,49,167,168,IPEDS_EF2009A,0
2009,swarthmore,0,0,0,1,1,Nonresident,26,98,100,IPEDS_EF2009A,0
2009,swarthmore,0,0,0,1,1,Race and/or ethnicity unknown,47,167,168,IPEDS_EF2009A,0
2009,swarthmore,0,0,0,1,1,Total,394,1505,1525,IPEDS_EF2009A,0
2009,swarthmore,0,0,0,1,1,"White, non-Hispanic",165,669,682,IPEDS_EF2009A,0
2009,trinity,0,0,1,1,0,"American Indian or Alaska Native, non-Hispanic",1,4,4,IPEDS_EF2009A,0
2009,trinity,0,0,1,1,0,"Asian, non-Hispanic",30,131,131,IPEDS_EF2009A,0
2009,trinity,0,0,1,1,0,"Black or African American, non-Hispanic",39,143,143,IPEDS_EF2009A,0
2009,trinity,0,0,1,1,0,Hispanic/Latino,28,137,141,IPEDS_EF2009A,0
2009,trinity,0,0,1,1,0,Nonresident,32,106,106,IPEDS_EF2009A,0
2009,trinity,0,0,1,1,0,Race and/or ethnicity unknown,53,296,330,IPEDS_EF2009A,0
2009,trinity,0,0,1,1,0,Total,573,2238,2292,IPEDS_EF2009A,0
2009,trinity,0,0,1,1,0,"White, non-Hispanic",390,1421,1437,IPEDS_EF2009A,0
2009,tufts,0,0,1,1,0,"American Indian or Alaska Native, non-Hispanic",1,12,12,IPEDS_EF2009A,0
2009,tufts,0,0,1,1,0,"Asian, non-Hispanic",158,620,620,IPEDS_EF2009A,0
2009,tufts,0,0,1,1,0,"Black or African American, non-Hispanic",48,236,236,IPEDS_EF2009A,0
2009,tufts,0,0,1,1,0,Hispanic/Latino,69,312,312,IPEDS_EF2009A,0
2009,tufts,0,0,1,1,0,Nonresident,90,303,303,IPEDS_EF2009A,0
2009,tufts,0,0,1,1,0,Race and/or ethnicity unknown,146,600,617,IPEDS_EF2009A,0
2009,tufts,0,0,1,1,0,Total,1312,5146,5164,IPEDS_EF2009A,0
2009,tufts,0,0,1,1,0,"White, non-Hispanic",783,2984,2985,IPEDS_EF2009A,0
2009,uchicago,0,1,0,0,1,"American Indian or Alaska Native, non-Hispanic",3,15,15,IPEDS_EF2009A,0
2009,uchicago,0,1,0,0,1,"Asian, non-Hispanic",219,762,762,IPEDS_EF2009A,0
2009,uchicago,0,1,0,0,1,"Black or African American, non-Hispanic",72,310,310,IPEDS_EF2009A,0
2009,uchicago,0,1,0,0,1,Hispanic/Latino,130,472,472,IPEDS_EF2009A,0
2009,uchicago,0,1,0,0,1,Nonresident,136,437,437,IPEDS_EF2009A,0
2009,uchicago,0,1,0,0,1,Race and/or ethnicity unknown,261,916,929,IPEDS_EF2009A,0
2009,uchicago,0,1,0,0,1,Total,1336,5101,5114,IPEDS_EF2009A,0
2009,uchicago,0,1,0,0,1,"White, non-Hispanic",515,2189,2189,IPEDS_EF2009A,0
2009,ucla,0,0,0,0,1,"American Indian or Alaska Native, non-Hispanic",23,121,121,IPEDS_EF2009A,0
2009,ucla,0,0,0,0,1,"Asian, non-Hispanic",1788,10145,10145,IPEDS_EF2009A,0
2009,ucla,0,0,0,0,1,"Black or African American, non-Hispanic",192,986,986,IPEDS_EF2009A,0
2009,ucla,0,0,0,0,1,Hispanic/Latino,766,4103,4103,IPEDS_EF2009A,0
2009,ucla,0,0,0,0,1,Nonresident,131,1280,1280,IPEDS_EF2009A,0
2009,ucla,0,0,0,0,1,Race and/or ethnicity unknown,136,1173,1173,IPEDS_EF2009A,0
2009,ucla,0,0,0,0,1,Total,4472,26687,26687,IPEDS_EF2009A,0
2009,ucla,0,0,0,0,1,"White, non-Hispanic",1436,8879,8879,IPEDS_EF2009A,0
2009,umich,0,0,0,0,1,"American Indian or Alaska Native, non-Hispanic",21,167,168,IPEDS_EF2009A,0
2009,umich,0,0,0,0,1,"Asian, non-Hispanic",830,3159,3175,IPEDS_EF2009A,0
2009,umich,0,0,0,0,1,"Black or African American, non-Hispanic",290,1523,1531,IPEDS_EF2009A,0
2009,umich,0,0,0,0,1,Hispanic/Latino,224,1073,1078,IPEDS_EF2009A,0
2009,umich,0,0,0,0,1,Nonresident,229,1431,1495,IPEDS_EF2009A,0
2009,umich,0,0,0,0,1,Race and/or ethnicity unknown,155,1707,1723,IPEDS_EF2009A,0
2009,umich,0,0,0,0,1,Total,6079,26033,26208,IPEDS_EF2009A,0
2009,umich,0,0,0,0,1,"White, non-Hispanic",4330,16973,17038,IPEDS_EF2009A,0
2009,union,0,0,0,1,0,"American Indian or Alaska Native, non-Hispanic",3,7,8,IPEDS_EF2009A,0
2009,union,0,0,0,1,0,"Asian, non-Hispanic",49,145,146,IPEDS_EF2009A,0
2009,union,0,0,0,1,0,"Black or African American, non-Hispanic",34,108,108,IPEDS_EF2009A,0
2009,union,0,0,0,1,0,Hispanic/Latino,24,100,100,IPEDS_EF2009A,0
2009,union,0,0,0,1,0,Nonresident,21,73,98,IPEDS_EF2009A,0
2009,union,0,0,0,1,0,Race and/or ethnicity unknown,1,17,20,IPEDS_EF2009A,0
2009,union,0,0,0,1,0,Total,520,2141,2194,IPEDS_EF2009A,0
2009,union,0,0,0,1,0,"White, non-Hispanic",388,1691,1714,IPEDS_EF2009A,0
2009,vanderbilt,0,0,0,0,1,"American Indian or Alaska Native, non-Hispanic",10,36,36,IPEDS_EF2009A,0
2009,vanderbilt,0,0,0,0,1,"Asian, non-Hispanic",149,511,513,IPEDS_EF2009A,0
2009,vanderbilt,0,0,0,0,1,"Black or African American, non-Hispanic",125,578,578,IPEDS_EF2009A,0
2009,vanderbilt,0,0,0,0,1,Hispanic/Latino,129,424,425,IPEDS_EF2009A,0
2009,vanderbilt,0,0,0,0,1,Nonresident,85,262,269,IPEDS_EF2009A,0
2009,vanderbilt,0,0,0,0,1,Race and/or ethnicity unknown,321,1196,1207,IPEDS_EF2009A,0
2009,vanderbilt,0,0,0,0,1,Total,1599,6764,6794,IPEDS_EF2009A,0
2009,vanderbilt,0,0,0,0,1,"White, non-Hispanic",780,3757,3766,IPEDS_EF2009A,0
2009,vassar,0,0,0,1,1,"American Indian or Alaska Native, non-Hispanic",3,8,8,IPEDS_EF2009A,0
2009,vassar,0,0,0,1,1,"Asian, non-Hispanic",69,255,258,IPEDS_EF2009A,0
2009,vassar,0,0,0,1,1,"Black or African American, non-Hispanic",44,131,137,IPEDS_EF2009A,0
2009,vassar,0,0,0,1,1,Hispanic/Latino,71,176,178,IPEDS_EF2009A,0
2009,vassar,0,0,0,1,1,Nonresident,38,150,162,IPEDS_EF2009A,0
2009,vassar,0,0,0,1,1,Race and/or ethnicity unknown,2,2,3,IPEDS_EF2009A,0
2009,vassar,0,0,0,1,1,Total,659,2394,2452,IPEDS_EF2009A,0
2009,vassar,0,0,0,1,1,"White, non-Hispanic",432,1672,1706,IPEDS_EF2009A,0
2009,washandlee,0,0,0,1,1,"American Indian or Alaska Native, non-Hispanic",2,2,2,IPEDS_EF2009A,0
2009,washandlee,0,0,0,1,1,"Asian, non-Hispanic",19,51,51,IPEDS_EF2009A,0
2009,washandlee,0,0,0,1,1,"Black or African American, non-Hispanic",19,58,58,IPEDS_EF2009A,0
2009,washandlee,0,0,0,1,1,Hispanic/Latino,8,40,40,IPEDS_EF2009A,0
2009,washandlee,0,0,0,1,1,Nonresident,27,80,82,IPEDS_EF2009A,0
2009,washandlee,0,0,0,1,1,Race and/or ethnicity unknown,1,3,3,IPEDS_EF2009A,0
2009,washandlee,0,0,0,1,1,Total,472,1757,1759,IPEDS_EF2009A,0
2009,washandlee,0,0,0,1,1,"White, non-Hispanic",391,1486,1486,IPEDS_EF2009A,0
2009,wellesley,0,0,0,1,1,"American Indian or Alaska Native, non-Hispanic",2,11,11,IPEDS_EF2009A,0
2009,wellesley,0,0,0,1,1,"Asian, non-Hispanic",129,574,577,IPEDS_EF2009A,0
2009,wellesley,0,0,0,1,1,"Black or African American, non-Hispanic",35,148,149,IPEDS_EF2009A,0
2009,wellesley,0,0,0,1,1,Hispanic/Latino,50,165,167,IPEDS_EF2009A,0
2009,wellesley,0,0,0,1,1,Nonresident,86,207,217,IPEDS_EF2009A,0
2009,wellesley,0,0,0,1,1,Race and/or ethnicity unknown,32,135,239,IPEDS_EF2009A,0
2009,wellesley,0,0,0,1,1,Total,588,2193,2324,IPEDS_EF2009A,0
2009,wellesley,0,0,0,1,1,"White, non-Hispanic",254,953,964,IPEDS_EF2009A,0
2009,wesleyan,0,0,1,1,1,"American Indian or Alaska Native, non-Hispanic",7,15,15,IPEDS_EF2009A,0
2009,wesleyan,0,0,1,1,1,"Asian, non-Hispanic",80,271,273,IPEDS_EF2009A,0
2009,wesleyan,0,0,1,1,1,"Black or African American, non-Hispanic",66,198,198,IPEDS_EF2009A,0
2009,wesleyan,0,0,1,1,1,Hispanic/Latino,68,240,240,IPEDS_EF2009A,0
2009,wesleyan,0,0,1,1,1,Nonresident,46,189,193,IPEDS_EF2009A,0
2009,wesleyan,0,0,1,1,1,Race and/or ethnicity unknown,85,253,263,IPEDS_EF2009A,0
2009,wesleyan,0,0,1,1,1,Total,745,2766,2787,IPEDS_EF2009A,0
2009,wesleyan,0,0,1,1,1,"White, non-Hispanic",393,1600,1605,IPEDS_EF2009A,0
2009,williams,0,0,1,1,1,"American Indian or Alaska Native, non-Hispanic",1,9,9,IPEDS_EF2009A,0
2009,williams,0,0,1,1,1,"Asian, non-Hispanic",72,235,235,IPEDS_EF2009A,0
2009,williams,0,0,1,1,1,"Black or African American, non-Hispanic",56,204,204,IPEDS_EF2009A,0
2009,williams,0,0,1,1,1,Hispanic/Latino,56,198,199,IPEDS_EF2009A,0
2009,williams,0,0,1,1,1,Nonresident,31,143,151,IPEDS_EF2009A,0
2009,williams,0,0,1,1,1,Race and/or ethnicity unknown,0,0,0,IPEDS_EF2009A,0
2009,williams,0,0,1,1,1,Total,546,2033,2085,IPEDS_EF2009A,0
2009,williams,0,0,1,1,1,"White, non-Hispanic",330,1244,1287,IPEDS_EF2009A,0
2009,wustl,0,0,0,0,1,"American Indian or Alaska Native, non-Hispanic",2,8,9,IPEDS_EF2009A,0
2009,wustl,0,0,0,0,1,"Asian, non-Hispanic",250,880,915,IPEDS_EF2009A,0
2009,wustl,0,0,0,0,1,"Black or African American, non-Hispanic",119,605,689,IPEDS_EF2009A,0
2009,wustl,0,0,0,0,1,Hispanic/Latino,32,167,184,IPEDS_EF2009A,0
2009,wustl,0,0,0,0,1,Nonresident,122,359,416,IPEDS_EF2009A,0
2009,wustl,0,0,0,0,1,Race and/or ethnicity unknown,132,613,656,IPEDS_EF2009A,0
2009,wustl,0,0,0,0,1,Total,1510,6436,7046,IPEDS_EF2009A,0
2009,wustl,0,0,0,0,1,"White, non-Hispanic",853,3804,4177,IPEDS_EF2009A,0
2009,yale,1,1,0,0,1,"American Indian or Alaska Native, non-Hispanic",33,69,69,IPEDS_EF2009A,0
2009,yale,1,1,0,0,1,"Asian, non-Hispanic",205,753,754,IPEDS_EF2009A,0
2009,yale,1,1,0,0,1,"Black or African American, non-Hispanic",106,448,448,IPEDS_EF2009A,0
2009,yale,1,1,0,0,1,Hispanic/Latino,110,447,447,IPEDS_EF2009A,0
2009,yale,1,1,0,0,1,Nonresident,116,467,468,IPEDS_EF2009A,0
2009,yale,1,1,0,0,1,Race and/or ethnicity unknown,278,883,895,IPEDS_EF2009A,0
2009,yale,1,1,0,0,1,Total,1305,5258,5275,IPEDS_EF2009A,0
2009,yale,1,1,0,0,1,"White, non-Hispanic",457,2191,2194,IPEDS_EF2009A,0
2010,airforce,0,0,0,0,1,"American Indian or Alaska Native, non-Hispanic",10,37,37,IPEDS_EF2010A,0
2010,airforce,0,0,0,0,1,"Asian, non-Hispanic",99,357,357,IPEDS_EF2010A,0
2010,airforce,0,0,0,0,1,"Black or African American, non-Hispanic",101,284,284,IPEDS_EF2010A,0
2010,airforce,0,0,0,0,1,Hispanic/Latino,108,392,392,IPEDS_EF2010A,0
2010,airforce,0,0,0,0,1,"Native Hawaiian or other Pacific Islander, non-Hispanic",23,23,23,IPEDS_EF2010A,0
2010,airforce,0,0,0,0,1,Nonresident,17,56,56,IPEDS_EF2010A,0
2010,airforce,0,0,0,0,1,Race and/or ethnicity unknown,27,109,109,IPEDS_EF2010A,0
2010,airforce,0,0,0,0,1,Total,1245,4619,4619,IPEDS_EF2010A,0
2010,airforce,0,0,0,0,1,"Two or more races, non-Hispanic",0,0,0,IPEDS_EF2010A,0
2010,airforce,0,0,0,0,1,"White, non-Hispanic",860,3361,3361,IPEDS_EF2010A,0
2010,amherst,0,0,1,1,1,"American Indian or Alaska Native, non-Hispanic",0,2,2,IPEDS_EF2010A,0
2010,amherst,0,0,1,1,1,"Asian, non-Hispanic",53,183,183,IPEDS_EF2010A,0
2010,amherst,0,0,1,1,1,"Black or African American, non-Hispanic",61,203,203,IPEDS_EF2010A,0
2010,amherst,0,0,1,1,1,Hispanic/Latino,64,198,198,IPEDS_EF2010A,0
2010,amherst,0,0,1,1,1,"Native Hawaiian or other Pacific Islander, non-Hispanic",0,0,0,IPEDS_EF2010A,0
2010,amherst,0,0,1,1,1,Nonresident,44,163,163,IPEDS_EF2010A,0
2010,amherst,0,0,1,1,1,Race and/or ethnicity unknown,33,229,229,IPEDS_EF2010A,0
2010,amherst,0,0,1,1,1,Total,488,1794,1794,IPEDS_EF2010A,0
2010,amherst,0,0,1,1,1,"Two or more races, non-Hispanic",28,122,122,IPEDS_EF2010A,0
2010,amherst,0,0,1,1,1,"White, non-Hispanic",205,694,694,IPEDS_EF2010A,0
2010,army,0,0,0,0,1,"American Indian or Alaska Native, non-Hispanic",14,39,39,IPEDS_EF2010A,0
2010,army,0,0,0,0,1,"Asian, non-Hispanic",73,256,256,IPEDS_EF2010A,0
2010,army,0,0,0,0,1,"Black or African American, non-Hispanic",113,288,288,IPEDS_EF2010A,0
2010,army,0,0,0,0,1,Hispanic/Latino,107,409,409,IPEDS_EF2010A,0
2010,army,0,0,0,0,1,"Native Hawaiian or other Pacific Islander, non-Hispanic",3,15,15,IPEDS_EF2010A,0
2010,army,0,0,0,0,1,Nonresident,12,53,53,IPEDS_EF2010A,0
2010,army,0,0,0,0,1,Race and/or ethnicity unknown,7,51,51,IPEDS_EF2010A,0
2010,army,0,0,0,0,1,Total,1312,4686,4686,IPEDS_EF2010A,0
2010,army,0,0,0,0,1,"Two or more races, non-Hispanic",49,192,192,IPEDS_EF2010A,0
2010,army,0,0,0,0,1,"White, non-Hispanic",934,3383,3383,IPEDS_EF2010A,0
2010,barnard,0,0,0,1,1,"American Indian or Alaska Native, non-Hispanic",3,5,5,IPEDS_EF2010A,0
2010,barnard,0,0,0,1,1,"Asian, non-Hispanic",109,391,391,IPEDS_EF2010A,0
2010,barnard,0,0,0,1,1,"Black or African American, non-Hispanic",29,103,103,IPEDS_EF2010A,0
2010,barnard,0,0,0,1,1,Hispanic/Latino,55,218,218,IPEDS_EF2010A,0
2010,barnard,0,0,0,1,1,"Native Hawaiian or other Pacific Islander, non-Hispanic",0,4,4,IPEDS_EF2010A,0
2010,barnard,0,0,0,1,1,Nonresident,30,121,121,IPEDS_EF2010A,0
2010,barnard,0,0,0,1,1,Race and/or ethnicity unknown,0,0,0,IPEDS_EF2010A,0
2010,barnard,0,0,0,1,1,Total,580,2390,2390,IPEDS_EF2010A,0
2010,barnard,0,0,0,1,1,"Two or more races, non-Hispanic",0,0,0,IPEDS_EF2010A,0
2010,barnard,0,0,0,1,1,"White, non-Hispanic",354,1548,1548,IPEDS_EF2010A,0
2010,bates,0,0,1,1,1,"American Indian or Alaska Native, non-Hispanic",5,13,13,IPEDS_EF2010A,0
2010,bates,0,0,1,1,1,"Asian, non-Hispanic",30,115,115,IPEDS_EF2010A,0
2010,bates,0,0,1,1,1,"Black or African American, non-Hispanic",36,110,110,IPEDS_EF2010A,0
2010,bates,0,0,1,1,1,Hispanic/Latino,15,70,70,IPEDS_EF2010A,0
2010,bates,0,0,1,1,1,"Native Hawaiian or other Pacific Islander, non-Hispanic",0,0,0,IPEDS_EF2010A,0
2010,bates,0,0,1,1,1,Nonresident,30,102,102,IPEDS_EF2010A,0
2010,bates,0,0,1,1,1,Race and/or ethnicity unknown,12,42,42,IPEDS_EF2010A,0
2010,bates,0,0,1,1,1,Total,495,1725,1725,IPEDS_EF2010A,0
2010,bates,0,0,1,1,1,"Two or more races, non-Hispanic",0,0,0,IPEDS_EF2010A,0
2010,bates,0,0,1,1,1,"White, non-Hispanic",367,1273,1273,IPEDS_EF2010A,0
2010,berkeley,0,0,0,0,1,"American Indian or Alaska Native, non-Hispanic",0,98,98,IPEDS_EF2010A,0
2010,berkeley,0,0,0,0,1,"Asian, non-Hispanic",1499,9830,9830,IPEDS_EF2010A,0
2010,berkeley,0,0,0,0,1,"Black or African American, non-Hispanic",82,777,777,IPEDS_EF2010A,0
2010,berkeley,0,0,0,0,1,Hispanic/Latino,426,3045,3045,IPEDS_EF2010A,0
2010,berkeley,0,0,0,0,1,"Native Hawaiian or other Pacific Islander, non-Hispanic",9,62,62,IPEDS_EF2010A,0
2010,berkeley,0,0,0,0,1,Nonresident,469,1844,1844,IPEDS_EF2010A,0
2010,berkeley,0,0,0,0,1,Race and/or ethnicity unknown,261,1842,1842,IPEDS_EF2010A,0
2010,berkeley,0,0,0,0,1,Total,4109,25540,25540,IPEDS_EF2010A,0
2010,berkeley,0,0,0,0,1,"Two or more races, non-Hispanic",183,277,277,IPEDS_EF2010A,0
2010,berkeley,0,0,0,0,1,"White, non-Hispanic",1180,7765,7765,IPEDS_EF2010A,0
2010,bowdoin,0,0,1,1,1,"American Indian or Alaska Native, non-Hispanic",1,2,2,IPEDS_EF2010A,0
2010,bowdoin,0,0,1,1,1,"Asian, non-Hispanic",37,128,128,IPEDS_EF2010A,0
2010,bowdoin,0,0,1,1,1,"Black or African American, non-Hispanic",23,89,89,IPEDS_EF2010A,0
2010,bowdoin,0,0,1,1,1,Hispanic/Latino,65,211,211,IPEDS_EF2010A,0
2010,bowdoin,0,0,1,1,1,"Native Hawaiian or other Pacific Islander, non-Hispanic",0,3,3,IPEDS_EF2010A,0
2010,bowdoin,0,0,1,1,1,Nonresident,19,60,64,IPEDS_EF2010A,0
2010,bowdoin,0,0,1,1,1,Race and/or ethnicity unknown,8,9,9,IPEDS_EF2010A,0
2010,bowdoin,0,0,1,1,1,Total,507,1751,1762,IPEDS_EF2010A,0
2010,bowdoin,0,0,1,1,1,"Two or more races, non-Hispanic",34,108,108,IPEDS_EF2010A,0
2010,bowdoin,0,0,1,1,1,"White, non-Hispanic",320,1141,1148,IPEDS_EF2010A,0
2010,brown,1,1,0,0,1,"American Indian or Alaska Native, non-Hispanic",7,26,28,IPEDS_EF2010A,0
2010,brown,1,1,0,0,1,"Asian, non-Hispanic",180,889,922,IPEDS_EF2010A,0
2010,brown,1,1,0,0,1,"Black or African American, non-Hispanic",105,361,368,IPEDS_EF2010A,0
2010,brown,1,1,0,0,1,Hispanic/Latino,150,563,578,IPEDS_EF2010A,0
2010,brown,1,1,0,0,1,"Native Hawaiian or other Pacific Islander, non-Hispanic",1,8,8,IPEDS_EF2010A,0
2010,brown,1,1,0,0,1,Nonresident,153,586,617,IPEDS_EF2010A,0
2010,brown,1,1,0,0,1,Race and/or ethnicity unknown,152,671,698,IPEDS_EF2010A,0
2010,brown,1,1,0,0,1,Total,1499,6102,6318,IPEDS_EF2010A,0
2010,brown,1,1,0,0,1,"Two or more races, non-Hispanic",85,197,200,IPEDS_EF2010A,0
2010,brown,1,1,0,0,1,"White, non-Hispanic",666,2801,2899,IPEDS_EF2010A,0
2010,brynmawr,0,0,0,1,0,"American Indian or Alaska Native, non-Hispanic",0,0,1,IPEDS_EF2010A,0
2010,brynmawr,0,0,0,1,0,"Asian, non-Hispanic",46,160,160,IPEDS_EF2010A,0
2010,brynmawr,0,0,0,1,0,"Black or African American, non-Hispanic",15,71,71,IPEDS_EF2010A,0
2010,brynmawr,0,0,0,1,0,Hispanic/Latino,45,122,122,IPEDS_EF2010A,0
2010,brynmawr,0,0,0,1,0,"Native Hawaiian or other Pacific Islander, non-Hispanic",0,3,3,IPEDS_EF2010A,0
2010,brynmawr,0,0,0,1,0,Nonresident,67,157,159,IPEDS_EF2010A,0
2010,brynmawr,0,0,0,1,0,Race and/or ethnicity unknown,34,219,220,IPEDS_EF2010A,0
2010,brynmawr,0,0,0,1,0,Total,369,1287,1293,IPEDS_EF2010A,0
2010,brynmawr,0,0,0,1,0,"Two or more races, non-Hispanic",22,50,50,IPEDS_EF2010A,0
2010,brynmawr,0,0,0,1,0,"White, non-Hispanic",140,505,507,IPEDS_EF2010A,0
2010,bucknell,0,0,0,1,0,"American Indian or Alaska Native, non-Hispanic",0,5,5,IPEDS_EF2010A,0
2010,bucknell,0,0,0,1,0,"Asian, non-Hispanic",24,105,106,IPEDS_EF2010A,0
2010,bucknell,0,0,0,1,0,"Black or African American, non-Hispanic",31,107,107,IPEDS_EF2010A,0
2010,bucknell,0,0,0,1,0,Hispanic/Latino,50,131,132,IPEDS_EF2010A,0
2010,bucknell,0,0,0,1,0,"Native Hawaiian or other Pacific Islander, non-Hispanic",0,1,1,IPEDS_EF2010A,0
2010,bucknell,0,0,0,1,0,Nonresident,50,144,146,IPEDS_EF2010A,0
2010,bucknell,0,0,0,1,0,Race and/or ethnicity unknown,42,106,107,IPEDS_EF2010A,0
2010,bucknell,0,0,0,1,0,Total,929,3489,3508,IPEDS_EF2010A,0
2010,bucknell,0,0,0,1,0,"Two or more races, non-Hispanic",18,66,66,IPEDS_EF2010A,0
2010,bucknell,0,0,0,1,0,"White, non-Hispanic",714,2824,2838,IPEDS_EF2010A,0
2010,caltech,0,1,0,0,1,"American Indian or Alaska Native, non-Hispanic",1,1,1,IPEDS_EF2010A,0
2010,caltech,0,1,0,0,1,"Asian, non-Hispanic",93,381,381,IPEDS_EF2010A,0
2010,caltech,0,1,0,0,1,"Black or African American, non-Hispanic",4,11,11,IPEDS_EF2010A,0
2010,caltech,0,1,0,0,1,Hispanic/Latino,11,62,62,IPEDS_EF2010A,0
2010,caltech,0,1,0,0,1,"Native Hawaiian or other Pacific Islander, non-Hispanic",0,8,8,IPEDS_EF2010A,0
2010,caltech,0,1,0,0,1,Nonresident,22,113,113,IPEDS_EF2010A,0
2010,caltech,0,1,0,0,1,Race and/or ethnicity unknown,5,18,18,IPEDS_EF2010A,0
2010,caltech,0,1,0,0,1,Total,222,967,967,IPEDS_EF2010A,0
2010,caltech,0,1,0,0,1,"Two or more races, non-Hispanic",12,12,12,IPEDS_EF2010A,0
2010,caltech,0,1,0,0,1,"White, non-Hispanic",74,361,361,IPEDS_EF2010A,0
2010,carleton,0,0,0,1,1,"American Indian or Alaska Native, non-Hispanic",0,3,3,IPEDS_EF2010A,0
2010,carleton,0,0,0,1,1,"Asian, non-Hispanic",34,118,118,IPEDS_EF2010A,0
2010,carleton,0,0,0,1,1,"Black or African American, non-Hispanic",17,68,69,IPEDS_EF2010A,0
2010,carleton,0,0,0,1,1,Hispanic/Latino,38,128,128,IPEDS_EF2010A,0
2010,carleton,0,0,0,1,1,"Native Hawaiian or other Pacific Islander, non-Hispanic",1,1,1,IPEDS_EF2010A,0
2010,carleton,0,0,0,1,1,Nonresident,41,151,162,IPEDS_EF2010A,0
2010,carleton,0,0,0,1,1,Race and/or ethnicity unknown,14,45,55,IPEDS_EF2010A,0
2010,carleton,0,0,0,1,1,Total,512,1991,2020,IPEDS_EF2010A,0
2010,carleton,0,0,0,1,1,"Two or more races, non-Hispanic",24,108,109,IPEDS_EF2010A,0
2010,carleton,0,0,0,1,1,"White, non-Hispanic",343,1369,1375,IPEDS_EF2010A,0
2010,clark,0,0,0,1,0,"American Indian or Alaska Native, non-Hispanic",1,5,5,IPEDS_EF2010A,0
2010,clark,0,0,0,1,0,"Asian, non-Hispanic",30,94,100,IPEDS_EF2010A,0
2010,clark,0,0,0,1,0,"Black or African American, non-Hispanic",24,65,65,IPEDS_EF2010A,0
2010,clark,0,0,0,1,0,Hispanic/Latino,43,109,113,IPEDS_EF2010A,0
2010,clark,0,0,0,1,0,"Native Hawaiian or other Pacific Islander, non-Hispanic",0,2,2,IPEDS_EF2010A,0
2010,clark,0,0,0,1,0,Nonresident,43,167,170,IPEDS_EF2010A,0
2010,clark,0,0,0,1,0,Race and/or ethnicity unknown,16,182,204,IPEDS_EF2010A,0
2010,clark,0,0,0,1,0,Total,578,2252,2317,IPEDS_EF2010A,0
2010,clark,0,0,0,1,0,"Two or more races, non-Hispanic",19,46,46,IPEDS_EF2010A,0
2010,clark,0,0,0,1,0,"White, non-Hispanic",402,1582,1612,IPEDS_EF2010A,0
2010,cmc,0,0,0,0,1,"American Indian or Alaska Native, non-Hispanic",0,1,1,IPEDS_EF2010A,0
2010,cmc,0,0,0,0,1,"Asian, non-Hispanic",40,148,148,IPEDS_EF2010A,0
2010,cmc,0,0,0,0,1,"Black or African American, non-Hispanic",12,40,40,IPEDS_EF2010A,0
2010,cmc,0,0,0,0,1,Hispanic/Latino,32,96,96,IPEDS_EF2010A,0
2010,cmc,0,0,0,0,1,"Native Hawaiian or other Pacific Islander, non-Hispanic",1,1,1,IPEDS_EF2010A,0
2010,cmc,0,0,0,0,1,Nonresident,24,84,88,IPEDS_EF2010A,0
2010,cmc,0,0,0,0,1,Race and/or ethnicity unknown,29,253,257,IPEDS_EF2010A,0
2010,cmc,0,0,0,0,1,Total,314,1253,1261,IPEDS_EF2010A,0
2010,cmc,0,0,0,0,1,"Two or more races, non-Hispanic",23,28,28,IPEDS_EF2010A,0
2010,cmc,0,0,0,0,1,"White, non-Hispanic",153,602,602,IPEDS_EF2010A,0
2010,cmu,0,0,0,0,1,"American Indian or Alaska Native, non-Hispanic",1,12,12,IPEDS_EF2010A,0
2010,cmu,0,0,0,0,1,"Asian, non-Hispanic",332,1346,1350,IPEDS_EF2010A,0
2010,cmu,0,0,0,0,1,"Black or African American, non-Hispanic",83,314,319,IPEDS_EF2010A,0
2010,cmu,0,0,0,0,1,Hispanic/Latino,112,359,362,IPEDS_EF2010A,0
2010,cmu,0,0,0,0,1,"Native Hawaiian or other Pacific Islander, non-Hispanic",1,3,3,IPEDS_EF2010A,0
2010,cmu,0,0,0,0,1,Nonresident,180,670,691,IPEDS_EF2010A,0
2010,cmu,0,0,0,0,1,Race and/or ethnicity unknown,95,441,443,IPEDS_EF2010A,0
2010,cmu,0,0,0,0,1,Total,1486,5742,5830,IPEDS_EF2010A,0
2010,cmu,0,0,0,0,1,"Two or more races, non-Hispanic",66,132,132,IPEDS_EF2010A,0
2010,cmu,0,0,0,0,1,"White, non-Hispanic",616,2465,2518,IPEDS_EF2010A,0
2010,colby,0,0,1,1,1,"American Indian or Alaska Native, non-Hispanic",0,3,3,IPEDS_EF2010A,0
2010,colby,0,0,1,1,1,"Asian, non-Hispanic",27,122,122,IPEDS_EF2010A,0
2010,colby,0,0,1,1,1,"Black or African American, non-Hispanic",29,64,64,IPEDS_EF2010A,0
2010,colby,0,0,1,1,1,Hispanic/Latino,26,67,67,IPEDS_EF2010A,0
2010,colby,0,0,1,1,1,"Native Hawaiian or other Pacific Islander, non-Hispanic",1,2,2,IPEDS_EF2010A,0
2010,colby,0,0,1,1,1,Nonresident,28,99,99,IPEDS_EF2010A,0
2010,colby,0,0,1,1,1,Race and/or ethnicity unknown,63,350,350,IPEDS_EF2010A,0
2010,colby,0,0,1,1,1,Total,484,1825,1825,IPEDS_EF2010A,0
2010,colby,0,0,1,1,1,"Two or more races, non-Hispanic",22,30,30,IPEDS_EF2010A,0
2010,colby,0,0,1,1,1,"White, non-Hispanic",288,1088,1088,IPEDS_EF2010A,0
2010,colgate,0,0,0,0,1,"American Indian or Alaska Native, non-Hispanic",3,12,12,IPEDS_EF2010A,0
2010,colgate,0,0,0,0,1,"Asian, non-Hispanic",28,104,104,IPEDS_EF2010A,0
2010,colgate,0,0,0,0,1,"Black or African American, non-Hispanic",41,120,120,IPEDS_EF2010A,0
2010,colgate,0,0,0,0,1,Hispanic/Latino,68,207,207,IPEDS_EF2010A,0
2010,colgate,0,0,0,0,1,"Native Hawaiian or other Pacific Islander, non-Hispanic",2,3,3,IPEDS_EF2010A,0
2010,colgate,0,0,0,0,1,Nonresident,72,174,175,IPEDS_EF2010A,0
2010,colgate,0,0,0,0,1,Race and/or ethnicity unknown,53,99,108,IPEDS_EF2010A,0
2010,colgate,0,0,0,0,1,Total,850,2868,2884,IPEDS_EF2010A,0
2010,colgate,0,0,0,0,1,"Two or more races, non-Hispanic",29,88,89,IPEDS_EF2010A,0
2010,colgate,0,0,0,0,1,"White, non-Hispanic",554,2061,2066,IPEDS_EF2010A,0
2010,columbia,1,1,0,0,1,"American Indian or Alaska Native, non-Hispanic",15,49,49,IPEDS_EF2010A,0
2010,columbia,1,1,0,0,1,"Asian, non-Hispanic",231,1168,1168,IPEDS_EF2010A,0
2010,columbia,1,1,0,0,1,"Black or African American, non-Hispanic",150,645,645,IPEDS_EF2010A,0
2010,columbia,1,1,0,0,1,Hispanic/Latino,229,1032,1032,IPEDS_EF2010A,0
2010,columbia,1,1,0,0,1,"Native Hawaiian or other Pacific Islander, non-Hispanic",2,9,9,IPEDS_EF2010A,0
2010,columbia,1,1,0,0,1,Nonresident,170,879,879,IPEDS_EF2010A,0
2010,columbia,1,1,0,0,1,Race and/or ethnicity unknown,49,505,505,IPEDS_EF2010A,0
2010,columbia,1,1,0,0,1,Total,1434,7950,7950,IPEDS_EF2010A,0
2010,columbia,1,1,0,0,1,"Two or more races, non-Hispanic",69,308,308,IPEDS_EF2010A,0
2010,columbia,1,1,0,0,1,"White, non-Hispanic",519,3355,3355,IPEDS_EF2010A,0
2010,conncoll,0,0,1,1,0,"American Indian or Alaska Native, non-Hispanic",0,2,3,IPEDS_EF2010A,0
2010,conncoll,0,0,1,1,0,"Asian, non-Hispanic",14,54,56,IPEDS_EF2010A,0
2010,conncoll,0,0,1,1,0,"Black or African American, non-Hispanic",21,74,80,IPEDS_EF2010A,0
2010,conncoll,0,0,1,1,0,Hispanic/Latino,34,107,109,IPEDS_EF2010A,0
2010,conncoll,0,0,1,1,0,"Native Hawaiian or other Pacific Islander, non-Hispanic",1,1,1,IPEDS_EF2010A,0
2010,conncoll,0,0,1,1,0,Nonresident,22,77,83,IPEDS_EF2010A,0
2010,conncoll,0,0,1,1,0,Race and/or ethnicity unknown,33,73,82,IPEDS_EF2010A,0
2010,conncoll,0,0,1,1,0,Total,488,1770,1880,IPEDS_EF2010A,0
2010,conncoll,0,0,1,1,0,"Two or more races, non-Hispanic",17,54,54,IPEDS_EF2010A,0
2010,conncoll,0,0,1,1,0,"White, non-Hispanic",346,1328,1412,IPEDS_EF2010A,0
2010,cornell,1,1,0,0,1,"American Indian or Alaska Native, non-Hispanic",15,52,52,IPEDS_EF2010A,0
2010,cornell,1,1,0,0,1,"Asian, non-Hispanic",485,2241,2243,IPEDS_EF2010A,0
2010,cornell,1,1,0,0,1,"Black or African American, non-Hispanic",169,735,735,IPEDS_EF2010A,0
2010,cornell,1,1,0,0,1,Hispanic/Latino,325,1162,1163,IPEDS_EF2010A,0
2010,cornell,1,1,0,0,1,"Native Hawaiian or other Pacific Islander, non-Hispanic",0,11,11,IPEDS_EF2010A,0
2010,cornell,1,1,0,0,1,Nonresident,258,1208,1249,IPEDS_EF2010A,0
2010,cornell,1,1,0,0,1,Race and/or ethnicity unknown,308,1663,1667,IPEDS_EF2010A,0
2010,cornell,1,1,0,0,1,Total,3179,13885,13935,IPEDS_EF2010A,0
2010,cornell,1,1,0,0,1,"Two or more races, non-Hispanic",153,387,387,IPEDS_EF2010A,0
2010,cornell,1,1,0,0,1,"White, non-Hispanic",1466,6426,6428,IPEDS_EF2010A,0
2010,dartmouth,1,1,0,0,1,"American Indian or Alaska Native, non-Hispanic",20,135,135,IPEDS_EF2010A,0
2010,dartmouth,1,1,0,0,1,"Asian, non-Hispanic",156,605,610,IPEDS_EF2010A,0
2010,dartmouth,1,1,0,0,1,"Black or African American, non-Hispanic",74,330,331,IPEDS_EF2010A,0
2010,dartmouth,1,1,0,0,1,Hispanic/Latino,96,346,348,IPEDS_EF2010A,0
2010,dartmouth,1,1,0,0,1,"Native Hawaiian or other Pacific Islander, non-Hispanic",0,8,8,IPEDS_EF2010A,0
2010,dartmouth,1,1,0,0,1,Nonresident,82,302,326,IPEDS_EF2010A,0
2010,dartmouth,1,1,0,0,1,Race and/or ethnicity unknown,119,245,297,IPEDS_EF2010A,0
2010,dartmouth,1,1,0,0,1,Total,1136,4135,4248,IPEDS_EF2010A,0
2010,dartmouth,1,1,0,0,1,"Two or more races, non-Hispanic",67,82,82,IPEDS_EF2010A,0
2010,dartmouth,1,1,0,0,1,"White, non-Hispanic",522,2082,2111,IPEDS_EF2010A,0
2010,davidson,0,0,0,1,1,"American Indian or Alaska Native, non-Hispanic",2,8,8,IPEDS_EF2010A,0
2010,davidson,0,0,0,1,1,"Asian, non-Hispanic",17,79,79,IPEDS_EF2010A,0
2010,davidson,0,0,0,1,1,"Black or African American, non-Hispanic",36,113,113,IPEDS_EF2010A,0
2010,davidson,0,0,0,1,1,Hispanic/Latino,24,85,85,IPEDS_EF2010A,0
2010,davidson,0,0,0,1,1,"Native Hawaiian or other Pacific Islander, non-Hispanic",1,1,1,IPEDS_EF2010A,0
2010,davidson,0,0,0,1,1,Nonresident,26,67,70,IPEDS_EF2010A,0
2010,davidson,0,0,0,1,1,Race and/or ethnicity unknown,33,110,111,IPEDS_EF2010A,0
2010,davidson,0,0,0,1,1,Total,499,1738,1742,IPEDS_EF2010A,0
2010,davidson,0,0,0,1,1,"Two or more races, non-Hispanic",16,22,22,IPEDS_EF2010A,0
2010,davidson,0,0,0,1,1,"White, non-Hispanic",344,1253,1253,IPEDS_EF2010A,0
2010,duke,0,1,0,0,1,"American Indian or Alaska Native, non-Hispanic",12,32,32,IPEDS_EF2010A,0
2010,duke,0,1,0,0,1,"Asian, non-Hispanic",358,1401,1408,IPEDS_EF2010A,0
2010,duke,0,1,0,0,1,"Black or African American, non-Hispanic",163,587,596,IPEDS_EF2010A,0
2010,duke,0,1,0,0,1,Hispanic/Latino,121,436,445,IPEDS_EF2010A,0
2010,duke,0,1,0,0,1,"Native Hawaiian or other Pacific Islander, non-Hispanic",3,5,5,IPEDS_EF2010A,0
2010,duke,0,1,0,0,1,Nonresident,151,471,477,IPEDS_EF2010A,0
2010,duke,0,1,0,0,1,Race and/or ethnicity unknown,46,422,454,IPEDS_EF2010A,0
2010,duke,0,1,0,0,1,Total,1752,6545,6697,IPEDS_EF2010A,0
2010,duke,0,1,0,0,1,"Two or more races, non-Hispanic",19,112,113,IPEDS_EF2010A,0
2010,duke,0,1,0,0,1,"White, non-Hispanic",879,3079,3167,IPEDS_EF2010A,0
2010,emory,0,0,0,0,1,"American Indian or Alaska Native, non-Hispanic",2,17,17,IPEDS_EF2010A,0
2010,emory,0,0,0,0,1,"Asian, non-Hispanic",478,1669,1670,IPEDS_EF2010A,0
2010,emory,0,0,0,0,1,"Black or African American, non-Hispanic",173,743,750,IPEDS_EF2010A,0
2010,emory,0,0,0,0,1,Hispanic/Latino,100,307,307,IPEDS_EF2010A,0
2010,emory,0,0,0,0,1,"Native Hawaiian or other Pacific Islander, non-Hispanic",1,4,4,IPEDS_EF2010A,0
2010,emory,0,0,0,0,1,Nonresident,302,747,814,IPEDS_EF2010A,0
2010,emory,0,0,0,0,1,Race and/or ethnicity unknown,55,526,528,IPEDS_EF2010A,0
2010,emory,0,0,0,0,1,Total,1875,7140,7231,IPEDS_EF2010A,0
2010,emory,0,0,0,0,1,"Two or more races, non-Hispanic",56,66,66,IPEDS_EF2010A,0
2010,emory,0,0,0,0,1,"White, non-Hispanic",708,3061,3075,IPEDS_EF2010A,0
2010,fandm,0,0,0,1,0,"American Indian or Alaska Native, non-Hispanic",0,3,3,IPEDS_EF2010A,0
2010,fandm,0,0,0,1,0,"Asian, non-Hispanic",26,77,81,IPEDS_EF2010A,0
2010,fandm,0,0,0,1,0,"Black or African American, non-Hispanic",16,67,67,IPEDS_EF2010A,0
2010,fandm,0,0,0,1,0,Hispanic/Latino,38,125,127,IPEDS_EF2010A,0
2010,fandm,0,0,0,1,0,"Native Hawaiian or other Pacific Islander, non-Hispanic",0,0,0,IPEDS_EF2010A,0
2010,fandm,0,0,0,1,0,Nonresident,63,197,206,IPEDS_EF2010A,0
2010,fandm,0,0,0,1,0,Race and/or ethnicity unknown,5,40,46,IPEDS_EF2010A,0
2010,fandm,0,0,0,1,0,Total,632,2285,2335,IPEDS_EF2010A,0
2010,fandm,0,0,0,1,0,"Two or more races, non-Hispanic",11,47,47,IPEDS_EF2010A,0
2010,fandm,0,0,0,1,0,"White, non-Hispanic",473,1729,1758,IPEDS_EF2010A,0
2010,georgetown,0,0,0,0,1,"American Indian or Alaska Native, non-Hispanic",5,11,11,IPEDS_EF2010A,0
2010,georgetown,0,0,0,0,1,"Asian, non-Hispanic",143,660,663,IPEDS_EF2010A,0
2010,georgetown,0,0,0,0,1,"Black or African American, non-Hispanic",110,443,448,IPEDS_EF2010A,0
2010,georgetown,0,0,0,0,1,Hispanic/Latino,120,483,486,IPEDS_EF2010A,0
2010,georgetown,0,0,0,0,1,"Native Hawaiian or other Pacific Islander, non-Hispanic",1,6,6,IPEDS_EF2010A,0
2010,georgetown,0,0,0,0,1,Nonresident,102,528,720,IPEDS_EF2010A,0
2010,georgetown,0,0,0,0,1,Race and/or ethnicity unknown,13,115,219,IPEDS_EF2010A,0
2010,georgetown,0,0,0,0,1,Total,1573,7208,7579,IPEDS_EF2010A,0
2010,georgetown,0,0,0,0,1,"Two or more races, non-Hispanic",61,208,210,IPEDS_EF2010A,0
2010,georgetown,0,0,0,0,1,"White, non-Hispanic",1018,4754,4816,IPEDS_EF2010A,0
2010,grinnell,0,0,0,0,1,"American Indian or Alaska Native, non-Hispanic",0,5,5,IPEDS_EF2010A,0
2010,grinnell,0,0,0,0,1,"Asian, non-Hispanic",30,94,95,IPEDS_EF2010A,0
2010,grinnell,0,0,0,0,1,"Black or African American, non-Hispanic",28,83,84,IPEDS_EF2010A,0
2010,grinnell,0,0,0,0,1,Hispanic/Latino,36,120,120,IPEDS_EF2010A,0
2010,grinnell,0,0,0,0,1,"Native Hawaiian or other Pacific Islander, non-Hispanic",0,0,0,IPEDS_EF2010A,0
2010,grinnell,0,0,0,0,1,Nonresident,54,195,197,IPEDS_EF2010A,0
2010,grinnell,0,0,0,0,1,Race and/or ethnicity unknown,18,99,111,IPEDS_EF2010A,0
2010,grinnell,0,0,0,0,1,Total,415,1603,1655,IPEDS_EF2010A,0
2010,grinnell,0,0,0,0,1,"Two or more races, non-Hispanic",19,68,71,IPEDS_EF2010A,0
2010,grinnell,0,0,0,0,1,"White, non-Hispanic",230,939,972,IPEDS_EF2010A,0
2010,hamilton,0,0,1,1,1,"American Indian or Alaska Native, non-Hispanic",0,10,10,IPEDS_EF2010A,0
2010,hamilton,0,0,1,1,1,"Asian, non-Hispanic",36,140,140,IPEDS_EF2010A,0
2010,hamilton,0,0,1,1,1,"Black or African American, non-Hispanic",24,72,73,IPEDS_EF2010A,0
2010,hamilton,0,0,1,1,1,Hispanic/Latino,31,92,92,IPEDS_EF2010A,0
2010,hamilton,0,0,1,1,1,"Native Hawaiian or other Pacific Islander, non-Hispanic",0,0,0,IPEDS_EF2010A,0
2010,hamilton,0,0,1,1,1,Nonresident,20,85,85,IPEDS_EF2010A,0
2010,hamilton,0,0,1,1,1,Race and/or ethnicity unknown,65,176,186,IPEDS_EF2010A,0
2010,hamilton,0,0,1,1,1,Total,467,1843,1861,IPEDS_EF2010A,0
2010,hamilton,0,0,1,1,1,"Two or more races, non-Hispanic",13,29,29,IPEDS_EF2010A,0
2010,hamilton,0,0,1,1,1,"White, non-Hispanic",278,1239,1246,IPEDS_EF2010A,0
2010,hampshire,0,0,0,1,0,"American Indian or Alaska Native, non-Hispanic",0,8,9,IPEDS_EF2010A,0
2010,hampshire,0,0,0,1,0,"Asian, non-Hispanic",14,49,49,IPEDS_EF2010A,0
2010,hampshire,0,0,0,1,0,"Black or African American, non-Hispanic",5,42,44,IPEDS_EF2010A,0
2010,hampshire,0,0,0,1,0,Hispanic/Latino,28,115,120,IPEDS_EF2010A,0
2010,hampshire,0,0,0,1,0,"Native Hawaiian or other Pacific Islander, non-Hispanic",0,0,0,IPEDS_EF2010A,0
2010,hampshire,0,0,0,1,0,Nonresident,23,70,81,IPEDS_EF2010A,0
2010,hampshire,0,0,0,1,0,Race and/or ethnicity unknown,42,144,148,IPEDS_EF2010A,0
2010,hampshire,0,0,0,1,0,Total,418,1505,1529,IPEDS_EF2010A,0
2010,hampshire,0,0,0,1,0,"Two or more races, non-Hispanic",19,48,49,IPEDS_EF2010A,0
2010,hampshire,0,0,0,1,0,"White, non-Hispanic",287,1029,1029,IPEDS_EF2010A,0
2010,harvard,1,1,0,0,1,"American Indian or Alaska Native, non-Hispanic",8,33,37,IPEDS_EF2010A,0
2010,harvard,1,1,0,0,1,"Asian, non-Hispanic",252,1097,1447,IPEDS_EF2010A,0
2010,harvard,1,1,0,0,1,"Black or African American, non-Hispanic",99,491,645,IPEDS_EF2010A,0
2010,harvard,1,1,0,0,1,Hispanic/Latino,144,584,793,IPEDS_EF2010A,0
2010,harvard,1,1,0,0,1,"Native Hawaiian or other Pacific Islander, non-Hispanic",0,4,7,IPEDS_EF2010A,0
2010,harvard,1,1,0,0,1,Nonresident,160,702,965,IPEDS_EF2010A,0
2010,harvard,1,1,0,0,1,Race and/or ethnicity unknown,176,865,1113,IPEDS_EF2010A,0
2010,harvard,1,1,0,0,1,Total,1670,7255,10265,IPEDS_EF2010A,0
2010,harvard,1,1,0,0,1,"Two or more races, non-Hispanic",92,224,299,IPEDS_EF2010A,0
2010,harvard,1,1,0,0,1,"White, non-Hispanic",739,3255,4959,IPEDS_EF2010A,0
2010,haverford,0,0,0,1,0,"American Indian or Alaska Native, non-Hispanic",0,2,2,IPEDS_EF2010A,0
2010,haverford,0,0,0,1,0,"Asian, non-Hispanic",25,91,91,IPEDS_EF2010A,0
2010,haverford,0,0,0,1,0,"Black or African American, non-Hispanic",23,86,86,IPEDS_EF2010A,0
2010,haverford,0,0,0,1,0,Hispanic/Latino,27,100,100,IPEDS_EF2010A,0
2010,haverford,0,0,0,1,0,"Native Hawaiian or other Pacific Islander, non-Hispanic",0,0,0,IPEDS_EF2010A,0
2010,haverford,0,0,0,1,0,Nonresident,11,31,35,IPEDS_EF2010A,0
2010,haverford,0,0,0,1,0,Race and/or ethnicity unknown,0,0,0,IPEDS_EF2010A,0
2010,haverford,0,0,0,1,0,Total,325,1173,1177,IPEDS_EF2010A,0
2010,haverford,0,0,0,1,0,"Two or more races, non-Hispanic",26,60,60,IPEDS_EF2010A,0
2010,haverford,0,0,0,1,0,"White, non-Hispanic",213,803,803,IPEDS_EF2010A,0
2010,hmc,0,0,0,0,1,"American Indian or Alaska Native, non-Hispanic",1,3,3,IPEDS_EF2010A,0
2010,hmc,0,0,0,0,1,"Asian, non-Hispanic",43,150,150,IPEDS_EF2010A,0
2010,hmc,0,0,0,0,1,"Black or African American, non-Hispanic",2,7,7,IPEDS_EF2010A,0
2010,hmc,0,0,0,0,1,Hispanic/Latino,13,53,53,IPEDS_EF2010A,0
2010,hmc,0,0,0,0,1,"Native Hawaiian or other Pacific Islander, non-Hispanic",0,0,0,IPEDS_EF2010A,0
2010,hmc,0,0,0,0,1,Nonresident,15,36,36,IPEDS_EF2010A,0
2010,hmc,0,0,0,0,1,Race and/or ethnicity unknown,8,35,37,IPEDS_EF2010A,0
2010,hmc,0,0,0,0,1,Total,195,771,773,IPEDS_EF2010A,0
2010,hmc,0,0,0,0,1,"Two or more races, non-Hispanic",15,36,36,IPEDS_EF2010A,0
2010,hmc,0,0,0,0,1,"White, non-Hispanic",98,451,451,IPEDS_EF2010A,0
2010,jhu,0,1,0,0,1,"American Indian or Alaska Native, non-Hispanic",1,11,11,IPEDS_EF2010A,0
2010,jhu,0,1,0,0,1,"Asian, non-Hispanic",240,1128,1129,IPEDS_EF2010A,0
2010,jhu,0,1,0,0,1,"Black or African American, non-Hispanic",56,328,329,IPEDS_EF2010A,0
2010,jhu,0,1,0,0,1,Hispanic/Latino,106,428,429,IPEDS_EF2010A,0
2010,jhu,0,1,0,0,1,"Native Hawaiian or other Pacific Islander, non-Hispanic",1,13,13,IPEDS_EF2010A,0
2010,jhu,0,1,0,0,1,Nonresident,114,478,489,IPEDS_EF2010A,0
2010,jhu,0,1,0,0,1,Race and/or ethnicity unknown,7,98,98,IPEDS_EF2010A,0
2010,jhu,0,1,0,0,1,Total,1325,5801,5820,IPEDS_EF2010A,0
2010,jhu,0,1,0,0,1,"Two or more races, non-Hispanic",56,215,215,IPEDS_EF2010A,0
2010,jhu,0,1,0,0,1,"White, non-Hispanic",744,3102,3107,IPEDS_EF2010A,0
2010,macalester,0,0,0,1,0,"American Indian or Alaska Native, non-Hispanic",2,10,10,IPEDS_EF2010A,0
2010,macalester,0,0,0,1,0,"Asian, non-Hispanic",28,129,132,IPEDS_EF2010A,0
2010,macalester,0,0,0,1,0,"Black or African American, non-Hispanic",21,71,72,IPEDS_EF2010A,0
2010,macalester,0,0,0,1,0,Hispanic/Latino,40,116,117,IPEDS_EF2010A,0
2010,macalester,0,0,0,1,0,"Native Hawaiian or other Pacific Islander, non-Hispanic",0,1,1,IPEDS_EF2010A,0
2010,macalester,0,0,0,1,0,Nonresident,61,226,229,IPEDS_EF2010A,0
2010,macalester,0,0,0,1,0,Race and/or ethnicity unknown,0,0,0,IPEDS_EF2010A,0
2010,macalester,0,0,0,1,0,Total,515,2005,2033,IPEDS_EF2010A,0
2010,macalester,0,0,0,1,0,"Two or more races, non-Hispanic",31,76,77,IPEDS_EF2010A,0
2010,macalester,0,0,0,1,0,"White, non-Hispanic",332,1376,1395,IPEDS_EF2010A,0
2010,middlebury,0,0,1,1,1,"American Indian or Alaska Native, non-Hispanic",1,5,5,IPEDS_EF2010A,0
2010,middlebury,0,0,1,1,1,"Asian, non-Hispanic",31,140,142,IPEDS_EF2010A,0
2010,middlebury,0,0,1,1,1,"Black or African American, non-Hispanic",19,58,58,IPEDS_EF2010A,0
2010,middlebury,0,0,1,1,1,Hispanic/Latino,38,154,154,IPEDS_EF2010A,0
2010,middlebury,0,0,1,1,1,"Native Hawaiian or other Pacific Islander, non-Hispanic",0,1,1,IPEDS_EF2010A,0
2010,middlebury,0,0,1,1,1,Nonresident,67,243,262,IPEDS_EF2010A,0
2010,middlebury,0,0,1,1,1,Race and/or ethnicity unknown,29,121,123,IPEDS_EF2010A,0
2010,middlebury,0,0,1,1,1,Total,577,2502,2532,IPEDS_EF2010A,0
2010,middlebury,0,0,1,1,1,"Two or more races, non-Hispanic",27,97,97,IPEDS_EF2010A,0
2010,middlebury,0,0,1,1,1,"White, non-Hispanic",365,1683,1690,IPEDS_EF2010A,0
2010,mit,0,1,0,0,1,"American Indian or Alaska Native, non-Hispanic",4,37,37,IPEDS_EF2010A,0
2010,mit,0,1,0,0,1,"Asian, non-Hispanic",244,1029,1030,IPEDS_EF2010A,0
2010,mit,0,1,0,0,1,"Black or African American, non-Hispanic",67,332,332,IPEDS_EF2010A,0
2010,mit,0,1,0,0,1,Hispanic/Latino,156,578,578,IPEDS_EF2010A,0
2010,mit,0,1,0,0,1,"Native Hawaiian or other Pacific Islander, non-Hispanic",0,1,1,IPEDS_EF2010A,0
2010,mit,0,1,0,0,1,Nonresident,94,398,410,IPEDS_EF2010A,0
2010,mit,0,1,0,0,1,Race and/or ethnicity unknown,27,227,228,IPEDS_EF2010A,0
2010,mit,0,1,0,0,1,Total,1067,4285,4299,IPEDS_EF2010A,0
2010,mit,0,1,0,0,1,"Two or more races, non-Hispanic",57,100,100,IPEDS_EF2010A,0
2010,mit,0,1,0,0,1,"White, non-Hispanic",418,1583,1583,IPEDS_EF2010A,0
2010,mtholyoke,0,0,0,1,0,"American Indian or Alaska Native, non-Hispanic",0,2,2,IPEDS_EF2010A,0
2010,mtholyoke,0,0,0,1,0,"Asian, non-Hispanic",34,150,151,IPEDS_EF2010A,0
2010,mtholyoke,0,0,0,1,0,"Black or African American, non-Hispanic",30,100,100,IPEDS_EF2010A,0
2010,mtholyoke,0,0,0,1,0,Hispanic/Latino,58,165,165,IPEDS_EF2010A,0
2010,mtholyoke,0,0,0,1,0,"Native Hawaiian or other Pacific Islander, non-Hispanic",0,1,1,IPEDS_EF2010A,0
2010,mtholyoke,0,0,0,1,0,Nonresident,131,486,514,IPEDS_EF2010A,0
2010,mtholyoke,0,0,0,1,0,Race and/or ethnicity unknown,21,162,177,IPEDS_EF2010A,0
2010,mtholyoke,0,0,0,1,0,Total,533,2285,2332,IPEDS_EF2010A,0
2010,mtholyoke,0,0,0,1,0,"Two or more races, non-Hispanic",18,111,111,IPEDS_EF2010A,0
2010,mtholyoke,0,0,0,1,0,"White, non-Hispanic",241,1108,1111,IPEDS_EF2010A,0
2010,navy,0,0,0,0,1,"American Indian or Alaska Native, non-Hispanic",1,15,15,IPEDS_EF2010A,0
2010,navy,0,0,0,0,1,"Asian, non-Hispanic",50,177,177,IPEDS_EF2010A,0
2010,navy,0,0,0,0,1,"Black or African American, non-Hispanic",93,266,266,IPEDS_EF2010A,0
2010,navy,0,0,0,0,1,Hispanic/Latino,174,575,575,IPEDS_EF2010A,0
2010,navy,0,0,0,0,1,"Native Hawaiian or other Pacific Islander, non-Hispanic",16,34,34,IPEDS_EF2010A,0
2010,navy,0,0,0,0,1,Nonresident,12,50,50,IPEDS_EF2010A,0
2010,navy,0,0,0,0,1,Race and/or ethnicity unknown,12,43,43,IPEDS_EF2010A,0
2010,navy,0,0,0,0,1,Total,1220,4603,4603,IPEDS_EF2010A,0
2010,navy,0,0,0,0,1,"Two or more races, non-Hispanic",93,307,307,IPEDS_EF2010A,0
2010,navy,0,0,0,0,1,"White, non-Hispanic",769,3136,3136,IPEDS_EF2010A,0
2010,northwestern,0,0,0,0,1,"American Indian or Alaska Native, non-Hispanic",3,13,15,IPEDS_EF2010A,0
2010,northwestern,0,0,0,0,1,"Asian, non-Hispanic",411,1736,1771,IPEDS_EF2010A,0
2010,northwestern,0,0,0,0,1,"Black or African American, non-Hispanic",115,467,494,IPEDS_EF2010A,0
2010,northwestern,0,0,0,0,1,Hispanic/Latino,174,648,674,IPEDS_EF2010A,0
2010,northwestern,0,0,0,0,1,"Native Hawaiian or other Pacific Islander, non-Hispanic",1,4,5,IPEDS_EF2010A,0
2010,northwestern,0,0,0,0,1,Nonresident,134,487,496,IPEDS_EF2010A,0
2010,northwestern,0,0,0,0,1,Race and/or ethnicity unknown,28,457,765,IPEDS_EF2010A,0
2010,northwestern,0,0,0,0,1,Total,2128,8947,9535,IPEDS_EF2010A,0
2010,northwestern,0,0,0,0,1,"Two or more races, non-Hispanic",69,176,178,IPEDS_EF2010A,0
2010,northwestern,0,0,0,0,1,"White, non-Hispanic",1193,4959,5137,IPEDS_EF2010A,0
2010,notredame,0,0,0,0,1,"American Indian or Alaska Native, non-Hispanic",16,44,44,IPEDS_EF2010A,0
2010,notredame,0,0,0,0,1,"Asian, non-Hispanic",130,513,513,IPEDS_EF2010A,0
2010,notredame,0,0,0,0,1,"Black or African American, non-Hispanic",76,269,269,IPEDS_EF2010A,0
2010,notredame,0,0,0,0,1,Hispanic/Latino,212,827,827,IPEDS_EF2010A,0
2010,notredame,0,0,0,0,1,"Native Hawaiian or other Pacific Islander, non-Hispanic",0,0,0,IPEDS_EF2010A,0
2010,notredame,0,0,0,0,1,Nonresident,78,247,255,IPEDS_EF2010A,0
2010,notredame,0,0,0,0,1,Race and/or ethnicity unknown,17,65,65,IPEDS_EF2010A,0
2010,notredame,0,0,0,0,1,Total,2072,8433,8442,IPEDS_EF2010A,0
2010,notredame,0,0,0,0,1,"Two or more races, non-Hispanic",54,203,203,IPEDS_EF2010A,0
2010,notredame,0,0,0,0,1,"White, non-Hispanic",1489,6265,6266,IPEDS_EF2010A,0
2010,oberlin,0,0,0,1,0,"American Indian or Alaska Native, non-Hispanic",1,6,6,IPEDS_EF2010A,0
2010,oberlin,0,0,0,1,0,"Asian, non-Hispanic",30,122,122,IPEDS_EF2010A,0
2010,oberlin,0,0,0,1,0,"Black or African American, non-Hispanic",57,163,164,IPEDS_EF2010A,0
2010,oberlin,0,0,0,1,0,Hispanic/Latino,63,191,192,IPEDS_EF2010A,0
2010,oberlin,0,0,0,1,0,"Native Hawaiian or other Pacific Islander, non-Hispanic",0,0,0,IPEDS_EF2010A,0
2010,oberlin,0,0,0,1,0,Nonresident,36,177,181,IPEDS_EF2010A,0
2010,oberlin,0,0,0,1,0,Race and/or ethnicity unknown,3,12,14,IPEDS_EF2010A,0
2010,oberlin,0,0,0,1,0,Total,782,2948,2974,IPEDS_EF2010A,0
2010,oberlin,0,0,0,1,0,"Two or more races, non-Hispanic",43,161,162,IPEDS_EF2010A,0
2010,oberlin,0,0,0,1,0,"White, non-Hispanic",549,2116,2133,IPEDS_EF2010A,0
2010,penn,1,1,0,0,1,"American Indian or Alaska Native, non-Hispanic",6,49,51,IPEDS_EF2010A,0
2010,penn,1,1,0,0,1,"Asian, non-Hispanic",414,1920,2013,IPEDS_EF2010A,0
2010,penn,1,1,0,0,1,"Black or African American, non-Hispanic",154,819,866,IPEDS_EF2010A,0
2010,penn,1,1,0,0,1,Hispanic/Latino,209,710,738,IPEDS_EF2010A,0
2010,penn,1,1,0,0,1,"Native Hawaiian or other Pacific Islander, non-Hispanic",2,7,8,IPEDS_EF2010A,0
2010,penn,1,1,0,0,1,Nonresident,250,1123,1295,IPEDS_EF2010A,0
2010,penn,1,1,0,0,1,Race and/or ethnicity unknown,126,1158,1427,IPEDS_EF2010A,0
2010,penn,1,1,0,0,1,Total,2405,10882,11940,IPEDS_EF2010A,0
2010,penn,1,1,0,0,1,"Two or more races, non-Hispanic",65,113,125,IPEDS_EF2010A,0
2010,penn,1,1,0,0,1,"White, non-Hispanic",1179,4983,5417,IPEDS_EF2010A,0
2010,pomona,0,0,0,1,1,"American Indian or Alaska Native, non-Hispanic",0,2,2,IPEDS_EF2010A,0
2010,pomona,0,0,0,1,1,"Asian, non-Hispanic",45,168,169,IPEDS_EF2010A,0
2010,pomona,0,0,0,1,1,"Black or African American, non-Hispanic",22,102,102,IPEDS_EF2010A,0
2010,pomona,0,0,0,1,1,Hispanic/Latino,58,188,188,IPEDS_EF2010A,0
2010,pomona,0,0,0,1,1,"Native Hawaiian or other Pacific Islander, non-Hispanic",0,0,0,IPEDS_EF2010A,0
2010,pomona,0,0,0,1,1,Nonresident,25,68,75,IPEDS_EF2010A,0
2010,pomona,0,0,0,1,1,Race and/or ethnicity unknown,38,229,235,IPEDS_EF2010A,0
2010,pomona,0,0,0,1,1,Total,401,1546,1560,IPEDS_EF2010A,0
2010,pomona,0,0,0,1,1,"Two or more races, non-Hispanic",23,83,83,IPEDS_EF2010A,0
2010,pomona,0,0,0,1,1,"White, non-Hispanic",190,706,706,IPEDS_EF2010A,0
2010,princeton,1,1,0,0,1,"American Indian or Alaska Native, non-Hispanic",1,14,14,IPEDS_EF2010A,0
2010,princeton,1,1,0,0,1,"Asian, non-Hispanic",237,868,868,IPEDS_EF2010A,0
2010,princeton,1,1,0,0,1,"Black or African American, non-Hispanic",96,388,388,IPEDS_EF2010A,0
2010,princeton,1,1,0,0,1,Hispanic/Latino,104,398,398,IPEDS_EF2010A,0
2010,princeton,1,1,0,0,1,"Native Hawaiian or other Pacific Islander, non-Hispanic",1,6,6,IPEDS_EF2010A,0
2010,princeton,1,1,0,0,1,Nonresident,140,542,542,IPEDS_EF2010A,0
2010,princeton,1,1,0,0,1,Race and/or ethnicity unknown,32,168,168,IPEDS_EF2010A,0
2010,princeton,1,1,0,0,1,Total,1312,5142,5142,IPEDS_EF2010A,0
2010,princeton,1,1,0,0,1,"Two or more races, non-Hispanic",50,249,249,IPEDS_EF2010A,0
2010,princeton,1,1,0,0,1,"White, non-Hispanic",651,2509,2509,IPEDS_EF2010A,0
2010,reed,0,0,0,1,0,"American Indian or Alaska Native, non-Hispanic",2,7,8,IPEDS_EF2010A,0
2010,reed,0,0,0,1,0,"Asian, non-Hispanic",21,84,88,IPEDS_EF2010A,0
2010,reed,0,0,0,1,0,"Black or African American, non-Hispanic",2,31,31,IPEDS_EF2010A,0
2010,reed,0,0,0,1,0,Hispanic/Latino,7,58,58,IPEDS_EF2010A,0
2010,reed,0,0,0,1,0,"Native Hawaiian or other Pacific Islander, non-Hispanic",0,1,1,IPEDS_EF2010A,0
2010,reed,0,0,0,1,0,Nonresident,17,76,76,IPEDS_EF2010A,0
2010,reed,0,0,0,1,0,Race and/or ethnicity unknown,31,214,220,IPEDS_EF2010A,0
2010,reed,0,0,0,1,0,Total,372,1422,1447,IPEDS_EF2010A,0
2010,reed,0,0,0,1,0,"Two or more races, non-Hispanic",47,147,149,IPEDS_EF2010A,0
2010,reed,0,0,0,1,0,"White, non-Hispanic",245,804,816,IPEDS_EF2010A,0
2010,rice,0,0,0,0,1,"American Indian or Alaska Native, non-Hispanic",4,13,13,IPEDS_EF2010A,0
2010,rice,0,0,0,0,1,"Asian, non-Hispanic",211,740,740,IPEDS_EF2010A,0
2010,rice,0,0,0,0,1,"Black or African American, non-Hispanic",57,244,245,IPEDS_EF2010A,0
2010,rice,0,0,0,0,1,Hispanic/Latino,101,399,400,IPEDS_EF2010A,0
2010,rice,0,0,0,0,1,"Native Hawaiian or other Pacific Islander, non-Hispanic",0,4,6,IPEDS_EF2010A,0
2010,rice,0,0,0,0,1,Nonresident,107,330,359,IPEDS_EF2010A,0
2010,rice,0,0,0,0,1,Race and/or ethnicity unknown,2,52,52,IPEDS_EF2010A,0
2010,rice,0,0,0,0,1,Total,949,3485,3529,IPEDS_EF2010A,0
2010,rice,0,0,0,0,1,"Two or more races, non-Hispanic",51,192,192,IPEDS_EF2010A,0
2010,rice,0,0,0,0,1,"White, non-Hispanic",416,1511,1522,IPEDS_EF2010A,0
2010,richmond,0,0,0,0,1,"American Indian or Alaska Native, non-Hispanic",2,13,14,IPEDS_EF2010A,0
2010,richmond,0,0,0,0,1,"Asian, non-Hispanic",32,150,152,IPEDS_EF2010A,0
2010,richmond,0,0,0,0,1,"Black or African American, non-Hispanic",54,279,287,IPEDS_EF2010A,0
2010,richmond,0,0,0,0,1,Hispanic/Latino,56,158,159,IPEDS_EF2010A,0
2010,richmond,0,0,0,0,1,"Native Hawaiian or other Pacific Islander, non-Hispanic",0,0,0,IPEDS_EF2010A,0
2010,richmond,0,0,0,0,1,Nonresident,61,188,269,IPEDS_EF2010A,0
2010,richmond,0,0,0,0,1,Race and/or ethnicity unknown,80,374,381,IPEDS_EF2010A,0
2010,richmond,0,0,0,0,1,Total,821,3292,3457,IPEDS_EF2010A,0
2010,richmond,0,0,0,0,1,"Two or more races, non-Hispanic",26,29,30,IPEDS_EF2010A,0
2010,richmond,0,0,0,0,1,"White, non-Hispanic",510,2101,2165,IPEDS_EF2010A,0
2010,sarahlawrence,0,0,0,1,0,"American Indian or Alaska Native, non-Hispanic",1,3,3,IPEDS_EF2010A,0
2010,sarahlawrence,0,0,0,1,0,"Asian, non-Hispanic",18,62,64,IPEDS_EF2010A,0
2010,sarahlawrence,0,0,0,1,0,"Black or African American, non-Hispanic",10,42,46,IPEDS_EF2010A,0
2010,sarahlawrence,0,0,0,1,0,Hispanic/Latino,37,103,103,IPEDS_EF2010A,0
2010,sarahlawrence,0,0,0,1,0,"Native Hawaiian or other Pacific Islander, non-Hispanic",1,1,1,IPEDS_EF2010A,0
2010,sarahlawrence,0,0,0,1,0,Nonresident,24,62,63,IPEDS_EF2010A,0
2010,sarahlawrence,0,0,0,1,0,Race and/or ethnicity unknown,2,37,98,IPEDS_EF2010A,0
2010,sarahlawrence,0,0,0,1,0,Total,338,1244,1328,IPEDS_EF2010A,0
2010,sarahlawrence,0,0,0,1,0,"Two or more races, non-Hispanic",14,61,63,IPEDS_EF2010A,0
2010,sarahlawrence,0,0,0,1,0,"White, non-Hispanic",231,873,887,IPEDS_EF2010A,0
2010,smith,0,0,0,1,1,"American Indian or Alaska Native, non-Hispanic",2,10,10,IPEDS_EF2010A,0
2010,smith,0,0,0,1,1,"Asian, non-Hispanic",75,289,289,IPEDS_EF2010A,0
2010,smith,0,0,0,1,1,"Black or African American, non-Hispanic",33,135,135,IPEDS_EF2010A,0
2010,smith,0,0,0,1,1,Hispanic/Latino,57,188,188,IPEDS_EF2010A,0
2010,smith,0,0,0,1,1,"Native Hawaiian or other Pacific Islander, non-Hispanic",1,4,4,IPEDS_EF2010A,0
2010,smith,0,0,0,1,1,Nonresident,73,230,230,IPEDS_EF2010A,0
2010,smith,0,0,0,1,1,Race and/or ethnicity unknown,47,526,526,IPEDS_EF2010A,0
2010,smith,0,0,0,1,1,Total,631,2588,2588,IPEDS_EF2010A,0
2010,smith,0,0,0,1,1,"Two or more races, non-Hispanic",27,88,88,IPEDS_EF2010A,0
2010,smith,0,0,0,1,1,"White, non-Hispanic",316,1118,1118,IPEDS_EF2010A,0
2010,stanford,0,1,0,0,1,"American Indian or Alaska Native, non-Hispanic",20,78,78,IPEDS_EF2010A,0
2010,stanford,0,1,0,0,1,"Asian, non-Hispanic",289,1235,1236,IPEDS_EF2010A,0
2010,stanford,0,1,0,0,1,"Black or African American, non-Hispanic",122,484,485,IPEDS_EF2010A,0
2010,stanford,0,1,0,0,1,Hispanic/Latino,303,1080,1081,IPEDS_EF2010A,0
2010,stanford,0,1,0,0,1,"Native Hawaiian or other Pacific Islander, non-Hispanic",6,29,29,IPEDS_EF2010A,0
2010,stanford,0,1,0,0,1,Nonresident,138,493,513,IPEDS_EF2010A,0
2010,stanford,0,1,0,0,1,Race and/or ethnicity unknown,17,87,93,IPEDS_EF2010A,0
2010,stanford,0,1,0,0,1,Total,1672,6887,6940,IPEDS_EF2010A,0
2010,stanford,0,1,0,0,1,"Two or more races, non-Hispanic",184,721,723,IPEDS_EF2010A,0
2010,stanford,0,1,0,0,1,"White, non-Hispanic",593,2680,2702,IPEDS_EF2010A,0
2010,stolaf,0,0,0,1,0,"American Indian or Alaska Native, non-Hispanic",1,8,8,IPEDS_EF2010A,0
2010,stolaf,0,0,0,1,0,"Asian, non-Hispanic",44,151,151,IPEDS_EF2010A,0
2010,stolaf,0,0,0,1,0,"Black or African American, non-Hispanic",21,63,63,IPEDS_EF2010A,0
2010,stolaf,0,0,0,1,0,Hispanic/Latino,30,77,77,IPEDS_EF2010A,0
2010,stolaf,0,0,0,1,0,"Native Hawaiian or other Pacific Islander, non-Hispanic",0,3,3,IPEDS_EF2010A,0
2010,stolaf,0,0,0,1,0,Nonresident,27,86,95,IPEDS_EF2010A,0
2010,stolaf,0,0,0,1,0,Race and/or ethnicity unknown,3,57,57,IPEDS_EF2010A,0
2010,stolaf,0,0,0,1,0,Total,844,3114,3156,IPEDS_EF2010A,0
2010,stolaf,0,0,0,1,0,"Two or more races, non-Hispanic",29,57,57,IPEDS_EF2010A,0
2010,stolaf,0,0,0,1,0,"White, non-Hispanic",689,2612,2645,IPEDS_EF2010A,0
2010,swarthmore,0,0,0,1,1,"American Indian or Alaska Native, non-Hispanic",1,6,6,IPEDS_EF2010A,0
2010,swarthmore,0,0,0,1,1,"Asian, non-Hispanic",57,216,217,IPEDS_EF2010A,0
2010,swarthmore,0,0,0,1,1,"Black or African American, non-Hispanic",22,97,97,IPEDS_EF2010A,0
2010,swarthmore,0,0,0,1,1,Hispanic/Latino,49,175,175,IPEDS_EF2010A,0
2010,swarthmore,0,0,0,1,1,"Native Hawaiian or other Pacific Islander, non-Hispanic",0,0,0,IPEDS_EF2010A,0
2010,swarthmore,0,0,0,1,1,Nonresident,37,110,111,IPEDS_EF2010A,0
2010,swarthmore,0,0,0,1,1,Race and/or ethnicity unknown,13,140,145,IPEDS_EF2010A,0
2010,swarthmore,0,0,0,1,1,Total,388,1509,1524,IPEDS_EF2010A,0
2010,swarthmore,0,0,0,1,1,"Two or more races, non-Hispanic",26,86,86,IPEDS_EF2010A,0
2010,swarthmore,0,0,0,1,1,"White, non-Hispanic",183,679,687,IPEDS_EF2010A,0
2010,trinity,0,0,1,1,0,"American Indian or Alaska Native, non-Hispanic",0,3,3,IPEDS_EF2010A,0
2010,trinity,0,0,1,1,0,"Asian, non-Hispanic",36,126,127,IPEDS_EF2010A,0
2010,trinity,0,0,1,1,0,"Black or African American, non-Hispanic",41,158,160,IPEDS_EF2010A,0
2010,trinity,0,0,1,1,0,Hispanic/Latino,47,157,157,IPEDS_EF2010A,0
2010,trinity,0,0,1,1,0,"Native Hawaiian or other Pacific Islander, non-Hispanic",0,0,0,IPEDS_EF2010A,0
2010,trinity,0,0,1,1,0,Nonresident,44,136,136,IPEDS_EF2010A,0
2010,trinity,0,0,1,1,0,Race and/or ethnicity unknown,40,240,273,IPEDS_EF2010A,0
2010,trinity,0,0,1,1,0,Total,591,2238,2292,IPEDS_EF2010A,0
2010,trinity,0,0,1,1,0,"Two or more races, non-Hispanic",0,0,0,IPEDS_EF2010A,0
2010,trinity,0,0,1,1,0,"White, non-Hispanic",383,1418,1436,IPEDS_EF2010A,0
2010,tufts,0,0,1,1,0,"American Indian or Alaska Native, non-Hispanic",0,9,9,IPEDS_EF2010A,0
2010,tufts,0,0,1,1,0,"Asian, non-Hispanic",116,574,574,IPEDS_EF2010A,0
2010,tufts,0,0,1,1,0,"Black or African American, non-Hispanic",69,261,264,IPEDS_EF2010A,0
2010,tufts,0,0,1,1,0,Hispanic/Latino,81,306,306,IPEDS_EF2010A,0
2010,tufts,0,0,1,1,0,"Native Hawaiian or other Pacific Islander, non-Hispanic",0,4,4,IPEDS_EF2010A,0
2010,tufts,0,0,1,1,0,Nonresident,77,328,328,IPEDS_EF2010A,0
2010,tufts,0,0,1,1,0,Race and/or ethnicity unknown,157,626,655,IPEDS_EF2010A,0
2010,tufts,0,0,1,1,0,Total,1313,5187,5224,IPEDS_EF2010A,0
2010,tufts,0,0,1,1,0,"Two or more races, non-Hispanic",58,124,124,IPEDS_EF2010A,0
2010,tufts,0,0,1,1,0,"White, non-Hispanic",755,2955,2960,IPEDS_EF2010A,0
2010,uchicago,0,1,0,0,1,"American Indian or Alaska Native, non-Hispanic",3,6,6,IPEDS_EF2010A,0
2010,uchicago,0,1,0,0,1,"Asian, non-Hispanic",302,854,854,IPEDS_EF2010A,0
2010,uchicago,0,1,0,0,1,"Black or African American, non-Hispanic",60,271,272,IPEDS_EF2010A,0
2010,uchicago,0,1,0,0,1,Hispanic/Latino,78,402,402,IPEDS_EF2010A,0
2010,uchicago,0,1,0,0,1,"Native Hawaiian or other Pacific Islander, non-Hispanic",0,1,1,IPEDS_EF2010A,0
2010,uchicago,0,1,0,0,1,Nonresident,105,469,469,IPEDS_EF2010A,0
2010,uchicago,0,1,0,0,1,Race and/or ethnicity unknown,69,720,730,IPEDS_EF2010A,0
2010,uchicago,0,1,0,0,1,Total,1387,5258,5270,IPEDS_EF2010A,0
2010,uchicago,0,1,0,0,1,"Two or more races, non-Hispanic",91,278,278,IPEDS_EF2010A,0
2010,uchicago,0,1,0,0,1,"White, non-Hispanic",679,2257,2258,IPEDS_EF2010A,0
2010,ucla,0,0,0,0,1,"American Indian or Alaska Native, non-Hispanic",2,82,82,IPEDS_EF2010A,0
2010,ucla,0,0,0,0,1,"Asian, non-Hispanic",1544,9306,9306,IPEDS_EF2010A,0
2010,ucla,0,0,0,0,1,"Black or African American, non-Hispanic",132,963,963,IPEDS_EF2010A,0
2010,ucla,0,0,0,0,1,Hispanic/Latino,773,4165,4165,IPEDS_EF2010A,0
2010,ucla,0,0,0,0,1,"Native Hawaiian or other Pacific Islander, non-Hispanic",16,82,82,IPEDS_EF2010A,0
2010,ucla,0,0,0,0,1,Nonresident,299,1522,1522,IPEDS_EF2010A,0
2010,ucla,0,0,0,0,1,Race and/or ethnicity unknown,230,1139,1139,IPEDS_EF2010A,0
2010,ucla,0,0,0,0,1,Total,4636,26162,26162,IPEDS_EF2010A,0
2010,ucla,0,0,0,0,1,"Two or more races, non-Hispanic",275,426,426,IPEDS_EF2010A,0
2010,ucla,0,0,0,0,1,"White, non-Hispanic",1365,8477,8477,IPEDS_EF2010A,0
2010,umich,0,0,0,0,1,"American Indian or Alaska Native, non-Hispanic",11,48,49,IPEDS_EF2010A,0
2010,umich,0,0,0,0,1,"Asian, non-Hispanic",885,3120,3125,IPEDS_EF2010A,0
2010,umich,0,0,0,0,1,"Black or African American, non-Hispanic",283,1208,1214,IPEDS_EF2010A,0
2010,umich,0,0,0,0,1,Hispanic/Latino,275,1161,1167,IPEDS_EF2010A,0
2010,umich,0,0,0,0,1,"Native Hawaiian or other Pacific Islander, non-Hispanic",0,6,6,IPEDS_EF2010A,0
2010,umich,0,0,0,0,1,Nonresident,265,1579,1644,IPEDS_EF2010A,0
2010,umich,0,0,0,0,1,Race and/or ethnicity unknown,55,925,940,IPEDS_EF2010A,0
2010,umich,0,0,0,0,1,Total,6496,26845,27027,IPEDS_EF2010A,0
2010,umich,0,0,0,0,1,"Two or more races, non-Hispanic",211,907,912,IPEDS_EF2010A,0
2010,umich,0,0,0,0,1,"White, non-Hispanic",4511,17891,17970,IPEDS_EF2010A,0
2010,union,0,0,0,1,0,"American Indian or Alaska Native, non-Hispanic",1,7,7,IPEDS_EF2010A,0
2010,union,0,0,0,1,0,"Asian, non-Hispanic",27,134,135,IPEDS_EF2010A,0
2010,union,0,0,0,1,0,"Black or African American, non-Hispanic",24,111,111,IPEDS_EF2010A,0
2010,union,0,0,0,1,0,Hispanic/Latino,35,113,115,IPEDS_EF2010A,0
2010,union,0,0,0,1,0,"Native Hawaiian or other Pacific Islander, non-Hispanic",0,0,0,IPEDS_EF2010A,0
2010,union,0,0,0,1,0,Nonresident,24,85,107,IPEDS_EF2010A,0
2010,union,0,0,0,1,0,Race and/or ethnicity unknown,2,18,23,IPEDS_EF2010A,0
2010,union,0,0,0,1,0,Total,554,2159,2197,IPEDS_EF2010A,0
2010,union,0,0,0,1,0,"Two or more races, non-Hispanic",9,14,15,IPEDS_EF2010A,0
2010,union,0,0,0,1,0,"White, non-Hispanic",432,1677,1684,IPEDS_EF2010A,0
2010,vanderbilt,0,0,0,0,1,"American Indian or Alaska Native, non-Hispanic",9,24,24,IPEDS_EF2010A,0
2010,vanderbilt,0,0,0,0,1,"Asian, non-Hispanic",99,474,476,IPEDS_EF2010A,0
2010,vanderbilt,0,0,0,0,1,"Black or African American, non-Hispanic",143,548,548,IPEDS_EF2010A,0
2010,vanderbilt,0,0,0,0,1,Hispanic/Latino,144,506,506,IPEDS_EF2010A,0
2010,vanderbilt,0,0,0,0,1,"Native Hawaiian or other Pacific Islander, non-Hispanic",1,6,6,IPEDS_EF2010A,0
2010,vanderbilt,0,0,0,0,1,Nonresident,90,322,334,IPEDS_EF2010A,0
2010,vanderbilt,0,0,0,0,1,Race and/or ethnicity unknown,24,357,374,IPEDS_EF2010A,0
2010,vanderbilt,0,0,0,0,1,Total,1600,6836,6879,IPEDS_EF2010A,0
2010,vanderbilt,0,0,0,0,1,"Two or more races, non-Hispanic",84,230,230,IPEDS_EF2010A,0
2010,vanderbilt,0,0,0,0,1,"White, non-Hispanic",1006,4369,4381,IPEDS_EF2010A,0
2010,vassar,0,0,0,1,1,"American Indian or Alaska Native, non-Hispanic",1,4,5,IPEDS_EF2010A,0
2010,vassar,0,0,0,1,1,"Asian, non-Hispanic",62,222,225,IPEDS_EF2010A,0
2010,vassar,0,0,0,1,1,"Black or African American, non-Hispanic",43,122,126,IPEDS_EF2010A,0
2010,vassar,0,0,0,1,1,Hispanic/Latino,74,221,221,IPEDS_EF2010A,0
2010,vassar,0,0,0,1,1,"Native Hawaiian or other Pacific Islander, non-Hispanic",0,0,0,IPEDS_EF2010A,0
2010,vassar,0,0,0,1,1,Nonresident,32,143,156,IPEDS_EF2010A,0
2010,vassar,0,0,0,1,1,Race and/or ethnicity unknown,1,4,5,IPEDS_EF2010A,0
2010,vassar,0,0,0,1,1,Total,666,2408,2446,IPEDS_EF2010A,0
2010,vassar,0,0,0,1,1,"Two or more races, non-Hispanic",33,90,90,IPEDS_EF2010A,0
2010,vassar,0,0,0,1,1,"White, non-Hispanic",420,1602,1618,IPEDS_EF2010A,0
2010,washandlee,0,0,0,1,1,"American Indian or Alaska Native, non-Hispanic",0,2,2,IPEDS_EF2010A,0
2010,washandlee,0,0,0,1,1,"Asian, non-Hispanic",10,49,50,IPEDS_EF2010A,0
2010,washandlee,0,0,0,1,1,"Black or African American, non-Hispanic",13,44,44,IPEDS_EF2010A,0
2010,washandlee,0,0,0,1,1,Hispanic/Latino,9,36,36,IPEDS_EF2010A,0
2010,washandlee,0,0,0,1,1,"Native Hawaiian or other Pacific Islander, non-Hispanic",0,1,1,IPEDS_EF2010A,0
2010,washandlee,0,0,0,1,1,Nonresident,19,75,75,IPEDS_EF2010A,0
2010,washandlee,0,0,0,1,1,Race and/or ethnicity unknown,10,29,29,IPEDS_EF2010A,0
2010,washandlee,0,0,0,1,1,Total,471,1757,1759,IPEDS_EF2010A,0
2010,washandlee,0,0,0,1,1,"Two or more races, non-Hispanic",12,36,36,IPEDS_EF2010A,0
2010,washandlee,0,0,0,1,1,"White, non-Hispanic",398,1485,1486,IPEDS_EF2010A,0
2010,wellesley,0,0,0,1,1,"American Indian or Alaska Native, non-Hispanic",0,6,6,IPEDS_EF2010A,0
2010,wellesley,0,0,0,1,1,"Asian, non-Hispanic",138,540,547,IPEDS_EF2010A,0
2010,wellesley,0,0,0,1,1,"Black or African American, non-Hispanic",48,153,153,IPEDS_EF2010A,0
2010,wellesley,0,0,0,1,1,Hispanic/Latino,58,219,221,IPEDS_EF2010A,0
2010,wellesley,0,0,0,1,1,"Native Hawaiian or other Pacific Islander, non-Hispanic",0,1,1,IPEDS_EF2010A,0
2010,wellesley,0,0,0,1,1,Nonresident,69,246,269,IPEDS_EF2010A,0
2010,wellesley,0,0,0,1,1,Race and/or ethnicity unknown,8,39,90,IPEDS_EF2010A,0
2010,wellesley,0,0,0,1,1,Total,633,2426,2546,IPEDS_EF2010A,0
2010,wellesley,0,0,0,1,1,"Two or more races, non-Hispanic",34,106,106,IPEDS_EF2010A,0
2010,wellesley,0,0,0,1,1,"White, non-Hispanic",278,1116,1153,IPEDS_EF2010A,0
2010,wesleyan,0,0,1,1,1,"American Indian or Alaska Native, non-Hispanic",0,1,1,IPEDS_EF2010A,0
2010,wesleyan,0,0,1,1,1,"Asian, non-Hispanic",48,206,207,IPEDS_EF2010A,0
2010,wesleyan,0,0,1,1,1,"Black or African American, non-Hispanic",51,176,176,IPEDS_EF2010A,0
2010,wesleyan,0,0,1,1,1,Hispanic/Latino,70,252,252,IPEDS_EF2010A,0
2010,wesleyan,0,0,1,1,1,"Native Hawaiian or other Pacific Islander, non-Hispanic",0,1,1,IPEDS_EF2010A,0
2010,wesleyan,0,0,1,1,1,Nonresident,53,193,194,IPEDS_EF2010A,0
2010,wesleyan,0,0,1,1,1,Race and/or ethnicity unknown,44,249,260,IPEDS_EF2010A,0
2010,wesleyan,0,0,1,1,1,Total,748,2837,2854,IPEDS_EF2010A,0
2010,wesleyan,0,0,1,1,1,"Two or more races, non-Hispanic",36,168,168,IPEDS_EF2010A,0
2010,wesleyan,0,0,1,1,1,"White, non-Hispanic",446,1591,1595,IPEDS_EF2010A,0
2010,williams,0,0,1,1,1,"American Indian or Alaska Native, non-Hispanic",2,6,6,IPEDS_EF2010A,0
2010,williams,0,0,1,1,1,"Asian, non-Hispanic",60,212,215,IPEDS_EF2010A,0
2010,williams,0,0,1,1,1,"Black or African American, non-Hispanic",44,151,151,IPEDS_EF2010A,0
2010,williams,0,0,1,1,1,Hispanic/Latino,54,205,207,IPEDS_EF2010A,0
2010,williams,0,0,1,1,1,"Native Hawaiian or other Pacific Islander, non-Hispanic",0,0,0,IPEDS_EF2010A,0
2010,williams,0,0,1,1,1,Nonresident,37,143,154,IPEDS_EF2010A,0
2010,williams,0,0,1,1,1,Race and/or ethnicity unknown,0,0,0,IPEDS_EF2010A,0
2010,williams,0,0,1,1,1,Total,548,1998,2048,IPEDS_EF2010A,0
2010,williams,0,0,1,1,1,"Two or more races, non-Hispanic",27,79,79,IPEDS_EF2010A,0
2010,williams,0,0,1,1,1,"White, non-Hispanic",324,1202,1236,IPEDS_EF2010A,0
2010,wustl,0,0,0,0,1,"American Indian or Alaska Native, non-Hispanic",1,3,4,IPEDS_EF2010A,0
2010,wustl,0,0,0,0,1,"Asian, non-Hispanic",290,963,1004,IPEDS_EF2010A,0
2010,wustl,0,0,0,0,1,"Black or African American, non-Hispanic",91,407,473,IPEDS_EF2010A,0
2010,wustl,0,0,0,0,1,Hispanic/Latino,84,306,323,IPEDS_EF2010A,0
2010,wustl,0,0,0,0,1,"Native Hawaiian or other Pacific Islander, non-Hispanic",0,0,1,IPEDS_EF2010A,0
2010,wustl,0,0,0,0,1,Nonresident,108,421,481,IPEDS_EF2010A,0
2010,wustl,0,0,0,0,1,Race and/or ethnicity unknown,68,488,523,IPEDS_EF2010A,0
2010,wustl,0,0,0,0,1,Total,1632,6542,7138,IPEDS_EF2010A,0
2010,wustl,0,0,0,0,1,"Two or more races, non-Hispanic",54,207,213,IPEDS_EF2010A,0
2010,wustl,0,0,0,0,1,"White, non-Hispanic",936,3747,4116,IPEDS_EF2010A,0
2010,yale,1,1,0,0,1,"American Indian or Alaska Native, non-Hispanic",3,23,23,IPEDS_EF2010A,0
2010,yale,1,1,0,0,1,"Asian, non-Hispanic",212,749,751,IPEDS_EF2010A,0
2010,yale,1,1,0,0,1,"Black or African American, non-Hispanic",90,316,316,IPEDS_EF2010A,0
2010,yale,1,1,0,0,1,Hispanic/Latino,124,483,484,IPEDS_EF2010A,0
2010,yale,1,1,0,0,1,"Native Hawaiian or other Pacific Islander, non-Hispanic",1,3,3,IPEDS_EF2010A,0
2010,yale,1,1,0,0,1,Nonresident,150,520,520,IPEDS_EF2010A,0
2010,yale,1,1,0,0,1,Race and/or ethnicity unknown,22,456,458,IPEDS_EF2010A,0
2010,yale,1,1,0,0,1,Total,1343,5296,5310,IPEDS_EF2010A,0
2010,yale,1,1,0,0,1,"Two or more races, non-Hispanic",84,275,275,IPEDS_EF2010A,0
2010,yale,1,1,0,0,1,"White, non-Hispanic",657,2471,2480,IPEDS_EF2010A,0
2011,airforce,0,0,0,0,1,"American Indian or Alaska Native, non-Hispanic",15,37,37,IPEDS_EF2011A,0
2011,airforce,0,0,0,0,1,"Asian, non-Hispanic",78,330,330,IPEDS_EF2011A,0
2011,airforce,0,0,0,0,1,"Black or African American, non-Hispanic",99,304,304,IPEDS_EF2011A,0
2011,airforce,0,0,0,0,1,Hispanic/Latino,106,399,399,IPEDS_EF2011A,0
2011,airforce,0,0,0,0,1,"Native Hawaiian or other Pacific Islander, non-Hispanic",20,41,41,IPEDS_EF2011A,0
2011,airforce,0,0,0,0,1,Nonresident,9,51,51,IPEDS_EF2011A,0
2011,airforce,0,0,0,0,1,Race and/or ethnicity unknown,27,99,99,IPEDS_EF2011A,0
2011,airforce,0,0,0,0,1,Total,1071,4413,4413,IPEDS_EF2011A,0
2011,airforce,0,0,0,0,1,"Two or more races, non-Hispanic",0,0,0,IPEDS_EF2011A,0
2011,airforce,0,0,0,0,1,"White, non-Hispanic",717,3152,3152,IPEDS_EF2011A,0
2011,amherst,0,0,1,1,1,"American Indian or Alaska Native, non-Hispanic",0,0,0,IPEDS_EF2011A,0
2011,amherst,0,0,1,1,1,"Asian, non-Hispanic",50,196,196,IPEDS_EF2011A,0
2011,amherst,0,0,1,1,1,"Black or African American, non-Hispanic",57,208,208,IPEDS_EF2011A,0
2011,amherst,0,0,1,1,1,Hispanic/Latino,63,204,204,IPEDS_EF2011A,0
2011,amherst,0,0,1,1,1,"Native Hawaiian or other Pacific Islander, non-Hispanic",0,0,0,IPEDS_EF2011A,0
2011,amherst,0,0,1,1,1,Nonresident,36,174,174,IPEDS_EF2011A,0
2011,amherst,0,0,1,1,1,Race and/or ethnicity unknown,28,193,193,IPEDS_EF2011A,0
2011,amherst,0,0,1,1,1,Total,461,1791,1791,IPEDS_EF2011A,0
2011,amherst,0,0,1,1,1,"Two or more races, non-Hispanic",26,107,107,IPEDS_EF2011A,0
2011,amherst,0,0,1,1,1,"White, non-Hispanic",201,709,709,IPEDS_EF2011A,0
2011,army,0,0,0,0,1,"American Indian or Alaska Native, non-Hispanic",11,31,31,IPEDS_EF2011A,0
2011,army,0,0,0,0,1,"Asian, non-Hispanic",64,244,244,IPEDS_EF2011A,0
2011,army,0,0,0,0,1,"Black or African American, non-Hispanic",109,318,318,IPEDS_EF2011A,0
2011,army,0,0,0,0,1,Hispanic/Latino,120,419,419,IPEDS_EF2011A,0
2011,army,0,0,0,0,1,"Native Hawaiian or other Pacific Islander, non-Hispanic",8,17,17,IPEDS_EF2011A,0
2011,army,0,0,0,0,1,Nonresident,14,53,53,IPEDS_EF2011A,0
2011,army,0,0,0,0,1,Race and/or ethnicity unknown,8,40,40,IPEDS_EF2011A,0
2011,army,0,0,0,0,1,Total,1231,4624,4624,IPEDS_EF2011A,0
2011,army,0,0,0,0,1,"Two or more races, non-Hispanic",54,178,178,IPEDS_EF2011A,0
2011,army,0,0,0,0,1,"White, non-Hispanic",843,3324,3324,IPEDS_EF2011A,0
2011,barnard,0,0,0,1,1,"American Indian or Alaska Native, non-Hispanic",0,3,3,IPEDS_EF2011A,0
2011,barnard,0,0,0,1,1,"Asian, non-Hispanic",106,408,408,IPEDS_EF2011A,0
2011,barnard,0,0,0,1,1,"Black or African American, non-Hispanic",42,125,125,IPEDS_EF2011A,0
2011,barnard,0,0,0,1,1,Hispanic/Latino,68,225,225,IPEDS_EF2011A,0
2011,barnard,0,0,0,1,1,"Native Hawaiian or other Pacific Islander, non-Hispanic",1,4,4,IPEDS_EF2011A,0
2011,barnard,0,0,0,1,1,Nonresident,44,138,138,IPEDS_EF2011A,0
2011,barnard,0,0,0,1,1,Race and/or ethnicity unknown,0,0,0,IPEDS_EF2011A,0
2011,barnard,0,0,0,1,1,Total,612,2438,2438,IPEDS_EF2011A,0
2011,barnard,0,0,0,1,1,"Two or more races, non-Hispanic",0,0,0,IPEDS_EF2011A,0
2011,barnard,0,0,0,1,1,"White, non-Hispanic",351,1535,1535,IPEDS_EF2011A,0
2011,bates,0,0,1,1,1,"American Indian or Alaska Native, non-Hispanic",2,8,8,IPEDS_EF2011A,0
2011,bates,0,0,1,1,1,"Asian, non-Hispanic",22,82,82,IPEDS_EF2011A,0
2011,bates,0,0,1,1,1,"Black or African American, non-Hispanic",19,85,85,IPEDS_EF2011A,0
2011,bates,0,0,1,1,1,Hispanic/Latino,32,96,96,IPEDS_EF2011A,0
2011,bates,0,0,1,1,1,"Native Hawaiian or other Pacific Islander, non-Hispanic",0,2,2,IPEDS_EF2011A,0
2011,bates,0,0,1,1,1,Nonresident,28,105,105,IPEDS_EF2011A,0
2011,bates,0,0,1,1,1,Race and/or ethnicity unknown,11,31,31,IPEDS_EF2011A,0
2011,bates,0,0,1,1,1,Total,502,1769,1769,IPEDS_EF2011A,0
2011,bates,0,0,1,1,1,"Two or more races, non-Hispanic",22,60,60,IPEDS_EF2011A,0
2011,bates,0,0,1,1,1,"White, non-Hispanic",366,1300,1300,IPEDS_EF2011A,0
2011,berkeley,0,0,0,0,1,"American Indian or Alaska Native, non-Hispanic",7,76,76,IPEDS_EF2011A,0
2011,berkeley,0,0,0,0,1,"Asian, non-Hispanic",1706,9512,9512,IPEDS_EF2011A,0
2011,berkeley,0,0,0,0,1,"Black or African American, non-Hispanic",82,709,709,IPEDS_EF2011A,0
2011,berkeley,0,0,0,0,1,Hispanic/Latino,487,3183,3183,IPEDS_EF2011A,0
2011,berkeley,0,0,0,0,1,"Native Hawaiian or other Pacific Islander, non-Hispanic",12,68,68,IPEDS_EF2011A,0
2011,berkeley,0,0,0,0,1,Nonresident,610,2423,2423,IPEDS_EF2011A,0
2011,berkeley,0,0,0,0,1,Race and/or ethnicity unknown,67,1366,1366,IPEDS_EF2011A,0
2011,berkeley,0,0,0,0,1,Total,4443,25885,25885,IPEDS_EF2011A,0
2011,berkeley,0,0,0,0,1,"Two or more races, non-Hispanic",232,661,661,IPEDS_EF2011A,0
2011,berkeley,0,0,0,0,1,"White, non-Hispanic",1240,7887,7887,IPEDS_EF2011A,0
2011,bowdoin,0,0,1,1,1,"American Indian or Alaska Native, non-Hispanic",0,1,1,IPEDS_EF2011A,0
2011,bowdoin,0,0,1,1,1,"Asian, non-Hispanic",28,122,122,IPEDS_EF2011A,0
2011,bowdoin,0,0,1,1,1,"Black or African American, non-Hispanic",24,85,85,IPEDS_EF2011A,0
2011,bowdoin,0,0,1,1,1,Hispanic/Latino,57,221,221,IPEDS_EF2011A,0
2011,bowdoin,0,0,1,1,1,"Native Hawaiian or other Pacific Islander, non-Hispanic",0,1,1,IPEDS_EF2011A,0
2011,bowdoin,0,0,1,1,1,Nonresident,26,67,72,IPEDS_EF2011A,0
2011,bowdoin,0,0,1,1,1,Race and/or ethnicity unknown,4,12,12,IPEDS_EF2011A,0
2011,bowdoin,0,0,1,1,1,Total,483,1772,1778,IPEDS_EF2011A,0
2011,bowdoin,0,0,1,1,1,"Two or more races, non-Hispanic",34,109,109,IPEDS_EF2011A,0
2011,bowdoin,0,0,1,1,1,"White, non-Hispanic",310,1154,1155,IPEDS_EF2011A,0
2011,brown,1,1,0,0,1,"American Indian or Alaska Native, non-Hispanic",4,24,25,IPEDS_EF2011A,0
2011,brown,1,1,0,0,1,"Asian, non-Hispanic",171,827,875,IPEDS_EF2011A,0
2011,brown,1,1,0,0,1,"Black or African American, non-Hispanic",99,354,367,IPEDS_EF2011A,0
2011,brown,1,1,0,0,1,Hispanic/Latino,163,592,605,IPEDS_EF2011A,0
2011,brown,1,1,0,0,1,"Native Hawaiian or other Pacific Islander, non-Hispanic",1,6,7,IPEDS_EF2011A,0
2011,brown,1,1,0,0,1,Nonresident,167,660,694,IPEDS_EF2011A,0
2011,brown,1,1,0,0,1,Race and/or ethnicity unknown,171,685,711,IPEDS_EF2011A,0
2011,brown,1,1,0,0,1,Total,1507,6118,6380,IPEDS_EF2011A,0
2011,brown,1,1,0,0,1,"Two or more races, non-Hispanic",73,229,235,IPEDS_EF2011A,0
2011,brown,1,1,0,0,1,"White, non-Hispanic",658,2741,2861,IPEDS_EF2011A,0
2011,brynmawr,0,0,0,1,0,"American Indian or Alaska Native, non-Hispanic",0,0,0,IPEDS_EF2011A,0
2011,brynmawr,0,0,0,1,0,"Asian, non-Hispanic",51,171,171,IPEDS_EF2011A,0
2011,brynmawr,0,0,0,1,0,"Black or African American, non-Hispanic",16,57,57,IPEDS_EF2011A,0
2011,brynmawr,0,0,0,1,0,Hispanic/Latino,27,118,118,IPEDS_EF2011A,0
2011,brynmawr,0,0,0,1,0,"Native Hawaiian or other Pacific Islander, non-Hispanic",0,1,1,IPEDS_EF2011A,0
2011,brynmawr,0,0,0,1,0,Nonresident,75,209,209,IPEDS_EF2011A,0
2011,brynmawr,0,0,0,1,0,Race and/or ethnicity unknown,40,205,211,IPEDS_EF2011A,0
2011,brynmawr,0,0,0,1,0,Total,361,1302,1313,IPEDS_EF2011A,0
2011,brynmawr,0,0,0,1,0,"Two or more races, non-Hispanic",13,55,55,IPEDS_EF2011A,0
2011,brynmawr,0,0,0,1,0,"White, non-Hispanic",139,486,491,IPEDS_EF2011A,0
2011,bucknell,0,0,0,1,0,"American Indian or Alaska Native, non-Hispanic",0,2,2,IPEDS_EF2011A,0
2011,bucknell,0,0,0,1,0,"Asian, non-Hispanic",29,115,116,IPEDS_EF2011A,0
2011,bucknell,0,0,0,1,0,"Black or African American, non-Hispanic",25,102,102,IPEDS_EF2011A,0
2011,bucknell,0,0,0,1,0,Hispanic/Latino,53,151,152,IPEDS_EF2011A,0
2011,bucknell,0,0,0,1,0,"Native Hawaiian or other Pacific Islander, non-Hispanic",0,1,1,IPEDS_EF2011A,0
2011,bucknell,0,0,0,1,0,Nonresident,50,174,178,IPEDS_EF2011A,0
2011,bucknell,0,0,0,1,0,Race and/or ethnicity unknown,28,109,109,IPEDS_EF2011A,0
2011,bucknell,0,0,0,1,0,Total,916,3535,3554,IPEDS_EF2011A,0
2011,bucknell,0,0,0,1,0,"Two or more races, non-Hispanic",25,76,76,IPEDS_EF2011A,0
2011,bucknell,0,0,0,1,0,"White, non-Hispanic",706,2805,2818,IPEDS_EF2011A,0
2011,caltech,0,1,0,0,1,"American Indian or Alaska Native, non-Hispanic",1,3,3,IPEDS_EF2011A,0
2011,caltech,0,1,0,0,1,"Asian, non-Hispanic",90,379,379,IPEDS_EF2011A,0
2011,caltech,0,1,0,0,1,"Black or African American, non-Hispanic",3,12,12,IPEDS_EF2011A,0
2011,caltech,0,1,0,0,1,Hispanic/Latino,30,81,81,IPEDS_EF2011A,0
2011,caltech,0,1,0,0,1,"Native Hawaiian or other Pacific Islander, non-Hispanic",0,6,6,IPEDS_EF2011A,0
2011,caltech,0,1,0,0,1,Nonresident,27,118,118,IPEDS_EF2011A,0
2011,caltech,0,1,0,0,1,Race and/or ethnicity unknown,0,5,5,IPEDS_EF2011A,0
2011,caltech,0,1,0,0,1,Total,244,978,978,IPEDS_EF2011A,0
2011,caltech,0,1,0,0,1,"Two or more races, non-Hispanic",21,31,31,IPEDS_EF2011A,0
2011,caltech,0,1,0,0,1,"White, non-Hispanic",72,343,343,IPEDS_EF2011A,0
2011,carleton,0,0,0,1,1,"American Indian or Alaska Native, non-Hispanic",0,2,2,IPEDS_EF2011A,0
2011,carleton,0,0,0,1,1,"Asian, non-Hispanic",49,138,138,IPEDS_EF2011A,0
2011,carleton,0,0,0,1,1,"Black or African American, non-Hispanic",21,71,71,IPEDS_EF2011A,0
2011,carleton,0,0,0,1,1,Hispanic/Latino,23,122,122,IPEDS_EF2011A,0
2011,carleton,0,0,0,1,1,"Native Hawaiian or other Pacific Islander, non-Hispanic",0,1,1,IPEDS_EF2011A,0
2011,carleton,0,0,0,1,1,Nonresident,52,160,168,IPEDS_EF2011A,0
2011,carleton,0,0,0,1,1,Race and/or ethnicity unknown,10,44,48,IPEDS_EF2011A,0
2011,carleton,0,0,0,1,1,Total,519,2000,2018,IPEDS_EF2011A,0
2011,carleton,0,0,0,1,1,"Two or more races, non-Hispanic",26,109,110,IPEDS_EF2011A,0
2011,carleton,0,0,0,1,1,"White, non-Hispanic",338,1353,1358,IPEDS_EF2011A,0
2011,clark,0,0,0,1,0,"American Indian or Alaska Native, non-Hispanic",0,3,3,IPEDS_EF2011A,0
2011,clark,0,0,0,1,0,"Asian, non-Hispanic",32,106,115,IPEDS_EF2011A,0
2011,clark,0,0,0,1,0,"Black or African American, non-Hispanic",21,81,85,IPEDS_EF2011A,0
2011,clark,0,0,0,1,0,Hispanic/Latino,35,126,131,IPEDS_EF2011A,0
2011,clark,0,0,0,1,0,"Native Hawaiian or other Pacific Islander, non-Hispanic",0,1,1,IPEDS_EF2011A,0
2011,clark,0,0,0,1,0,Nonresident,54,189,197,IPEDS_EF2011A,0
2011,clark,0,0,0,1,0,Race and/or ethnicity unknown,16,128,143,IPEDS_EF2011A,0
2011,clark,0,0,0,1,0,Total,546,2240,2311,IPEDS_EF2011A,0
2011,clark,0,0,0,1,0,"Two or more races, non-Hispanic",19,56,56,IPEDS_EF2011A,0
2011,clark,0,0,0,1,0,"White, non-Hispanic",369,1550,1580,IPEDS_EF2011A,0
2011,cmc,0,0,0,0,1,"American Indian or Alaska Native, non-Hispanic",0,1,1,IPEDS_EF2011A,0
2011,cmc,0,0,0,0,1,"Asian, non-Hispanic",31,148,150,IPEDS_EF2011A,0
2011,cmc,0,0,0,0,1,"Black or African American, non-Hispanic",11,42,42,IPEDS_EF2011A,0
2011,cmc,0,0,0,0,1,Hispanic/Latino,34,107,107,IPEDS_EF2011A,0
2011,cmc,0,0,0,0,1,"Native Hawaiian or other Pacific Islander, non-Hispanic",0,1,1,IPEDS_EF2011A,0
2011,cmc,0,0,0,0,1,Nonresident,50,117,122,IPEDS_EF2011A,0
2011,cmc,0,0,0,0,1,Race and/or ethnicity unknown,28,232,232,IPEDS_EF2011A,0
2011,cmc,0,0,0,0,1,Total,305,1292,1301,IPEDS_EF2011A,0
2011,cmc,0,0,0,0,1,"Two or more races, non-Hispanic",28,59,61,IPEDS_EF2011A,0
2011,cmc,0,0,0,0,1,"White, non-Hispanic",123,585,585,IPEDS_EF2011A,0
2011,cmu,0,0,0,0,1,"American Indian or Alaska Native, non-Hispanic",0,9,9,IPEDS_EF2011A,0
2011,cmu,0,0,0,0,1,"Asian, non-Hispanic",342,1346,1351,IPEDS_EF2011A,0
2011,cmu,0,0,0,0,1,"Black or African American, non-Hispanic",90,321,322,IPEDS_EF2011A,0
2011,cmu,0,0,0,0,1,Hispanic/Latino,128,410,412,IPEDS_EF2011A,0
2011,cmu,0,0,0,0,1,"Native Hawaiian or other Pacific Islander, non-Hispanic",0,0,0,IPEDS_EF2011A,0
2011,cmu,0,0,0,0,1,Nonresident,128,709,746,IPEDS_EF2011A,0
2011,cmu,0,0,0,0,1,Race and/or ethnicity unknown,61,374,386,IPEDS_EF2011A,0
2011,cmu,0,0,0,0,1,Total,1436,5848,5949,IPEDS_EF2011A,0
2011,cmu,0,0,0,0,1,"Two or more races, non-Hispanic",65,192,192,IPEDS_EF2011A,0
2011,cmu,0,0,0,0,1,"White, non-Hispanic",622,2487,2531,IPEDS_EF2011A,0
2011,colby,0,0,1,1,1,"American Indian or Alaska Native, non-Hispanic",0,2,2,IPEDS_EF2011A,0
2011,colby,0,0,1,1,1,"Asian, non-Hispanic",22,93,93,IPEDS_EF2011A,0
2011,colby,0,0,1,1,1,"Black or African American, non-Hispanic",15,55,55,IPEDS_EF2011A,0
2011,colby,0,0,1,1,1,Hispanic/Latino,24,79,79,IPEDS_EF2011A,0
2011,colby,0,0,1,1,1,"Native Hawaiian or other Pacific Islander, non-Hispanic",0,1,1,IPEDS_EF2011A,0
2011,colby,0,0,1,1,1,Nonresident,44,115,115,IPEDS_EF2011A,0
2011,colby,0,0,1,1,1,Race and/or ethnicity unknown,57,321,321,IPEDS_EF2011A,0
2011,colby,0,0,1,1,1,Total,467,1815,1815,IPEDS_EF2011A,0
2011,colby,0,0,1,1,1,"Two or more races, non-Hispanic",25,55,55,IPEDS_EF2011A,0
2011,colby,0,0,1,1,1,"White, non-Hispanic",280,1094,1094,IPEDS_EF2011A,0
2011,colgate,0,0,0,0,1,"American Indian or Alaska Native, non-Hispanic",0,12,12,IPEDS_EF2011A,0
2011,colgate,0,0,0,0,1,"Asian, non-Hispanic",23,102,102,IPEDS_EF2011A,0
2011,colgate,0,0,0,0,1,"Black or African American, non-Hispanic",34,136,136,IPEDS_EF2011A,0
2011,colgate,0,0,0,0,1,Hispanic/Latino,64,223,223,IPEDS_EF2011A,0
2011,colgate,0,0,0,0,1,"Native Hawaiian or other Pacific Islander, non-Hispanic",2,5,5,IPEDS_EF2011A,0
2011,colgate,0,0,0,0,1,Nonresident,56,197,197,IPEDS_EF2011A,0
2011,colgate,0,0,0,0,1,Race and/or ethnicity unknown,42,107,121,IPEDS_EF2011A,0
2011,colgate,0,0,0,0,1,Total,764,2927,2947,IPEDS_EF2011A,0
2011,colgate,0,0,0,0,1,"Two or more races, non-Hispanic",22,87,88,IPEDS_EF2011A,0
2011,colgate,0,0,0,0,1,"White, non-Hispanic",521,2058,2063,IPEDS_EF2011A,0
2011,columbia,1,1,0,0,1,"American Indian or Alaska Native, non-Hispanic",11,50,50,IPEDS_EF2011A,0
2011,columbia,1,1,0,0,1,"Asian, non-Hispanic",281,1207,1207,IPEDS_EF2011A,0
2011,columbia,1,1,0,0,1,"Black or African American, non-Hispanic",119,631,631,IPEDS_EF2011A,0
2011,columbia,1,1,0,0,1,Hispanic/Latino,190,1085,1085,IPEDS_EF2011A,0
2011,columbia,1,1,0,0,1,"Native Hawaiian or other Pacific Islander, non-Hispanic",1,11,11,IPEDS_EF2011A,0
2011,columbia,1,1,0,0,1,Nonresident,163,903,903,IPEDS_EF2011A,0
2011,columbia,1,1,0,0,1,Race and/or ethnicity unknown,55,499,499,IPEDS_EF2011A,0
2011,columbia,1,1,0,0,1,Total,1423,8127,8127,IPEDS_EF2011A,0
2011,columbia,1,1,0,0,1,"Two or more races, non-Hispanic",76,349,349,IPEDS_EF2011A,0
2011,columbia,1,1,0,0,1,"White, non-Hispanic",527,3392,3392,IPEDS_EF2011A,0
2011,conncoll,0,0,1,1,0,"American Indian or Alaska Native, non-Hispanic",0,1,1,IPEDS_EF2011A,0
2011,conncoll,0,0,1,1,0,"Asian, non-Hispanic",13,55,57,IPEDS_EF2011A,0
2011,conncoll,0,0,1,1,0,"Black or African American, non-Hispanic",17,67,69,IPEDS_EF2011A,0
2011,conncoll,0,0,1,1,0,Hispanic/Latino,40,124,127,IPEDS_EF2011A,0
2011,conncoll,0,0,1,1,0,"Native Hawaiian or other Pacific Islander, non-Hispanic",0,1,1,IPEDS_EF2011A,0
2011,conncoll,0,0,1,1,0,Nonresident,19,77,83,IPEDS_EF2011A,0
2011,conncoll,0,0,1,1,0,Race and/or ethnicity unknown,29,80,96,IPEDS_EF2011A,0
2011,conncoll,0,0,1,1,0,Total,508,1781,1896,IPEDS_EF2011A,0
2011,conncoll,0,0,1,1,0,"Two or more races, non-Hispanic",15,55,55,IPEDS_EF2011A,0
2011,conncoll,0,0,1,1,0,"White, non-Hispanic",375,1321,1407,IPEDS_EF2011A,0
2011,cornell,1,1,0,0,1,"American Indian or Alaska Native, non-Hispanic",7,41,41,IPEDS_EF2011A,0
2011,cornell,1,1,0,0,1,"Asian, non-Hispanic",555,2323,2325,IPEDS_EF2011A,0
2011,cornell,1,1,0,0,1,"Black or African American, non-Hispanic",208,788,789,IPEDS_EF2011A,0
2011,cornell,1,1,0,0,1,Hispanic/Latino,379,1336,1337,IPEDS_EF2011A,0
2011,cornell,1,1,0,0,1,"Native Hawaiian or other Pacific Islander, non-Hispanic",2,11,11,IPEDS_EF2011A,0
2011,cornell,1,1,0,0,1,Nonresident,320,1281,1316,IPEDS_EF2011A,0
2011,cornell,1,1,0,0,1,Race and/or ethnicity unknown,319,1385,1396,IPEDS_EF2011A,0
2011,cornell,1,1,0,0,1,Total,3307,14108,14167,IPEDS_EF2011A,0
2011,cornell,1,1,0,0,1,"Two or more races, non-Hispanic",138,505,505,IPEDS_EF2011A,0
2011,cornell,1,1,0,0,1,"White, non-Hispanic",1379,6438,6447,IPEDS_EF2011A,0
2011,dartmouth,1,1,0,0,1,"American Indian or Alaska Native, non-Hispanic",21,108,109,IPEDS_EF2011A,0
2011,dartmouth,1,1,0,0,1,"Asian, non-Hispanic",146,583,590,IPEDS_EF2011A,0
2011,dartmouth,1,1,0,0,1,"Black or African American, non-Hispanic",73,312,312,IPEDS_EF2011A,0
2011,dartmouth,1,1,0,0,1,Hispanic/Latino,89,367,367,IPEDS_EF2011A,0
2011,dartmouth,1,1,0,0,1,"Native Hawaiian or other Pacific Islander, non-Hispanic",0,6,6,IPEDS_EF2011A,0
2011,dartmouth,1,1,0,0,1,Nonresident,70,277,294,IPEDS_EF2011A,0
2011,dartmouth,1,1,0,0,1,Race and/or ethnicity unknown,132,339,381,IPEDS_EF2011A,0
2011,dartmouth,1,1,0,0,1,Total,1112,4106,4194,IPEDS_EF2011A,0
2011,dartmouth,1,1,0,0,1,"Two or more races, non-Hispanic",60,132,133,IPEDS_EF2011A,0
2011,dartmouth,1,1,0,0,1,"White, non-Hispanic",521,1982,2002,IPEDS_EF2011A,0
2011,davidson,0,0,0,1,1,"American Indian or Alaska Native, non-Hispanic",1,6,6,IPEDS_EF2011A,0
2011,davidson,0,0,0,1,1,"Asian, non-Hispanic",20,72,72,IPEDS_EF2011A,0
2011,davidson,0,0,0,1,1,"Black or African American, non-Hispanic",28,122,122,IPEDS_EF2011A,0
2011,davidson,0,0,0,1,1,Hispanic/Latino,29,91,91,IPEDS_EF2011A,0
2011,davidson,0,0,0,1,1,"Native Hawaiian or other Pacific Islander, non-Hispanic",0,1,1,IPEDS_EF2011A,0
2011,davidson,0,0,0,1,1,Nonresident,24,78,81,IPEDS_EF2011A,0
2011,davidson,0,0,0,1,1,Race and/or ethnicity unknown,13,100,102,IPEDS_EF2011A,0
2011,davidson,0,0,0,1,1,Total,488,1750,1755,IPEDS_EF2011A,0
2011,davidson,0,0,0,1,1,"Two or more races, non-Hispanic",21,40,40,IPEDS_EF2011A,0
2011,davidson,0,0,0,1,1,"White, non-Hispanic",352,1240,1240,IPEDS_EF2011A,0
2011,duke,0,1,0,0,1,"American Indian or Alaska Native, non-Hispanic",6,36,36,IPEDS_EF2011A,0
2011,duke,0,1,0,0,1,"Asian, non-Hispanic",350,1368,1383,IPEDS_EF2011A,0
2011,duke,0,1,0,0,1,"Black or African American, non-Hispanic",176,637,645,IPEDS_EF2011A,0
2011,duke,0,1,0,0,1,Hispanic/Latino,103,431,441,IPEDS_EF2011A,0
2011,duke,0,1,0,0,1,"Native Hawaiian or other Pacific Islander, non-Hispanic",1,4,4,IPEDS_EF2011A,0
2011,duke,0,1,0,0,1,Nonresident,139,513,522,IPEDS_EF2011A,0
2011,duke,0,1,0,0,1,Race and/or ethnicity unknown,51,371,394,IPEDS_EF2011A,0
2011,duke,0,1,0,0,1,Total,1722,6534,6680,IPEDS_EF2011A,0
2011,duke,0,1,0,0,1,"Two or more races, non-Hispanic",36,112,115,IPEDS_EF2011A,0
2011,duke,0,1,0,0,1,"White, non-Hispanic",860,3062,3140,IPEDS_EF2011A,0
2011,emory,0,0,0,0,1,"American Indian or Alaska Native, non-Hispanic",4,20,20,IPEDS_EF2011A,0
2011,emory,0,0,0,0,1,"Asian, non-Hispanic",410,1735,1736,IPEDS_EF2011A,0
2011,emory,0,0,0,0,1,"Black or African American, non-Hispanic",169,751,759,IPEDS_EF2011A,0
2011,emory,0,0,0,0,1,Hispanic/Latino,104,357,357,IPEDS_EF2011A,0
2011,emory,0,0,0,0,1,"Native Hawaiian or other Pacific Islander, non-Hispanic",0,3,3,IPEDS_EF2011A,0
2011,emory,0,0,0,0,1,Nonresident,208,802,876,IPEDS_EF2011A,0
2011,emory,0,0,0,0,1,Race and/or ethnicity unknown,86,510,515,IPEDS_EF2011A,0
2011,emory,0,0,0,0,1,Total,1780,7337,7441,IPEDS_EF2011A,0
2011,emory,0,0,0,0,1,"Two or more races, non-Hispanic",41,105,105,IPEDS_EF2011A,0
2011,emory,0,0,0,0,1,"White, non-Hispanic",758,3054,3070,IPEDS_EF2011A,0
2011,fandm,0,0,0,1,0,"American Indian or Alaska Native, non-Hispanic",1,1,1,IPEDS_EF2011A,0
2011,fandm,0,0,0,1,0,"Asian, non-Hispanic",23,77,79,IPEDS_EF2011A,0
2011,fandm,0,0,0,1,0,"Black or African American, non-Hispanic",31,81,81,IPEDS_EF2011A,0
2011,fandm,0,0,0,1,0,Hispanic/Latino,38,139,139,IPEDS_EF2011A,0
2011,fandm,0,0,0,1,0,"Native Hawaiian or other Pacific Islander, non-Hispanic",0,0,0,IPEDS_EF2011A,0
2011,fandm,0,0,0,1,0,Nonresident,73,215,219,IPEDS_EF2011A,0
2011,fandm,0,0,0,1,0,Race and/or ethnicity unknown,40,68,75,IPEDS_EF2011A,0
2011,fandm,0,0,0,1,0,Total,597,2324,2363,IPEDS_EF2011A,0
2011,fandm,0,0,0,1,0,"Two or more races, non-Hispanic",19,55,55,IPEDS_EF2011A,0
2011,fandm,0,0,0,1,0,"White, non-Hispanic",372,1688,1714,IPEDS_EF2011A,0
2011,georgetown,0,0,0,0,1,"American Indian or Alaska Native, non-Hispanic",0,6,6,IPEDS_EF2011A,0
2011,georgetown,0,0,0,0,1,"Asian, non-Hispanic",168,670,675,IPEDS_EF2011A,0
2011,georgetown,0,0,0,0,1,"Black or African American, non-Hispanic",113,452,458,IPEDS_EF2011A,0
2011,georgetown,0,0,0,0,1,Hispanic/Latino,148,545,549,IPEDS_EF2011A,0
2011,georgetown,0,0,0,0,1,"Native Hawaiian or other Pacific Islander, non-Hispanic",0,5,5,IPEDS_EF2011A,0
2011,georgetown,0,0,0,0,1,Nonresident,121,572,765,IPEDS_EF2011A,0
2011,georgetown,0,0,0,0,1,Race and/or ethnicity unknown,37,158,252,IPEDS_EF2011A,0
2011,georgetown,0,0,0,0,1,Total,1599,7232,7590,IPEDS_EF2011A,0
2011,georgetown,0,0,0,0,1,"Two or more races, non-Hispanic",58,239,240,IPEDS_EF2011A,0
2011,georgetown,0,0,0,0,1,"White, non-Hispanic",954,4585,4640,IPEDS_EF2011A,0
2011,grinnell,0,0,0,0,1,"American Indian or Alaska Native, non-Hispanic",0,5,5,IPEDS_EF2011A,0
2011,grinnell,0,0,0,0,1,"Asian, non-Hispanic",29,97,99,IPEDS_EF2011A,0
2011,grinnell,0,0,0,0,1,"Black or African American, non-Hispanic",27,90,92,IPEDS_EF2011A,0
2011,grinnell,0,0,0,0,1,Hispanic/Latino,40,135,135,IPEDS_EF2011A,0
2011,grinnell,0,0,0,0,1,"Native Hawaiian or other Pacific Islander, non-Hispanic",0,0,0,IPEDS_EF2011A,0
2011,grinnell,0,0,0,0,1,Nonresident,46,189,191,IPEDS_EF2011A,0
2011,grinnell,0,0,0,0,1,Race and/or ethnicity unknown,15,82,106,IPEDS_EF2011A,0
2011,grinnell,0,0,0,0,1,Total,448,1639,1693,IPEDS_EF2011A,0
2011,grinnell,0,0,0,0,1,"Two or more races, non-Hispanic",18,71,71,IPEDS_EF2011A,0
2011,grinnell,0,0,0,0,1,"White, non-Hispanic",273,970,994,IPEDS_EF2011A,0
2011,hamilton,0,0,1,1,1,"American Indian or Alaska Native, non-Hispanic",0,6,7,IPEDS_EF2011A,0
2011,hamilton,0,0,1,1,1,"Asian, non-Hispanic",27,119,119,IPEDS_EF2011A,0
2011,hamilton,0,0,1,1,1,"Black or African American, non-Hispanic",15,75,75,IPEDS_EF2011A,0
2011,hamilton,0,0,1,1,1,Hispanic/Latino,46,116,116,IPEDS_EF2011A,0
2011,hamilton,0,0,1,1,1,"Native Hawaiian or other Pacific Islander, non-Hispanic",0,0,0,IPEDS_EF2011A,0
2011,hamilton,0,0,1,1,1,Nonresident,19,87,90,IPEDS_EF2011A,0
2011,hamilton,0,0,1,1,1,Race and/or ethnicity unknown,52,212,218,IPEDS_EF2011A,0
2011,hamilton,0,0,1,1,1,Total,481,1843,1864,IPEDS_EF2011A,0
2011,hamilton,0,0,1,1,1,"Two or more races, non-Hispanic",11,35,35,IPEDS_EF2011A,0
2011,hamilton,0,0,1,1,1,"White, non-Hispanic",311,1193,1204,IPEDS_EF2011A,0
2011,hampshire,0,0,0,1,0,"American Indian or Alaska Native, non-Hispanic",1,5,5,IPEDS_EF2011A,0
2011,hampshire,0,0,0,1,0,"Asian, non-Hispanic",5,31,31,IPEDS_EF2011A,0
2011,hampshire,0,0,0,1,0,"Black or African American, non-Hispanic",7,40,42,IPEDS_EF2011A,0
2011,hampshire,0,0,0,1,0,Hispanic/Latino,26,132,137,IPEDS_EF2011A,0
2011,hampshire,0,0,0,1,0,"Native Hawaiian or other Pacific Islander, non-Hispanic",0,1,1,IPEDS_EF2011A,0
2011,hampshire,0,0,0,1,0,Nonresident,31,80,94,IPEDS_EF2011A,0
2011,hampshire,0,0,0,1,0,Race and/or ethnicity unknown,37,154,157,IPEDS_EF2011A,0
2011,hampshire,0,0,0,1,0,Total,356,1475,1500,IPEDS_EF2011A,0
2011,hampshire,0,0,0,1,0,"Two or more races, non-Hispanic",22,64,64,IPEDS_EF2011A,0
2011,hampshire,0,0,0,1,0,"White, non-Hispanic",227,968,969,IPEDS_EF2011A,0
2011,harvard,1,1,0,0,1,"American Indian or Alaska Native, non-Hispanic",3,22,30,IPEDS_EF2011A,0
2011,harvard,1,1,0,0,1,"Asian, non-Hispanic",286,1217,1562,IPEDS_EF2011A,0
2011,harvard,1,1,0,0,1,"Black or African American, non-Hispanic",116,474,632,IPEDS_EF2011A,0
2011,harvard,1,1,0,0,1,Hispanic/Latino,169,647,851,IPEDS_EF2011A,0
2011,harvard,1,1,0,0,1,"Native Hawaiian or other Pacific Islander, non-Hispanic",1,3,8,IPEDS_EF2011A,0
2011,harvard,1,1,0,0,1,Nonresident,193,765,1070,IPEDS_EF2011A,0
2011,harvard,1,1,0,0,1,Race and/or ethnicity unknown,51,438,703,IPEDS_EF2011A,0
2011,harvard,1,1,0,0,1,Total,1657,7245,10305,IPEDS_EF2011A,0
2011,harvard,1,1,0,0,1,"Two or more races, non-Hispanic",98,341,443,IPEDS_EF2011A,0
2011,harvard,1,1,0,0,1,"White, non-Hispanic",740,3338,5006,IPEDS_EF2011A,0
2011,haverford,0,0,0,1,0,"American Indian or Alaska Native, non-Hispanic",2,2,2,IPEDS_EF2011A,0
2011,haverford,0,0,0,1,0,"Asian, non-Hispanic",41,116,116,IPEDS_EF2011A,0
2011,haverford,0,0,0,1,0,"Black or African American, non-Hispanic",19,78,78,IPEDS_EF2011A,0
2011,haverford,0,0,0,1,0,Hispanic/Latino,29,100,100,IPEDS_EF2011A,0
2011,haverford,0,0,0,1,0,"Native Hawaiian or other Pacific Islander, non-Hispanic",0,0,0,IPEDS_EF2011A,0
2011,haverford,0,0,0,1,0,Nonresident,25,52,57,IPEDS_EF2011A,0
2011,haverford,0,0,0,1,0,Race and/or ethnicity unknown,0,0,0,IPEDS_EF2011A,0
2011,haverford,0,0,0,1,0,Total,334,1193,1198,IPEDS_EF2011A,0
2011,haverford,0,0,0,1,0,"Two or more races, non-Hispanic",28,85,85,IPEDS_EF2011A,0
2011,haverford,0,0,0,1,0,"White, non-Hispanic",190,760,760,IPEDS_EF2011A,0
2011,hmc,0,0,0,0,1,"American Indian or Alaska Native, non-Hispanic",0,5,5,IPEDS_EF2011A,0
2011,hmc,0,0,0,0,1,"Asian, non-Hispanic",36,162,162,IPEDS_EF2011A,0
2011,hmc,0,0,0,0,1,"Black or African American, non-Hispanic",2,10,10,IPEDS_EF2011A,0
2011,hmc,0,0,0,0,1,Hispanic/Latino,14,50,50,IPEDS_EF2011A,0
2011,hmc,0,0,0,0,1,"Native Hawaiian or other Pacific Islander, non-Hispanic",0,0,0,IPEDS_EF2011A,0
2011,hmc,0,0,0,0,1,Nonresident,21,53,56,IPEDS_EF2011A,0
2011,hmc,0,0,0,0,1,Race and/or ethnicity unknown,11,30,32,IPEDS_EF2011A,0
2011,hmc,0,0,0,0,1,Total,195,778,784,IPEDS_EF2011A,0
2011,hmc,0,0,0,0,1,"Two or more races, non-Hispanic",3,11,11,IPEDS_EF2011A,0
2011,hmc,0,0,0,0,1,"White, non-Hispanic",108,457,458,IPEDS_EF2011A,0
2011,jhu,0,1,0,0,1,"American Indian or Alaska Native, non-Hispanic",1,5,5,IPEDS_EF2011A,0
2011,jhu,0,1,0,0,1,"Asian, non-Hispanic",253,1086,1087,IPEDS_EF2011A,0
2011,jhu,0,1,0,0,1,"Black or African American, non-Hispanic",66,317,318,IPEDS_EF2011A,0
2011,jhu,0,1,0,0,1,Hispanic/Latino,135,478,479,IPEDS_EF2011A,0
2011,jhu,0,1,0,0,1,"Native Hawaiian or other Pacific Islander, non-Hispanic",0,9,9,IPEDS_EF2011A,0
2011,jhu,0,1,0,0,1,Nonresident,144,536,548,IPEDS_EF2011A,0
2011,jhu,0,1,0,0,1,Race and/or ethnicity unknown,44,123,124,IPEDS_EF2011A,0
2011,jhu,0,1,0,0,1,Total,1357,5817,5837,IPEDS_EF2011A,0
2011,jhu,0,1,0,0,1,"Two or more races, non-Hispanic",57,212,213,IPEDS_EF2011A,0
2011,jhu,0,1,0,0,1,"White, non-Hispanic",657,3051,3054,IPEDS_EF2011A,0
2011,macalester,0,0,0,1,0,"American Indian or Alaska Native, non-Hispanic",1,10,10,IPEDS_EF2011A,0
2011,macalester,0,0,0,1,0,"Asian, non-Hispanic",31,123,125,IPEDS_EF2011A,0
2011,macalester,0,0,0,1,0,"Black or African American, non-Hispanic",12,59,59,IPEDS_EF2011A,0
2011,macalester,0,0,0,1,0,Hispanic/Latino,32,127,129,IPEDS_EF2011A,0
2011,macalester,0,0,0,1,0,"Native Hawaiian or other Pacific Islander, non-Hispanic",0,0,0,IPEDS_EF2011A,0
2011,macalester,0,0,0,1,0,Nonresident,65,239,242,IPEDS_EF2011A,0
2011,macalester,0,0,0,1,0,Race and/or ethnicity unknown,0,0,0,IPEDS_EF2011A,0
2011,macalester,0,0,0,1,0,Total,478,1988,2005,IPEDS_EF2011A,0
2011,macalester,0,0,0,1,0,"Two or more races, non-Hispanic",27,85,85,IPEDS_EF2011A,0
2011,macalester,0,0,0,1,0,"White, non-Hispanic",310,1345,1355,IPEDS_EF2011A,0
2011,middlebury,0,0,1,1,1,"American Indian or Alaska Native, non-Hispanic",2,6,6,IPEDS_EF2011A,0
2011,middlebury,0,0,1,1,1,"Asian, non-Hispanic",42,152,153,IPEDS_EF2011A,0
2011,middlebury,0,0,1,1,1,"Black or African American, non-Hispanic",15,60,60,IPEDS_EF2011A,0
2011,middlebury,0,0,1,1,1,Hispanic/Latino,48,158,159,IPEDS_EF2011A,0
2011,middlebury,0,0,1,1,1,"Native Hawaiian or other Pacific Islander, non-Hispanic",0,1,1,IPEDS_EF2011A,0
2011,middlebury,0,0,1,1,1,Nonresident,56,245,267,IPEDS_EF2011A,0
2011,middlebury,0,0,1,1,1,Race and/or ethnicity unknown,14,99,100,IPEDS_EF2011A,0
2011,middlebury,0,0,1,1,1,Total,602,2474,2507,IPEDS_EF2011A,0
2011,middlebury,0,0,1,1,1,"Two or more races, non-Hispanic",32,101,101,IPEDS_EF2011A,0
2011,middlebury,0,0,1,1,1,"White, non-Hispanic",393,1652,1660,IPEDS_EF2011A,0
2011,mit,0,1,0,0,1,"American Indian or Alaska Native, non-Hispanic",2,25,25,IPEDS_EF2011A,0
2011,mit,0,1,0,0,1,"Asian, non-Hispanic",279,1055,1055,IPEDS_EF2011A,0
2011,mit,0,1,0,0,1,"Black or African American, non-Hispanic",60,302,302,IPEDS_EF2011A,0
2011,mit,0,1,0,0,1,Hispanic/Latino,187,649,649,IPEDS_EF2011A,0
2011,mit,0,1,0,0,1,"Native Hawaiian or other Pacific Islander, non-Hispanic",0,1,1,IPEDS_EF2011A,0
2011,mit,0,1,0,0,1,Nonresident,109,433,452,IPEDS_EF2011A,0
2011,mit,0,1,0,0,1,Race and/or ethnicity unknown,15,176,177,IPEDS_EF2011A,0
2011,mit,0,1,0,0,1,Total,1126,4363,4384,IPEDS_EF2011A,0
2011,mit,0,1,0,0,1,"Two or more races, non-Hispanic",58,146,146,IPEDS_EF2011A,0
2011,mit,0,1,0,0,1,"White, non-Hispanic",416,1576,1577,IPEDS_EF2011A,0
2011,mtholyoke,0,0,0,1,0,"American Indian or Alaska Native, non-Hispanic",0,1,1,IPEDS_EF2011A,0
2011,mtholyoke,0,0,0,1,0,"Asian, non-Hispanic",45,152,152,IPEDS_EF2011A,0
2011,mtholyoke,0,0,0,1,0,"Black or African American, non-Hispanic",41,129,129,IPEDS_EF2011A,0
2011,mtholyoke,0,0,0,1,0,Hispanic/Latino,55,200,202,IPEDS_EF2011A,0
2011,mtholyoke,0,0,0,1,0,"Native Hawaiian or other Pacific Islander, non-Hispanic",0,2,2,IPEDS_EF2011A,0
2011,mtholyoke,0,0,0,1,0,Nonresident,127,530,554,IPEDS_EF2011A,0
2011,mtholyoke,0,0,0,1,0,Race and/or ethnicity unknown,8,111,113,IPEDS_EF2011A,0
2011,mtholyoke,0,0,0,1,0,Total,592,2317,2350,IPEDS_EF2011A,0
2011,mtholyoke,0,0,0,1,0,"Two or more races, non-Hispanic",17,97,97,IPEDS_EF2011A,0
2011,mtholyoke,0,0,0,1,0,"White, non-Hispanic",299,1095,1100,IPEDS_EF2011A,0
2011,navy,0,0,0,0,1,"American Indian or Alaska Native, non-Hispanic",6,15,15,IPEDS_EF2011A,0
2011,navy,0,0,0,0,1,"Asian, non-Hispanic",67,208,208,IPEDS_EF2011A,0
2011,navy,0,0,0,0,1,"Black or African American, non-Hispanic",92,292,292,IPEDS_EF2011A,0
2011,navy,0,0,0,0,1,Hispanic/Latino,135,564,564,IPEDS_EF2011A,0
2011,navy,0,0,0,0,1,"Native Hawaiian or other Pacific Islander, non-Hispanic",6,33,33,IPEDS_EF2011A,0
2011,navy,0,0,0,0,1,Nonresident,12,55,55,IPEDS_EF2011A,0
2011,navy,0,0,0,0,1,Race and/or ethnicity unknown,9,42,42,IPEDS_EF2011A,0
2011,navy,0,0,0,0,1,Total,1194,4576,4576,IPEDS_EF2011A,0
2011,navy,0,0,0,0,1,"Two or more races, non-Hispanic",89,328,328,IPEDS_EF2011A,0
2011,navy,0,0,0,0,1,"White, non-Hispanic",778,3039,3039,IPEDS_EF2011A,0
2011,northwestern,0,0,0,0,1,"American Indian or Alaska Native, non-Hispanic",1,9,10,IPEDS_EF2011A,0
2011,northwestern,0,0,0,0,1,"Asian, non-Hispanic",327,1672,1700,IPEDS_EF2011A,0
2011,northwestern,0,0,0,0,1,"Black or African American, non-Hispanic",109,476,492,IPEDS_EF2011A,0
2011,northwestern,0,0,0,0,1,Hispanic/Latino,191,686,712,IPEDS_EF2011A,0
2011,northwestern,0,0,0,0,1,"Native Hawaiian or other Pacific Islander, non-Hispanic",0,4,4,IPEDS_EF2011A,0
2011,northwestern,0,0,0,0,1,Nonresident,141,516,533,IPEDS_EF2011A,0
2011,northwestern,0,0,0,0,1,Race and/or ethnicity unknown,19,302,508,IPEDS_EF2011A,0
2011,northwestern,0,0,0,0,1,Total,2107,8991,9466,IPEDS_EF2011A,0
2011,northwestern,0,0,0,0,1,"Two or more races, non-Hispanic",141,291,294,IPEDS_EF2011A,0
2011,northwestern,0,0,0,0,1,"White, non-Hispanic",1178,5035,5213,IPEDS_EF2011A,0
2011,notredame,0,0,0,0,1,"American Indian or Alaska Native, non-Hispanic",6,37,37,IPEDS_EF2011A,0
2011,notredame,0,0,0,0,1,"Asian, non-Hispanic",129,534,534,IPEDS_EF2011A,0
2011,notredame,0,0,0,0,1,"Black or African American, non-Hispanic",68,256,256,IPEDS_EF2011A,0
2011,notredame,0,0,0,0,1,Hispanic/Latino,171,791,792,IPEDS_EF2011A,0
2011,notredame,0,0,0,0,1,"Native Hawaiian or other Pacific Islander, non-Hispanic",1,1,1,IPEDS_EF2011A,0
2011,notredame,0,0,0,0,1,Nonresident,70,259,265,IPEDS_EF2011A,0
2011,notredame,0,0,0,0,1,Race and/or ethnicity unknown,7,60,60,IPEDS_EF2011A,0
2011,notredame,0,0,0,0,1,Total,2020,8444,8452,IPEDS_EF2011A,0
2011,notredame,0,0,0,0,1,"Two or more races, non-Hispanic",79,240,240,IPEDS_EF2011A,0
2011,notredame,0,0,0,0,1,"White, non-Hispanic",1489,6266,6267,IPEDS_EF2011A,0
2011,oberlin,0,0,0,1,0,"American Indian or Alaska Native, non-Hispanic",1,6,6,IPEDS_EF2011A,0
2011,oberlin,0,0,0,1,0,"Asian, non-Hispanic",23,118,118,IPEDS_EF2011A,0
2011,oberlin,0,0,0,1,0,"Black or African American, non-Hispanic",38,164,164,IPEDS_EF2011A,0
2011,oberlin,0,0,0,1,0,Hispanic/Latino,46,188,188,IPEDS_EF2011A,0
2011,oberlin,0,0,0,1,0,"Native Hawaiian or other Pacific Islander, non-Hispanic",0,0,0,IPEDS_EF2011A,0
2011,oberlin,0,0,0,1,0,Nonresident,52,178,178,IPEDS_EF2011A,0
2011,oberlin,0,0,0,1,0,Race and/or ethnicity unknown,11,24,24,IPEDS_EF2011A,0
2011,oberlin,0,0,0,1,0,Total,751,2959,2959,IPEDS_EF2011A,0
2011,oberlin,0,0,0,1,0,"Two or more races, non-Hispanic",48,156,156,IPEDS_EF2011A,0
2011,oberlin,0,0,0,1,0,"White, non-Hispanic",532,2125,2125,IPEDS_EF2011A,0
2011,penn,1,1,0,0,1,"American Indian or Alaska Native, non-Hispanic",2,35,37,IPEDS_EF2011A,0
2011,penn,1,1,0,0,1,"Asian, non-Hispanic",429,1919,2028,IPEDS_EF2011A,0
2011,penn,1,1,0,0,1,"Black or African American, non-Hispanic",184,788,838,IPEDS_EF2011A,0
2011,penn,1,1,0,0,1,Hispanic/Latino,279,850,881,IPEDS_EF2011A,0
2011,penn,1,1,0,0,1,"Native Hawaiian or other Pacific Islander, non-Hispanic",1,7,8,IPEDS_EF2011A,0
2011,penn,1,1,0,0,1,Nonresident,284,1119,1266,IPEDS_EF2011A,0
2011,penn,1,1,0,0,1,Race and/or ethnicity unknown,128,838,1084,IPEDS_EF2011A,0
2011,penn,1,1,0,0,1,Total,2459,10720,11765,IPEDS_EF2011A,0
2011,penn,1,1,0,0,1,"Two or more races, non-Hispanic",80,213,228,IPEDS_EF2011A,0
2011,penn,1,1,0,0,1,"White, non-Hispanic",1072,4951,5395,IPEDS_EF2011A,0
2011,pomona,0,0,0,1,1,"American Indian or Alaska Native, non-Hispanic",0,1,1,IPEDS_EF2011A,0
2011,pomona,0,0,0,1,1,"Asian, non-Hispanic",38,160,163,IPEDS_EF2011A,0
2011,pomona,0,0,0,1,1,"Black or African American, non-Hispanic",23,97,97,IPEDS_EF2011A,0
2011,pomona,0,0,0,1,1,Hispanic/Latino,60,209,210,IPEDS_EF2011A,0
2011,pomona,0,0,0,1,1,"Native Hawaiian or other Pacific Islander, non-Hispanic",0,0,0,IPEDS_EF2011A,0
2011,pomona,0,0,0,1,1,Nonresident,26,77,85,IPEDS_EF2011A,0
2011,pomona,0,0,0,1,1,Race and/or ethnicity unknown,33,201,205,IPEDS_EF2011A,0
2011,pomona,0,0,0,1,1,Total,394,1567,1586,IPEDS_EF2011A,0
2011,pomona,0,0,0,1,1,"Two or more races, non-Hispanic",25,96,99,IPEDS_EF2011A,0
2011,pomona,0,0,0,1,1,"White, non-Hispanic",189,726,726,IPEDS_EF2011A,0
2011,princeton,1,1,0,0,1,"American Indian or Alaska Native, non-Hispanic",2,14,14,IPEDS_EF2011A,0
2011,princeton,1,1,0,0,1,"Asian, non-Hispanic",243,915,916,IPEDS_EF2011A,0
2011,princeton,1,1,0,0,1,"Black or African American, non-Hispanic",98,380,382,IPEDS_EF2011A,0
2011,princeton,1,1,0,0,1,Hispanic/Latino,92,436,438,IPEDS_EF2011A,0
2011,princeton,1,1,0,0,1,"Native Hawaiian or other Pacific Islander, non-Hispanic",0,3,3,IPEDS_EF2011A,0
2011,princeton,1,1,0,0,1,Nonresident,140,544,558,IPEDS_EF2011A,0
2011,princeton,1,1,0,0,1,Race and/or ethnicity unknown,21,134,140,IPEDS_EF2011A,0
2011,princeton,1,1,0,0,1,Total,1298,5160,5203,IPEDS_EF2011A,0
2011,princeton,1,1,0,0,1,"Two or more races, non-Hispanic",61,199,200,IPEDS_EF2011A,0
2011,princeton,1,1,0,0,1,"White, non-Hispanic",641,2535,2552,IPEDS_EF2011A,0
2011,reed,0,0,0,1,0,"American Indian or Alaska Native, non-Hispanic",1,5,5,IPEDS_EF2011A,0
2011,reed,0,0,0,1,0,"Asian, non-Hispanic",15,80,82,IPEDS_EF2011A,0
2011,reed,0,0,0,1,0,"Black or African American, non-Hispanic",6,27,27,IPEDS_EF2011A,0
2011,reed,0,0,0,1,0,Hispanic/Latino,34,118,119,IPEDS_EF2011A,0
2011,reed,0,0,0,1,0,"Native Hawaiian or other Pacific Islander, non-Hispanic",0,0,0,IPEDS_EF2011A,0
2011,reed,0,0,0,1,0,Nonresident,24,69,84,IPEDS_EF2011A,0
2011,reed,0,0,0,1,0,Race and/or ethnicity unknown,25,189,208,IPEDS_EF2011A,0
2011,reed,0,0,0,1,0,Total,373,1410,1457,IPEDS_EF2011A,0
2011,reed,0,0,0,1,0,"Two or more races, non-Hispanic",36,102,103,IPEDS_EF2011A,0
2011,reed,0,0,0,1,0,"White, non-Hispanic",232,820,829,IPEDS_EF2011A,0
2011,rice,0,0,0,0,1,"American Indian or Alaska Native, non-Hispanic",1,10,10,IPEDS_EF2011A,0
2011,rice,0,0,0,0,1,"Asian, non-Hispanic",187,759,763,IPEDS_EF2011A,0
2011,rice,0,0,0,0,1,"Black or African American, non-Hispanic",68,256,256,IPEDS_EF2011A,0
2011,rice,0,0,0,0,1,Hispanic/Latino,184,501,503,IPEDS_EF2011A,0
2011,rice,0,0,0,0,1,"Native Hawaiian or other Pacific Islander, non-Hispanic",0,3,3,IPEDS_EF2011A,0
2011,rice,0,0,0,0,1,Nonresident,100,360,392,IPEDS_EF2011A,0
2011,rice,0,0,0,0,1,Race and/or ethnicity unknown,9,53,54,IPEDS_EF2011A,0
2011,rice,0,0,0,0,1,Total,998,3708,3755,IPEDS_EF2011A,0
2011,rice,0,0,0,0,1,"Two or more races, non-Hispanic",53,200,200,IPEDS_EF2011A,0
2011,rice,0,0,0,0,1,"White, non-Hispanic",396,1566,1574,IPEDS_EF2011A,0
2011,richmond,0,0,0,0,1,"American Indian or Alaska Native, non-Hispanic",0,9,10,IPEDS_EF2011A,0
2011,richmond,0,0,0,0,1,"Asian, non-Hispanic",36,146,147,IPEDS_EF2011A,0
2011,richmond,0,0,0,0,1,"Black or African American, non-Hispanic",54,304,309,IPEDS_EF2011A,0
2011,richmond,0,0,0,0,1,Hispanic/Latino,47,168,168,IPEDS_EF2011A,0
2011,richmond,0,0,0,0,1,"Native Hawaiian or other Pacific Islander, non-Hispanic",1,2,2,IPEDS_EF2011A,0
2011,richmond,0,0,0,0,1,Nonresident,71,211,301,IPEDS_EF2011A,0
2011,richmond,0,0,0,0,1,Race and/or ethnicity unknown,78,343,348,IPEDS_EF2011A,0
2011,richmond,0,0,0,0,1,Total,782,3245,3389,IPEDS_EF2011A,0
2011,richmond,0,0,0,0,1,"Two or more races, non-Hispanic",27,57,58,IPEDS_EF2011A,0
2011,richmond,0,0,0,0,1,"White, non-Hispanic",468,2005,2046,IPEDS_EF2011A,0
2011,sarahlawrence,0,0,0,1,0,"American Indian or Alaska Native, non-Hispanic",0,2,2,IPEDS_EF2011A,0
2011,sarahlawrence,0,0,0,1,0,"Asian, non-Hispanic",13,55,55,IPEDS_EF2011A,0
2011,sarahlawrence,0,0,0,1,0,"Black or African American, non-Hispanic",12,43,43,IPEDS_EF2011A,0
2011,sarahlawrence,0,0,0,1,0,Hispanic/Latino,24,109,109,IPEDS_EF2011A,0
2011,sarahlawrence,0,0,0,1,0,"Native Hawaiian or other Pacific Islander, non-Hispanic",0,2,2,IPEDS_EF2011A,0
2011,sarahlawrence,0,0,0,1,0,Nonresident,43,97,105,IPEDS_EF2011A,0
2011,sarahlawrence,0,0,0,1,0,Race and/or ethnicity unknown,14,42,112,IPEDS_EF2011A,0
2011,sarahlawrence,0,0,0,1,0,Total,374,1333,1413,IPEDS_EF2011A,0
2011,sarahlawrence,0,0,0,1,0,"Two or more races, non-Hispanic",6,51,51,IPEDS_EF2011A,0
2011,sarahlawrence,0,0,0,1,0,"White, non-Hispanic",262,932,934,IPEDS_EF2011A,0
2011,smith,0,0,0,1,1,"American Indian or Alaska Native, non-Hispanic",1,7,7,IPEDS_EF2011A,0
2011,smith,0,0,0,1,1,"Asian, non-Hispanic",104,320,320,IPEDS_EF2011A,0
2011,smith,0,0,0,1,1,"Black or African American, non-Hispanic",27,128,128,IPEDS_EF2011A,0
2011,smith,0,0,0,1,1,Hispanic/Latino,57,204,204,IPEDS_EF2011A,0
2011,smith,0,0,0,1,1,"Native Hawaiian or other Pacific Islander, non-Hispanic",0,4,4,IPEDS_EF2011A,0
2011,smith,0,0,0,1,1,Nonresident,98,281,281,IPEDS_EF2011A,0
2011,smith,0,0,0,1,1,Race and/or ethnicity unknown,59,419,419,IPEDS_EF2011A,0
2011,smith,0,0,0,1,1,Total,694,2627,2627,IPEDS_EF2011A,0
2011,smith,0,0,0,1,1,"Two or more races, non-Hispanic",35,107,107,IPEDS_EF2011A,0
2011,smith,0,0,0,1,1,"White, non-Hispanic",313,1157,1157,IPEDS_EF2011A,0
2011,stanford,0,1,0,0,1,"American Indian or Alaska Native, non-Hispanic",16,63,65,IPEDS_EF2011A,0
2011,stanford,0,1,0,0,1,"Asian, non-Hispanic",354,1257,1260,IPEDS_EF2011A,0
2011,stanford,0,1,0,0,1,"Black or African American, non-Hispanic",111,507,509,IPEDS_EF2011A,0
2011,stanford,0,1,0,0,1,Hispanic/Latino,291,1150,1151,IPEDS_EF2011A,0
2011,stanford,0,1,0,0,1,"Native Hawaiian or other Pacific Islander, non-Hispanic",5,32,32,IPEDS_EF2011A,0
2011,stanford,0,1,0,0,1,Nonresident,142,526,527,IPEDS_EF2011A,0
2011,stanford,0,1,0,0,1,Race and/or ethnicity unknown,6,65,80,IPEDS_EF2011A,0
2011,stanford,0,1,0,0,1,Total,1704,6927,6988,IPEDS_EF2011A,0
2011,stanford,0,1,0,0,1,"Two or more races, non-Hispanic",194,802,802,IPEDS_EF2011A,0
2011,stanford,0,1,0,0,1,"White, non-Hispanic",585,2525,2562,IPEDS_EF2011A,0
2011,stolaf,0,0,0,1,0,"American Indian or Alaska Native, non-Hispanic",2,7,7,IPEDS_EF2011A,0
2011,stolaf,0,0,0,1,0,"Asian, non-Hispanic",39,154,155,IPEDS_EF2011A,0
2011,stolaf,0,0,0,1,0,"Black or African American, non-Hispanic",13,63,63,IPEDS_EF2011A,0
2011,stolaf,0,0,0,1,0,Hispanic/Latino,24,89,89,IPEDS_EF2011A,0
2011,stolaf,0,0,0,1,0,"Native Hawaiian or other Pacific Islander, non-Hispanic",0,3,3,IPEDS_EF2011A,0
2011,stolaf,0,0,0,1,0,Nonresident,43,123,136,IPEDS_EF2011A,0
2011,stolaf,0,0,0,1,0,Race and/or ethnicity unknown,0,28,29,IPEDS_EF2011A,0
2011,stolaf,0,0,0,1,0,Total,739,3128,3179,IPEDS_EF2011A,0
2011,stolaf,0,0,0,1,0,"Two or more races, non-Hispanic",32,82,82,IPEDS_EF2011A,0
2011,stolaf,0,0,0,1,0,"White, non-Hispanic",586,2579,2615,IPEDS_EF2011A,0
2011,swarthmore,0,0,0,1,1,"American Indian or Alaska Native, non-Hispanic",1,7,7,IPEDS_EF2011A,0
2011,swarthmore,0,0,0,1,1,"Asian, non-Hispanic",52,211,211,IPEDS_EF2011A,0
2011,swarthmore,0,0,0,1,1,"Black or African American, non-Hispanic",25,102,102,IPEDS_EF2011A,0
2011,swarthmore,0,0,0,1,1,Hispanic/Latino,62,202,202,IPEDS_EF2011A,0
2011,swarthmore,0,0,0,1,1,"Native Hawaiian or other Pacific Islander, non-Hispanic",0,0,0,IPEDS_EF2011A,0
2011,swarthmore,0,0,0,1,1,Nonresident,34,117,117,IPEDS_EF2011A,0
2011,swarthmore,0,0,0,1,1,Race and/or ethnicity unknown,27,129,130,IPEDS_EF2011A,0
2011,swarthmore,0,0,0,1,1,Total,386,1536,1545,IPEDS_EF2011A,0
2011,swarthmore,0,0,0,1,1,"Two or more races, non-Hispanic",29,106,106,IPEDS_EF2011A,0
2011,swarthmore,0,0,0,1,1,"White, non-Hispanic",156,662,670,IPEDS_EF2011A,0
2011,trinity,0,0,1,1,0,"American Indian or Alaska Native, non-Hispanic",0,2,2,IPEDS_EF2011A,0
2011,trinity,0,0,1,1,0,"Asian, non-Hispanic",23,121,122,IPEDS_EF2011A,0
2011,trinity,0,0,1,1,0,"Black or African American, non-Hispanic",35,145,149,IPEDS_EF2011A,0
2011,trinity,0,0,1,1,0,Hispanic/Latino,48,172,172,IPEDS_EF2011A,0
2011,trinity,0,0,1,1,0,"Native Hawaiian or other Pacific Islander, non-Hispanic",0,0,0,IPEDS_EF2011A,0
2011,trinity,0,0,1,1,0,Nonresident,54,159,159,IPEDS_EF2011A,0
2011,trinity,0,0,1,1,0,Race and/or ethnicity unknown,25,119,166,IPEDS_EF2011A,0
2011,trinity,0,0,1,1,0,Total,590,2240,2304,IPEDS_EF2011A,0
2011,trinity,0,0,1,1,0,"Two or more races, non-Hispanic",16,82,83,IPEDS_EF2011A,0
2011,trinity,0,0,1,1,0,"White, non-Hispanic",389,1440,1451,IPEDS_EF2011A,0
2011,tufts,0,0,1,1,0,"American Indian or Alaska Native, non-Hispanic",0,6,6,IPEDS_EF2011A,0
2011,tufts,0,0,1,1,0,"Asian, non-Hispanic",135,536,536,IPEDS_EF2011A,0
2011,tufts,0,0,1,1,0,"Black or African American, non-Hispanic",44,226,227,IPEDS_EF2011A,0
2011,tufts,0,0,1,1,0,Hispanic/Latino,96,335,335,IPEDS_EF2011A,0
2011,tufts,0,0,1,1,0,"Native Hawaiian or other Pacific Islander, non-Hispanic",0,1,1,IPEDS_EF2011A,0
2011,tufts,0,0,1,1,0,Nonresident,96,336,336,IPEDS_EF2011A,0
2011,tufts,0,0,1,1,0,Race and/or ethnicity unknown,141,586,637,IPEDS_EF2011A,0
2011,tufts,0,0,1,1,0,Total,1315,5136,5194,IPEDS_EF2011A,0
2011,tufts,0,0,1,1,0,"Two or more races, non-Hispanic",56,169,170,IPEDS_EF2011A,0
2011,tufts,0,0,1,1,0,"White, non-Hispanic",747,2941,2946,IPEDS_EF2011A,0
2011,uchicago,0,1,0,0,1,"American Indian or Alaska Native, non-Hispanic",5,11,11,IPEDS_EF2011A,0
2011,uchicago,0,1,0,0,1,"Asian, non-Hispanic",219,912,912,IPEDS_EF2011A,0
2011,uchicago,0,1,0,0,1,"Black or African American, non-Hispanic",59,252,252,IPEDS_EF2011A,0
2011,uchicago,0,1,0,0,1,Hispanic/Latino,75,348,348,IPEDS_EF2011A,0
2011,uchicago,0,1,0,0,1,"Native Hawaiian or other Pacific Islander, non-Hispanic",0,3,3,IPEDS_EF2011A,0
2011,uchicago,0,1,0,0,1,Nonresident,156,509,516,IPEDS_EF2011A,0
2011,uchicago,0,1,0,0,1,Race and/or ethnicity unknown,164,674,692,IPEDS_EF2011A,0
2011,uchicago,0,1,0,0,1,Total,1411,5377,5402,IPEDS_EF2011A,0
2011,uchicago,0,1,0,0,1,"Two or more races, non-Hispanic",82,332,332,IPEDS_EF2011A,0
2011,uchicago,0,1,0,0,1,"White, non-Hispanic",651,2336,2336,IPEDS_EF2011A,0
2011,ucla,0,0,0,0,1,"American Indian or Alaska Native, non-Hispanic",6,53,53,IPEDS_EF2011A,0
2011,ucla,0,0,0,0,1,"Asian, non-Hispanic",1904,9229,9229,IPEDS_EF2011A,0
2011,ucla,0,0,0,0,1,"Black or African American, non-Hispanic",155,898,898,IPEDS_EF2011A,0
2011,ucla,0,0,0,0,1,Hispanic/Latino,996,4572,4572,IPEDS_EF2011A,0
2011,ucla,0,0,0,0,1,"Native Hawaiian or other Pacific Islander, non-Hispanic",19,88,88,IPEDS_EF2011A,0
2011,ucla,0,0,0,0,1,Nonresident,611,2014,2014,IPEDS_EF2011A,0
2011,ucla,0,0,0,0,1,Race and/or ethnicity unknown,115,860,860,IPEDS_EF2011A,0
2011,ucla,0,0,0,0,1,Total,5825,27199,27199,IPEDS_EF2011A,0
2011,ucla,0,0,0,0,1,"Two or more races, non-Hispanic",306,883,883,IPEDS_EF2011A,0
2011,ucla,0,0,0,0,1,"White, non-Hispanic",1713,8602,8602,IPEDS_EF2011A,0
2011,umich,0,0,0,0,1,"American Indian or Alaska Native, non-Hispanic",5,42,42,IPEDS_EF2011A,0
2011,umich,0,0,0,0,1,"Asian, non-Hispanic",816,3230,3239,IPEDS_EF2011A,0
2011,umich,0,0,0,0,1,"Black or African American, non-Hispanic",276,1206,1212,IPEDS_EF2011A,0
2011,umich,0,0,0,0,1,Hispanic/Latino,267,1119,1123,IPEDS_EF2011A,0
2011,umich,0,0,0,0,1,"Native Hawaiian or other Pacific Islander, non-Hispanic",5,11,11,IPEDS_EF2011A,0
2011,umich,0,0,0,0,1,Nonresident,226,1589,1655,IPEDS_EF2011A,0
2011,umich,0,0,0,0,1,Race and/or ethnicity unknown,572,1154,1175,IPEDS_EF2011A,0
2011,umich,0,0,0,0,1,Total,6250,27240,27407,IPEDS_EF2011A,0
2011,umich,0,0,0,0,1,"Two or more races, non-Hispanic",195,907,912,IPEDS_EF2011A,0
2011,umich,0,0,0,0,1,"White, non-Hispanic",3888,17982,18038,IPEDS_EF2011A,0
2011,union,0,0,0,1,0,"American Indian or Alaska Native, non-Hispanic",0,6,6,IPEDS_EF2011A,0
2011,union,0,0,0,1,0,"Asian, non-Hispanic",37,137,138,IPEDS_EF2011A,0
2011,union,0,0,0,1,0,"Black or African American, non-Hispanic",21,100,100,IPEDS_EF2011A,0
2011,union,0,0,0,1,0,Hispanic/Latino,39,127,128,IPEDS_EF2011A,0
2011,union,0,0,0,1,0,"Native Hawaiian or other Pacific Islander, non-Hispanic",1,1,1,IPEDS_EF2011A,0
2011,union,0,0,0,1,0,Nonresident,30,101,124,IPEDS_EF2011A,0
2011,union,0,0,0,1,0,Race and/or ethnicity unknown,0,7,13,IPEDS_EF2011A,0
2011,union,0,0,0,1,0,Total,572,2174,2220,IPEDS_EF2011A,0
2011,union,0,0,0,1,0,"Two or more races, non-Hispanic",13,28,28,IPEDS_EF2011A,0
2011,union,0,0,0,1,0,"White, non-Hispanic",431,1667,1682,IPEDS_EF2011A,0
2011,vanderbilt,0,0,0,0,1,"American Indian or Alaska Native, non-Hispanic",2,22,22,IPEDS_EF2011A,0
2011,vanderbilt,0,0,0,0,1,"Asian, non-Hispanic",125,504,505,IPEDS_EF2011A,0
2011,vanderbilt,0,0,0,0,1,"Black or African American, non-Hispanic",128,508,508,IPEDS_EF2011A,0
2011,vanderbilt,0,0,0,0,1,Hispanic/Latino,124,525,526,IPEDS_EF2011A,0
2011,vanderbilt,0,0,0,0,1,"Native Hawaiian or other Pacific Islander, non-Hispanic",0,4,4,IPEDS_EF2011A,0
2011,vanderbilt,0,0,0,0,1,Nonresident,93,348,365,IPEDS_EF2011A,0
2011,vanderbilt,0,0,0,0,1,Race and/or ethnicity unknown,34,316,350,IPEDS_EF2011A,0
2011,vanderbilt,0,0,0,0,1,Total,1601,6754,6817,IPEDS_EF2011A,0
2011,vanderbilt,0,0,0,0,1,"Two or more races, non-Hispanic",89,280,280,IPEDS_EF2011A,0
2011,vanderbilt,0,0,0,0,1,"White, non-Hispanic",1006,4247,4257,IPEDS_EF2011A,0
2011,vassar,0,0,0,1,1,"American Indian or Alaska Native, non-Hispanic",0,3,3,IPEDS_EF2011A,0
2011,vassar,0,0,0,1,1,"Asian, non-Hispanic",63,211,215,IPEDS_EF2011A,0
2011,vassar,0,0,0,1,1,"Black or African American, non-Hispanic",38,129,130,IPEDS_EF2011A,0
2011,vassar,0,0,0,1,1,Hispanic/Latino,71,228,229,IPEDS_EF2011A,0
2011,vassar,0,0,0,1,1,"Native Hawaiian or other Pacific Islander, non-Hispanic",0,0,0,IPEDS_EF2011A,0
2011,vassar,0,0,0,1,1,Nonresident,45,137,150,IPEDS_EF2011A,0
2011,vassar,0,0,0,1,1,Race and/or ethnicity unknown,0,0,0,IPEDS_EF2011A,0
2011,vassar,0,0,0,1,1,Total,670,2345,2386,IPEDS_EF2011A,0
2011,vassar,0,0,0,1,1,"Two or more races, non-Hispanic",42,114,114,IPEDS_EF2011A,0
2011,vassar,0,0,0,1,1,"White, non-Hispanic",411,1523,1545,IPEDS_EF2011A,0
2011,washandlee,0,0,0,1,1,"American Indian or Alaska Native, non-Hispanic",0,2,2,IPEDS_EF2011A,0
2011,washandlee,0,0,0,1,1,"Asian, non-Hispanic",14,49,49,IPEDS_EF2011A,0
2011,washandlee,0,0,0,1,1,"Black or African American, non-Hispanic",13,53,53,IPEDS_EF2011A,0
2011,washandlee,0,0,0,1,1,Hispanic/Latino,20,45,45,IPEDS_EF2011A,0
2011,washandlee,0,0,0,1,1,"Native Hawaiian or other Pacific Islander, non-Hispanic",0,0,0,IPEDS_EF2011A,0
2011,washandlee,0,0,0,1,1,Nonresident,17,72,72,IPEDS_EF2011A,0
2011,washandlee,0,0,0,1,1,Race and/or ethnicity unknown,8,23,23,IPEDS_EF2011A,0
2011,washandlee,0,0,0,1,1,Total,494,1788,1790,IPEDS_EF2011A,0
2011,washandlee,0,0,0,1,1,"Two or more races, non-Hispanic",11,37,37,IPEDS_EF2011A,0
2011,washandlee,0,0,0,1,1,"White, non-Hispanic",411,1507,1509,IPEDS_EF2011A,0
2011,wellesley,0,0,0,1,1,"American Indian or Alaska Native, non-Hispanic",0,4,4,IPEDS_EF2011A,0
2011,wellesley,0,0,0,1,1,"Asian, non-Hispanic",134,528,541,IPEDS_EF2011A,0
2011,wellesley,0,0,0,1,1,"Black or African American, non-Hispanic",31,153,154,IPEDS_EF2011A,0
2011,wellesley,0,0,0,1,1,Hispanic/Latino,55,225,228,IPEDS_EF2011A,0
2011,wellesley,0,0,0,1,1,"Native Hawaiian or other Pacific Islander, non-Hispanic",0,1,1,IPEDS_EF2011A,0
2011,wellesley,0,0,0,1,1,Nonresident,67,257,277,IPEDS_EF2011A,0
2011,wellesley,0,0,0,1,1,Race and/or ethnicity unknown,10,34,87,IPEDS_EF2011A,0
2011,wellesley,0,0,0,1,1,Total,573,2372,2502,IPEDS_EF2011A,0
2011,wellesley,0,0,0,1,1,"Two or more races, non-Hispanic",27,108,112,IPEDS_EF2011A,0
2011,wellesley,0,0,0,1,1,"White, non-Hispanic",249,1062,1098,IPEDS_EF2011A,0
2011,wesleyan,0,0,1,1,1,"American Indian or Alaska Native, non-Hispanic",1,2,2,IPEDS_EF2011A,0
2011,wesleyan,0,0,1,1,1,"Asian, non-Hispanic",82,233,233,IPEDS_EF2011A,0
2011,wesleyan,0,0,1,1,1,"Black or African American, non-Hispanic",53,188,188,IPEDS_EF2011A,0
2011,wesleyan,0,0,1,1,1,Hispanic/Latino,95,274,274,IPEDS_EF2011A,0
2011,wesleyan,0,0,1,1,1,"Native Hawaiian or other Pacific Islander, non-Hispanic",0,1,1,IPEDS_EF2011A,0
2011,wesleyan,0,0,1,1,1,Nonresident,67,216,221,IPEDS_EF2011A,0
2011,wesleyan,0,0,1,1,1,Race and/or ethnicity unknown,74,287,294,IPEDS_EF2011A,0
2011,wesleyan,0,0,1,1,1,Total,808,2870,2882,IPEDS_EF2011A,0
2011,wesleyan,0,0,1,1,1,"Two or more races, non-Hispanic",43,150,150,IPEDS_EF2011A,0
2011,wesleyan,0,0,1,1,1,"White, non-Hispanic",393,1519,1519,IPEDS_EF2011A,0
2011,williams,0,0,1,1,1,"American Indian or Alaska Native, non-Hispanic",0,3,3,IPEDS_EF2011A,0
2011,williams,0,0,1,1,1,"Asian, non-Hispanic",56,215,217,IPEDS_EF2011A,0
2011,williams,0,0,1,1,1,"Black or African American, non-Hispanic",44,157,157,IPEDS_EF2011A,0
2011,williams,0,0,1,1,1,Hispanic/Latino,64,214,214,IPEDS_EF2011A,0
2011,williams,0,0,1,1,1,"Native Hawaiian or other Pacific Islander, non-Hispanic",0,0,0,IPEDS_EF2011A,0
2011,williams,0,0,1,1,1,Nonresident,38,141,154,IPEDS_EF2011A,0
2011,williams,0,0,1,1,1,Race and/or ethnicity unknown,0,0,0,IPEDS_EF2011A,0
2011,williams,0,0,1,1,1,Total,545,2014,2070,IPEDS_EF2011A,0
2011,williams,0,0,1,1,1,"Two or more races, non-Hispanic",37,104,108,IPEDS_EF2011A,0
2011,williams,0,0,1,1,1,"White, non-Hispanic",306,1180,1217,IPEDS_EF2011A,0
2011,wustl,0,0,0,0,1,"American Indian or Alaska Native, non-Hispanic",2,5,5,IPEDS_EF2011A,0
2011,wustl,0,0,0,0,1,"Asian, non-Hispanic",254,1018,1051,IPEDS_EF2011A,0
2011,wustl,0,0,0,0,1,"Black or African American, non-Hispanic",83,408,463,IPEDS_EF2011A,0
2011,wustl,0,0,0,0,1,Hispanic/Latino,87,306,318,IPEDS_EF2011A,0
2011,wustl,0,0,0,0,1,"Native Hawaiian or other Pacific Islander, non-Hispanic",0,1,1,IPEDS_EF2011A,0
2011,wustl,0,0,0,0,1,Nonresident,95,435,498,IPEDS_EF2011A,0
2011,wustl,0,0,0,0,1,Race and/or ethnicity unknown,75,472,513,IPEDS_EF2011A,0
2011,wustl,0,0,0,0,1,Total,1488,6658,7239,IPEDS_EF2011A,0
2011,wustl,0,0,0,0,1,"Two or more races, non-Hispanic",57,216,221,IPEDS_EF2011A,0
2011,wustl,0,0,0,0,1,"White, non-Hispanic",835,3797,4169,IPEDS_EF2011A,0
2011,yale,1,1,0,0,1,"American Indian or Alaska Native, non-Hispanic",11,27,27,IPEDS_EF2011A,0
2011,yale,1,1,0,0,1,"Asian, non-Hispanic",219,812,813,IPEDS_EF2011A,0
2011,yale,1,1,0,0,1,"Black or African American, non-Hispanic",90,336,336,IPEDS_EF2011A,0
2011,yale,1,1,0,0,1,Hispanic/Latino,150,520,521,IPEDS_EF2011A,0
2011,yale,1,1,0,0,1,"Native Hawaiian or other Pacific Islander, non-Hispanic",2,4,4,IPEDS_EF2011A,0
2011,yale,1,1,0,0,1,Nonresident,137,541,543,IPEDS_EF2011A,0
2011,yale,1,1,0,0,1,Race and/or ethnicity unknown,47,276,277,IPEDS_EF2011A,0
2011,yale,1,1,0,0,1,Total,1349,5333,5349,IPEDS_EF2011A,0
2011,yale,1,1,0,0,1,"Two or more races, non-Hispanic",80,298,298,IPEDS_EF2011A,0
2011,yale,1,1,0,0,1,"White, non-Hispanic",613,2519,2530,IPEDS_EF2011A,0
2012,airforce,0,0,0,0,1,"American Indian or Alaska Native, non-Hispanic",7,15,15,IPEDS_EF2012A,0
2012,airforce,0,0,0,0,1,"Asian, non-Hispanic",44,186,186,IPEDS_EF2012A,0
2012,airforce,0,0,0,0,1,"Black or African American, non-Hispanic",62,205,205,IPEDS_EF2012A,0
2012,airforce,0,0,0,0,1,Hispanic/Latino,82,390,390,IPEDS_EF2012A,0
2012,airforce,0,0,0,0,1,"Native Hawaiian or other Pacific Islander, non-Hispanic",3,16,16,IPEDS_EF2012A,0
2012,airforce,0,0,0,0,1,Nonresident,19,55,55,IPEDS_EF2012A,0
2012,airforce,0,0,0,0,1,Race and/or ethnicity unknown,14,43,43,IPEDS_EF2012A,0
2012,airforce,0,0,0,0,1,Total,982,4120,4120,IPEDS_EF2012A,0
2012,airforce,0,0,0,0,1,"Two or more races, non-Hispanic",65,271,271,IPEDS_EF2012A,0
2012,airforce,0,0,0,0,1,"White, non-Hispanic",686,2939,2939,IPEDS_EF2012A,0
2012,amherst,0,0,1,1,1,"American Indian or Alaska Native, non-Hispanic",2,2,2,IPEDS_EF2012A,0
2012,amherst,0,0,1,1,1,"Asian, non-Hispanic",67,214,214,IPEDS_EF2012A,0
2012,amherst,0,0,1,1,1,"Black or African American, non-Hispanic",48,204,204,IPEDS_EF2012A,0
2012,amherst,0,0,1,1,1,Hispanic/Latino,54,212,212,IPEDS_EF2012A,0
2012,amherst,0,0,1,1,1,"Native Hawaiian or other Pacific Islander, non-Hispanic",0,0,0,IPEDS_EF2012A,0
2012,amherst,0,0,1,1,1,Nonresident,48,178,178,IPEDS_EF2012A,0
2012,amherst,0,0,1,1,1,Race and/or ethnicity unknown,32,161,161,IPEDS_EF2012A,0
2012,amherst,0,0,1,1,1,Total,463,1817,1817,IPEDS_EF2012A,0
2012,amherst,0,0,1,1,1,"Two or more races, non-Hispanic",24,117,117,IPEDS_EF2012A,0
2012,amherst,0,0,1,1,1,"White, non-Hispanic",188,729,729,IPEDS_EF2012A,0
2012,army,0,0,0,0,1,"American Indian or Alaska Native, non-Hispanic",12,40,40,IPEDS_EF2012A,0
2012,army,0,0,0,0,1,"Asian, non-Hispanic",63,251,251,IPEDS_EF2012A,0
2012,army,0,0,0,0,1,"Black or African American, non-Hispanic",88,332,332,IPEDS_EF2012A,0
2012,army,0,0,0,0,1,Hispanic/Latino,112,428,428,IPEDS_EF2012A,0
2012,army,0,0,0,0,1,"Native Hawaiian or other Pacific Islander, non-Hispanic",10,23,23,IPEDS_EF2012A,0
2012,army,0,0,0,0,1,Nonresident,15,56,56,IPEDS_EF2012A,0
2012,army,0,0,0,0,1,Race and/or ethnicity unknown,22,44,44,IPEDS_EF2012A,0
2012,army,0,0,0,0,1,Total,1164,4592,4592,IPEDS_EF2012A,0
2012,army,0,0,0,0,1,"Two or more races, non-Hispanic",41,174,174,IPEDS_EF2012A,0
2012,army,0,0,0,0,1,"White, non-Hispanic",801,3244,3244,IPEDS_EF2012A,0
2012,barnard,0,0,0,1,1,"American Indian or Alaska Native, non-Hispanic",1,4,4,IPEDS_EF2012A,0
2012,barnard,0,0,0,1,1,"Asian, non-Hispanic",101,432,432,IPEDS_EF2012A,0
2012,barnard,0,0,0,1,1,"Black or African American, non-Hispanic",39,136,136,IPEDS_EF2012A,0
2012,barnard,0,0,0,1,1,Hispanic/Latino,58,238,238,IPEDS_EF2012A,0
2012,barnard,0,0,0,1,1,"Native Hawaiian or other Pacific Islander, non-Hispanic",0,2,2,IPEDS_EF2012A,0
2012,barnard,0,0,0,1,1,Nonresident,53,177,177,IPEDS_EF2012A,0
2012,barnard,0,0,0,1,1,Race and/or ethnicity unknown,0,0,0,IPEDS_EF2012A,0
2012,barnard,0,0,0,1,1,Total,599,2504,2504,IPEDS_EF2012A,0
2012,barnard,0,0,0,1,1,"Two or more races, non-Hispanic",0,0,0,IPEDS_EF2012A,0
2012,barnard,0,0,0,1,1,"White, non-Hispanic",347,1515,1515,IPEDS_EF2012A,0
2012,bates,0,0,1,1,1,"American Indian or Alaska Native, non-Hispanic",0,7,7,IPEDS_EF2012A,0
2012,bates,0,0,1,1,1,"Asian, non-Hispanic",17,78,78,IPEDS_EF2012A,0
2012,bates,0,0,1,1,1,"Black or African American, non-Hispanic",12,66,66,IPEDS_EF2012A,0
2012,bates,0,0,1,1,1,Hispanic/Latino,27,90,90,IPEDS_EF2012A,0
2012,bates,0,0,1,1,1,"Native Hawaiian or other Pacific Islander, non-Hispanic",0,0,0,IPEDS_EF2012A,0
2012,bates,0,0,1,1,1,Nonresident,39,109,109,IPEDS_EF2012A,0
2012,bates,0,0,1,1,1,Race and/or ethnicity unknown,12,34,34,IPEDS_EF2012A,0
2012,bates,0,0,1,1,1,Total,503,1753,1753,IPEDS_EF2012A,0
2012,bates,0,0,1,1,1,"Two or more races, non-Hispanic",22,65,65,IPEDS_EF2012A,0
2012,bates,0,0,1,1,1,"White, non-Hispanic",374,1304,1304,IPEDS_EF2012A,0
2012,berkeley,0,0,0,0,1,"American Indian or Alaska Native, non-Hispanic",4,67,67,IPEDS_EF2012A,0
2012,berkeley,0,0,0,0,1,"Asian, non-Hispanic",1634,9300,9300,IPEDS_EF2012A,0
2012,berkeley,0,0,0,0,1,"Black or African American, non-Hispanic",97,628,628,IPEDS_EF2012A,0
2012,berkeley,0,0,0,0,1,Hispanic/Latino,513,3320,3320,IPEDS_EF2012A,0
2012,berkeley,0,0,0,0,1,"Native Hawaiian or other Pacific Islander, non-Hispanic",12,74,74,IPEDS_EF2012A,0
2012,berkeley,0,0,0,0,1,Nonresident,540,2748,2748,IPEDS_EF2012A,0
2012,berkeley,0,0,0,0,1,Race and/or ethnicity unknown,88,1010,1010,IPEDS_EF2012A,0
2012,berkeley,0,0,0,0,1,Total,4162,25774,25774,IPEDS_EF2012A,0
2012,berkeley,0,0,0,0,1,"Two or more races, non-Hispanic",205,954,954,IPEDS_EF2012A,0
2012,berkeley,0,0,0,0,1,"White, non-Hispanic",1069,7673,7673,IPEDS_EF2012A,0
2012,bowdoin,0,0,1,1,1,"American Indian or Alaska Native, non-Hispanic",1,2,2,IPEDS_EF2012A,0
2012,bowdoin,0,0,1,1,1,"Asian, non-Hispanic",40,131,131,IPEDS_EF2012A,0
2012,bowdoin,0,0,1,1,1,"Black or African American, non-Hispanic",23,86,86,IPEDS_EF2012A,0
2012,bowdoin,0,0,1,1,1,Hispanic/Latino,66,235,235,IPEDS_EF2012A,0
2012,bowdoin,0,0,1,1,1,"Native Hawaiian or other Pacific Islander, non-Hispanic",1,2,2,IPEDS_EF2012A,0
2012,bowdoin,0,0,1,1,1,Nonresident,22,73,78,IPEDS_EF2012A,0
2012,bowdoin,0,0,1,1,1,Race and/or ethnicity unknown,1,11,11,IPEDS_EF2012A,0
2012,bowdoin,0,0,1,1,1,Total,492,1831,1839,IPEDS_EF2012A,0
2012,bowdoin,0,0,1,1,1,"Two or more races, non-Hispanic",25,110,110,IPEDS_EF2012A,0
2012,bowdoin,0,0,1,1,1,"White, non-Hispanic",313,1181,1184,IPEDS_EF2012A,0
2012,brown,1,1,0,0,1,"American Indian or Alaska Native, non-Hispanic",4,17,17,IPEDS_EF2012A,0
2012,brown,1,1,0,0,1,"Asian, non-Hispanic",167,744,800,IPEDS_EF2012A,0
2012,brown,1,1,0,0,1,"Black or African American, non-Hispanic",111,368,377,IPEDS_EF2012A,0
2012,brown,1,1,0,0,1,Hispanic/Latino,193,632,653,IPEDS_EF2012A,0
2012,brown,1,1,0,0,1,"Native Hawaiian or other Pacific Islander, non-Hispanic",2,5,5,IPEDS_EF2012A,0
2012,brown,1,1,0,0,1,Nonresident,182,694,754,IPEDS_EF2012A,0
2012,brown,1,1,0,0,1,Race and/or ethnicity unknown,99,595,623,IPEDS_EF2012A,0
2012,brown,1,1,0,0,1,Total,1536,6133,6435,IPEDS_EF2012A,0
2012,brown,1,1,0,0,1,"Two or more races, non-Hispanic",89,291,296,IPEDS_EF2012A,0
2012,brown,1,1,0,0,1,"White, non-Hispanic",689,2787,2910,IPEDS_EF2012A,0
2012,brynmawr,0,0,0,1,0,"American Indian or Alaska Native, non-Hispanic",0,1,1,IPEDS_EF2012A,0
2012,brynmawr,0,0,0,1,0,"Asian, non-Hispanic",41,171,171,IPEDS_EF2012A,0
2012,brynmawr,0,0,0,1,0,"Black or African American, non-Hispanic",24,72,72,IPEDS_EF2012A,0
2012,brynmawr,0,0,0,1,0,Hispanic/Latino,30,124,124,IPEDS_EF2012A,0
2012,brynmawr,0,0,0,1,0,"Native Hawaiian or other Pacific Islander, non-Hispanic",0,2,2,IPEDS_EF2012A,0
2012,brynmawr,0,0,0,1,0,Nonresident,89,259,259,IPEDS_EF2012A,0
2012,brynmawr,0,0,0,1,0,Race and/or ethnicity unknown,40,173,173,IPEDS_EF2012A,0
2012,brynmawr,0,0,0,1,0,Total,365,1313,1313,IPEDS_EF2012A,0
2012,brynmawr,0,0,0,1,0,"Two or more races, non-Hispanic",16,55,55,IPEDS_EF2012A,0
2012,brynmawr,0,0,0,1,0,"White, non-Hispanic",125,456,456,IPEDS_EF2012A,0
2012,bucknell,0,0,0,1,0,"American Indian or Alaska Native, non-Hispanic",0,1,1,IPEDS_EF2012A,0
2012,bucknell,0,0,0,1,0,"Asian, non-Hispanic",36,113,113,IPEDS_EF2012A,0
2012,bucknell,0,0,0,1,0,"Black or African American, non-Hispanic",24,109,109,IPEDS_EF2012A,0
2012,bucknell,0,0,0,1,0,Hispanic/Latino,43,157,157,IPEDS_EF2012A,0
2012,bucknell,0,0,0,1,0,"Native Hawaiian or other Pacific Islander, non-Hispanic",0,0,0,IPEDS_EF2012A,0
2012,bucknell,0,0,0,1,0,Nonresident,44,166,184,IPEDS_EF2012A,0
2012,bucknell,0,0,0,1,0,Race and/or ethnicity unknown,2,33,33,IPEDS_EF2012A,0
2012,bucknell,0,0,0,1,0,Total,915,3499,3533,IPEDS_EF2012A,0
2012,bucknell,0,0,0,1,0,"Two or more races, non-Hispanic",34,108,108,IPEDS_EF2012A,0
2012,bucknell,0,0,0,1,0,"White, non-Hispanic",732,2812,2828,IPEDS_EF2012A,0
2012,caltech,0,1,0,0,1,"American Indian or Alaska Native, non-Hispanic",0,3,3,IPEDS_EF2012A,0
2012,caltech,0,1,0,0,1,"Asian, non-Hispanic",112,395,395,IPEDS_EF2012A,0
2012,caltech,0,1,0,0,1,"Black or African American, non-Hispanic",5,17,17,IPEDS_EF2012A,0
2012,caltech,0,1,0,0,1,Hispanic/Latino,35,104,104,IPEDS_EF2012A,0
2012,caltech,0,1,0,0,1,"Native Hawaiian or other Pacific Islander, non-Hispanic",0,3,3,IPEDS_EF2012A,0
2012,caltech,0,1,0,0,1,Nonresident,17,107,107,IPEDS_EF2012A,0
2012,caltech,0,1,0,0,1,Race and/or ethnicity unknown,1,4,4,IPEDS_EF2012A,0
2012,caltech,0,1,0,0,1,Total,264,997,997,IPEDS_EF2012A,0
2012,caltech,0,1,0,0,1,"Two or more races, non-Hispanic",20,50,50,IPEDS_EF2012A,0
2012,caltech,0,1,0,0,1,"White, non-Hispanic",74,314,314,IPEDS_EF2012A,0
2012,carleton,0,0,0,1,1,"American Indian or Alaska Native, non-Hispanic",0,1,1,IPEDS_EF2012A,0
2012,carleton,0,0,0,1,1,"Asian, non-Hispanic",40,159,160,IPEDS_EF2012A,0
2012,carleton,0,0,0,1,1,"Black or African American, non-Hispanic",15,67,67,IPEDS_EF2012A,0
2012,carleton,0,0,0,1,1,Hispanic/Latino,40,132,133,IPEDS_EF2012A,0
2012,carleton,0,0,0,1,1,"Native Hawaiian or other Pacific Islander, non-Hispanic",0,1,1,IPEDS_EF2012A,0
2012,carleton,0,0,0,1,1,Nonresident,44,170,177,IPEDS_EF2012A,0
2012,carleton,0,0,0,1,1,Race and/or ethnicity unknown,12,41,46,IPEDS_EF2012A,0
2012,carleton,0,0,0,1,1,Total,528,2035,2055,IPEDS_EF2012A,0
2012,carleton,0,0,0,1,1,"Two or more races, non-Hispanic",22,95,96,IPEDS_EF2012A,0
2012,carleton,0,0,0,1,1,"White, non-Hispanic",355,1369,1374,IPEDS_EF2012A,0
2012,clark,0,0,0,1,0,"American Indian or Alaska Native, non-Hispanic",0,2,2,IPEDS_EF2012A,0
2012,clark,0,0,0,1,0,"Asian, non-Hispanic",44,114,121,IPEDS_EF2012A,0
2012,clark,0,0,0,1,0,"Black or African American, non-Hispanic",20,83,84,IPEDS_EF2012A,0
2012,clark,0,0,0,1,0,Hispanic/Latino,31,134,136,IPEDS_EF2012A,0
2012,clark,0,0,0,1,0,"Native Hawaiian or other Pacific Islander, non-Hispanic",0,0,0,IPEDS_EF2012A,0
2012,clark,0,0,0,1,0,Nonresident,92,249,269,IPEDS_EF2012A,0
2012,clark,0,0,0,1,0,Race and/or ethnicity unknown,56,160,176,IPEDS_EF2012A,0
2012,clark,0,0,0,1,0,Total,594,2276,2352,IPEDS_EF2012A,0
2012,clark,0,0,0,1,0,"Two or more races, non-Hispanic",1,45,45,IPEDS_EF2012A,0
2012,clark,0,0,0,1,0,"White, non-Hispanic",350,1489,1519,IPEDS_EF2012A,0
2012,cmc,0,0,0,0,1,"American Indian or Alaska Native, non-Hispanic",0,1,1,IPEDS_EF2012A,0
2012,cmc,0,0,0,0,1,"Asian, non-Hispanic",36,143,143,IPEDS_EF2012A,0
2012,cmc,0,0,0,0,1,"Black or African American, non-Hispanic",12,38,38,IPEDS_EF2012A,0
2012,cmc,0,0,0,0,1,Hispanic/Latino,31,112,112,IPEDS_EF2012A,0
2012,cmc,0,0,0,0,1,"Native Hawaiian or other Pacific Islander, non-Hispanic",1,2,2,IPEDS_EF2012A,0
2012,cmc,0,0,0,0,1,Nonresident,47,152,162,IPEDS_EF2012A,0
2012,cmc,0,0,0,0,1,Race and/or ethnicity unknown,13,160,160,IPEDS_EF2012A,0
2012,cmc,0,0,0,0,1,Total,291,1254,1264,IPEDS_EF2012A,0
2012,cmc,0,0,0,0,1,"Two or more races, non-Hispanic",21,81,81,IPEDS_EF2012A,0
2012,cmc,0,0,0,0,1,"White, non-Hispanic",130,565,565,IPEDS_EF2012A,0
2012,cmu,0,0,0,0,1,"American Indian or Alaska Native, non-Hispanic",1,7,7,IPEDS_EF2012A,0
2012,cmu,0,0,0,0,1,"Asian, non-Hispanic",362,1381,1388,IPEDS_EF2012A,0
2012,cmu,0,0,0,0,1,"Black or African American, non-Hispanic",65,323,323,IPEDS_EF2012A,0
2012,cmu,0,0,0,0,1,Hispanic/Latino,109,431,432,IPEDS_EF2012A,0
2012,cmu,0,0,0,0,1,"Native Hawaiian or other Pacific Islander, non-Hispanic",0,0,0,IPEDS_EF2012A,0
2012,cmu,0,0,0,0,1,Nonresident,218,758,786,IPEDS_EF2012A,0
2012,cmu,0,0,0,0,1,Race and/or ethnicity unknown,77,322,327,IPEDS_EF2012A,0
2012,cmu,0,0,0,0,1,Total,1408,5848,5921,IPEDS_EF2012A,0
2012,cmu,0,0,0,0,1,"Two or more races, non-Hispanic",59,220,220,IPEDS_EF2012A,0
2012,cmu,0,0,0,0,1,"White, non-Hispanic",517,2406,2438,IPEDS_EF2012A,0
2012,colby,0,0,1,1,1,"American Indian or Alaska Native, non-Hispanic",0,1,1,IPEDS_EF2012A,0
2012,colby,0,0,1,1,1,"Asian, non-Hispanic",27,103,103,IPEDS_EF2012A,0
2012,colby,0,0,1,1,1,"Black or African American, non-Hispanic",12,55,55,IPEDS_EF2012A,0
2012,colby,0,0,1,1,1,Hispanic/Latino,35,96,96,IPEDS_EF2012A,0
2012,colby,0,0,1,1,1,"Native Hawaiian or other Pacific Islander, non-Hispanic",0,1,1,IPEDS_EF2012A,0
2012,colby,0,0,1,1,1,Nonresident,36,122,122,IPEDS_EF2012A,0
2012,colby,0,0,1,1,1,Race and/or ethnicity unknown,62,285,285,IPEDS_EF2012A,0
2012,colby,0,0,1,1,1,Total,493,1863,1863,IPEDS_EF2012A,0
2012,colby,0,0,1,1,1,"Two or more races, non-Hispanic",28,74,74,IPEDS_EF2012A,0
2012,colby,0,0,1,1,1,"White, non-Hispanic",293,1126,1126,IPEDS_EF2012A,0
2012,colgate,0,0,0,0,1,"American Indian or Alaska Native, non-Hispanic",2,8,8,IPEDS_EF2012A,0
2012,colgate,0,0,0,0,1,"Asian, non-Hispanic",25,106,106,IPEDS_EF2012A,0
2012,colgate,0,0,0,0,1,"Black or African American, non-Hispanic",28,120,120,IPEDS_EF2012A,0
2012,colgate,0,0,0,0,1,Hispanic/Latino,55,216,216,IPEDS_EF2012A,0
2012,colgate,0,0,0,0,1,"Native Hawaiian or other Pacific Islander, non-Hispanic",0,4,4,IPEDS_EF2012A,0
2012,colgate,0,0,0,0,1,Nonresident,59,215,216,IPEDS_EF2012A,0
2012,colgate,0,0,0,0,1,Race and/or ethnicity unknown,40,128,130,IPEDS_EF2012A,0
2012,colgate,0,0,0,0,1,Total,756,2850,2871,IPEDS_EF2012A,0
2012,colgate,0,0,0,0,1,"Two or more races, non-Hispanic",21,82,82,IPEDS_EF2012A,0
2012,colgate,0,0,0,0,1,"White, non-Hispanic",526,1971,1989,IPEDS_EF2012A,0
2012,columbia,1,1,0,0,1,"American Indian or Alaska Native, non-Hispanic",6,42,42,IPEDS_EF2012A,0
2012,columbia,1,1,0,0,1,"Asian, non-Hispanic",261,1222,1222,IPEDS_EF2012A,0
2012,columbia,1,1,0,0,1,"Black or African American, non-Hispanic",133,621,621,IPEDS_EF2012A,0
2012,columbia,1,1,0,0,1,Hispanic/Latino,233,1117,1117,IPEDS_EF2012A,0
2012,columbia,1,1,0,0,1,"Native Hawaiian or other Pacific Islander, non-Hispanic",1,9,9,IPEDS_EF2012A,0
2012,columbia,1,1,0,0,1,Nonresident,202,978,978,IPEDS_EF2012A,0
2012,columbia,1,1,0,0,1,Race and/or ethnicity unknown,16,321,321,IPEDS_EF2012A,0
2012,columbia,1,1,0,0,1,Total,1460,7814,7814,IPEDS_EF2012A,0
2012,columbia,1,1,0,0,1,"Two or more races, non-Hispanic",74,341,341,IPEDS_EF2012A,0
2012,columbia,1,1,0,0,1,"White, non-Hispanic",534,3163,3163,IPEDS_EF2012A,0
2012,conncoll,0,0,1,1,0,"American Indian or Alaska Native, non-Hispanic",0,0,1,IPEDS_EF2012A,0
2012,conncoll,0,0,1,1,0,"Asian, non-Hispanic",21,48,50,IPEDS_EF2012A,0
2012,conncoll,0,0,1,1,0,"Black or African American, non-Hispanic",18,68,70,IPEDS_EF2012A,0
2012,conncoll,0,0,1,1,0,Hispanic/Latino,49,139,140,IPEDS_EF2012A,0
2012,conncoll,0,0,1,1,0,"Native Hawaiian or other Pacific Islander, non-Hispanic",0,0,0,IPEDS_EF2012A,0
2012,conncoll,0,0,1,1,0,Nonresident,20,73,80,IPEDS_EF2012A,0
2012,conncoll,0,0,1,1,0,Race and/or ethnicity unknown,29,97,135,IPEDS_EF2012A,0
2012,conncoll,0,0,1,1,0,Total,503,1816,1926,IPEDS_EF2012A,0
2012,conncoll,0,0,1,1,0,"Two or more races, non-Hispanic",8,46,46,IPEDS_EF2012A,0
2012,conncoll,0,0,1,1,0,"White, non-Hispanic",358,1345,1404,IPEDS_EF2012A,0
2012,cornell,1,1,0,0,1,"American Indian or Alaska Native, non-Hispanic",11,39,40,IPEDS_EF2012A,0
2012,cornell,1,1,0,0,1,"Asian, non-Hispanic",556,2299,2299,IPEDS_EF2012A,0
2012,cornell,1,1,0,0,1,"Black or African American, non-Hispanic",182,827,828,IPEDS_EF2012A,0
2012,cornell,1,1,0,0,1,Hispanic/Latino,390,1492,1492,IPEDS_EF2012A,0
2012,cornell,1,1,0,0,1,"Native Hawaiian or other Pacific Islander, non-Hispanic",3,12,12,IPEDS_EF2012A,0
2012,cornell,1,1,0,0,1,Nonresident,296,1308,1363,IPEDS_EF2012A,0
2012,cornell,1,1,0,0,1,Race and/or ethnicity unknown,296,1351,1362,IPEDS_EF2012A,0
2012,cornell,1,1,0,0,1,Total,3217,14186,14261,IPEDS_EF2012A,0
2012,cornell,1,1,0,0,1,"Two or more races, non-Hispanic",150,572,572,IPEDS_EF2012A,0
2012,cornell,1,1,0,0,1,"White, non-Hispanic",1333,6286,6293,IPEDS_EF2012A,0
2012,dartmouth,1,1,0,0,1,"American Indian or Alaska Native, non-Hispanic",18,99,99,IPEDS_EF2012A,0
2012,dartmouth,1,1,0,0,1,"Asian, non-Hispanic",163,588,592,IPEDS_EF2012A,0
2012,dartmouth,1,1,0,0,1,"Black or African American, non-Hispanic",75,294,294,IPEDS_EF2012A,0
2012,dartmouth,1,1,0,0,1,Hispanic/Latino,82,331,331,IPEDS_EF2012A,0
2012,dartmouth,1,1,0,0,1,"Native Hawaiian or other Pacific Islander, non-Hispanic",1,3,3,IPEDS_EF2012A,0
2012,dartmouth,1,1,0,0,1,Nonresident,97,310,334,IPEDS_EF2012A,0
2012,dartmouth,1,1,0,0,1,Race and/or ethnicity unknown,96,356,404,IPEDS_EF2012A,0
2012,dartmouth,1,1,0,0,1,Total,1095,4098,4193,IPEDS_EF2012A,0
2012,dartmouth,1,1,0,0,1,"Two or more races, non-Hispanic",54,168,169,IPEDS_EF2012A,0
2012,dartmouth,1,1,0,0,1,"White, non-Hispanic",509,1949,1967,IPEDS_EF2012A,0
2012,davidson,0,0,0,1,1,"American Indian or Alaska Native, non-Hispanic",6,10,10,IPEDS_EF2012A,0
2012,davidson,0,0,0,1,1,"Asian, non-Hispanic",30,82,82,IPEDS_EF2012A,0
2012,davidson,0,0,0,1,1,"Black or African American, non-Hispanic",36,125,125,IPEDS_EF2012A,0
2012,davidson,0,0,0,1,1,Hispanic/Latino,34,99,99,IPEDS_EF2012A,0
2012,davidson,0,0,0,1,1,"Native Hawaiian or other Pacific Islander, non-Hispanic",0,1,1,IPEDS_EF2012A,0
2012,davidson,0,0,0,1,1,Nonresident,27,81,84,IPEDS_EF2012A,0
2012,davidson,0,0,0,1,1,Race and/or ethnicity unknown,2,64,66,IPEDS_EF2012A,0
2012,davidson,0,0,0,1,1,Total,490,1785,1790,IPEDS_EF2012A,0
2012,davidson,0,0,0,1,1,"Two or more races, non-Hispanic",17,51,51,IPEDS_EF2012A,0
2012,davidson,0,0,0,1,1,"White, non-Hispanic",338,1272,1272,IPEDS_EF2012A,0
2012,duke,0,1,0,0,1,"American Indian or Alaska Native, non-Hispanic",11,35,35,IPEDS_EF2012A,0
2012,duke,0,1,0,0,1,"Asian, non-Hispanic",368,1336,1351,IPEDS_EF2012A,0
2012,duke,0,1,0,0,1,"Black or African American, non-Hispanic",171,654,659,IPEDS_EF2012A,0
2012,duke,0,1,0,0,1,Hispanic/Latino,97,417,425,IPEDS_EF2012A,0
2012,duke,0,1,0,0,1,"Native Hawaiian or other Pacific Islander, non-Hispanic",0,4,4,IPEDS_EF2012A,0
2012,duke,0,1,0,0,1,Nonresident,157,532,549,IPEDS_EF2012A,0
2012,duke,0,1,0,0,1,Race and/or ethnicity unknown,52,376,388,IPEDS_EF2012A,0
2012,duke,0,1,0,0,1,Total,1714,6493,6655,IPEDS_EF2012A,0
2012,duke,0,1,0,0,1,"Two or more races, non-Hispanic",39,117,120,IPEDS_EF2012A,0
2012,duke,0,1,0,0,1,"White, non-Hispanic",819,3022,3124,IPEDS_EF2012A,0
2012,emory,0,0,0,0,1,"American Indian or Alaska Native, non-Hispanic",1,15,15,IPEDS_EF2012A,0
2012,emory,0,0,0,0,1,"Asian, non-Hispanic",396,1746,1751,IPEDS_EF2012A,0
2012,emory,0,0,0,0,1,"Black or African American, non-Hispanic",151,734,747,IPEDS_EF2012A,0
2012,emory,0,0,0,0,1,Hispanic/Latino,128,415,415,IPEDS_EF2012A,0
2012,emory,0,0,0,0,1,"Native Hawaiian or other Pacific Islander, non-Hispanic",0,3,3,IPEDS_EF2012A,0
2012,emory,0,0,0,0,1,Nonresident,325,1015,1096,IPEDS_EF2012A,0
2012,emory,0,0,0,0,1,Race and/or ethnicity unknown,52,441,443,IPEDS_EF2012A,0
2012,emory,0,0,0,0,1,Total,1824,7537,7656,IPEDS_EF2012A,0
2012,emory,0,0,0,0,1,"Two or more races, non-Hispanic",51,155,155,IPEDS_EF2012A,0
2012,emory,0,0,0,0,1,"White, non-Hispanic",720,3013,3031,IPEDS_EF2012A,0
2012,fandm,0,0,0,1,0,"American Indian or Alaska Native, non-Hispanic",1,2,2,IPEDS_EF2012A,0
2012,fandm,0,0,0,1,0,"Asian, non-Hispanic",22,81,82,IPEDS_EF2012A,0
2012,fandm,0,0,0,1,0,"Black or African American, non-Hispanic",37,99,99,IPEDS_EF2012A,0
2012,fandm,0,0,0,1,0,Hispanic/Latino,44,142,142,IPEDS_EF2012A,0
2012,fandm,0,0,0,1,0,"Native Hawaiian or other Pacific Islander, non-Hispanic",1,1,1,IPEDS_EF2012A,0
2012,fandm,0,0,0,1,0,Nonresident,77,241,245,IPEDS_EF2012A,0
2012,fandm,0,0,0,1,0,Race and/or ethnicity unknown,44,151,195,IPEDS_EF2012A,0
2012,fandm,0,0,0,1,0,Total,599,2313,2365,IPEDS_EF2012A,0
2012,fandm,0,0,0,1,0,"Two or more races, non-Hispanic",8,51,51,IPEDS_EF2012A,0
2012,fandm,0,0,0,1,0,"White, non-Hispanic",365,1545,1548,IPEDS_EF2012A,0
2012,georgetown,0,0,0,0,1,"American Indian or Alaska Native, non-Hispanic",1,9,9,IPEDS_EF2012A,0
2012,georgetown,0,0,0,0,1,"Asian, non-Hispanic",156,651,655,IPEDS_EF2012A,0
2012,georgetown,0,0,0,0,1,"Black or African American, non-Hispanic",97,459,466,IPEDS_EF2012A,0
2012,georgetown,0,0,0,0,1,Hispanic/Latino,104,556,567,IPEDS_EF2012A,0
2012,georgetown,0,0,0,0,1,"Native Hawaiian or other Pacific Islander, non-Hispanic",0,6,6,IPEDS_EF2012A,0
2012,georgetown,0,0,0,0,1,Nonresident,154,669,861,IPEDS_EF2012A,0
2012,georgetown,0,0,0,0,1,Race and/or ethnicity unknown,28,157,228,IPEDS_EF2012A,0
2012,georgetown,0,0,0,0,1,Total,1570,7200,7552,IPEDS_EF2012A,0
2012,georgetown,0,0,0,0,1,"Two or more races, non-Hispanic",61,262,263,IPEDS_EF2012A,0
2012,georgetown,0,0,0,0,1,"White, non-Hispanic",969,4431,4497,IPEDS_EF2012A,0
2012,grinnell,0,0,0,0,1,"American Indian or Alaska Native, non-Hispanic",1,4,4,IPEDS_EF2012A,0
2012,grinnell,0,0,0,0,1,"Asian, non-Hispanic",34,114,117,IPEDS_EF2012A,0
2012,grinnell,0,0,0,0,1,"Black or African American, non-Hispanic",21,92,92,IPEDS_EF2012A,0
2012,grinnell,0,0,0,0,1,Hispanic/Latino,30,122,123,IPEDS_EF2012A,0
2012,grinnell,0,0,0,0,1,"Native Hawaiian or other Pacific Islander, non-Hispanic",0,0,0,IPEDS_EF2012A,0
2012,grinnell,0,0,0,0,1,Nonresident,59,198,198,IPEDS_EF2012A,0
2012,grinnell,0,0,0,0,1,Race and/or ethnicity unknown,19,78,112,IPEDS_EF2012A,0
2012,grinnell,0,0,0,0,1,Total,444,1611,1674,IPEDS_EF2012A,0
2012,grinnell,0,0,0,0,1,"Two or more races, non-Hispanic",19,69,69,IPEDS_EF2012A,0
2012,grinnell,0,0,0,0,1,"White, non-Hispanic",261,934,959,IPEDS_EF2012A,0
2012,hamilton,0,0,1,1,1,"American Indian or Alaska Native, non-Hispanic",0,5,5,IPEDS_EF2012A,0
2012,hamilton,0,0,1,1,1,"Asian, non-Hispanic",43,141,142,IPEDS_EF2012A,0
2012,hamilton,0,0,1,1,1,"Black or African American, non-Hispanic",24,73,73,IPEDS_EF2012A,0
2012,hamilton,0,0,1,1,1,Hispanic/Latino,38,126,126,IPEDS_EF2012A,0
2012,hamilton,0,0,1,1,1,"Native Hawaiian or other Pacific Islander, non-Hispanic",0,0,0,IPEDS_EF2012A,0
2012,hamilton,0,0,1,1,1,Nonresident,26,90,90,IPEDS_EF2012A,0
2012,hamilton,0,0,1,1,1,Race and/or ethnicity unknown,41,212,219,IPEDS_EF2012A,0
2012,hamilton,0,0,1,1,1,Total,469,1867,1884,IPEDS_EF2012A,0
2012,hamilton,0,0,1,1,1,"Two or more races, non-Hispanic",12,37,37,IPEDS_EF2012A,0
2012,hamilton,0,0,1,1,1,"White, non-Hispanic",285,1183,1192,IPEDS_EF2012A,0
2012,hampshire,0,0,0,1,0,"American Indian or Alaska Native, non-Hispanic",0,2,2,IPEDS_EF2012A,0
2012,hampshire,0,0,0,1,0,"Asian, non-Hispanic",14,34,34,IPEDS_EF2012A,0
2012,hampshire,0,0,0,1,0,"Black or African American, non-Hispanic",8,40,44,IPEDS_EF2012A,0
2012,hampshire,0,0,0,1,0,Hispanic/Latino,34,136,142,IPEDS_EF2012A,0
2012,hampshire,0,0,0,1,0,"Native Hawaiian or other Pacific Islander, non-Hispanic",0,0,0,IPEDS_EF2012A,0
2012,hampshire,0,0,0,1,0,Nonresident,20,78,87,IPEDS_EF2012A,0
2012,hampshire,0,0,0,1,0,Race and/or ethnicity unknown,25,144,147,IPEDS_EF2012A,0
2012,hampshire,0,0,0,1,0,Total,357,1437,1461,IPEDS_EF2012A,0
2012,hampshire,0,0,0,1,0,"Two or more races, non-Hispanic",12,66,67,IPEDS_EF2012A,0
2012,hampshire,0,0,0,1,0,"White, non-Hispanic",244,937,938,IPEDS_EF2012A,0
2012,harvard,1,1,0,0,1,"American Indian or Alaska Native, non-Hispanic",2,17,24,IPEDS_EF2012A,0
2012,harvard,1,1,0,0,1,"Asian, non-Hispanic",338,1262,1608,IPEDS_EF2012A,0
2012,harvard,1,1,0,0,1,"Black or African American, non-Hispanic",107,465,632,IPEDS_EF2012A,0
2012,harvard,1,1,0,0,1,Hispanic/Latino,152,651,903,IPEDS_EF2012A,0
2012,harvard,1,1,0,0,1,"Native Hawaiian or other Pacific Islander, non-Hispanic",0,3,5,IPEDS_EF2012A,0
2012,harvard,1,1,0,0,1,Nonresident,185,747,1134,IPEDS_EF2012A,0
2012,harvard,1,1,0,0,1,Race and/or ethnicity unknown,42,336,632,IPEDS_EF2012A,0
2012,harvard,1,1,0,0,1,Total,1665,7207,10478,IPEDS_EF2012A,0
2012,harvard,1,1,0,0,1,"Two or more races, non-Hispanic",98,390,498,IPEDS_EF2012A,0
2012,harvard,1,1,0,0,1,"White, non-Hispanic",741,3336,5042,IPEDS_EF2012A,0
2012,haverford,0,0,0,1,0,"American Indian or Alaska Native, non-Hispanic",1,3,3,IPEDS_EF2012A,0
2012,haverford,0,0,0,1,0,"Asian, non-Hispanic",26,85,85,IPEDS_EF2012A,0
2012,haverford,0,0,0,1,0,"Black or African American, non-Hispanic",25,76,76,IPEDS_EF2012A,0
2012,haverford,0,0,0,1,0,Hispanic/Latino,38,108,108,IPEDS_EF2012A,0
2012,haverford,0,0,0,1,0,"Native Hawaiian or other Pacific Islander, non-Hispanic",0,0,0,IPEDS_EF2012A,0
2012,haverford,0,0,0,1,0,Nonresident,19,49,54,IPEDS_EF2012A,0
2012,haverford,0,0,0,1,0,Race and/or ethnicity unknown,0,0,0,IPEDS_EF2012A,0
2012,haverford,0,0,0,1,0,Total,323,1200,1205,IPEDS_EF2012A,0
2012,haverford,0,0,0,1,0,"Two or more races, non-Hispanic",13,71,71,IPEDS_EF2012A,0
2012,haverford,0,0,0,1,0,"White, non-Hispanic",201,808,808,IPEDS_EF2012A,0
2012,hmc,0,0,0,0,1,"American Indian or Alaska Native, non-Hispanic",0,3,3,IPEDS_EF2012A,0
2012,hmc,0,0,0,0,1,"Asian, non-Hispanic",46,167,168,IPEDS_EF2012A,0
2012,hmc,0,0,0,0,1,"Black or African American, non-Hispanic",2,7,7,IPEDS_EF2012A,0
2012,hmc,0,0,0,0,1,Hispanic/Latino,16,56,56,IPEDS_EF2012A,0
2012,hmc,0,0,0,0,1,"Native Hawaiian or other Pacific Islander, non-Hispanic",0,0,0,IPEDS_EF2012A,0
2012,hmc,0,0,0,0,1,Nonresident,19,62,65,IPEDS_EF2012A,0
2012,hmc,0,0,0,0,1,Race and/or ethnicity unknown,17,42,42,IPEDS_EF2012A,0
2012,hmc,0,0,0,0,1,Total,198,780,784,IPEDS_EF2012A,0
2012,hmc,0,0,0,0,1,"Two or more races, non-Hispanic",7,19,19,IPEDS_EF2012A,0
2012,hmc,0,0,0,0,1,"White, non-Hispanic",91,424,424,IPEDS_EF2012A,0
2012,jhu,0,1,0,0,1,"American Indian or Alaska Native, non-Hispanic",3,7,9,IPEDS_EF2012A,0
2012,jhu,0,1,0,0,1,"Asian, non-Hispanic",259,1073,1082,IPEDS_EF2012A,0
2012,jhu,0,1,0,0,1,"Black or African American, non-Hispanic",81,326,334,IPEDS_EF2012A,0
2012,jhu,0,1,0,0,1,Hispanic/Latino,176,544,546,IPEDS_EF2012A,0
2012,jhu,0,1,0,0,1,"Native Hawaiian or other Pacific Islander, non-Hispanic",1,6,6,IPEDS_EF2012A,0
2012,jhu,0,1,0,0,1,Nonresident,131,612,626,IPEDS_EF2012A,0
2012,jhu,0,1,0,0,1,Race and/or ethnicity unknown,41,147,150,IPEDS_EF2012A,0
2012,jhu,0,1,0,0,1,Total,1391,5932,6023,IPEDS_EF2012A,0
2012,jhu,0,1,0,0,1,"Two or more races, non-Hispanic",59,238,241,IPEDS_EF2012A,0
2012,jhu,0,1,0,0,1,"White, non-Hispanic",640,2979,3029,IPEDS_EF2012A,0
2012,macalester,0,0,0,1,0,"American Indian or Alaska Native, non-Hispanic",0,4,4,IPEDS_EF2012A,0
2012,macalester,0,0,0,1,0,"Asian, non-Hispanic",44,142,143,IPEDS_EF2012A,0
2012,macalester,0,0,0,1,0,"Black or African American, non-Hispanic",6,58,58,IPEDS_EF2012A,0
2012,macalester,0,0,0,1,0,Hispanic/Latino,28,128,129,IPEDS_EF2012A,0
2012,macalester,0,0,0,1,0,"Native Hawaiian or other Pacific Islander, non-Hispanic",0,0,0,IPEDS_EF2012A,0
2012,macalester,0,0,0,1,0,Nonresident,70,256,266,IPEDS_EF2012A,0
2012,macalester,0,0,0,1,0,Race and/or ethnicity unknown,0,0,0,IPEDS_EF2012A,0
2012,macalester,0,0,0,1,0,Total,534,2047,2070,IPEDS_EF2012A,0
2012,macalester,0,0,0,1,0,"Two or more races, non-Hispanic",26,99,99,IPEDS_EF2012A,0
2012,macalester,0,0,0,1,0,"White, non-Hispanic",360,1360,1371,IPEDS_EF2012A,0
2012,middlebury,0,0,1,1,1,"American Indian or Alaska Native, non-Hispanic",2,6,6,IPEDS_EF2012A,0
2012,middlebury,0,0,1,1,1,"Asian, non-Hispanic",42,145,145,IPEDS_EF2012A,0
2012,middlebury,0,0,1,1,1,"Black or African American, non-Hispanic",19,56,56,IPEDS_EF2012A,0
2012,middlebury,0,0,1,1,1,Hispanic/Latino,41,170,170,IPEDS_EF2012A,0
2012,middlebury,0,0,1,1,1,"Native Hawaiian or other Pacific Islander, non-Hispanic",0,0,0,IPEDS_EF2012A,0
2012,middlebury,0,0,1,1,1,Nonresident,65,228,252,IPEDS_EF2012A,0
2012,middlebury,0,0,1,1,1,Race and/or ethnicity unknown,11,81,82,IPEDS_EF2012A,0
2012,middlebury,0,0,1,1,1,Total,598,2487,2516,IPEDS_EF2012A,0
2012,middlebury,0,0,1,1,1,"Two or more races, non-Hispanic",29,108,109,IPEDS_EF2012A,0
2012,middlebury,0,0,1,1,1,"White, non-Hispanic",389,1693,1696,IPEDS_EF2012A,0
2012,mit,0,1,0,0,1,"American Indian or Alaska Native, non-Hispanic",0,14,14,IPEDS_EF2012A,0
2012,mit,0,1,0,0,1,"Asian, non-Hispanic",276,1083,1083,IPEDS_EF2012A,0
2012,mit,0,1,0,0,1,"Black or African American, non-Hispanic",65,278,278,IPEDS_EF2012A,0
2012,mit,0,1,0,0,1,Hispanic/Latino,185,687,687,IPEDS_EF2012A,0
2012,mit,0,1,0,0,1,"Native Hawaiian or other Pacific Islander, non-Hispanic",0,0,0,IPEDS_EF2012A,0
2012,mit,0,1,0,0,1,Nonresident,114,445,468,IPEDS_EF2012A,0
2012,mit,0,1,0,0,1,Race and/or ethnicity unknown,18,133,135,IPEDS_EF2012A,0
2012,mit,0,1,0,0,1,Total,1135,4477,4503,IPEDS_EF2012A,0
2012,mit,0,1,0,0,1,"Two or more races, non-Hispanic",61,188,188,IPEDS_EF2012A,0
2012,mit,0,1,0,0,1,"White, non-Hispanic",416,1649,1650,IPEDS_EF2012A,0
2012,mtholyoke,0,0,0,1,0,"American Indian or Alaska Native, non-Hispanic",0,1,1,IPEDS_EF2012A,0
2012,mtholyoke,0,0,0,1,0,"Asian, non-Hispanic",43,168,168,IPEDS_EF2012A,0
2012,mtholyoke,0,0,0,1,0,"Black or African American, non-Hispanic",31,139,139,IPEDS_EF2012A,0
2012,mtholyoke,0,0,0,1,0,Hispanic/Latino,37,196,198,IPEDS_EF2012A,0
2012,mtholyoke,0,0,0,1,0,"Native Hawaiian or other Pacific Islander, non-Hispanic",1,1,1,IPEDS_EF2012A,0
2012,mtholyoke,0,0,0,1,0,Nonresident,107,525,545,IPEDS_EF2012A,0
2012,mtholyoke,0,0,0,1,0,Race and/or ethnicity unknown,11,78,78,IPEDS_EF2012A,0
2012,mtholyoke,0,0,0,1,0,Total,496,2294,2325,IPEDS_EF2012A,0
2012,mtholyoke,0,0,0,1,0,"Two or more races, non-Hispanic",19,82,83,IPEDS_EF2012A,0
2012,mtholyoke,0,0,0,1,0,"White, non-Hispanic",247,1104,1112,IPEDS_EF2012A,0
2012,navy,0,0,0,0,1,"American Indian or Alaska Native, non-Hispanic",7,18,18,IPEDS_EF2012A,0
2012,navy,0,0,0,0,1,"Asian, non-Hispanic",76,231,231,IPEDS_EF2012A,0
2012,navy,0,0,0,0,1,"Black or African American, non-Hispanic",86,315,315,IPEDS_EF2012A,0
2012,navy,0,0,0,0,1,Hispanic/Latino,138,563,563,IPEDS_EF2012A,0
2012,navy,0,0,0,0,1,"Native Hawaiian or other Pacific Islander, non-Hispanic",6,30,30,IPEDS_EF2012A,0
2012,navy,0,0,0,0,1,Nonresident,17,58,58,IPEDS_EF2012A,0
2012,navy,0,0,0,0,1,Race and/or ethnicity unknown,17,46,46,IPEDS_EF2012A,0
2012,navy,0,0,0,0,1,Total,1186,4536,4536,IPEDS_EF2012A,0
2012,navy,0,0,0,0,1,"Two or more races, non-Hispanic",95,346,346,IPEDS_EF2012A,0
2012,navy,0,0,0,0,1,"White, non-Hispanic",744,2929,2929,IPEDS_EF2012A,0
2012,northwestern,0,0,0,0,1,"American Indian or Alaska Native, non-Hispanic",2,9,10,IPEDS_EF2012A,0
2012,northwestern,0,0,0,0,1,"Asian, non-Hispanic",357,1604,1629,IPEDS_EF2012A,0
2012,northwestern,0,0,0,0,1,"Black or African American, non-Hispanic",111,495,513,IPEDS_EF2012A,0
2012,northwestern,0,0,0,0,1,Hispanic/Latino,181,733,748,IPEDS_EF2012A,0
2012,northwestern,0,0,0,0,1,"Native Hawaiian or other Pacific Islander, non-Hispanic",0,3,3,IPEDS_EF2012A,0
2012,northwestern,0,0,0,0,1,Nonresident,138,544,570,IPEDS_EF2012A,0
2012,northwestern,0,0,0,0,1,Race and/or ethnicity unknown,17,197,376,IPEDS_EF2012A,0
2012,northwestern,0,0,0,0,1,Total,2037,8936,9376,IPEDS_EF2012A,0
2012,northwestern,0,0,0,0,1,"Two or more races, non-Hispanic",117,377,381,IPEDS_EF2012A,0
2012,northwestern,0,0,0,0,1,"White, non-Hispanic",1114,4974,5146,IPEDS_EF2012A,0
2012,notredame,0,0,0,0,1,"American Indian or Alaska Native, non-Hispanic",8,36,36,IPEDS_EF2012A,0
2012,notredame,0,0,0,0,1,"Asian, non-Hispanic",140,555,555,IPEDS_EF2012A,0
2012,notredame,0,0,0,0,1,"Black or African American, non-Hispanic",75,280,280,IPEDS_EF2012A,0
2012,notredame,0,0,0,0,1,Hispanic/Latino,229,843,843,IPEDS_EF2012A,0
2012,notredame,0,0,0,0,1,"Native Hawaiian or other Pacific Islander, non-Hispanic",0,1,1,IPEDS_EF2012A,0
2012,notredame,0,0,0,0,1,Nonresident,96,306,315,IPEDS_EF2012A,0
2012,notredame,0,0,0,0,1,Race and/or ethnicity unknown,8,56,56,IPEDS_EF2012A,0
2012,notredame,0,0,0,0,1,Total,2014,8466,8475,IPEDS_EF2012A,0
2012,notredame,0,0,0,0,1,"Two or more races, non-Hispanic",87,269,269,IPEDS_EF2012A,0
2012,notredame,0,0,0,0,1,"White, non-Hispanic",1371,6120,6120,IPEDS_EF2012A,0
2012,oberlin,0,0,0,1,0,"American Indian or Alaska Native, non-Hispanic",0,4,4,IPEDS_EF2012A,0
2012,oberlin,0,0,0,1,0,"Asian, non-Hispanic",38,119,119,IPEDS_EF2012A,0
2012,oberlin,0,0,0,1,0,"Black or African American, non-Hispanic",44,154,154,IPEDS_EF2012A,0
2012,oberlin,0,0,0,1,0,Hispanic/Latino,61,193,193,IPEDS_EF2012A,0
2012,oberlin,0,0,0,1,0,"Native Hawaiian or other Pacific Islander, non-Hispanic",0,0,0,IPEDS_EF2012A,0
2012,oberlin,0,0,0,1,0,Nonresident,52,181,181,IPEDS_EF2012A,0
2012,oberlin,0,0,0,1,0,Race and/or ethnicity unknown,10,31,31,IPEDS_EF2012A,0
2012,oberlin,0,0,0,1,0,Total,764,2930,2930,IPEDS_EF2012A,0
2012,oberlin,0,0,0,1,0,"Two or more races, non-Hispanic",36,155,155,IPEDS_EF2012A,0
2012,oberlin,0,0,0,1,0,"White, non-Hispanic",523,2093,2093,IPEDS_EF2012A,0
2012,penn,1,1,0,0,1,"American Indian or Alaska Native, non-Hispanic",4,27,29,IPEDS_EF2012A,0
2012,penn,1,1,0,0,1,"Asian, non-Hispanic",460,1943,2050,IPEDS_EF2012A,0
2012,penn,1,1,0,0,1,"Black or African American, non-Hispanic",185,782,814,IPEDS_EF2012A,0
2012,penn,1,1,0,0,1,Hispanic/Latino,253,964,1001,IPEDS_EF2012A,0
2012,penn,1,1,0,0,1,"Native Hawaiian or other Pacific Islander, non-Hispanic",2,6,7,IPEDS_EF2012A,0
2012,penn,1,1,0,0,1,Nonresident,280,1142,1306,IPEDS_EF2012A,0
2012,penn,1,1,0,0,1,Race and/or ethnicity unknown,108,563,787,IPEDS_EF2012A,0
2012,penn,1,1,0,0,1,Total,2453,10679,11678,IPEDS_EF2012A,0
2012,penn,1,1,0,0,1,"Two or more races, non-Hispanic",98,301,325,IPEDS_EF2012A,0
2012,penn,1,1,0,0,1,"White, non-Hispanic",1063,4951,5359,IPEDS_EF2012A,0
2012,pomona,0,0,0,1,1,"American Indian or Alaska Native, non-Hispanic",2,2,2,IPEDS_EF2012A,0
2012,pomona,0,0,0,1,1,"Asian, non-Hispanic",52,173,174,IPEDS_EF2012A,0
2012,pomona,0,0,0,1,1,"Black or African American, non-Hispanic",24,99,99,IPEDS_EF2012A,0
2012,pomona,0,0,0,1,1,Hispanic/Latino,63,222,223,IPEDS_EF2012A,0
2012,pomona,0,0,0,1,1,"Native Hawaiian or other Pacific Islander, non-Hispanic",0,0,0,IPEDS_EF2012A,0
2012,pomona,0,0,0,1,1,Nonresident,38,99,109,IPEDS_EF2012A,0
2012,pomona,0,0,0,1,1,Race and/or ethnicity unknown,25,171,180,IPEDS_EF2012A,0
2012,pomona,0,0,0,1,1,Total,399,1585,1607,IPEDS_EF2012A,0
2012,pomona,0,0,0,1,1,"Two or more races, non-Hispanic",33,103,103,IPEDS_EF2012A,0
2012,pomona,0,0,0,1,1,"White, non-Hispanic",162,716,717,IPEDS_EF2012A,0
2012,princeton,1,1,0,0,1,"American Indian or Alaska Native, non-Hispanic",0,9,9,IPEDS_EF2012A,0
2012,princeton,1,1,0,0,1,"Asian, non-Hispanic",302,1010,1015,IPEDS_EF2012A,0
2012,princeton,1,1,0,0,1,"Black or African American, non-Hispanic",101,391,392,IPEDS_EF2012A,0
2012,princeton,1,1,0,0,1,Hispanic/Latino,101,394,396,IPEDS_EF2012A,0
2012,princeton,1,1,0,0,1,"Native Hawaiian or other Pacific Islander, non-Hispanic",0,3,3,IPEDS_EF2012A,0
2012,princeton,1,1,0,0,1,Nonresident,151,555,556,IPEDS_EF2012A,0
2012,princeton,1,1,0,0,1,Race and/or ethnicity unknown,20,125,172,IPEDS_EF2012A,0
2012,princeton,1,1,0,0,1,Total,1357,5255,5327,IPEDS_EF2012A,0
2012,princeton,1,1,0,0,1,"Two or more races, non-Hispanic",69,216,219,IPEDS_EF2012A,0
2012,princeton,1,1,0,0,1,"White, non-Hispanic",613,2552,2565,IPEDS_EF2012A,0
2012,reed,0,0,0,1,0,"American Indian or Alaska Native, non-Hispanic",1,15,15,IPEDS_EF2012A,0
2012,reed,0,0,0,1,0,"Asian, non-Hispanic",12,113,115,IPEDS_EF2012A,0
2012,reed,0,0,0,1,0,"Black or African American, non-Hispanic",4,40,40,IPEDS_EF2012A,0
2012,reed,0,0,0,1,0,Hispanic/Latino,46,125,125,IPEDS_EF2012A,0
2012,reed,0,0,0,1,0,"Native Hawaiian or other Pacific Islander, non-Hispanic",0,1,1,IPEDS_EF2012A,0
2012,reed,0,0,0,1,0,Nonresident,18,71,87,IPEDS_EF2012A,0
2012,reed,0,0,0,1,0,Race and/or ethnicity unknown,23,157,166,IPEDS_EF2012A,0
2012,reed,0,0,0,1,0,Total,320,1390,1432,IPEDS_EF2012A,0
2012,reed,0,0,0,1,0,"Two or more races, non-Hispanic",18,21,21,IPEDS_EF2012A,0
2012,reed,0,0,0,1,0,"White, non-Hispanic",198,847,862,IPEDS_EF2012A,0
2012,rice,0,0,0,0,1,"American Indian or Alaska Native, non-Hispanic",0,6,7,IPEDS_EF2012A,0
2012,rice,0,0,0,0,1,"Asian, non-Hispanic",208,813,813,IPEDS_EF2012A,0
2012,rice,0,0,0,0,1,"Black or African American, non-Hispanic",64,253,253,IPEDS_EF2012A,0
2012,rice,0,0,0,0,1,Hispanic/Latino,144,549,549,IPEDS_EF2012A,0
2012,rice,0,0,0,0,1,"Native Hawaiian or other Pacific Islander, non-Hispanic",0,2,3,IPEDS_EF2012A,0
2012,rice,0,0,0,0,1,Nonresident,95,383,410,IPEDS_EF2012A,0
2012,rice,0,0,0,0,1,Race and/or ethnicity unknown,16,47,49,IPEDS_EF2012A,0
2012,rice,0,0,0,0,1,Total,931,3810,3848,IPEDS_EF2012A,0
2012,rice,0,0,0,0,1,"Two or more races, non-Hispanic",43,193,193,IPEDS_EF2012A,0
2012,rice,0,0,0,0,1,"White, non-Hispanic",361,1564,1571,IPEDS_EF2012A,0
2012,richmond,0,0,0,0,1,"American Indian or Alaska Native, non-Hispanic",2,6,7,IPEDS_EF2012A,0
2012,richmond,0,0,0,0,1,"Asian, non-Hispanic",55,192,193,IPEDS_EF2012A,0
2012,richmond,0,0,0,0,1,"Black or African American, non-Hispanic",53,291,295,IPEDS_EF2012A,0
2012,richmond,0,0,0,0,1,Hispanic/Latino,58,193,194,IPEDS_EF2012A,0
2012,richmond,0,0,0,0,1,"Native Hawaiian or other Pacific Islander, non-Hispanic",0,1,1,IPEDS_EF2012A,0
2012,richmond,0,0,0,0,1,Nonresident,79,240,339,IPEDS_EF2012A,0
2012,richmond,0,0,0,0,1,Race and/or ethnicity unknown,62,344,348,IPEDS_EF2012A,0
2012,richmond,0,0,0,0,1,Total,781,3208,3341,IPEDS_EF2012A,0
2012,richmond,0,0,0,0,1,"Two or more races, non-Hispanic",31,73,73,IPEDS_EF2012A,0
2012,richmond,0,0,0,0,1,"White, non-Hispanic",441,1868,1891,IPEDS_EF2012A,0
2012,sarahlawrence,0,0,0,1,0,"American Indian or Alaska Native, non-Hispanic",0,1,1,IPEDS_EF2012A,0
2012,sarahlawrence,0,0,0,1,0,"Asian, non-Hispanic",19,61,61,IPEDS_EF2012A,0
2012,sarahlawrence,0,0,0,1,0,"Black or African American, non-Hispanic",19,60,60,IPEDS_EF2012A,0
2012,sarahlawrence,0,0,0,1,0,Hispanic/Latino,40,125,125,IPEDS_EF2012A,0
2012,sarahlawrence,0,0,0,1,0,"Native Hawaiian or other Pacific Islander, non-Hispanic",0,0,0,IPEDS_EF2012A,0
2012,sarahlawrence,0,0,0,1,0,Nonresident,41,105,106,IPEDS_EF2012A,0
2012,sarahlawrence,0,0,0,1,0,Race and/or ethnicity unknown,16,46,123,IPEDS_EF2012A,0
2012,sarahlawrence,0,0,0,1,0,Total,344,1342,1420,IPEDS_EF2012A,0
2012,sarahlawrence,0,0,0,1,0,"Two or more races, non-Hispanic",19,65,65,IPEDS_EF2012A,0
2012,sarahlawrence,0,0,0,1,0,"White, non-Hispanic",190,879,879,IPEDS_EF2012A,0
2012,smith,0,0,0,1,1,"American Indian or Alaska Native, non-Hispanic",0,5,5,IPEDS_EF2012A,0
2012,smith,0,0,0,1,1,"Asian, non-Hispanic",73,309,309,IPEDS_EF2012A,0
2012,smith,0,0,0,1,1,"Black or African American, non-Hispanic",36,136,136,IPEDS_EF2012A,0
2012,smith,0,0,0,1,1,Hispanic/Latino,85,244,244,IPEDS_EF2012A,0
2012,smith,0,0,0,1,1,"Native Hawaiian or other Pacific Islander, non-Hispanic",0,2,2,IPEDS_EF2012A,0
2012,smith,0,0,0,1,1,Nonresident,73,307,307,IPEDS_EF2012A,0
2012,smith,0,0,0,1,1,Race and/or ethnicity unknown,56,302,302,IPEDS_EF2012A,0
2012,smith,0,0,0,1,1,Total,651,2664,2664,IPEDS_EF2012A,0
2012,smith,0,0,0,1,1,"Two or more races, non-Hispanic",33,118,118,IPEDS_EF2012A,0
2012,smith,0,0,0,1,1,"White, non-Hispanic",295,1241,1241,IPEDS_EF2012A,0
2012,stanford,0,1,0,0,1,"American Indian or Alaska Native, non-Hispanic",11,69,69,IPEDS_EF2012A,0
2012,stanford,0,1,0,0,1,"Asian, non-Hispanic",338,1328,1331,IPEDS_EF2012A,0
2012,stanford,0,1,0,0,1,"Black or African American, non-Hispanic",92,440,441,IPEDS_EF2012A,0
2012,stanford,0,1,0,0,1,Hispanic/Latino,271,1179,1179,IPEDS_EF2012A,0
2012,stanford,0,1,0,0,1,"Native Hawaiian or other Pacific Islander, non-Hispanic",5,26,26,IPEDS_EF2012A,0
2012,stanford,0,1,0,0,1,Nonresident,129,521,541,IPEDS_EF2012A,0
2012,stanford,0,1,0,0,1,Race and/or ethnicity unknown,6,47,55,IPEDS_EF2012A,0
2012,stanford,0,1,0,0,1,Total,1762,6999,7063,IPEDS_EF2012A,0
2012,stanford,0,1,0,0,1,"Two or more races, non-Hispanic",202,754,754,IPEDS_EF2012A,0
2012,stanford,0,1,0,0,1,"White, non-Hispanic",708,2635,2667,IPEDS_EF2012A,0
2012,stolaf,0,0,0,1,0,"American Indian or Alaska Native, non-Hispanic",2,5,5,IPEDS_EF2012A,0
2012,stolaf,0,0,0,1,0,"Asian, non-Hispanic",36,147,148,IPEDS_EF2012A,0
2012,stolaf,0,0,0,1,0,"Black or African American, non-Hispanic",11,57,57,IPEDS_EF2012A,0
2012,stolaf,0,0,0,1,0,Hispanic/Latino,47,125,126,IPEDS_EF2012A,0
2012,stolaf,0,0,0,1,0,"Native Hawaiian or other Pacific Islander, non-Hispanic",0,2,2,IPEDS_EF2012A,0
2012,stolaf,0,0,0,1,0,Nonresident,59,150,163,IPEDS_EF2012A,0
2012,stolaf,0,0,0,1,0,Race and/or ethnicity unknown,0,9,9,IPEDS_EF2012A,0
2012,stolaf,0,0,0,1,0,Total,864,3128,3176,IPEDS_EF2012A,0
2012,stolaf,0,0,0,1,0,"Two or more races, non-Hispanic",38,107,108,IPEDS_EF2012A,0
2012,stolaf,0,0,0,1,0,"White, non-Hispanic",671,2526,2558,IPEDS_EF2012A,0
2012,swarthmore,0,0,0,1,1,"American Indian or Alaska Native, non-Hispanic",0,4,4,IPEDS_EF2012A,0
2012,swarthmore,0,0,0,1,1,"Asian, non-Hispanic",57,215,217,IPEDS_EF2012A,0
2012,swarthmore,0,0,0,1,1,"Black or African American, non-Hispanic",21,93,93,IPEDS_EF2012A,0
2012,swarthmore,0,0,0,1,1,Hispanic/Latino,50,205,206,IPEDS_EF2012A,0
2012,swarthmore,0,0,0,1,1,"Native Hawaiian or other Pacific Islander, non-Hispanic",0,0,0,IPEDS_EF2012A,0
2012,swarthmore,0,0,0,1,1,Nonresident,33,126,126,IPEDS_EF2012A,0
2012,swarthmore,0,0,0,1,1,Race and/or ethnicity unknown,20,109,114,IPEDS_EF2012A,0
2012,swarthmore,0,0,0,1,1,Total,378,1532,1552,IPEDS_EF2012A,0
2012,swarthmore,0,0,0,1,1,"Two or more races, non-Hispanic",25,115,117,IPEDS_EF2012A,0
2012,swarthmore,0,0,0,1,1,"White, non-Hispanic",172,665,675,IPEDS_EF2012A,0
2012,trinity,0,0,1,1,0,"American Indian or Alaska Native, non-Hispanic",0,1,1,IPEDS_EF2012A,0
2012,trinity,0,0,1,1,0,"Asian, non-Hispanic",26,101,102,IPEDS_EF2012A,0
2012,trinity,0,0,1,1,0,"Black or African American, non-Hispanic",34,147,150,IPEDS_EF2012A,0
2012,trinity,0,0,1,1,0,Hispanic/Latino,43,161,162,IPEDS_EF2012A,0
2012,trinity,0,0,1,1,0,"Native Hawaiian or other Pacific Islander, non-Hispanic",0,0,0,IPEDS_EF2012A,0
2012,trinity,0,0,1,1,0,Nonresident,55,176,176,IPEDS_EF2012A,0
2012,trinity,0,0,1,1,0,Race and/or ethnicity unknown,20,96,126,IPEDS_EF2012A,0
2012,trinity,0,0,1,1,0,Total,591,2231,2285,IPEDS_EF2012A,0
2012,trinity,0,0,1,1,0,"Two or more races, non-Hispanic",23,75,76,IPEDS_EF2012A,0
2012,trinity,0,0,1,1,0,"White, non-Hispanic",390,1474,1492,IPEDS_EF2012A,0
2012,tufts,0,0,1,1,0,"American Indian or Alaska Native, non-Hispanic",2,3,3,IPEDS_EF2012A,0
2012,tufts,0,0,1,1,0,"Asian, non-Hispanic",141,535,536,IPEDS_EF2012A,0
2012,tufts,0,0,1,1,0,"Black or African American, non-Hispanic",44,212,212,IPEDS_EF2012A,0
2012,tufts,0,0,1,1,0,Hispanic/Latino,77,339,342,IPEDS_EF2012A,0
2012,tufts,0,0,1,1,0,"Native Hawaiian or other Pacific Islander, non-Hispanic",1,2,2,IPEDS_EF2012A,0
2012,tufts,0,0,1,1,0,Nonresident,127,386,386,IPEDS_EF2012A,0
2012,tufts,0,0,1,1,0,Race and/or ethnicity unknown,123,569,597,IPEDS_EF2012A,0
2012,tufts,0,0,1,1,0,Total,1307,5204,5255,IPEDS_EF2012A,0
2012,tufts,0,0,1,1,0,"Two or more races, non-Hispanic",51,196,197,IPEDS_EF2012A,0
2012,tufts,0,0,1,1,0,"White, non-Hispanic",741,2962,2980,IPEDS_EF2012A,0
2012,uchicago,0,1,0,0,1,"American Indian or Alaska Native, non-Hispanic",5,10,10,IPEDS_EF2012A,0
2012,uchicago,0,1,0,0,1,"Asian, non-Hispanic",290,1004,1004,IPEDS_EF2012A,0
2012,uchicago,0,1,0,0,1,"Black or African American, non-Hispanic",83,253,253,IPEDS_EF2012A,0
2012,uchicago,0,1,0,0,1,Hispanic/Latino,119,474,474,IPEDS_EF2012A,0
2012,uchicago,0,1,0,0,1,"Native Hawaiian or other Pacific Islander, non-Hispanic",1,2,2,IPEDS_EF2012A,0
2012,uchicago,0,1,0,0,1,Nonresident,139,527,531,IPEDS_EF2012A,0
2012,uchicago,0,1,0,0,1,Race and/or ethnicity unknown,115,581,582,IPEDS_EF2012A,0
2012,uchicago,0,1,0,0,1,Total,1527,5612,5618,IPEDS_EF2012A,0
2012,uchicago,0,1,0,0,1,"Two or more races, non-Hispanic",27,195,195,IPEDS_EF2012A,0
2012,uchicago,0,1,0,0,1,"White, non-Hispanic",748,2566,2567,IPEDS_EF2012A,0
2012,ucla,0,0,0,0,1,"American Indian or Alaska Native, non-Hispanic",5,50,50,IPEDS_EF2012A,0
2012,ucla,0,0,0,0,1,"Asian, non-Hispanic",1674,9040,9040,IPEDS_EF2012A,0
2012,ucla,0,0,0,0,1,"Black or African American, non-Hispanic",127,801,801,IPEDS_EF2012A,0
2012,ucla,0,0,0,0,1,Hispanic/Latino,1041,4896,4896,IPEDS_EF2012A,0
2012,ucla,0,0,0,0,1,"Native Hawaiian or other Pacific Islander, non-Hispanic",18,96,96,IPEDS_EF2012A,0
2012,ucla,0,0,0,0,1,Nonresident,1023,2895,2895,IPEDS_EF2012A,0
2012,ucla,0,0,0,0,1,Race and/or ethnicity unknown,101,715,715,IPEDS_EF2012A,0
2012,ucla,0,0,0,0,1,Total,5620,27941,27941,IPEDS_EF2012A,0
2012,ucla,0,0,0,0,1,"Two or more races, non-Hispanic",265,1154,1154,IPEDS_EF2012A,0
2012,ucla,0,0,0,0,1,"White, non-Hispanic",1366,8294,8294,IPEDS_EF2012A,0
2012,umich,0,0,0,0,1,"American Indian or Alaska Native, non-Hispanic",14,45,45,IPEDS_EF2012A,0
2012,umich,0,0,0,0,1,"Asian, non-Hispanic",796,3368,3379,IPEDS_EF2012A,0
2012,umich,0,0,0,0,1,"Black or African American, non-Hispanic",271,1228,1228,IPEDS_EF2012A,0
2012,umich,0,0,0,0,1,Hispanic/Latino,228,1123,1127,IPEDS_EF2012A,0
2012,umich,0,0,0,0,1,"Native Hawaiian or other Pacific Islander, non-Hispanic",4,12,12,IPEDS_EF2012A,0
2012,umich,0,0,0,0,1,Nonresident,256,1721,1804,IPEDS_EF2012A,0
2012,umich,0,0,0,0,1,Race and/or ethnicity unknown,496,1417,1440,IPEDS_EF2012A,0
2012,umich,0,0,0,0,1,Total,6171,27797,27979,IPEDS_EF2012A,0
2012,umich,0,0,0,0,1,"Two or more races, non-Hispanic",184,877,883,IPEDS_EF2012A,0
2012,umich,0,0,0,0,1,"White, non-Hispanic",3922,18006,18061,IPEDS_EF2012A,0
2012,union,0,0,0,1,0,"American Indian or Alaska Native, non-Hispanic",1,5,5,IPEDS_EF2012A,0
2012,union,0,0,0,1,0,"Asian, non-Hispanic",34,137,137,IPEDS_EF2012A,0
2012,union,0,0,0,1,0,"Black or African American, non-Hispanic",20,96,97,IPEDS_EF2012A,0
2012,union,0,0,0,1,0,Hispanic/Latino,43,145,146,IPEDS_EF2012A,0
2012,union,0,0,0,1,0,"Native Hawaiian or other Pacific Islander, non-Hispanic",0,1,1,IPEDS_EF2012A,0
2012,union,0,0,0,1,0,Nonresident,43,115,142,IPEDS_EF2012A,0
2012,union,0,0,0,1,0,Race and/or ethnicity unknown,0,2,6,IPEDS_EF2012A,0
2012,union,0,0,0,1,0,Total,591,2192,2241,IPEDS_EF2012A,0
2012,union,0,0,0,1,0,"Two or more races, non-Hispanic",12,37,37,IPEDS_EF2012A,0
2012,union,0,0,0,1,0,"White, non-Hispanic",438,1654,1670,IPEDS_EF2012A,0
2012,vanderbilt,0,0,0,0,1,"American Indian or Alaska Native, non-Hispanic",4,18,18,IPEDS_EF2012A,0
2012,vanderbilt,0,0,0,0,1,"Asian, non-Hispanic",148,543,545,IPEDS_EF2012A,0
2012,vanderbilt,0,0,0,0,1,"Black or African American, non-Hispanic",127,515,516,IPEDS_EF2012A,0
2012,vanderbilt,0,0,0,0,1,Hispanic/Latino,122,538,540,IPEDS_EF2012A,0
2012,vanderbilt,0,0,0,0,1,"Native Hawaiian or other Pacific Islander, non-Hispanic",0,3,3,IPEDS_EF2012A,0
2012,vanderbilt,0,0,0,0,1,Nonresident,95,369,391,IPEDS_EF2012A,0
2012,vanderbilt,0,0,0,0,1,Race and/or ethnicity unknown,23,230,241,IPEDS_EF2012A,0
2012,vanderbilt,0,0,0,0,1,Total,1608,6753,6796,IPEDS_EF2012A,0
2012,vanderbilt,0,0,0,0,1,"Two or more races, non-Hispanic",77,314,314,IPEDS_EF2012A,0
2012,vanderbilt,0,0,0,0,1,"White, non-Hispanic",1012,4223,4228,IPEDS_EF2012A,0
2012,vassar,0,0,0,1,1,"American Indian or Alaska Native, non-Hispanic",0,1,1,IPEDS_EF2012A,0
2012,vassar,0,0,0,1,1,"Asian, non-Hispanic",51,216,219,IPEDS_EF2012A,0
2012,vassar,0,0,0,1,1,"Black or African American, non-Hispanic",39,135,135,IPEDS_EF2012A,0
2012,vassar,0,0,0,1,1,Hispanic/Latino,72,266,266,IPEDS_EF2012A,0
2012,vassar,0,0,0,1,1,"Native Hawaiian or other Pacific Islander, non-Hispanic",0,0,0,IPEDS_EF2012A,0
2012,vassar,0,0,0,1,1,Nonresident,47,153,168,IPEDS_EF2012A,0
2012,vassar,0,0,0,1,1,Race and/or ethnicity unknown,2,2,3,IPEDS_EF2012A,0
2012,vassar,0,0,0,1,1,Total,658,2370,2406,IPEDS_EF2012A,0
2012,vassar,0,0,0,1,1,"Two or more races, non-Hispanic",45,125,125,IPEDS_EF2012A,0
2012,vassar,0,0,0,1,1,"White, non-Hispanic",402,1472,1489,IPEDS_EF2012A,0
2012,washandlee,0,0,0,1,1,"American Indian or Alaska Native, non-Hispanic",1,3,3,IPEDS_EF2012A,0
2012,washandlee,0,0,0,1,1,"Asian, non-Hispanic",16,55,55,IPEDS_EF2012A,0
2012,washandlee,0,0,0,1,1,"Black or African American, non-Hispanic",10,49,49,IPEDS_EF2012A,0
2012,washandlee,0,0,0,1,1,Hispanic/Latino,18,53,53,IPEDS_EF2012A,0
2012,washandlee,0,0,0,1,1,"Native Hawaiian or other Pacific Islander, non-Hispanic",0,0,0,IPEDS_EF2012A,0
2012,washandlee,0,0,0,1,1,Nonresident,24,79,79,IPEDS_EF2012A,0
2012,washandlee,0,0,0,1,1,Race and/or ethnicity unknown,6,34,34,IPEDS_EF2012A,0
2012,washandlee,0,0,0,1,1,Total,479,1837,1838,IPEDS_EF2012A,0
2012,washandlee,0,0,0,1,1,"Two or more races, non-Hispanic",15,38,38,IPEDS_EF2012A,0
2012,washandlee,0,0,0,1,1,"White, non-Hispanic",389,1526,1527,IPEDS_EF2012A,0
2012,wellesley,0,0,0,1,1,"American Indian or Alaska Native, non-Hispanic",0,1,1,IPEDS_EF2012A,0
2012,wellesley,0,0,0,1,1,"Asian, non-Hispanic",104,490,503,IPEDS_EF2012A,0
2012,wellesley,0,0,0,1,1,"Black or African American, non-Hispanic",23,137,138,IPEDS_EF2012A,0
2012,wellesley,0,0,0,1,1,Hispanic/Latino,62,225,227,IPEDS_EF2012A,0
2012,wellesley,0,0,0,1,1,"Native Hawaiian or other Pacific Islander, non-Hispanic",0,1,1,IPEDS_EF2012A,0
2012,wellesley,0,0,0,1,1,Nonresident,71,281,304,IPEDS_EF2012A,0
2012,wellesley,0,0,0,1,1,Race and/or ethnicity unknown,43,69,120,IPEDS_EF2012A,0
2012,wellesley,0,0,0,1,1,Total,585,2365,2482,IPEDS_EF2012A,0
2012,wellesley,0,0,0,1,1,"Two or more races, non-Hispanic",40,119,121,IPEDS_EF2012A,0
2012,wellesley,0,0,0,1,1,"White, non-Hispanic",242,1042,1067,IPEDS_EF2012A,0
2012,wesleyan,0,0,1,1,1,"American Indian or Alaska Native, non-Hispanic",0,2,2,IPEDS_EF2012A,0
2012,wesleyan,0,0,1,1,1,"Asian, non-Hispanic",67,251,252,IPEDS_EF2012A,0
2012,wesleyan,0,0,1,1,1,"Black or African American, non-Hispanic",59,200,200,IPEDS_EF2012A,0
2012,wesleyan,0,0,1,1,1,Hispanic/Latino,75,293,293,IPEDS_EF2012A,0
2012,wesleyan,0,0,1,1,1,"Native Hawaiian or other Pacific Islander, non-Hispanic",1,2,2,IPEDS_EF2012A,0
2012,wesleyan,0,0,1,1,1,Nonresident,63,215,222,IPEDS_EF2012A,0
2012,wesleyan,0,0,1,1,1,Race and/or ethnicity unknown,67,270,278,IPEDS_EF2012A,0
2012,wesleyan,0,0,1,1,1,Total,752,2924,2940,IPEDS_EF2012A,0
2012,wesleyan,0,0,1,1,1,"Two or more races, non-Hispanic",45,175,175,IPEDS_EF2012A,0
2012,wesleyan,0,0,1,1,1,"White, non-Hispanic",375,1516,1516,IPEDS_EF2012A,0
2012,williams,0,0,1,1,1,"American Indian or Alaska Native, non-Hispanic",3,6,6,IPEDS_EF2012A,0
2012,williams,0,0,1,1,1,"Asian, non-Hispanic",58,221,225,IPEDS_EF2012A,0
2012,williams,0,0,1,1,1,"Black or African American, non-Hispanic",37,155,156,IPEDS_EF2012A,0
2012,williams,0,0,1,1,1,Hispanic/Latino,78,234,234,IPEDS_EF2012A,0
2012,williams,0,0,1,1,1,"Native Hawaiian or other Pacific Islander, non-Hispanic",0,0,0,IPEDS_EF2012A,0
2012,williams,0,0,1,1,1,Nonresident,31,129,144,IPEDS_EF2012A,0
2012,williams,0,0,1,1,1,Race and/or ethnicity unknown,0,0,0,IPEDS_EF2012A,0
2012,williams,0,0,1,1,1,Total,547,2017,2070,IPEDS_EF2012A,0
2012,williams,0,0,1,1,1,"Two or more races, non-Hispanic",31,110,112,IPEDS_EF2012A,0
2012,williams,0,0,1,1,1,"White, non-Hispanic",309,1162,1193,IPEDS_EF2012A,0
2012,wustl,0,0,0,0,1,"American Indian or Alaska Native, non-Hispanic",2,7,8,IPEDS_EF2012A,0
2012,wustl,0,0,0,0,1,"Asian, non-Hispanic",316,1113,1155,IPEDS_EF2012A,0
2012,wustl,0,0,0,0,1,"Black or African American, non-Hispanic",87,400,454,IPEDS_EF2012A,0
2012,wustl,0,0,0,0,1,Hispanic/Latino,97,337,348,IPEDS_EF2012A,0
2012,wustl,0,0,0,0,1,"Native Hawaiian or other Pacific Islander, non-Hispanic",0,0,0,IPEDS_EF2012A,0
2012,wustl,0,0,0,0,1,Nonresident,147,492,586,IPEDS_EF2012A,0
2012,wustl,0,0,0,0,1,Race and/or ethnicity unknown,54,362,392,IPEDS_EF2012A,0
2012,wustl,0,0,0,0,1,Total,1637,6702,7259,IPEDS_EF2012A,0
2012,wustl,0,0,0,0,1,"Two or more races, non-Hispanic",69,232,237,IPEDS_EF2012A,0
2012,wustl,0,0,0,0,1,"White, non-Hispanic",865,3759,4079,IPEDS_EF2012A,0
2012,yale,1,1,0,0,1,"American Indian or Alaska Native, non-Hispanic",12,35,35,IPEDS_EF2012A,0
2012,yale,1,1,0,0,1,"Asian, non-Hispanic",239,868,868,IPEDS_EF2012A,0
2012,yale,1,1,0,0,1,"Black or African American, non-Hispanic",98,354,354,IPEDS_EF2012A,0
2012,yale,1,1,0,0,1,Hispanic/Latino,142,543,543,IPEDS_EF2012A,0
2012,yale,1,1,0,0,1,"Native Hawaiian or other Pacific Islander, non-Hispanic",0,4,4,IPEDS_EF2012A,0
2012,yale,1,1,0,0,1,Nonresident,141,554,555,IPEDS_EF2012A,0
2012,yale,1,1,0,0,1,Race and/or ethnicity unknown,50,176,177,IPEDS_EF2012A,0
2012,yale,1,1,0,0,1,Total,1355,5397,5405,IPEDS_EF2012A,0
2012,yale,1,1,0,0,1,"Two or more races, non-Hispanic",73,316,317,IPEDS_EF2012A,0
2012,yale,1,1,0,0,1,"White, non-Hispanic",600,2547,2552,IPEDS_EF2012A,0
2013,airforce,0,0,0,0,1,"American Indian or Alaska Native, non-Hispanic",4,14,14,IPEDS_EF2013A,0
2013,airforce,0,0,0,0,1,"Asian, non-Hispanic",54,181,181,IPEDS_EF2013A,0
2013,airforce,0,0,0,0,1,"Black or African American, non-Hispanic",91,231,231,IPEDS_EF2013A,0
2013,airforce,0,0,0,0,1,Hispanic/Latino,113,367,367,IPEDS_EF2013A,0
2013,airforce,0,0,0,0,1,"Native Hawaiian or other Pacific Islander, non-Hispanic",8,20,20,IPEDS_EF2013A,0
2013,airforce,0,0,0,0,1,Nonresident,13,59,59,IPEDS_EF2013A,0
2013,airforce,0,0,0,0,1,Race and/or ethnicity unknown,125,170,170,IPEDS_EF2013A,0
2013,airforce,0,0,0,0,1,Total,1154,3993,3993,IPEDS_EF2013A,0
2013,airforce,0,0,0,0,1,"Two or more races, non-Hispanic",78,276,276,IPEDS_EF2013A,0
2013,airforce,0,0,0,0,1,"White, non-Hispanic",668,2675,2675,IPEDS_EF2013A,0
2013,amherst,0,0,1,1,1,"American Indian or Alaska Native, non-Hispanic",0,2,2,IPEDS_EF2013A,0
2013,amherst,0,0,1,1,1,"Asian, non-Hispanic",61,224,224,IPEDS_EF2013A,0
2013,amherst,0,0,1,1,1,"Black or African American, non-Hispanic",57,208,208,IPEDS_EF2013A,0
2013,amherst,0,0,1,1,1,Hispanic/Latino,63,229,229,IPEDS_EF2013A,0
2013,amherst,0,0,1,1,1,"Native Hawaiian or other Pacific Islander, non-Hispanic",0,0,0,IPEDS_EF2013A,0
2013,amherst,0,0,1,1,1,Nonresident,44,171,171,IPEDS_EF2013A,0
2013,amherst,0,0,1,1,1,Race and/or ethnicity unknown,18,106,106,IPEDS_EF2013A,0
2013,amherst,0,0,1,1,1,Total,466,1785,1785,IPEDS_EF2013A,0
2013,amherst,0,0,1,1,1,"Two or more races, non-Hispanic",26,100,100,IPEDS_EF2013A,0
2013,amherst,0,0,1,1,1,"White, non-Hispanic",197,745,745,IPEDS_EF2013A,0
2013,army,0,0,0,0,1,"American Indian or Alaska Native, non-Hispanic",8,44,44,IPEDS_EF2013A,0
2013,army,0,0,0,0,1,"Asian, non-Hispanic",66,253,253,IPEDS_EF2013A,0
2013,army,0,0,0,0,1,"Black or African American, non-Hispanic",91,360,360,IPEDS_EF2013A,0
2013,army,0,0,0,0,1,Hispanic/Latino,133,441,441,IPEDS_EF2013A,0
2013,army,0,0,0,0,1,"Native Hawaiian or other Pacific Islander, non-Hispanic",11,27,27,IPEDS_EF2013A,0
2013,army,0,0,0,0,1,Nonresident,17,57,57,IPEDS_EF2013A,0
2013,army,0,0,0,0,1,Race and/or ethnicity unknown,10,44,44,IPEDS_EF2013A,0
2013,army,0,0,0,0,1,Total,1176,4591,4591,IPEDS_EF2013A,0
2013,army,0,0,0,0,1,"Two or more races, non-Hispanic",48,175,175,IPEDS_EF2013A,0
2013,army,0,0,0,0,1,"White, non-Hispanic",792,3190,3190,IPEDS_EF2013A,0
2013,barnard,0,0,0,1,1,"American Indian or Alaska Native, non-Hispanic",0,1,1,IPEDS_EF2013A,0
2013,barnard,0,0,0,1,1,"Asian, non-Hispanic",81,365,368,IPEDS_EF2013A,0
2013,barnard,0,0,0,1,1,"Black or African American, non-Hispanic",42,137,139,IPEDS_EF2013A,0
2013,barnard,0,0,0,1,1,Hispanic/Latino,74,256,262,IPEDS_EF2013A,0
2013,barnard,0,0,0,1,1,"Native Hawaiian or other Pacific Islander, non-Hispanic",0,1,1,IPEDS_EF2013A,0
2013,barnard,0,0,0,1,1,Nonresident,37,170,177,IPEDS_EF2013A,0
2013,barnard,0,0,0,1,1,Race and/or ethnicity unknown,1,5,6,IPEDS_EF2013A,0
2013,barnard,0,0,0,1,1,Total,578,2474,2498,IPEDS_EF2013A,0
2013,barnard,0,0,0,1,1,"Two or more races, non-Hispanic",31,116,118,IPEDS_EF2013A,0
2013,barnard,0,0,0,1,1,"White, non-Hispanic",312,1423,1426,IPEDS_EF2013A,0
2013,bates,0,0,1,1,1,"American Indian or Alaska Native, non-Hispanic",0,6,6,IPEDS_EF2013A,0
2013,bates,0,0,1,1,1,"Asian, non-Hispanic",30,84,84,IPEDS_EF2013A,0
2013,bates,0,0,1,1,1,"Black or African American, non-Hispanic",39,92,92,IPEDS_EF2013A,0
2013,bates,0,0,1,1,1,Hispanic/Latino,37,112,112,IPEDS_EF2013A,0
2013,bates,0,0,1,1,1,"Native Hawaiian or other Pacific Islander, non-Hispanic",1,1,1,IPEDS_EF2013A,0
2013,bates,0,0,1,1,1,Nonresident,32,116,116,IPEDS_EF2013A,0
2013,bates,0,0,1,1,1,Race and/or ethnicity unknown,1,16,16,IPEDS_EF2013A,0
2013,bates,0,0,1,1,1,Total,500,1791,1791,IPEDS_EF2013A,0
2013,bates,0,0,1,1,1,"Two or more races, non-Hispanic",18,71,71,IPEDS_EF2013A,0
2013,bates,0,0,1,1,1,"White, non-Hispanic",342,1293,1293,IPEDS_EF2013A,0
2013,berkeley,0,0,0,0,1,"American Indian or Alaska Native, non-Hispanic",3,31,31,IPEDS_EF2013A,0
2013,berkeley,0,0,0,0,1,"Asian, non-Hispanic",1703,9066,9066,IPEDS_EF2013A,0
2013,berkeley,0,0,0,0,1,"Black or African American, non-Hispanic",85,573,573,IPEDS_EF2013A,0
2013,berkeley,0,0,0,0,1,Hispanic/Latino,559,3425,3425,IPEDS_EF2013A,0
2013,berkeley,0,0,0,0,1,"Native Hawaiian or other Pacific Islander, non-Hispanic",13,73,73,IPEDS_EF2013A,0
2013,berkeley,0,0,0,0,1,Nonresident,840,3407,3407,IPEDS_EF2013A,0
2013,berkeley,0,0,0,0,1,Race and/or ethnicity unknown,113,788,788,IPEDS_EF2013A,0
2013,berkeley,0,0,0,0,1,Total,4706,25951,25951,IPEDS_EF2013A,0
2013,berkeley,0,0,0,0,1,"Two or more races, non-Hispanic",188,1175,1175,IPEDS_EF2013A,0
2013,berkeley,0,0,0,0,1,"White, non-Hispanic",1202,7413,7413,IPEDS_EF2013A,0
2013,bowdoin,0,0,1,1,1,"American Indian or Alaska Native, non-Hispanic",1,2,2,IPEDS_EF2013A,0
2013,bowdoin,0,0,1,1,1,"Asian, non-Hispanic",28,125,126,IPEDS_EF2013A,0
2013,bowdoin,0,0,1,1,1,"Black or African American, non-Hispanic",27,84,84,IPEDS_EF2013A,0
2013,bowdoin,0,0,1,1,1,Hispanic/Latino,59,223,223,IPEDS_EF2013A,0
2013,bowdoin,0,0,1,1,1,"Native Hawaiian or other Pacific Islander, non-Hispanic",0,1,1,IPEDS_EF2013A,0
2013,bowdoin,0,0,1,1,1,Nonresident,27,84,86,IPEDS_EF2013A,0
2013,bowdoin,0,0,1,1,1,Race and/or ethnicity unknown,3,11,12,IPEDS_EF2013A,0
2013,bowdoin,0,0,1,1,1,Total,497,1789,1795,IPEDS_EF2013A,0
2013,bowdoin,0,0,1,1,1,"Two or more races, non-Hispanic",31,111,111,IPEDS_EF2013A,0
2013,bowdoin,0,0,1,1,1,"White, non-Hispanic",321,1148,1150,IPEDS_EF2013A,0
2013,brown,1,1,0,0,1,"American Indian or Alaska Native, non-Hispanic",8,24,24,IPEDS_EF2013A,0
2013,brown,1,1,0,0,1,"Asian, non-Hispanic",221,762,797,IPEDS_EF2013A,0
2013,brown,1,1,0,0,1,"Black or African American, non-Hispanic",117,397,402,IPEDS_EF2013A,0
2013,brown,1,1,0,0,1,Hispanic/Latino,194,670,683,IPEDS_EF2013A,0
2013,brown,1,1,0,0,1,"Native Hawaiian or other Pacific Islander, non-Hispanic",2,6,7,IPEDS_EF2013A,0
2013,brown,1,1,0,0,1,Nonresident,175,721,788,IPEDS_EF2013A,0
2013,brown,1,1,0,0,1,Race and/or ethnicity unknown,121,595,652,IPEDS_EF2013A,0
2013,brown,1,1,0,0,1,Total,1542,6182,6455,IPEDS_EF2013A,0
2013,brown,1,1,0,0,1,"Two or more races, non-Hispanic",84,332,336,IPEDS_EF2013A,0
2013,brown,1,1,0,0,1,"White, non-Hispanic",620,2675,2766,IPEDS_EF2013A,0
2013,brynmawr,0,0,0,1,0,"American Indian or Alaska Native, non-Hispanic",1,2,2,IPEDS_EF2013A,0
2013,brynmawr,0,0,0,1,0,"Asian, non-Hispanic",31,142,143,IPEDS_EF2013A,0
2013,brynmawr,0,0,0,1,0,"Black or African American, non-Hispanic",17,68,69,IPEDS_EF2013A,0
2013,brynmawr,0,0,0,1,0,Hispanic/Latino,34,125,126,IPEDS_EF2013A,0
2013,brynmawr,0,0,0,1,0,"Native Hawaiian or other Pacific Islander, non-Hispanic",0,0,0,IPEDS_EF2013A,0
2013,brynmawr,0,0,0,1,0,Nonresident,92,296,300,IPEDS_EF2013A,0
2013,brynmawr,0,0,0,1,0,Race and/or ethnicity unknown,29,132,136,IPEDS_EF2013A,0
2013,brynmawr,0,0,0,1,0,Total,365,1316,1328,IPEDS_EF2013A,0
2013,brynmawr,0,0,0,1,0,"Two or more races, non-Hispanic",17,59,59,IPEDS_EF2013A,0
2013,brynmawr,0,0,0,1,0,"White, non-Hispanic",144,492,493,IPEDS_EF2013A,0
2013,bucknell,0,0,0,1,0,"American Indian or Alaska Native, non-Hispanic",1,1,1,IPEDS_EF2013A,0
2013,bucknell,0,0,0,1,0,"Asian, non-Hispanic",40,128,128,IPEDS_EF2013A,0
2013,bucknell,0,0,0,1,0,"Black or African American, non-Hispanic",30,113,113,IPEDS_EF2013A,0
2013,bucknell,0,0,0,1,0,Hispanic/Latino,55,183,183,IPEDS_EF2013A,0
2013,bucknell,0,0,0,1,0,"Native Hawaiian or other Pacific Islander, non-Hispanic",0,0,0,IPEDS_EF2013A,0
2013,bucknell,0,0,0,1,0,Nonresident,53,185,202,IPEDS_EF2013A,0
2013,bucknell,0,0,0,1,0,Race and/or ethnicity unknown,3,23,26,IPEDS_EF2013A,0
2013,bucknell,0,0,0,1,0,Total,933,3498,3532,IPEDS_EF2013A,0
2013,bucknell,0,0,0,1,0,"Two or more races, non-Hispanic",36,112,112,IPEDS_EF2013A,0
2013,bucknell,0,0,0,1,0,"White, non-Hispanic",715,2753,2767,IPEDS_EF2013A,0
2013,caltech,0,1,0,0,1,"American Indian or Alaska Native, non-Hispanic",0,3,3,IPEDS_EF2013A,0
2013,caltech,0,1,0,0,1,"Asian, non-Hispanic",119,415,415,IPEDS_EF2013A,0
2013,caltech,0,1,0,0,1,"Black or African American, non-Hispanic",4,17,17,IPEDS_EF2013A,0
2013,caltech,0,1,0,0,1,Hispanic/Latino,25,98,98,IPEDS_EF2013A,0
2013,caltech,0,1,0,0,1,"Native Hawaiian or other Pacific Islander, non-Hispanic",0,0,0,IPEDS_EF2013A,0
2013,caltech,0,1,0,0,1,Nonresident,22,87,87,IPEDS_EF2013A,0
2013,caltech,0,1,0,0,1,Race and/or ethnicity unknown,0,2,2,IPEDS_EF2013A,0
2013,caltech,0,1,0,0,1,Total,248,977,977,IPEDS_EF2013A,0
2013,caltech,0,1,0,0,1,"Two or more races, non-Hispanic",11,58,58,IPEDS_EF2013A,0
2013,caltech,0,1,0,0,1,"White, non-Hispanic",67,297,297,IPEDS_EF2013A,0
2013,carleton,0,0,0,1,1,"American Indian or Alaska Native, non-Hispanic",2,2,2,IPEDS_EF2013A,0
2013,carleton,0,0,0,1,1,"Asian, non-Hispanic",57,178,180,IPEDS_EF2013A,0
2013,carleton,0,0,0,1,1,"Black or African American, non-Hispanic",22,71,71,IPEDS_EF2013A,0
2013,carleton,0,0,0,1,1,Hispanic/Latino,34,131,131,IPEDS_EF2013A,0
2013,carleton,0,0,0,1,1,"Native Hawaiian or other Pacific Islander, non-Hispanic",2,3,3,IPEDS_EF2013A,0
2013,carleton,0,0,0,1,1,Nonresident,48,172,179,IPEDS_EF2013A,0
2013,carleton,0,0,0,1,1,Race and/or ethnicity unknown,10,44,44,IPEDS_EF2013A,0
2013,carleton,0,0,0,1,1,Total,527,2023,2045,IPEDS_EF2013A,0
2013,carleton,0,0,0,1,1,"Two or more races, non-Hispanic",25,90,90,IPEDS_EF2013A,0
2013,carleton,0,0,0,1,1,"White, non-Hispanic",327,1332,1345,IPEDS_EF2013A,0
2013,clark,0,0,0,1,0,"American Indian or Alaska Native, non-Hispanic",0,1,1,IPEDS_EF2013A,0
2013,clark,0,0,0,1,0,"Asian, non-Hispanic",33,128,136,IPEDS_EF2013A,0
2013,clark,0,0,0,1,0,"Black or African American, non-Hispanic",26,90,96,IPEDS_EF2013A,0
2013,clark,0,0,0,1,0,Hispanic/Latino,53,148,159,IPEDS_EF2013A,0
2013,clark,0,0,0,1,0,"Native Hawaiian or other Pacific Islander, non-Hispanic",1,1,1,IPEDS_EF2013A,0
2013,clark,0,0,0,1,0,Nonresident,78,280,288,IPEDS_EF2013A,0
2013,clark,0,0,0,1,0,Race and/or ethnicity unknown,40,176,189,IPEDS_EF2013A,0
2013,clark,0,0,0,1,0,Total,621,2312,2380,IPEDS_EF2013A,0
2013,clark,0,0,0,1,0,"Two or more races, non-Hispanic",17,53,53,IPEDS_EF2013A,0
2013,clark,0,0,0,1,0,"White, non-Hispanic",373,1435,1457,IPEDS_EF2013A,0
2013,cmc,0,0,0,0,1,"American Indian or Alaska Native, non-Hispanic",0,0,0,IPEDS_EF2013A,0
2013,cmc,0,0,0,0,1,"Asian, non-Hispanic",27,142,142,IPEDS_EF2013A,0
2013,cmc,0,0,0,0,1,"Black or African American, non-Hispanic",21,52,52,IPEDS_EF2013A,0
2013,cmc,0,0,0,0,1,Hispanic/Latino,52,147,147,IPEDS_EF2013A,0
2013,cmc,0,0,0,0,1,"Native Hawaiian or other Pacific Islander, non-Hispanic",0,2,2,IPEDS_EF2013A,0
2013,cmc,0,0,0,0,1,Nonresident,63,189,193,IPEDS_EF2013A,0
2013,cmc,0,0,0,0,1,Race and/or ethnicity unknown,17,102,102,IPEDS_EF2013A,0
2013,cmc,0,0,0,0,1,Total,337,1311,1316,IPEDS_EF2013A,0
2013,cmc,0,0,0,0,1,"Two or more races, non-Hispanic",23,102,103,IPEDS_EF2013A,0
2013,cmc,0,0,0,0,1,"White, non-Hispanic",134,575,575,IPEDS_EF2013A,0
2013,cmu,0,0,0,0,1,"American Indian or Alaska Native, non-Hispanic",1,3,3,IPEDS_EF2013A,0
2013,cmu,0,0,0,0,1,"Asian, non-Hispanic",376,1443,1450,IPEDS_EF2013A,0
2013,cmu,0,0,0,0,1,"Black or African American, non-Hispanic",75,303,303,IPEDS_EF2013A,0
2013,cmu,0,0,0,0,1,Hispanic/Latino,113,440,442,IPEDS_EF2013A,0
2013,cmu,0,0,0,0,1,"Native Hawaiian or other Pacific Islander, non-Hispanic",0,1,1,IPEDS_EF2013A,0
2013,cmu,0,0,0,0,1,Nonresident,243,825,846,IPEDS_EF2013A,0
2013,cmu,0,0,0,0,1,Race and/or ethnicity unknown,81,315,327,IPEDS_EF2013A,0
2013,cmu,0,0,0,0,1,Total,1442,5834,5917,IPEDS_EF2013A,0
2013,cmu,0,0,0,0,1,"Two or more races, non-Hispanic",63,242,243,IPEDS_EF2013A,0
2013,cmu,0,0,0,0,1,"White, non-Hispanic",490,2262,2302,IPEDS_EF2013A,0
2013,colby,0,0,1,1,1,"American Indian or Alaska Native, non-Hispanic",1,1,1,IPEDS_EF2013A,0
2013,colby,0,0,1,1,1,"Asian, non-Hispanic",29,99,99,IPEDS_EF2013A,0
2013,colby,0,0,1,1,1,"Black or African American, non-Hispanic",18,60,60,IPEDS_EF2013A,0
2013,colby,0,0,1,1,1,Hispanic/Latino,31,114,114,IPEDS_EF2013A,0
2013,colby,0,0,1,1,1,"Native Hawaiian or other Pacific Islander, non-Hispanic",0,0,0,IPEDS_EF2013A,0
2013,colby,0,0,1,1,1,Nonresident,65,153,153,IPEDS_EF2013A,0
2013,colby,0,0,1,1,1,Race and/or ethnicity unknown,51,220,220,IPEDS_EF2013A,0
2013,colby,0,0,1,1,1,Total,483,1820,1820,IPEDS_EF2013A,0
2013,colby,0,0,1,1,1,"Two or more races, non-Hispanic",26,87,87,IPEDS_EF2013A,0
2013,colby,0,0,1,1,1,"White, non-Hispanic",262,1086,1086,IPEDS_EF2013A,0
2013,colgate,0,0,0,0,1,"American Indian or Alaska Native, non-Hispanic",1,6,6,IPEDS_EF2013A,0
2013,colgate,0,0,0,0,1,"Asian, non-Hispanic",23,94,94,IPEDS_EF2013A,0
2013,colgate,0,0,0,0,1,"Black or African American, non-Hispanic",29,122,122,IPEDS_EF2013A,0
2013,colgate,0,0,0,0,1,Hispanic/Latino,61,226,227,IPEDS_EF2013A,0
2013,colgate,0,0,0,0,1,"Native Hawaiian or other Pacific Islander, non-Hispanic",0,4,4,IPEDS_EF2013A,0
2013,colgate,0,0,0,0,1,Nonresident,75,242,242,IPEDS_EF2013A,0
2013,colgate,0,0,0,0,1,Race and/or ethnicity unknown,28,128,130,IPEDS_EF2013A,0
2013,colgate,0,0,0,0,1,Total,759,2872,2890,IPEDS_EF2013A,0
2013,colgate,0,0,0,0,1,"Two or more races, non-Hispanic",32,103,103,IPEDS_EF2013A,0
2013,colgate,0,0,0,0,1,"White, non-Hispanic",510,1947,1962,IPEDS_EF2013A,0
2013,columbia,1,1,0,0,1,"American Indian or Alaska Native, non-Hispanic",11,44,44,IPEDS_EF2013A,0
2013,columbia,1,1,0,0,1,"Asian, non-Hispanic",300,1362,1362,IPEDS_EF2013A,0
2013,columbia,1,1,0,0,1,"Black or African American, non-Hispanic",111,597,597,IPEDS_EF2013A,0
2013,columbia,1,1,0,0,1,Hispanic/Latino,217,1082,1082,IPEDS_EF2013A,0
2013,columbia,1,1,0,0,1,"Native Hawaiian or other Pacific Islander, non-Hispanic",1,11,11,IPEDS_EF2013A,0
2013,columbia,1,1,0,0,1,Nonresident,204,1090,1090,IPEDS_EF2013A,0
2013,columbia,1,1,0,0,1,Race and/or ethnicity unknown,32,300,300,IPEDS_EF2013A,0
2013,columbia,1,1,0,0,1,Total,1509,7970,7970,IPEDS_EF2013A,0
2013,columbia,1,1,0,0,1,"Two or more races, non-Hispanic",74,358,358,IPEDS_EF2013A,0
2013,columbia,1,1,0,0,1,"White, non-Hispanic",559,3126,3126,IPEDS_EF2013A,0
2013,conncoll,0,0,1,1,0,"American Indian or Alaska Native, non-Hispanic",0,0,0,IPEDS_EF2013A,0
2013,conncoll,0,0,1,1,0,"Asian, non-Hispanic",18,62,63,IPEDS_EF2013A,0
2013,conncoll,0,0,1,1,0,"Black or African American, non-Hispanic",19,75,75,IPEDS_EF2013A,0
2013,conncoll,0,0,1,1,0,Hispanic/Latino,51,170,172,IPEDS_EF2013A,0
2013,conncoll,0,0,1,1,0,"Native Hawaiian or other Pacific Islander, non-Hispanic",1,2,2,IPEDS_EF2013A,0
2013,conncoll,0,0,1,1,0,Nonresident,39,94,101,IPEDS_EF2013A,0
2013,conncoll,0,0,1,1,0,Race and/or ethnicity unknown,23,112,112,IPEDS_EF2013A,0
2013,conncoll,0,0,1,1,0,Total,489,1878,1915,IPEDS_EF2013A,0
2013,conncoll,0,0,1,1,0,"Two or more races, non-Hispanic",17,49,49,IPEDS_EF2013A,0
2013,conncoll,0,0,1,1,0,"White, non-Hispanic",321,1314,1341,IPEDS_EF2013A,0
2013,cornell,1,1,0,0,1,"American Indian or Alaska Native, non-Hispanic",13,43,43,IPEDS_EF2013A,0
2013,cornell,1,1,0,0,1,"Asian, non-Hispanic",543,2340,2342,IPEDS_EF2013A,0
2013,cornell,1,1,0,0,1,"Black or African American, non-Hispanic",225,840,840,IPEDS_EF2013A,0
2013,cornell,1,1,0,0,1,Hispanic/Latino,386,1597,1597,IPEDS_EF2013A,0
2013,cornell,1,1,0,0,1,"Native Hawaiian or other Pacific Islander, non-Hispanic",0,5,5,IPEDS_EF2013A,0
2013,cornell,1,1,0,0,1,Nonresident,346,1344,1418,IPEDS_EF2013A,0
2013,cornell,1,1,0,0,1,Race and/or ethnicity unknown,305,1415,1421,IPEDS_EF2013A,0
2013,cornell,1,1,0,0,1,Total,3223,14309,14393,IPEDS_EF2013A,0
2013,cornell,1,1,0,0,1,"Two or more races, non-Hispanic",152,618,618,IPEDS_EF2013A,0
2013,cornell,1,1,0,0,1,"White, non-Hispanic",1253,6107,6109,IPEDS_EF2013A,0
2013,dartmouth,1,1,0,0,1,"American Indian or Alaska Native, non-Hispanic",29,82,82,IPEDS_EF2013A,0
2013,dartmouth,1,1,0,0,1,"Asian, non-Hispanic",171,581,587,IPEDS_EF2013A,0
2013,dartmouth,1,1,0,0,1,"Black or African American, non-Hispanic",73,272,273,IPEDS_EF2013A,0
2013,dartmouth,1,1,0,0,1,Hispanic/Latino,82,317,319,IPEDS_EF2013A,0
2013,dartmouth,1,1,0,0,1,"Native Hawaiian or other Pacific Islander, non-Hispanic",1,2,2,IPEDS_EF2013A,0
2013,dartmouth,1,1,0,0,1,Nonresident,95,349,380,IPEDS_EF2013A,0
2013,dartmouth,1,1,0,0,1,Race and/or ethnicity unknown,78,378,444,IPEDS_EF2013A,0
2013,dartmouth,1,1,0,0,1,Total,1112,4154,4276,IPEDS_EF2013A,0
2013,dartmouth,1,1,0,0,1,"Two or more races, non-Hispanic",64,227,228,IPEDS_EF2013A,0
2013,dartmouth,1,1,0,0,1,"White, non-Hispanic",519,1946,1961,IPEDS_EF2013A,0
2013,davidson,0,0,0,1,1,"American Indian or Alaska Native, non-Hispanic",3,11,11,IPEDS_EF2013A,0
2013,davidson,0,0,0,1,1,"Asian, non-Hispanic",29,85,85,IPEDS_EF2013A,0
2013,davidson,0,0,0,1,1,"Black or African American, non-Hispanic",33,131,131,IPEDS_EF2013A,0
2013,davidson,0,0,0,1,1,Hispanic/Latino,33,111,111,IPEDS_EF2013A,0
2013,davidson,0,0,0,1,1,"Native Hawaiian or other Pacific Islander, non-Hispanic",0,0,0,IPEDS_EF2013A,0
2013,davidson,0,0,0,1,1,Nonresident,33,95,99,IPEDS_EF2013A,0
2013,davidson,0,0,0,1,1,Race and/or ethnicity unknown,10,57,58,IPEDS_EF2013A,0
2013,davidson,0,0,0,1,1,Total,483,1782,1788,IPEDS_EF2013A,0
2013,davidson,0,0,0,1,1,"Two or more races, non-Hispanic",19,67,67,IPEDS_EF2013A,0
2013,davidson,0,0,0,1,1,"White, non-Hispanic",323,1225,1226,IPEDS_EF2013A,0
2013,duke,0,1,0,0,1,"American Indian or Alaska Native, non-Hispanic",12,40,41,IPEDS_EF2013A,0
2013,duke,0,1,0,0,1,"Asian, non-Hispanic",355,1381,1386,IPEDS_EF2013A,0
2013,duke,0,1,0,0,1,"Black or African American, non-Hispanic",163,651,659,IPEDS_EF2013A,0
2013,duke,0,1,0,0,1,Hispanic/Latino,119,397,403,IPEDS_EF2013A,0
2013,duke,0,1,0,0,1,"Native Hawaiian or other Pacific Islander, non-Hispanic",0,3,3,IPEDS_EF2013A,0
2013,duke,0,1,0,0,1,Nonresident,165,580,596,IPEDS_EF2013A,0
2013,duke,0,1,0,0,1,Race and/or ethnicity unknown,35,176,195,IPEDS_EF2013A,0
2013,duke,0,1,0,0,1,Total,1730,6501,6646,IPEDS_EF2013A,0
2013,duke,0,1,0,0,1,"Two or more races, non-Hispanic",22,113,115,IPEDS_EF2013A,0
2013,duke,0,1,0,0,1,"White, non-Hispanic",859,3160,3248,IPEDS_EF2013A,0
2013,emory,0,0,0,0,1,"American Indian or Alaska Native, non-Hispanic",1,11,11,IPEDS_EF2013A,0
2013,emory,0,0,0,0,1,"Asian, non-Hispanic",364,1698,1708,IPEDS_EF2013A,0
2013,emory,0,0,0,0,1,"Black or African American, non-Hispanic",154,712,719,IPEDS_EF2013A,0
2013,emory,0,0,0,0,1,Hispanic/Latino,147,480,484,IPEDS_EF2013A,0
2013,emory,0,0,0,0,1,"Native Hawaiian or other Pacific Islander, non-Hispanic",0,1,1,IPEDS_EF2013A,0
2013,emory,0,0,0,0,1,Nonresident,292,1162,1231,IPEDS_EF2013A,0
2013,emory,0,0,0,0,1,Race and/or ethnicity unknown,50,308,317,IPEDS_EF2013A,0
2013,emory,0,0,0,0,1,Total,1853,7705,7836,IPEDS_EF2013A,0
2013,emory,0,0,0,0,1,"Two or more races, non-Hispanic",59,214,217,IPEDS_EF2013A,0
2013,emory,0,0,0,0,1,"White, non-Hispanic",786,3119,3148,IPEDS_EF2013A,0
2013,fandm,0,0,0,1,0,"American Indian or Alaska Native, non-Hispanic",0,2,2,IPEDS_EF2013A,0
2013,fandm,0,0,0,1,0,"Asian, non-Hispanic",27,96,97,IPEDS_EF2013A,0
2013,fandm,0,0,0,1,0,"Black or African American, non-Hispanic",26,102,102,IPEDS_EF2013A,0
2013,fandm,0,0,0,1,0,Hispanic/Latino,57,158,159,IPEDS_EF2013A,0
2013,fandm,0,0,0,1,0,"Native Hawaiian or other Pacific Islander, non-Hispanic",0,0,0,IPEDS_EF2013A,0
2013,fandm,0,0,0,1,0,Nonresident,100,293,295,IPEDS_EF2013A,0
2013,fandm,0,0,0,1,0,Race and/or ethnicity unknown,50,149,165,IPEDS_EF2013A,0
2013,fandm,0,0,0,1,0,Total,605,2262,2297,IPEDS_EF2013A,0
2013,fandm,0,0,0,1,0,"Two or more races, non-Hispanic",11,40,40,IPEDS_EF2013A,0
2013,fandm,0,0,0,1,0,"White, non-Hispanic",334,1422,1437,IPEDS_EF2013A,0
2013,georgetown,0,0,0,0,1,"American Indian or Alaska Native, non-Hispanic",2,10,11,IPEDS_EF2013A,0
2013,georgetown,0,0,0,0,1,"Asian, non-Hispanic",164,667,671,IPEDS_EF2013A,0
2013,georgetown,0,0,0,0,1,"Black or African American, non-Hispanic",105,463,475,IPEDS_EF2013A,0
2013,georgetown,0,0,0,0,1,Hispanic/Latino,138,572,576,IPEDS_EF2013A,0
2013,georgetown,0,0,0,0,1,"Native Hawaiian or other Pacific Islander, non-Hispanic",2,6,6,IPEDS_EF2013A,0
2013,georgetown,0,0,0,0,1,Nonresident,166,779,984,IPEDS_EF2013A,0
2013,georgetown,0,0,0,0,1,Race and/or ethnicity unknown,27,204,274,IPEDS_EF2013A,0
2013,georgetown,0,0,0,0,1,Total,1594,7261,7636,IPEDS_EF2013A,0
2013,georgetown,0,0,0,0,1,"Two or more races, non-Hispanic",80,286,288,IPEDS_EF2013A,0
2013,georgetown,0,0,0,0,1,"White, non-Hispanic",910,4274,4351,IPEDS_EF2013A,0
2013,grinnell,0,0,0,0,1,"American Indian or Alaska Native, non-Hispanic",1,3,3,IPEDS_EF2013A,0
2013,grinnell,0,0,0,0,1,"Asian, non-Hispanic",30,125,126,IPEDS_EF2013A,0
2013,grinnell,0,0,0,0,1,"Black or African American, non-Hispanic",29,98,98,IPEDS_EF2013A,0
2013,grinnell,0,0,0,0,1,Hispanic/Latino,40,139,140,IPEDS_EF2013A,0
2013,grinnell,0,0,0,0,1,"Native Hawaiian or other Pacific Islander, non-Hispanic",0,0,0,IPEDS_EF2013A,0
2013,grinnell,0,0,0,0,1,Nonresident,65,210,210,IPEDS_EF2013A,0
2013,grinnell,0,0,0,0,1,Race and/or ethnicity unknown,8,52,88,IPEDS_EF2013A,0
2013,grinnell,0,0,0,0,1,Total,423,1661,1721,IPEDS_EF2013A,0
2013,grinnell,0,0,0,0,1,"Two or more races, non-Hispanic",15,71,71,IPEDS_EF2013A,0
2013,grinnell,0,0,0,0,1,"White, non-Hispanic",235,963,985,IPEDS_EF2013A,0
2013,hamilton,0,0,1,1,1,"American Indian or Alaska Native, non-Hispanic",0,0,0,IPEDS_EF2013A,0
2013,hamilton,0,0,1,1,1,"Asian, non-Hispanic",33,129,129,IPEDS_EF2013A,0
2013,hamilton,0,0,1,1,1,"Black or African American, non-Hispanic",19,73,74,IPEDS_EF2013A,0
2013,hamilton,0,0,1,1,1,Hispanic/Latino,40,147,147,IPEDS_EF2013A,0
2013,hamilton,0,0,1,1,1,"Native Hawaiian or other Pacific Islander, non-Hispanic",0,0,0,IPEDS_EF2013A,0
2013,hamilton,0,0,1,1,1,Nonresident,29,88,89,IPEDS_EF2013A,0
2013,hamilton,0,0,1,1,1,Race and/or ethnicity unknown,53,221,227,IPEDS_EF2013A,0
2013,hamilton,0,0,1,1,1,Total,491,1909,1926,IPEDS_EF2013A,0
2013,hamilton,0,0,1,1,1,"Two or more races, non-Hispanic",17,58,58,IPEDS_EF2013A,0
2013,hamilton,0,0,1,1,1,"White, non-Hispanic",300,1193,1202,IPEDS_EF2013A,0
2013,hampshire,0,0,0,1,0,"American Indian or Alaska Native, non-Hispanic",1,2,2,IPEDS_EF2013A,0
2013,hampshire,0,0,0,1,0,"Asian, non-Hispanic",6,31,31,IPEDS_EF2013A,0
2013,hampshire,0,0,0,1,0,"Black or African American, non-Hispanic",8,36,40,IPEDS_EF2013A,0
2013,hampshire,0,0,0,1,0,Hispanic/Latino,33,137,139,IPEDS_EF2013A,0
2013,hampshire,0,0,0,1,0,"Native Hawaiian or other Pacific Islander, non-Hispanic",1,1,1,IPEDS_EF2013A,0
2013,hampshire,0,0,0,1,0,Nonresident,16,81,93,IPEDS_EF2013A,0
2013,hampshire,0,0,0,1,0,Race and/or ethnicity unknown,11,116,121,IPEDS_EF2013A,0
2013,hampshire,0,0,0,1,0,Total,381,1468,1492,IPEDS_EF2013A,0
2013,hampshire,0,0,0,1,0,"Two or more races, non-Hispanic",23,77,78,IPEDS_EF2013A,0
2013,hampshire,0,0,0,1,0,"White, non-Hispanic",282,987,987,IPEDS_EF2013A,0
2013,harvard,1,1,0,0,1,"American Indian or Alaska Native, non-Hispanic",6,16,25,IPEDS_EF2013A,0
2013,harvard,1,1,0,0,1,"Asian, non-Hispanic",307,1293,1645,IPEDS_EF2013A,0
2013,harvard,1,1,0,0,1,"Black or African American, non-Hispanic",116,475,642,IPEDS_EF2013A,0
2013,harvard,1,1,0,0,1,Hispanic/Latino,167,679,937,IPEDS_EF2013A,0
2013,harvard,1,1,0,0,1,"Native Hawaiian or other Pacific Islander, non-Hispanic",4,6,9,IPEDS_EF2013A,0
2013,harvard,1,1,0,0,1,Nonresident,185,748,1187,IPEDS_EF2013A,0
2013,harvard,1,1,0,0,1,Race and/or ethnicity unknown,48,260,548,IPEDS_EF2013A,0
2013,harvard,1,1,0,0,1,Total,1658,7278,10534,IPEDS_EF2013A,0
2013,harvard,1,1,0,0,1,"Two or more races, non-Hispanic",110,436,532,IPEDS_EF2013A,0
2013,harvard,1,1,0,0,1,"White, non-Hispanic",715,3365,5009,IPEDS_EF2013A,0
2013,haverford,0,0,0,1,0,"American Indian or Alaska Native, non-Hispanic",0,3,3,IPEDS_EF2013A,0
2013,haverford,0,0,0,1,0,"Asian, non-Hispanic",26,85,85,IPEDS_EF2013A,0
2013,haverford,0,0,0,1,0,"Black or African American, non-Hispanic",18,76,76,IPEDS_EF2013A,0
2013,haverford,0,0,0,1,0,Hispanic/Latino,13,92,92,IPEDS_EF2013A,0
2013,haverford,0,0,0,1,0,"Native Hawaiian or other Pacific Islander, non-Hispanic",0,0,0,IPEDS_EF2013A,0
2013,haverford,0,0,0,1,0,Nonresident,26,66,66,IPEDS_EF2013A,0
2013,haverford,0,0,0,1,0,Race and/or ethnicity unknown,0,0,0,IPEDS_EF2013A,0
2013,haverford,0,0,0,1,0,Total,330,1187,1187,IPEDS_EF2013A,0
2013,haverford,0,0,0,1,0,"Two or more races, non-Hispanic",31,84,84,IPEDS_EF2013A,0
2013,haverford,0,0,0,1,0,"White, non-Hispanic",216,781,781,IPEDS_EF2013A,0
2013,hmc,0,0,0,0,1,"American Indian or Alaska Native, non-Hispanic",1,2,2,IPEDS_EF2013A,0
2013,hmc,0,0,0,0,1,"Asian, non-Hispanic",44,178,178,IPEDS_EF2013A,0
2013,hmc,0,0,0,0,1,"Black or African American, non-Hispanic",4,10,10,IPEDS_EF2013A,0
2013,hmc,0,0,0,0,1,Hispanic/Latino,29,73,73,IPEDS_EF2013A,0
2013,hmc,0,0,0,0,1,"Native Hawaiian or other Pacific Islander, non-Hispanic",0,0,0,IPEDS_EF2013A,0
2013,hmc,0,0,0,0,1,Nonresident,31,88,92,IPEDS_EF2013A,0
2013,hmc,0,0,0,0,1,Race and/or ethnicity unknown,7,39,39,IPEDS_EF2013A,0
2013,hmc,0,0,0,0,1,Total,217,803,807,IPEDS_EF2013A,0
2013,hmc,0,0,0,0,1,"Two or more races, non-Hispanic",17,32,32,IPEDS_EF2013A,0
2013,hmc,0,0,0,0,1,"White, non-Hispanic",84,381,381,IPEDS_EF2013A,0
2013,jhu,0,1,0,0,1,"American Indian or Alaska Native, non-Hispanic",1,7,8,IPEDS_EF2013A,0
2013,jhu,0,1,0,0,1,"Asian, non-Hispanic",287,1104,1116,IPEDS_EF2013A,0
2013,jhu,0,1,0,0,1,"Black or African American, non-Hispanic",79,330,349,IPEDS_EF2013A,0
2013,jhu,0,1,0,0,1,Hispanic/Latino,173,602,615,IPEDS_EF2013A,0
2013,jhu,0,1,0,0,1,"Native Hawaiian or other Pacific Islander, non-Hispanic",1,4,5,IPEDS_EF2013A,0
2013,jhu,0,1,0,0,1,Nonresident,143,619,642,IPEDS_EF2013A,0
2013,jhu,0,1,0,0,1,Race and/or ethnicity unknown,36,135,139,IPEDS_EF2013A,0
2013,jhu,0,1,0,0,1,Total,1390,5932,6117,IPEDS_EF2013A,0
2013,jhu,0,1,0,0,1,"Two or more races, non-Hispanic",66,241,247,IPEDS_EF2013A,0
2013,jhu,0,1,0,0,1,"White, non-Hispanic",604,2890,2996,IPEDS_EF2013A,0
2013,macalester,0,0,0,1,0,"American Indian or Alaska Native, non-Hispanic",1,2,2,IPEDS_EF2013A,0
2013,macalester,0,0,0,1,0,"Asian, non-Hispanic",37,143,144,IPEDS_EF2013A,0
2013,macalester,0,0,0,1,0,"Black or African American, non-Hispanic",15,54,54,IPEDS_EF2013A,0
2013,macalester,0,0,0,1,0,Hispanic/Latino,28,125,125,IPEDS_EF2013A,0
2013,macalester,0,0,0,1,0,"Native Hawaiian or other Pacific Islander, non-Hispanic",0,0,0,IPEDS_EF2013A,0
2013,macalester,0,0,0,1,0,Nonresident,65,250,252,IPEDS_EF2013A,0
2013,macalester,0,0,0,1,0,Race and/or ethnicity unknown,0,0,0,IPEDS_EF2013A,0
2013,macalester,0,0,0,1,0,Total,555,2029,2039,IPEDS_EF2013A,0
2013,macalester,0,0,0,1,0,"Two or more races, non-Hispanic",27,105,105,IPEDS_EF2013A,0
2013,macalester,0,0,0,1,0,"White, non-Hispanic",382,1350,1357,IPEDS_EF2013A,0
2013,middlebury,0,0,1,1,1,"American Indian or Alaska Native, non-Hispanic",1,4,4,IPEDS_EF2013A,0
2013,middlebury,0,0,1,1,1,"Asian, non-Hispanic",47,152,152,IPEDS_EF2013A,0
2013,middlebury,0,0,1,1,1,"Black or African American, non-Hispanic",29,71,71,IPEDS_EF2013A,0
2013,middlebury,0,0,1,1,1,Hispanic/Latino,69,182,182,IPEDS_EF2013A,0
2013,middlebury,0,0,1,1,1,"Native Hawaiian or other Pacific Islander, non-Hispanic",0,0,0,IPEDS_EF2013A,0
2013,middlebury,0,0,1,1,1,Nonresident,73,252,277,IPEDS_EF2013A,0
2013,middlebury,0,0,1,1,1,Race and/or ethnicity unknown,4,62,62,IPEDS_EF2013A,0
2013,middlebury,0,0,1,1,1,Total,625,2466,2495,IPEDS_EF2013A,0
2013,middlebury,0,0,1,1,1,"Two or more races, non-Hispanic",32,108,108,IPEDS_EF2013A,0
2013,middlebury,0,0,1,1,1,"White, non-Hispanic",370,1635,1639,IPEDS_EF2013A,0
2013,mit,0,1,0,0,1,"American Indian or Alaska Native, non-Hispanic",4,12,12,IPEDS_EF2013A,0
2013,mit,0,1,0,0,1,"Asian, non-Hispanic",290,1084,1084,IPEDS_EF2013A,0
2013,mit,0,1,0,0,1,"Black or African American, non-Hispanic",52,239,239,IPEDS_EF2013A,0
2013,mit,0,1,0,0,1,Hispanic/Latino,188,741,741,IPEDS_EF2013A,0
2013,mit,0,1,0,0,1,"Native Hawaiian or other Pacific Islander, non-Hispanic",0,0,0,IPEDS_EF2013A,0
2013,mit,0,1,0,0,1,Nonresident,85,433,448,IPEDS_EF2013A,0
2013,mit,0,1,0,0,1,Race and/or ethnicity unknown,21,100,102,IPEDS_EF2013A,0
2013,mit,0,1,0,0,1,Total,1115,4510,4528,IPEDS_EF2013A,0
2013,mit,0,1,0,0,1,"Two or more races, non-Hispanic",59,229,229,IPEDS_EF2013A,0
2013,mit,0,1,0,0,1,"White, non-Hispanic",416,1672,1673,IPEDS_EF2013A,0
2013,mtholyoke,0,0,0,1,0,"American Indian or Alaska Native, non-Hispanic",1,1,1,IPEDS_EF2013A,0
2013,mtholyoke,0,0,0,1,0,"Asian, non-Hispanic",63,188,188,IPEDS_EF2013A,0
2013,mtholyoke,0,0,0,1,0,"Black or African American, non-Hispanic",30,126,126,IPEDS_EF2013A,0
2013,mtholyoke,0,0,0,1,0,Hispanic/Latino,37,176,176,IPEDS_EF2013A,0
2013,mtholyoke,0,0,0,1,0,"Native Hawaiian or other Pacific Islander, non-Hispanic",0,1,1,IPEDS_EF2013A,0
2013,mtholyoke,0,0,0,1,0,Nonresident,129,529,548,IPEDS_EF2013A,0
2013,mtholyoke,0,0,0,1,0,Race and/or ethnicity unknown,3,52,53,IPEDS_EF2013A,0
2013,mtholyoke,0,0,0,1,0,Total,513,2154,2183,IPEDS_EF2013A,0
2013,mtholyoke,0,0,0,1,0,"Two or more races, non-Hispanic",15,64,64,IPEDS_EF2013A,0
2013,mtholyoke,0,0,0,1,0,"White, non-Hispanic",235,1017,1026,IPEDS_EF2013A,0
2013,navy,0,0,0,0,1,"American Indian or Alaska Native, non-Hispanic",7,20,20,IPEDS_EF2013A,0
2013,navy,0,0,0,0,1,"Asian, non-Hispanic",85,269,269,IPEDS_EF2013A,0
2013,navy,0,0,0,0,1,"Black or African American, non-Hispanic",82,311,311,IPEDS_EF2013A,0
2013,navy,0,0,0,0,1,Hispanic/Latino,121,518,518,IPEDS_EF2013A,0
2013,navy,0,0,0,0,1,"Native Hawaiian or other Pacific Islander, non-Hispanic",5,30,30,IPEDS_EF2013A,0
2013,navy,0,0,0,0,1,Nonresident,18,59,59,IPEDS_EF2013A,0
2013,navy,0,0,0,0,1,Race and/or ethnicity unknown,13,48,48,IPEDS_EF2013A,0
2013,navy,0,0,0,0,1,Total,1171,4526,4526,IPEDS_EF2013A,0
2013,navy,0,0,0,0,1,"Two or more races, non-Hispanic",77,336,336,IPEDS_EF2013A,0
2013,navy,0,0,0,0,1,"White, non-Hispanic",763,2935,2935,IPEDS_EF2013A,0
2013,northwestern,0,0,0,0,1,"American Indian or Alaska Native, non-Hispanic",0,23,26,IPEDS_EF2013A,0
2013,northwestern,0,0,0,0,1,"Asian, non-Hispanic",362,1509,1548,IPEDS_EF2013A,0
2013,northwestern,0,0,0,0,1,"Black or African American, non-Hispanic",122,502,529,IPEDS_EF2013A,0
2013,northwestern,0,0,0,0,1,Hispanic/Latino,254,855,884,IPEDS_EF2013A,0
2013,northwestern,0,0,0,0,1,"Native Hawaiian or other Pacific Islander, non-Hispanic",0,0,1,IPEDS_EF2013A,0
2013,northwestern,0,0,0,0,1,Nonresident,181,609,636,IPEDS_EF2013A,0
2013,northwestern,0,0,0,0,1,Race and/or ethnicity unknown,18,128,262,IPEDS_EF2013A,0
2013,northwestern,0,0,0,0,1,Total,2040,8855,9283,IPEDS_EF2013A,0
2013,northwestern,0,0,0,0,1,"Two or more races, non-Hispanic",81,419,422,IPEDS_EF2013A,0
2013,northwestern,0,0,0,0,1,"White, non-Hispanic",1022,4810,4975,IPEDS_EF2013A,0
2013,notredame,0,0,0,0,1,"American Indian or Alaska Native, non-Hispanic",4,33,33,IPEDS_EF2013A,0
2013,notredame,0,0,0,0,1,"Asian, non-Hispanic",107,509,509,IPEDS_EF2013A,0
2013,notredame,0,0,0,0,1,"Black or African American, non-Hispanic",89,302,302,IPEDS_EF2013A,0
2013,notredame,0,0,0,0,1,Hispanic/Latino,219,867,867,IPEDS_EF2013A,0
2013,notredame,0,0,0,0,1,"Native Hawaiian or other Pacific Islander, non-Hispanic",0,1,1,IPEDS_EF2013A,0
2013,notredame,0,0,0,0,1,Nonresident,96,345,355,IPEDS_EF2013A,0
2013,notredame,0,0,0,0,1,Race and/or ethnicity unknown,8,46,46,IPEDS_EF2013A,0
2013,notredame,0,0,0,0,1,Total,2070,8466,8477,IPEDS_EF2013A,0
2013,notredame,0,0,0,0,1,"Two or more races, non-Hispanic",108,330,330,IPEDS_EF2013A,0
2013,notredame,0,0,0,0,1,"White, non-Hispanic",1439,6033,6034,IPEDS_EF2013A,0
2013,oberlin,0,0,0,1,0,"American Indian or Alaska Native, non-Hispanic",0,3,3,IPEDS_EF2013A,0
2013,oberlin,0,0,0,1,0,"Asian, non-Hispanic",35,122,122,IPEDS_EF2013A,0
2013,oberlin,0,0,0,1,0,"Black or African American, non-Hispanic",35,159,159,IPEDS_EF2013A,0
2013,oberlin,0,0,0,1,0,Hispanic/Latino,63,211,211,IPEDS_EF2013A,0
2013,oberlin,0,0,0,1,0,"Native Hawaiian or other Pacific Islander, non-Hispanic",1,1,1,IPEDS_EF2013A,0
2013,oberlin,0,0,0,1,0,Nonresident,58,197,197,IPEDS_EF2013A,0
2013,oberlin,0,0,0,1,0,Race and/or ethnicity unknown,1,31,31,IPEDS_EF2013A,0
2013,oberlin,0,0,0,1,0,Total,780,2894,2894,IPEDS_EF2013A,0
2013,oberlin,0,0,0,1,0,"Two or more races, non-Hispanic",49,158,158,IPEDS_EF2013A,0
2013,oberlin,0,0,0,1,0,"White, non-Hispanic",538,2012,2012,IPEDS_EF2013A,0
2013,penn,1,1,0,0,1,"American Indian or Alaska Native, non-Hispanic",3,15,15,IPEDS_EF2013A,0
2013,penn,1,1,0,0,1,"Asian, non-Hispanic",455,1925,2022,IPEDS_EF2013A,0
2013,penn,1,1,0,0,1,"Black or African American, non-Hispanic",177,775,808,IPEDS_EF2013A,0
2013,penn,1,1,0,0,1,Hispanic/Latino,242,1058,1093,IPEDS_EF2013A,0
2013,penn,1,1,0,0,1,"Native Hawaiian or other Pacific Islander, non-Hispanic",2,6,7,IPEDS_EF2013A,0
2013,penn,1,1,0,0,1,Nonresident,254,1116,1264,IPEDS_EF2013A,0
2013,penn,1,1,0,0,1,Race and/or ethnicity unknown,115,420,615,IPEDS_EF2013A,0
2013,penn,1,1,0,0,1,Total,2410,10606,11525,IPEDS_EF2013A,0
2013,penn,1,1,0,0,1,"Two or more races, non-Hispanic",88,381,406,IPEDS_EF2013A,0
2013,penn,1,1,0,0,1,"White, non-Hispanic",1074,4910,5295,IPEDS_EF2013A,0
2013,pomona,0,0,0,1,1,"American Indian or Alaska Native, non-Hispanic",0,1,1,IPEDS_EF2013A,0
2013,pomona,0,0,0,1,1,"Asian, non-Hispanic",58,193,193,IPEDS_EF2013A,0
2013,pomona,0,0,0,1,1,"Black or African American, non-Hispanic",18,95,95,IPEDS_EF2013A,0
2013,pomona,0,0,0,1,1,Hispanic/Latino,54,234,234,IPEDS_EF2013A,0
2013,pomona,0,0,0,1,1,"Native Hawaiian or other Pacific Islander, non-Hispanic",0,0,0,IPEDS_EF2013A,0
2013,pomona,0,0,0,1,1,Nonresident,34,111,122,IPEDS_EF2013A,0
2013,pomona,0,0,0,1,1,Race and/or ethnicity unknown,29,127,139,IPEDS_EF2013A,0
2013,pomona,0,0,0,1,1,Total,397,1587,1610,IPEDS_EF2013A,0
2013,pomona,0,0,0,1,1,"Two or more races, non-Hispanic",35,115,115,IPEDS_EF2013A,0
2013,pomona,0,0,0,1,1,"White, non-Hispanic",169,711,711,IPEDS_EF2013A,0
2013,princeton,1,1,0,0,1,"American Indian or Alaska Native, non-Hispanic",1,4,4,IPEDS_EF2013A,0
2013,princeton,1,1,0,0,1,"Asian, non-Hispanic",271,1051,1054,IPEDS_EF2013A,0
2013,princeton,1,1,0,0,1,"Black or African American, non-Hispanic",105,400,401,IPEDS_EF2013A,0
2013,princeton,1,1,0,0,1,Hispanic/Latino,124,424,426,IPEDS_EF2013A,0
2013,princeton,1,1,0,0,1,"Native Hawaiian or other Pacific Islander, non-Hispanic",1,3,4,IPEDS_EF2013A,0
2013,princeton,1,1,0,0,1,Nonresident,152,569,578,IPEDS_EF2013A,0
2013,princeton,1,1,0,0,1,Race and/or ethnicity unknown,22,98,158,IPEDS_EF2013A,0
2013,princeton,1,1,0,0,1,Total,1284,5234,5323,IPEDS_EF2013A,0
2013,princeton,1,1,0,0,1,"Two or more races, non-Hispanic",46,218,218,IPEDS_EF2013A,0
2013,princeton,1,1,0,0,1,"White, non-Hispanic",562,2467,2480,IPEDS_EF2013A,0
2013,reed,0,0,0,1,0,"American Indian or Alaska Native, non-Hispanic",1,2,2,IPEDS_EF2013A,0
2013,reed,0,0,0,1,0,"Asian, non-Hispanic",22,69,73,IPEDS_EF2013A,0
2013,reed,0,0,0,1,0,"Black or African American, non-Hispanic",8,22,22,IPEDS_EF2013A,0
2013,reed,0,0,0,1,0,Hispanic/Latino,43,146,148,IPEDS_EF2013A,0
2013,reed,0,0,0,1,0,"Native Hawaiian or other Pacific Islander, non-Hispanic",0,0,0,IPEDS_EF2013A,0
2013,reed,0,0,0,1,0,Nonresident,34,82,100,IPEDS_EF2013A,0
2013,reed,0,0,0,1,0,Race and/or ethnicity unknown,18,100,112,IPEDS_EF2013A,0
2013,reed,0,0,0,1,0,Total,354,1351,1395,IPEDS_EF2013A,0
2013,reed,0,0,0,1,0,"Two or more races, non-Hispanic",28,109,109,IPEDS_EF2013A,0
2013,reed,0,0,0,1,0,"White, non-Hispanic",200,821,829,IPEDS_EF2013A,0
2013,rice,0,0,0,0,1,"American Indian or Alaska Native, non-Hispanic",0,6,6,IPEDS_EF2013A,0
2013,rice,0,0,0,0,1,"Asian, non-Hispanic",212,838,840,IPEDS_EF2013A,0
2013,rice,0,0,0,0,1,"Black or African American, non-Hispanic",54,252,253,IPEDS_EF2013A,0
2013,rice,0,0,0,0,1,Hispanic/Latino,162,590,591,IPEDS_EF2013A,0
2013,rice,0,0,0,0,1,"Native Hawaiian or other Pacific Islander, non-Hispanic",0,0,0,IPEDS_EF2013A,0
2013,rice,0,0,0,0,1,Nonresident,135,449,484,IPEDS_EF2013A,0
2013,rice,0,0,0,0,1,Race and/or ethnicity unknown,12,55,55,IPEDS_EF2013A,0
2013,rice,0,0,0,0,1,Total,976,3920,3965,IPEDS_EF2013A,0
2013,rice,0,0,0,0,1,"Two or more races, non-Hispanic",43,184,185,IPEDS_EF2013A,0
2013,rice,0,0,0,0,1,"White, non-Hispanic",358,1546,1551,IPEDS_EF2013A,0
2013,richmond,0,0,0,0,1,"American Indian or Alaska Native, non-Hispanic",2,8,9,IPEDS_EF2013A,0
2013,richmond,0,0,0,0,1,"Asian, non-Hispanic",49,173,175,IPEDS_EF2013A,0
2013,richmond,0,0,0,0,1,"Black or African American, non-Hispanic",36,238,240,IPEDS_EF2013A,0
2013,richmond,0,0,0,0,1,Hispanic/Latino,71,219,221,IPEDS_EF2013A,0
2013,richmond,0,0,0,0,1,"Native Hawaiian or other Pacific Islander, non-Hispanic",0,1,1,IPEDS_EF2013A,0
2013,richmond,0,0,0,0,1,Nonresident,77,274,350,IPEDS_EF2013A,0
2013,richmond,0,0,0,0,1,Race and/or ethnicity unknown,84,270,274,IPEDS_EF2013A,0
2013,richmond,0,0,0,0,1,Total,807,3107,3215,IPEDS_EF2013A,0
2013,richmond,0,0,0,0,1,"Two or more races, non-Hispanic",37,108,108,IPEDS_EF2013A,0
2013,richmond,0,0,0,0,1,"White, non-Hispanic",451,1816,1837,IPEDS_EF2013A,0
2013,sarahlawrence,0,0,0,1,0,"American Indian or Alaska Native, non-Hispanic",0,1,1,IPEDS_EF2013A,0
2013,sarahlawrence,0,0,0,1,0,"Asian, non-Hispanic",20,58,58,IPEDS_EF2013A,0
2013,sarahlawrence,0,0,0,1,0,"Black or African American, non-Hispanic",14,52,53,IPEDS_EF2013A,0
2013,sarahlawrence,0,0,0,1,0,Hispanic/Latino,41,136,137,IPEDS_EF2013A,0
2013,sarahlawrence,0,0,0,1,0,"Native Hawaiian or other Pacific Islander, non-Hispanic",0,2,2,IPEDS_EF2013A,0
2013,sarahlawrence,0,0,0,1,0,Nonresident,64,156,157,IPEDS_EF2013A,0
2013,sarahlawrence,0,0,0,1,0,Race and/or ethnicity unknown,48,117,177,IPEDS_EF2013A,0
2013,sarahlawrence,0,0,0,1,0,Total,427,1402,1471,IPEDS_EF2013A,0
2013,sarahlawrence,0,0,0,1,0,"Two or more races, non-Hispanic",25,71,72,IPEDS_EF2013A,0
2013,sarahlawrence,0,0,0,1,0,"White, non-Hispanic",215,809,814,IPEDS_EF2013A,0
2013,smith,0,0,0,1,1,"American Indian or Alaska Native, non-Hispanic",1,5,5,IPEDS_EF2013A,0
2013,smith,0,0,0,1,1,"Asian, non-Hispanic",90,326,326,IPEDS_EF2013A,0
2013,smith,0,0,0,1,1,"Black or African American, non-Hispanic",26,125,125,IPEDS_EF2013A,0
2013,smith,0,0,0,1,1,Hispanic/Latino,63,248,248,IPEDS_EF2013A,0
2013,smith,0,0,0,1,1,"Native Hawaiian or other Pacific Islander, non-Hispanic",0,1,1,IPEDS_EF2013A,0
2013,smith,0,0,0,1,1,Nonresident,108,343,343,IPEDS_EF2013A,0
2013,smith,0,0,0,1,1,Race and/or ethnicity unknown,64,237,237,IPEDS_EF2013A,0
2013,smith,0,0,0,1,1,Total,643,2606,2606,IPEDS_EF2013A,0
2013,smith,0,0,0,1,1,"Two or more races, non-Hispanic",30,125,125,IPEDS_EF2013A,0
2013,smith,0,0,0,1,1,"White, non-Hispanic",261,1196,1196,IPEDS_EF2013A,0
2013,stanford,0,1,0,0,1,"American Indian or Alaska Native, non-Hispanic",21,63,63,IPEDS_EF2013A,0
2013,stanford,0,1,0,0,1,"Asian, non-Hispanic",325,1332,1340,IPEDS_EF2013A,0
2013,stanford,0,1,0,0,1,"Black or African American, non-Hispanic",97,440,444,IPEDS_EF2013A,0
2013,stanford,0,1,0,0,1,Hispanic/Latino,272,1178,1178,IPEDS_EF2013A,0
2013,stanford,0,1,0,0,1,"Native Hawaiian or other Pacific Islander, non-Hispanic",5,26,26,IPEDS_EF2013A,0
2013,stanford,0,1,0,0,1,Nonresident,164,565,565,IPEDS_EF2013A,0
2013,stanford,0,1,0,0,1,Race and/or ethnicity unknown,10,39,245,IPEDS_EF2013A,0
2013,stanford,0,1,0,0,1,Total,1674,6980,7274,IPEDS_EF2013A,0
2013,stanford,0,1,0,0,1,"Two or more races, non-Hispanic",187,753,753,IPEDS_EF2013A,0
2013,stanford,0,1,0,0,1,"White, non-Hispanic",593,2584,2660,IPEDS_EF2013A,0
2013,stolaf,0,0,0,1,0,"American Indian or Alaska Native, non-Hispanic",0,4,4,IPEDS_EF2013A,0
2013,stolaf,0,0,0,1,0,"Asian, non-Hispanic",46,160,161,IPEDS_EF2013A,0
2013,stolaf,0,0,0,1,0,"Black or African American, non-Hispanic",9,45,45,IPEDS_EF2013A,0
2013,stolaf,0,0,0,1,0,Hispanic/Latino,35,136,137,IPEDS_EF2013A,0
2013,stolaf,0,0,0,1,0,"Native Hawaiian or other Pacific Islander, non-Hispanic",0,0,0,IPEDS_EF2013A,0
2013,stolaf,0,0,0,1,0,Nonresident,51,177,189,IPEDS_EF2013A,0
2013,stolaf,0,0,0,1,0,Race and/or ethnicity unknown,23,27,29,IPEDS_EF2013A,0
2013,stolaf,0,0,0,1,0,Total,752,3079,3125,IPEDS_EF2013A,0
2013,stolaf,0,0,0,1,0,"Two or more races, non-Hispanic",29,115,115,IPEDS_EF2013A,0
2013,stolaf,0,0,0,1,0,"White, non-Hispanic",559,2415,2445,IPEDS_EF2013A,0
2013,swarthmore,0,0,0,1,1,"American Indian or Alaska Native, non-Hispanic",0,2,2,IPEDS_EF2013A,0
2013,swarthmore,0,0,0,1,1,"Asian, non-Hispanic",70,235,236,IPEDS_EF2013A,0
2013,swarthmore,0,0,0,1,1,"Black or African American, non-Hispanic",20,85,86,IPEDS_EF2013A,0
2013,swarthmore,0,0,0,1,1,Hispanic/Latino,56,214,215,IPEDS_EF2013A,0
2013,swarthmore,0,0,0,1,1,"Native Hawaiian or other Pacific Islander, non-Hispanic",0,0,0,IPEDS_EF2013A,0
2013,swarthmore,0,0,0,1,1,Nonresident,32,130,130,IPEDS_EF2013A,0
2013,swarthmore,0,0,0,1,1,Race and/or ethnicity unknown,18,80,83,IPEDS_EF2013A,0
2013,swarthmore,0,0,0,1,1,Total,388,1524,1534,IPEDS_EF2013A,0
2013,swarthmore,0,0,0,1,1,"Two or more races, non-Hispanic",32,126,126,IPEDS_EF2013A,0
2013,swarthmore,0,0,0,1,1,"White, non-Hispanic",160,652,656,IPEDS_EF2013A,0
2013,trinity,0,0,1,1,0,"American Indian or Alaska Native, non-Hispanic",1,1,1,IPEDS_EF2013A,0
2013,trinity,0,0,1,1,0,"Asian, non-Hispanic",26,101,102,IPEDS_EF2013A,0
2013,trinity,0,0,1,1,0,"Black or African American, non-Hispanic",32,141,142,IPEDS_EF2013A,0
2013,trinity,0,0,1,1,0,Hispanic/Latino,31,163,164,IPEDS_EF2013A,0
2013,trinity,0,0,1,1,0,"Native Hawaiian or other Pacific Islander, non-Hispanic",0,0,0,IPEDS_EF2013A,0
2013,trinity,0,0,1,1,0,Nonresident,57,185,185,IPEDS_EF2013A,0
2013,trinity,0,0,1,1,0,Race and/or ethnicity unknown,43,119,148,IPEDS_EF2013A,0
2013,trinity,0,0,1,1,0,Total,604,2239,2301,IPEDS_EF2013A,0
2013,trinity,0,0,1,1,0,"Two or more races, non-Hispanic",18,74,75,IPEDS_EF2013A,0
2013,trinity,0,0,1,1,0,"White, non-Hispanic",396,1455,1484,IPEDS_EF2013A,0
2013,tufts,0,0,1,1,0,"American Indian or Alaska Native, non-Hispanic",0,2,2,IPEDS_EF2013A,0
2013,tufts,0,0,1,1,0,"Asian, non-Hispanic",162,562,562,IPEDS_EF2013A,0
2013,tufts,0,0,1,1,0,"Black or African American, non-Hispanic",49,204,204,IPEDS_EF2013A,0
2013,tufts,0,0,1,1,0,Hispanic/Latino,71,329,331,IPEDS_EF2013A,0
2013,tufts,0,0,1,1,0,"Native Hawaiian or other Pacific Islander, non-Hispanic",0,1,1,IPEDS_EF2013A,0
2013,tufts,0,0,1,1,0,Nonresident,131,419,419,IPEDS_EF2013A,0
2013,tufts,0,0,1,1,0,Race and/or ethnicity unknown,99,495,527,IPEDS_EF2013A,0
2013,tufts,0,0,1,1,0,Total,1307,5146,5180,IPEDS_EF2013A,0
2013,tufts,0,0,1,1,0,"Two or more races, non-Hispanic",55,223,223,IPEDS_EF2013A,0
2013,tufts,0,0,1,1,0,"White, non-Hispanic",740,2911,2911,IPEDS_EF2013A,0
2013,uchicago,0,1,0,0,1,"American Indian or Alaska Native, non-Hispanic",5,10,10,IPEDS_EF2013A,0
2013,uchicago,0,1,0,0,1,"Asian, non-Hispanic",267,1033,1033,IPEDS_EF2013A,0
2013,uchicago,0,1,0,0,1,"Black or African American, non-Hispanic",84,258,258,IPEDS_EF2013A,0
2013,uchicago,0,1,0,0,1,Hispanic/Latino,122,495,495,IPEDS_EF2013A,0
2013,uchicago,0,1,0,0,1,"Native Hawaiian or other Pacific Islander, non-Hispanic",2,3,3,IPEDS_EF2013A,0
2013,uchicago,0,1,0,0,1,Nonresident,137,534,540,IPEDS_EF2013A,0
2013,uchicago,0,1,0,0,1,Race and/or ethnicity unknown,163,561,561,IPEDS_EF2013A,0
2013,uchicago,0,1,0,0,1,Total,1426,5697,5703,IPEDS_EF2013A,0
2013,uchicago,0,1,0,0,1,"Two or more races, non-Hispanic",29,213,213,IPEDS_EF2013A,0
2013,uchicago,0,1,0,0,1,"White, non-Hispanic",617,2590,2590,IPEDS_EF2013A,0
2013,ucla,0,0,0,0,1,"American Indian or Alaska Native, non-Hispanic",8,35,35,IPEDS_EF2013A,0
2013,ucla,0,0,0,0,1,"Asian, non-Hispanic",1733,8883,8883,IPEDS_EF2013A,0
2013,ucla,0,0,0,0,1,"Black or African American, non-Hispanic",171,747,747,IPEDS_EF2013A,0
2013,ucla,0,0,0,0,1,Hispanic/Latino,1138,5281,5281,IPEDS_EF2013A,0
2013,ucla,0,0,0,0,1,"Native Hawaiian or other Pacific Islander, non-Hispanic",18,104,104,IPEDS_EF2013A,0
2013,ucla,0,0,0,0,1,Nonresident,650,3370,3376,IPEDS_EF2013A,0
2013,ucla,0,0,0,0,1,Race and/or ethnicity unknown,113,670,671,IPEDS_EF2013A,0
2013,ucla,0,0,0,0,1,Total,5697,28667,28674,IPEDS_EF2013A,0
2013,ucla,0,0,0,0,1,"Two or more races, non-Hispanic",295,1381,1381,IPEDS_EF2013A,0
2013,ucla,0,0,0,0,1,"White, non-Hispanic",1571,8196,8196,IPEDS_EF2013A,0
2013,umich,0,0,0,0,1,"American Indian or Alaska Native, non-Hispanic",7,44,44,IPEDS_EF2013A,0
2013,umich,0,0,0,0,1,"Asian, non-Hispanic",769,3432,3453,IPEDS_EF2013A,0
2013,umich,0,0,0,0,1,"Black or African American, non-Hispanic",246,1223,1226,IPEDS_EF2013A,0
2013,umich,0,0,0,0,1,Hispanic/Latino,280,1158,1164,IPEDS_EF2013A,0
2013,umich,0,0,0,0,1,"Native Hawaiian or other Pacific Islander, non-Hispanic",3,10,10,IPEDS_EF2013A,0
2013,umich,0,0,0,0,1,Nonresident,249,1874,1954,IPEDS_EF2013A,0
2013,umich,0,0,0,0,1,Race and/or ethnicity unknown,516,1856,1888,IPEDS_EF2013A,0
2013,umich,0,0,0,0,1,Total,6200,28077,28283,IPEDS_EF2013A,0
2013,umich,0,0,0,0,1,"Two or more races, non-Hispanic",206,869,872,IPEDS_EF2013A,0
2013,umich,0,0,0,0,1,"White, non-Hispanic",3924,17611,17672,IPEDS_EF2013A,0
2013,union,0,0,0,1,0,"American Indian or Alaska Native, non-Hispanic",0,2,2,IPEDS_EF2013A,0
2013,union,0,0,0,1,0,"Asian, non-Hispanic",32,128,129,IPEDS_EF2013A,0
2013,union,0,0,0,1,0,"Black or African American, non-Hispanic",25,87,87,IPEDS_EF2013A,0
2013,union,0,0,0,1,0,Hispanic/Latino,35,146,146,IPEDS_EF2013A,0
2013,union,0,0,0,1,0,"Native Hawaiian or other Pacific Islander, non-Hispanic",0,1,1,IPEDS_EF2013A,0
2013,union,0,0,0,1,0,Nonresident,46,134,159,IPEDS_EF2013A,0
2013,union,0,0,0,1,0,Race and/or ethnicity unknown,0,0,0,IPEDS_EF2013A,0
2013,union,0,0,0,1,0,Total,559,2206,2246,IPEDS_EF2013A,0
2013,union,0,0,0,1,0,"Two or more races, non-Hispanic",13,45,45,IPEDS_EF2013A,0
2013,union,0,0,0,1,0,"White, non-Hispanic",408,1663,1677,IPEDS_EF2013A,0
2013,vanderbilt,0,0,0,0,1,"American Indian or Alaska Native, non-Hispanic",10,26,26,IPEDS_EF2013A,0
2013,vanderbilt,0,0,0,0,1,"Asian, non-Hispanic",168,576,576,IPEDS_EF2013A,0
2013,vanderbilt,0,0,0,0,1,"Black or African American, non-Hispanic",139,545,545,IPEDS_EF2013A,0
2013,vanderbilt,0,0,0,0,1,Hispanic/Latino,136,538,538,IPEDS_EF2013A,0
2013,vanderbilt,0,0,0,0,1,"Native Hawaiian or other Pacific Islander, non-Hispanic",3,4,4,IPEDS_EF2013A,0
2013,vanderbilt,0,0,0,0,1,Nonresident,97,393,405,IPEDS_EF2013A,0
2013,vanderbilt,0,0,0,0,1,Race and/or ethnicity unknown,118,265,287,IPEDS_EF2013A,0
2013,vanderbilt,0,0,0,0,1,Total,1613,6794,6835,IPEDS_EF2013A,0
2013,vanderbilt,0,0,0,0,1,"Two or more races, non-Hispanic",85,332,332,IPEDS_EF2013A,0
2013,vanderbilt,0,0,0,0,1,"White, non-Hispanic",857,4115,4122,IPEDS_EF2013A,0
2013,vassar,0,0,0,1,1,"American Indian or Alaska Native, non-Hispanic",0,1,1,IPEDS_EF2013A,0
2013,vassar,0,0,0,1,1,"Asian, non-Hispanic",75,232,234,IPEDS_EF2013A,0
2013,vassar,0,0,0,1,1,"Black or African American, non-Hispanic",32,140,150,IPEDS_EF2013A,0
2013,vassar,0,0,0,1,1,Hispanic/Latino,64,269,269,IPEDS_EF2013A,0
2013,vassar,0,0,0,1,1,"Native Hawaiian or other Pacific Islander, non-Hispanic",0,0,0,IPEDS_EF2013A,0
2013,vassar,0,0,0,1,1,Nonresident,50,157,169,IPEDS_EF2013A,0
2013,vassar,0,0,0,1,1,Race and/or ethnicity unknown,0,2,4,IPEDS_EF2013A,0
2013,vassar,0,0,0,1,1,Total,665,2436,2477,IPEDS_EF2013A,0
2013,vassar,0,0,0,1,1,"Two or more races, non-Hispanic",41,143,143,IPEDS_EF2013A,0
2013,vassar,0,0,0,1,1,"White, non-Hispanic",403,1492,1507,IPEDS_EF2013A,0
2013,washandlee,0,0,0,1,1,"American Indian or Alaska Native, non-Hispanic",0,2,2,IPEDS_EF2013A,0
2013,washandlee,0,0,0,1,1,"Asian, non-Hispanic",24,67,69,IPEDS_EF2013A,0
2013,washandlee,0,0,0,1,1,"Black or African American, non-Hispanic",9,45,45,IPEDS_EF2013A,0
2013,washandlee,0,0,0,1,1,Hispanic/Latino,17,64,64,IPEDS_EF2013A,0
2013,washandlee,0,0,0,1,1,"Native Hawaiian or other Pacific Islander, non-Hispanic",0,0,0,IPEDS_EF2013A,0
2013,washandlee,0,0,0,1,1,Nonresident,6,60,62,IPEDS_EF2013A,0
2013,washandlee,0,0,0,1,1,Race and/or ethnicity unknown,8,40,41,IPEDS_EF2013A,0
2013,washandlee,0,0,0,1,1,Total,480,1846,1855,IPEDS_EF2013A,0
2013,washandlee,0,0,0,1,1,"Two or more races, non-Hispanic",9,29,29,IPEDS_EF2013A,0
2013,washandlee,0,0,0,1,1,"White, non-Hispanic",407,1539,1543,IPEDS_EF2013A,0
2013,wellesley,0,0,0,1,1,"American Indian or Alaska Native, non-Hispanic",0,0,0,IPEDS_EF2013A,0
2013,wellesley,0,0,0,1,1,"Asian, non-Hispanic",161,535,548,IPEDS_EF2013A,0
2013,wellesley,0,0,0,1,1,"Black or African American, non-Hispanic",39,139,140,IPEDS_EF2013A,0
2013,wellesley,0,0,0,1,1,Hispanic/Latino,61,233,236,IPEDS_EF2013A,0
2013,wellesley,0,0,0,1,1,"Native Hawaiian or other Pacific Islander, non-Hispanic",0,0,0,IPEDS_EF2013A,0
2013,wellesley,0,0,0,1,1,Nonresident,58,257,278,IPEDS_EF2013A,0
2013,wellesley,0,0,0,1,1,Race and/or ethnicity unknown,10,60,118,IPEDS_EF2013A,0
2013,wellesley,0,0,0,1,1,Total,590,2347,2474,IPEDS_EF2013A,0
2013,wellesley,0,0,0,1,1,"Two or more races, non-Hispanic",40,136,137,IPEDS_EF2013A,0
2013,wellesley,0,0,0,1,1,"White, non-Hispanic",221,987,1017,IPEDS_EF2013A,0
2013,wesleyan,0,0,1,1,1,"American Indian or Alaska Native, non-Hispanic",1,2,2,IPEDS_EF2013A,0
2013,wesleyan,0,0,1,1,1,"Asian, non-Hispanic",48,230,231,IPEDS_EF2013A,0
2013,wesleyan,0,0,1,1,1,"Black or African American, non-Hispanic",48,208,208,IPEDS_EF2013A,0
2013,wesleyan,0,0,1,1,1,Hispanic/Latino,70,279,279,IPEDS_EF2013A,0
2013,wesleyan,0,0,1,1,1,"Native Hawaiian or other Pacific Islander, non-Hispanic",2,3,3,IPEDS_EF2013A,0
2013,wesleyan,0,0,1,1,1,Nonresident,69,239,248,IPEDS_EF2013A,0
2013,wesleyan,0,0,1,1,1,Race and/or ethnicity unknown,60,230,234,IPEDS_EF2013A,0
2013,wesleyan,0,0,1,1,1,Total,741,2888,2906,IPEDS_EF2013A,0
2013,wesleyan,0,0,1,1,1,"Two or more races, non-Hispanic",45,168,168,IPEDS_EF2013A,0
2013,wesleyan,0,0,1,1,1,"White, non-Hispanic",398,1529,1533,IPEDS_EF2013A,0
2013,williams,0,0,1,1,1,"American Indian or Alaska Native, non-Hispanic",1,6,7,IPEDS_EF2013A,0
2013,williams,0,0,1,1,1,"Asian, non-Hispanic",56,216,217,IPEDS_EF2013A,0
2013,williams,0,0,1,1,1,"Black or African American, non-Hispanic",38,159,159,IPEDS_EF2013A,0
2013,williams,0,0,1,1,1,Hispanic/Latino,69,249,249,IPEDS_EF2013A,0
2013,williams,0,0,1,1,1,"Native Hawaiian or other Pacific Islander, non-Hispanic",0,0,0,IPEDS_EF2013A,0
2013,williams,0,0,1,1,1,Nonresident,37,137,147,IPEDS_EF2013A,0
2013,williams,0,0,1,1,1,Race and/or ethnicity unknown,0,0,0,IPEDS_EF2013A,0
2013,williams,0,0,1,1,1,Total,544,2051,2096,IPEDS_EF2013A,0
2013,williams,0,0,1,1,1,"Two or more races, non-Hispanic",41,125,126,IPEDS_EF2013A,0
2013,williams,0,0,1,1,1,"White, non-Hispanic",302,1159,1191,IPEDS_EF2013A,0
2013,wustl,0,0,0,0,1,"American Indian or Alaska Native, non-Hispanic",1,9,9,IPEDS_EF2013A,0
2013,wustl,0,0,0,0,1,"Asian, non-Hispanic",324,1191,1221,IPEDS_EF2013A,0
2013,wustl,0,0,0,0,1,"Black or African American, non-Hispanic",77,402,452,IPEDS_EF2013A,0
2013,wustl,0,0,0,0,1,Hispanic/Latino,102,382,394,IPEDS_EF2013A,0
2013,wustl,0,0,0,0,1,"Native Hawaiian or other Pacific Islander, non-Hispanic",1,1,1,IPEDS_EF2013A,0
2013,wustl,0,0,0,0,1,Nonresident,132,531,609,IPEDS_EF2013A,0
2013,wustl,0,0,0,0,1,Race and/or ethnicity unknown,39,287,327,IPEDS_EF2013A,0
2013,wustl,0,0,0,0,1,Total,1608,6851,7336,IPEDS_EF2013A,0
2013,wustl,0,0,0,0,1,"Two or more races, non-Hispanic",67,260,267,IPEDS_EF2013A,0
2013,wustl,0,0,0,0,1,"White, non-Hispanic",865,3788,4056,IPEDS_EF2013A,0
2013,yale,1,1,0,0,1,"American Indian or Alaska Native, non-Hispanic",3,31,31,IPEDS_EF2013A,0
2013,yale,1,1,0,0,1,"Asian, non-Hispanic",220,892,892,IPEDS_EF2013A,0
2013,yale,1,1,0,0,1,"Black or African American, non-Hispanic",94,365,365,IPEDS_EF2013A,0
2013,yale,1,1,0,0,1,Hispanic/Latino,139,549,549,IPEDS_EF2013A,0
2013,yale,1,1,0,0,1,"Native Hawaiian or other Pacific Islander, non-Hispanic",0,3,3,IPEDS_EF2013A,0
2013,yale,1,1,0,0,1,Nonresident,135,570,572,IPEDS_EF2013A,0
2013,yale,1,1,0,0,1,Race and/or ethnicity unknown,29,121,121,IPEDS_EF2013A,0
2013,yale,1,1,0,0,1,Total,1358,5422,5430,IPEDS_EF2013A,0
2013,yale,1,1,0,0,1,"Two or more races, non-Hispanic",80,324,324,IPEDS_EF2013A,0
2013,yale,1,1,0,0,1,"White, non-Hispanic",658,2567,2573,IPEDS_EF2013A,0
2014,airforce,0,0,0,0,1,"American Indian or Alaska Native, non-Hispanic",3,17,17,IPEDS_EF2014A,0
2014,airforce,0,0,0,0,1,"Asian, non-Hispanic",49,174,174,IPEDS_EF2014A,0
2014,airforce,0,0,0,0,1,"Black or African American, non-Hispanic",58,232,232,IPEDS_EF2014A,0
2014,airforce,0,0,0,0,1,Hispanic/Latino,128,400,400,IPEDS_EF2014A,0
2014,airforce,0,0,0,0,1,"Native Hawaiian or other Pacific Islander, non-Hispanic",2,22,22,IPEDS_EF2014A,0
2014,airforce,0,0,0,0,1,Nonresident,14,56,56,IPEDS_EF2014A,0
2014,airforce,0,0,0,0,1,Race and/or ethnicity unknown,87,244,244,IPEDS_EF2014A,0
2014,airforce,0,0,0,0,1,Total,1138,3952,3952,IPEDS_EF2014A,0
2014,airforce,0,0,0,0,1,"Two or more races, non-Hispanic",73,241,241,IPEDS_EF2014A,0
2014,airforce,0,0,0,0,1,"White, non-Hispanic",724,2566,2566,IPEDS_EF2014A,0
2014,amherst,0,0,1,1,1,"American Indian or Alaska Native, non-Hispanic",5,6,6,IPEDS_EF2014A,0
2014,amherst,0,0,1,1,1,"Asian, non-Hispanic",65,234,234,IPEDS_EF2014A,0
2014,amherst,0,0,1,1,1,"Black or African American, non-Hispanic",59,222,222,IPEDS_EF2014A,0
2014,amherst,0,0,1,1,1,Hispanic/Latino,62,235,235,IPEDS_EF2014A,0
2014,amherst,0,0,1,1,1,"Native Hawaiian or other Pacific Islander, non-Hispanic",1,1,1,IPEDS_EF2014A,0
2014,amherst,0,0,1,1,1,Nonresident,48,172,172,IPEDS_EF2014A,0
2014,amherst,0,0,1,1,1,Race and/or ethnicity unknown,17,90,90,IPEDS_EF2014A,0
2014,amherst,0,0,1,1,1,Total,469,1792,1792,IPEDS_EF2014A,0
2014,amherst,0,0,1,1,1,"Two or more races, non-Hispanic",17,81,81,IPEDS_EF2014A,0
2014,amherst,0,0,1,1,1,"White, non-Hispanic",195,751,751,IPEDS_EF2014A,0
2014,army,0,0,0,0,1,"American Indian or Alaska Native, non-Hispanic",19,49,49,IPEDS_EF2014A,0
2014,army,0,0,0,0,1,"Asian, non-Hispanic",70,252,252,IPEDS_EF2014A,0
2014,army,0,0,0,0,1,"Black or African American, non-Hispanic",150,396,396,IPEDS_EF2014A,0
2014,army,0,0,0,0,1,Hispanic/Latino,144,516,516,IPEDS_EF2014A,0
2014,army,0,0,0,0,1,"Native Hawaiian or other Pacific Islander, non-Hispanic",6,18,18,IPEDS_EF2014A,0
2014,army,0,0,0,0,1,Nonresident,14,57,57,IPEDS_EF2014A,0
2014,army,0,0,0,0,1,Race and/or ethnicity unknown,7,42,42,IPEDS_EF2014A,0
2014,army,0,0,0,0,1,Total,1200,4414,4414,IPEDS_EF2014A,0
2014,army,0,0,0,0,1,"Two or more races, non-Hispanic",37,114,114,IPEDS_EF2014A,0
2014,army,0,0,0,0,1,"White, non-Hispanic",753,2970,2970,IPEDS_EF2014A,0
2014,barnard,0,0,0,1,1,"American Indian or Alaska Native, non-Hispanic",1,1,1,IPEDS_EF2014A,0
2014,barnard,0,0,0,1,1,"Asian, non-Hispanic",90,366,367,IPEDS_EF2014A,0
2014,barnard,0,0,0,1,1,"Black or African American, non-Hispanic",51,168,168,IPEDS_EF2014A,0
2014,barnard,0,0,0,1,1,Hispanic/Latino,77,284,286,IPEDS_EF2014A,0
2014,barnard,0,0,0,1,1,"Native Hawaiian or other Pacific Islander, non-Hispanic",0,1,1,IPEDS_EF2014A,0
2014,barnard,0,0,0,1,1,Nonresident,44,188,192,IPEDS_EF2014A,0
2014,barnard,0,0,0,1,1,Race and/or ethnicity unknown,4,9,16,IPEDS_EF2014A,0
2014,barnard,0,0,0,1,1,Total,617,2556,2573,IPEDS_EF2014A,0
2014,barnard,0,0,0,1,1,"Two or more races, non-Hispanic",39,133,133,IPEDS_EF2014A,0
2014,barnard,0,0,0,1,1,"White, non-Hispanic",311,1406,1409,IPEDS_EF2014A,0
2014,bates,0,0,1,1,1,"American Indian or Alaska Native, non-Hispanic",0,4,4,IPEDS_EF2014A,0
2014,bates,0,0,1,1,1,"Asian, non-Hispanic",17,82,82,IPEDS_EF2014A,0
2014,bates,0,0,1,1,1,"Black or African American, non-Hispanic",21,85,85,IPEDS_EF2014A,0
2014,bates,0,0,1,1,1,Hispanic/Latino,39,120,120,IPEDS_EF2014A,0
2014,bates,0,0,1,1,1,"Native Hawaiian or other Pacific Islander, non-Hispanic",0,0,0,IPEDS_EF2014A,0
2014,bates,0,0,1,1,1,Nonresident,32,122,122,IPEDS_EF2014A,0
2014,bates,0,0,1,1,1,Race and/or ethnicity unknown,3,14,14,IPEDS_EF2014A,0
2014,bates,0,0,1,1,1,Total,491,1773,1773,IPEDS_EF2014A,0
2014,bates,0,0,1,1,1,"Two or more races, non-Hispanic",24,72,72,IPEDS_EF2014A,0
2014,bates,0,0,1,1,1,"White, non-Hispanic",355,1274,1274,IPEDS_EF2014A,0
2014,berkeley,0,0,0,0,1,"American Indian or Alaska Native, non-Hispanic",11,43,43,IPEDS_EF2014A,0
2014,berkeley,0,0,0,0,1,"Asian, non-Hispanic",2043,9519,9519,IPEDS_EF2014A,0
2014,berkeley,0,0,0,0,1,"Black or African American, non-Hispanic",104,567,567,IPEDS_EF2014A,0
2014,berkeley,0,0,0,0,1,Hispanic/Latino,758,3754,3754,IPEDS_EF2014A,0
2014,berkeley,0,0,0,0,1,"Native Hawaiian or other Pacific Islander, non-Hispanic",13,72,72,IPEDS_EF2014A,0
2014,berkeley,0,0,0,0,1,Nonresident,725,3725,3725,IPEDS_EF2014A,0
2014,berkeley,0,0,0,0,1,Race and/or ethnicity unknown,139,689,689,IPEDS_EF2014A,0
2014,berkeley,0,0,0,0,1,Total,5466,27126,27126,IPEDS_EF2014A,0
2014,berkeley,0,0,0,0,1,"Two or more races, non-Hispanic",250,1277,1277,IPEDS_EF2014A,0
2014,berkeley,0,0,0,0,1,"White, non-Hispanic",1423,7480,7480,IPEDS_EF2014A,0
2014,bowdoin,0,0,1,1,1,"American Indian or Alaska Native, non-Hispanic",1,2,2,IPEDS_EF2014A,0
2014,bowdoin,0,0,1,1,1,"Asian, non-Hispanic",31,114,114,IPEDS_EF2014A,0
2014,bowdoin,0,0,1,1,1,"Black or African American, non-Hispanic",25,88,88,IPEDS_EF2014A,0
2014,bowdoin,0,0,1,1,1,Hispanic/Latino,62,229,229,IPEDS_EF2014A,0
2014,bowdoin,0,0,1,1,1,"Native Hawaiian or other Pacific Islander, non-Hispanic",0,0,0,IPEDS_EF2014A,0
2014,bowdoin,0,0,1,1,1,Nonresident,26,93,98,IPEDS_EF2014A,0
2014,bowdoin,0,0,1,1,1,Race and/or ethnicity unknown,1,10,10,IPEDS_EF2014A,0
2014,bowdoin,0,0,1,1,1,Total,501,1797,1805,IPEDS_EF2014A,0
2014,bowdoin,0,0,1,1,1,"Two or more races, non-Hispanic",39,117,117,IPEDS_EF2014A,0
2014,bowdoin,0,0,1,1,1,"White, non-Hispanic",316,1144,1147,IPEDS_EF2014A,0
2014,brown,1,1,0,0,1,"American Indian or Alaska Native, non-Hispanic",9,24,24,IPEDS_EF2014A,0
2014,brown,1,1,0,0,1,"Asian, non-Hispanic",225,805,840,IPEDS_EF2014A,0
2014,brown,1,1,0,0,1,"Black or African American, non-Hispanic",106,419,422,IPEDS_EF2014A,0
2014,brown,1,1,0,0,1,Hispanic/Latino,184,709,724,IPEDS_EF2014A,0
2014,brown,1,1,0,0,1,"Native Hawaiian or other Pacific Islander, non-Hispanic",5,10,10,IPEDS_EF2014A,0
2014,brown,1,1,0,0,1,Nonresident,186,725,794,IPEDS_EF2014A,0
2014,brown,1,1,0,0,1,Race and/or ethnicity unknown,72,503,581,IPEDS_EF2014A,0
2014,brown,1,1,0,0,1,Total,1559,6264,6548,IPEDS_EF2014A,0
2014,brown,1,1,0,0,1,"Two or more races, non-Hispanic",90,341,345,IPEDS_EF2014A,0
2014,brown,1,1,0,0,1,"White, non-Hispanic",682,2728,2808,IPEDS_EF2014A,0
2014,brynmawr,0,0,0,1,0,"American Indian or Alaska Native, non-Hispanic",1,2,2,IPEDS_EF2014A,0
2014,brynmawr,0,0,0,1,0,"Asian, non-Hispanic",52,151,151,IPEDS_EF2014A,0
2014,brynmawr,0,0,0,1,0,"Black or African American, non-Hispanic",18,69,69,IPEDS_EF2014A,0
2014,brynmawr,0,0,0,1,0,Hispanic/Latino,32,113,113,IPEDS_EF2014A,0
2014,brynmawr,0,0,0,1,0,"Native Hawaiian or other Pacific Islander, non-Hispanic",1,1,1,IPEDS_EF2014A,0
2014,brynmawr,0,0,0,1,0,Nonresident,89,314,316,IPEDS_EF2014A,0
2014,brynmawr,0,0,0,1,0,Race and/or ethnicity unknown,19,114,115,IPEDS_EF2014A,0
2014,brynmawr,0,0,0,1,0,Total,351,1303,1308,IPEDS_EF2014A,0
2014,brynmawr,0,0,0,1,0,"Two or more races, non-Hispanic",22,65,66,IPEDS_EF2014A,0
2014,brynmawr,0,0,0,1,0,"White, non-Hispanic",117,474,475,IPEDS_EF2014A,0
2014,bucknell,0,0,0,1,0,"American Indian or Alaska Native, non-Hispanic",0,1,1,IPEDS_EF2014A,0
2014,bucknell,0,0,0,1,0,"Asian, non-Hispanic",29,126,126,IPEDS_EF2014A,0
2014,bucknell,0,0,0,1,0,"Black or African American, non-Hispanic",29,112,112,IPEDS_EF2014A,0
2014,bucknell,0,0,0,1,0,Hispanic/Latino,51,186,187,IPEDS_EF2014A,0
2014,bucknell,0,0,0,1,0,"Native Hawaiian or other Pacific Islander, non-Hispanic",0,0,0,IPEDS_EF2014A,0
2014,bucknell,0,0,0,1,0,Nonresident,48,187,204,IPEDS_EF2014A,0
2014,bucknell,0,0,0,1,0,Race and/or ethnicity unknown,2,13,14,IPEDS_EF2014A,0
2014,bucknell,0,0,0,1,0,Total,939,3528,3565,IPEDS_EF2014A,0
2014,bucknell,0,0,0,1,0,"Two or more races, non-Hispanic",29,121,123,IPEDS_EF2014A,0
2014,bucknell,0,0,0,1,0,"White, non-Hispanic",751,2782,2798,IPEDS_EF2014A,0
2014,caltech,0,1,0,0,1,"American Indian or Alaska Native, non-Hispanic",0,1,1,IPEDS_EF2014A,0
2014,caltech,0,1,0,0,1,"Asian, non-Hispanic",105,431,431,IPEDS_EF2014A,0
2014,caltech,0,1,0,0,1,"Black or African American, non-Hispanic",2,15,15,IPEDS_EF2014A,0
2014,caltech,0,1,0,0,1,Hispanic/Latino,34,120,120,IPEDS_EF2014A,0
2014,caltech,0,1,0,0,1,"Native Hawaiian or other Pacific Islander, non-Hispanic",0,0,0,IPEDS_EF2014A,0
2014,caltech,0,1,0,0,1,Nonresident,19,86,86,IPEDS_EF2014A,0
2014,caltech,0,1,0,0,1,Race and/or ethnicity unknown,0,0,0,IPEDS_EF2014A,0
2014,caltech,0,1,0,0,1,Total,226,983,983,IPEDS_EF2014A,0
2014,caltech,0,1,0,0,1,"Two or more races, non-Hispanic",8,56,56,IPEDS_EF2014A,0
2014,caltech,0,1,0,0,1,"White, non-Hispanic",58,274,274,IPEDS_EF2014A,0
2014,carleton,0,0,0,1,1,"American Indian or Alaska Native, non-Hispanic",1,3,3,IPEDS_EF2014A,0
2014,carleton,0,0,0,1,1,"Asian, non-Hispanic",43,184,184,IPEDS_EF2014A,0
2014,carleton,0,0,0,1,1,"Black or African American, non-Hispanic",21,79,79,IPEDS_EF2014A,0
2014,carleton,0,0,0,1,1,Hispanic/Latino,37,130,130,IPEDS_EF2014A,0
2014,carleton,0,0,0,1,1,"Native Hawaiian or other Pacific Islander, non-Hispanic",0,2,2,IPEDS_EF2014A,0
2014,carleton,0,0,0,1,1,Nonresident,53,189,197,IPEDS_EF2014A,0
2014,carleton,0,0,0,1,1,Race and/or ethnicity unknown,3,35,36,IPEDS_EF2014A,0
2014,carleton,0,0,0,1,1,Total,521,2042,2057,IPEDS_EF2014A,0
2014,carleton,0,0,0,1,1,"Two or more races, non-Hispanic",20,93,93,IPEDS_EF2014A,0
2014,carleton,0,0,0,1,1,"White, non-Hispanic",343,1327,1333,IPEDS_EF2014A,0
2014,clark,0,0,0,1,0,"American Indian or Alaska Native, non-Hispanic",0,1,1,IPEDS_EF2014A,0
2014,clark,0,0,0,1,0,"Asian, non-Hispanic",51,151,155,IPEDS_EF2014A,0
2014,clark,0,0,0,1,0,"Black or African American, non-Hispanic",20,85,87,IPEDS_EF2014A,0
2014,clark,0,0,0,1,0,Hispanic/Latino,35,134,145,IPEDS_EF2014A,0
2014,clark,0,0,0,1,0,"Native Hawaiian or other Pacific Islander, non-Hispanic",1,2,2,IPEDS_EF2014A,0
2014,clark,0,0,0,1,0,Nonresident,83,308,322,IPEDS_EF2014A,0
2014,clark,0,0,0,1,0,Race and/or ethnicity unknown,21,160,174,IPEDS_EF2014A,0
2014,clark,0,0,0,1,0,Total,552,2239,2301,IPEDS_EF2014A,0
2014,clark,0,0,0,1,0,"Two or more races, non-Hispanic",17,53,53,IPEDS_EF2014A,0
2014,clark,0,0,0,1,0,"White, non-Hispanic",324,1345,1362,IPEDS_EF2014A,0
2014,cmc,0,0,0,0,1,"American Indian or Alaska Native, non-Hispanic",1,1,1,IPEDS_EF2014A,0
2014,cmc,0,0,0,0,1,"Asian, non-Hispanic",36,132,132,IPEDS_EF2014A,0
2014,cmc,0,0,0,0,1,"Black or African American, non-Hispanic",15,54,54,IPEDS_EF2014A,0
2014,cmc,0,0,0,0,1,Hispanic/Latino,41,153,154,IPEDS_EF2014A,0
2014,cmc,0,0,0,0,1,"Native Hawaiian or other Pacific Islander, non-Hispanic",0,1,1,IPEDS_EF2014A,0
2014,cmc,0,0,0,0,1,Nonresident,64,216,222,IPEDS_EF2014A,0
2014,cmc,0,0,0,0,1,Race and/or ethnicity unknown,13,83,83,IPEDS_EF2014A,0
2014,cmc,0,0,0,0,1,Total,327,1293,1301,IPEDS_EF2014A,0
2014,cmc,0,0,0,0,1,"Two or more races, non-Hispanic",19,100,100,IPEDS_EF2014A,0
2014,cmc,0,0,0,0,1,"White, non-Hispanic",138,553,554,IPEDS_EF2014A,0
2014,cmu,0,0,0,0,1,"American Indian or Alaska Native, non-Hispanic",3,5,5,IPEDS_EF2014A,0
2014,cmu,0,0,0,0,1,"Asian, non-Hispanic",460,1568,1574,IPEDS_EF2014A,0
2014,cmu,0,0,0,0,1,"Black or African American, non-Hispanic",63,286,286,IPEDS_EF2014A,0
2014,cmu,0,0,0,0,1,Hispanic/Latino,108,443,445,IPEDS_EF2014A,0
2014,cmu,0,0,0,0,1,"Native Hawaiian or other Pacific Islander, non-Hispanic",1,1,1,IPEDS_EF2014A,0
2014,cmu,0,0,0,0,1,Nonresident,269,917,933,IPEDS_EF2014A,0
2014,cmu,0,0,0,0,1,Race and/or ethnicity unknown,61,289,299,IPEDS_EF2014A,0
2014,cmu,0,0,0,0,1,Total,1474,5819,5888,IPEDS_EF2014A,0
2014,cmu,0,0,0,0,1,"Two or more races, non-Hispanic",67,251,254,IPEDS_EF2014A,0
2014,cmu,0,0,0,0,1,"White, non-Hispanic",442,2059,2091,IPEDS_EF2014A,0
2014,colby,0,0,1,1,1,"American Indian or Alaska Native, non-Hispanic",2,3,3,IPEDS_EF2014A,0
2014,colby,0,0,1,1,1,"Asian, non-Hispanic",34,103,103,IPEDS_EF2014A,0
2014,colby,0,0,1,1,1,"Black or African American, non-Hispanic",18,56,56,IPEDS_EF2014A,0
2014,colby,0,0,1,1,1,Hispanic/Latino,28,113,113,IPEDS_EF2014A,0
2014,colby,0,0,1,1,1,"Native Hawaiian or other Pacific Islander, non-Hispanic",0,0,0,IPEDS_EF2014A,0
2014,colby,0,0,1,1,1,Nonresident,66,196,196,IPEDS_EF2014A,0
2014,colby,0,0,1,1,1,Race and/or ethnicity unknown,18,168,168,IPEDS_EF2014A,0
2014,colby,0,0,1,1,1,Total,480,1847,1847,IPEDS_EF2014A,0
2014,colby,0,0,1,1,1,"Two or more races, non-Hispanic",29,98,98,IPEDS_EF2014A,0
2014,colby,0,0,1,1,1,"White, non-Hispanic",285,1110,1110,IPEDS_EF2014A,0
2014,colgate,0,0,0,0,1,"American Indian or Alaska Native, non-Hispanic",0,2,2,IPEDS_EF2014A,0
2014,colgate,0,0,0,0,1,"Asian, non-Hispanic",34,102,102,IPEDS_EF2014A,0
2014,colgate,0,0,0,0,1,"Black or African American, non-Hispanic",33,119,119,IPEDS_EF2014A,0
2014,colgate,0,0,0,0,1,Hispanic/Latino,75,242,242,IPEDS_EF2014A,0
2014,colgate,0,0,0,0,1,"Native Hawaiian or other Pacific Islander, non-Hispanic",0,3,3,IPEDS_EF2014A,0
2014,colgate,0,0,0,0,1,Nonresident,73,250,250,IPEDS_EF2014A,0
2014,colgate,0,0,0,0,1,Race and/or ethnicity unknown,21,120,122,IPEDS_EF2014A,0
2014,colgate,0,0,0,0,1,Total,767,2865,2875,IPEDS_EF2014A,0
2014,colgate,0,0,0,0,1,"Two or more races, non-Hispanic",31,101,101,IPEDS_EF2014A,0
2014,colgate,0,0,0,0,1,"White, non-Hispanic",500,1926,1934,IPEDS_EF2014A,0
2014,columbia,1,1,0,0,1,"American Indian or Alaska Native, non-Hispanic",4,41,41,IPEDS_EF2014A,0
2014,columbia,1,1,0,0,1,"Asian, non-Hispanic",276,1437,1437,IPEDS_EF2014A,0
2014,columbia,1,1,0,0,1,"Black or African American, non-Hispanic",133,588,588,IPEDS_EF2014A,0
2014,columbia,1,1,0,0,1,Hispanic/Latino,214,1062,1062,IPEDS_EF2014A,0
2014,columbia,1,1,0,0,1,"Native Hawaiian or other Pacific Islander, non-Hispanic",2,11,11,IPEDS_EF2014A,0
2014,columbia,1,1,0,0,1,Nonresident,227,1127,1127,IPEDS_EF2014A,0
2014,columbia,1,1,0,0,1,Race and/or ethnicity unknown,20,317,317,IPEDS_EF2014A,0
2014,columbia,1,1,0,0,1,Total,1533,8100,8100,IPEDS_EF2014A,0
2014,columbia,1,1,0,0,1,"Two or more races, non-Hispanic",98,379,379,IPEDS_EF2014A,0
2014,columbia,1,1,0,0,1,"White, non-Hispanic",559,3138,3138,IPEDS_EF2014A,0
2014,conncoll,0,0,1,1,0,"American Indian or Alaska Native, non-Hispanic",0,0,0,IPEDS_EF2014A,0
2014,conncoll,0,0,1,1,0,"Asian, non-Hispanic",18,65,67,IPEDS_EF2014A,0
2014,conncoll,0,0,1,1,0,"Black or African American, non-Hispanic",13,61,62,IPEDS_EF2014A,0
2014,conncoll,0,0,1,1,0,Hispanic/Latino,37,163,163,IPEDS_EF2014A,0
2014,conncoll,0,0,1,1,0,"Native Hawaiian or other Pacific Islander, non-Hispanic",0,0,0,IPEDS_EF2014A,0
2014,conncoll,0,0,1,1,0,Nonresident,32,100,102,IPEDS_EF2014A,0
2014,conncoll,0,0,1,1,0,Race and/or ethnicity unknown,10,86,89,IPEDS_EF2014A,0
2014,conncoll,0,0,1,1,0,Total,498,1875,1893,IPEDS_EF2014A,0
2014,conncoll,0,0,1,1,0,"Two or more races, non-Hispanic",17,52,52,IPEDS_EF2014A,0
2014,conncoll,0,0,1,1,0,"White, non-Hispanic",371,1348,1358,IPEDS_EF2014A,0
2014,cornell,1,1,0,0,1,"American Indian or Alaska Native, non-Hispanic",12,45,45,IPEDS_EF2014A,0
2014,cornell,1,1,0,0,1,"Asian, non-Hispanic",623,2444,2445,IPEDS_EF2014A,0
2014,cornell,1,1,0,0,1,"Black or African American, non-Hispanic",198,847,847,IPEDS_EF2014A,0
2014,cornell,1,1,0,0,1,Hispanic/Latino,410,1636,1636,IPEDS_EF2014A,0
2014,cornell,1,1,0,0,1,"Native Hawaiian or other Pacific Islander, non-Hispanic",6,10,10,IPEDS_EF2014A,0
2014,cornell,1,1,0,0,1,Nonresident,287,1371,1456,IPEDS_EF2014A,0
2014,cornell,1,1,0,0,1,Race and/or ethnicity unknown,171,1256,1256,IPEDS_EF2014A,0
2014,cornell,1,1,0,0,1,Total,3225,14195,14282,IPEDS_EF2014A,0
2014,cornell,1,1,0,0,1,"Two or more races, non-Hispanic",144,612,612,IPEDS_EF2014A,0
2014,cornell,1,1,0,0,1,"White, non-Hispanic",1374,5974,5975,IPEDS_EF2014A,0
2014,dartmouth,1,1,0,0,1,"American Indian or Alaska Native, non-Hispanic",29,91,91,IPEDS_EF2014A,0
2014,dartmouth,1,1,0,0,1,"Asian, non-Hispanic",157,588,588,IPEDS_EF2014A,0
2014,dartmouth,1,1,0,0,1,"Black or African American, non-Hispanic",84,284,284,IPEDS_EF2014A,0
2014,dartmouth,1,1,0,0,1,Hispanic/Latino,111,341,341,IPEDS_EF2014A,0
2014,dartmouth,1,1,0,0,1,"Native Hawaiian or other Pacific Islander, non-Hispanic",3,5,5,IPEDS_EF2014A,0
2014,dartmouth,1,1,0,0,1,Nonresident,90,343,373,IPEDS_EF2014A,0
2014,dartmouth,1,1,0,0,1,Race and/or ethnicity unknown,35,313,378,IPEDS_EF2014A,0
2014,dartmouth,1,1,0,0,1,Total,1152,4184,4289,IPEDS_EF2014A,0
2014,dartmouth,1,1,0,0,1,"Two or more races, non-Hispanic",51,209,209,IPEDS_EF2014A,0
2014,dartmouth,1,1,0,0,1,"White, non-Hispanic",592,2010,2020,IPEDS_EF2014A,0
2014,davidson,0,0,0,1,1,"American Indian or Alaska Native, non-Hispanic",2,11,11,IPEDS_EF2014A,0
2014,davidson,0,0,0,1,1,"Asian, non-Hispanic",32,102,102,IPEDS_EF2014A,0
2014,davidson,0,0,0,1,1,"Black or African American, non-Hispanic",31,114,114,IPEDS_EF2014A,0
2014,davidson,0,0,0,1,1,Hispanic/Latino,37,117,117,IPEDS_EF2014A,0
2014,davidson,0,0,0,1,1,"Native Hawaiian or other Pacific Islander, non-Hispanic",0,0,0,IPEDS_EF2014A,0
2014,davidson,0,0,0,1,1,Nonresident,34,100,104,IPEDS_EF2014A,0
2014,davidson,0,0,0,1,1,Race and/or ethnicity unknown,6,31,31,IPEDS_EF2014A,0
2014,davidson,0,0,0,1,1,Total,502,1765,1770,IPEDS_EF2014A,0
2014,davidson,0,0,0,1,1,"Two or more races, non-Hispanic",20,71,71,IPEDS_EF2014A,0
2014,davidson,0,0,0,1,1,"White, non-Hispanic",340,1219,1220,IPEDS_EF2014A,0
2014,duke,0,1,0,0,1,"American Indian or Alaska Native, non-Hispanic",12,37,37,IPEDS_EF2014A,0
2014,duke,0,1,0,0,1,"Asian, non-Hispanic",371,1392,1401,IPEDS_EF2014A,0
2014,duke,0,1,0,0,1,"Black or African American, non-Hispanic",168,650,654,IPEDS_EF2014A,0
2014,duke,0,1,0,0,1,Hispanic/Latino,135,425,435,IPEDS_EF2014A,0
2014,duke,0,1,0,0,1,"Native Hawaiian or other Pacific Islander, non-Hispanic",3,4,4,IPEDS_EF2014A,0
2014,duke,0,1,0,0,1,Nonresident,180,616,643,IPEDS_EF2014A,0
2014,duke,0,1,0,0,1,Race and/or ethnicity unknown,22,145,168,IPEDS_EF2014A,0
2014,duke,0,1,0,0,1,Total,1721,6480,6626,IPEDS_EF2014A,0
2014,duke,0,1,0,0,1,"Two or more races, non-Hispanic",28,117,120,IPEDS_EF2014A,0
2014,duke,0,1,0,0,1,"White, non-Hispanic",802,3094,3164,IPEDS_EF2014A,0
2014,emory,0,0,0,0,1,"American Indian or Alaska Native, non-Hispanic",4,14,14,IPEDS_EF2014A,0
2014,emory,0,0,0,0,1,"Asian, non-Hispanic",327,1602,1605,IPEDS_EF2014A,0
2014,emory,0,0,0,0,1,"Black or African American, non-Hispanic",149,712,715,IPEDS_EF2014A,0
2014,emory,0,0,0,0,1,Hispanic/Latino,149,550,551,IPEDS_EF2014A,0
2014,emory,0,0,0,0,1,"Native Hawaiian or other Pacific Islander, non-Hispanic",1,2,2,IPEDS_EF2014A,0
2014,emory,0,0,0,0,1,Nonresident,302,1196,1265,IPEDS_EF2014A,0
2014,emory,0,0,0,0,1,Race and/or ethnicity unknown,39,276,283,IPEDS_EF2014A,0
2014,emory,0,0,0,0,1,Total,1824,7730,7829,IPEDS_EF2014A,0
2014,emory,0,0,0,0,1,"Two or more races, non-Hispanic",58,230,232,IPEDS_EF2014A,0
2014,emory,0,0,0,0,1,"White, non-Hispanic",795,3148,3162,IPEDS_EF2014A,0
2014,fandm,0,0,0,1,0,"American Indian or Alaska Native, non-Hispanic",0,2,2,IPEDS_EF2014A,0
2014,fandm,0,0,0,1,0,"Asian, non-Hispanic",31,101,101,IPEDS_EF2014A,0
2014,fandm,0,0,0,1,0,"Black or African American, non-Hispanic",38,121,122,IPEDS_EF2014A,0
2014,fandm,0,0,0,1,0,Hispanic/Latino,59,177,177,IPEDS_EF2014A,0
2014,fandm,0,0,0,1,0,"Native Hawaiian or other Pacific Islander, non-Hispanic",0,0,0,IPEDS_EF2014A,0
2014,fandm,0,0,0,1,0,Nonresident,75,299,300,IPEDS_EF2014A,0
2014,fandm,0,0,0,1,0,Race and/or ethnicity unknown,16,137,156,IPEDS_EF2014A,0
2014,fandm,0,0,0,1,0,Total,592,2182,2209,IPEDS_EF2014A,0
2014,fandm,0,0,0,1,0,"Two or more races, non-Hispanic",10,44,44,IPEDS_EF2014A,0
2014,fandm,0,0,0,1,0,"White, non-Hispanic",363,1301,1307,IPEDS_EF2014A,0
2014,georgetown,0,0,0,0,1,"American Indian or Alaska Native, non-Hispanic",0,5,5,IPEDS_EF2014A,0
2014,georgetown,0,0,0,0,1,"Asian, non-Hispanic",158,692,695,IPEDS_EF2014A,0
2014,georgetown,0,0,0,0,1,"Black or African American, non-Hispanic",93,446,453,IPEDS_EF2014A,0
2014,georgetown,0,0,0,0,1,Hispanic/Latino,130,565,569,IPEDS_EF2014A,0
2014,georgetown,0,0,0,0,1,"Native Hawaiian or other Pacific Islander, non-Hispanic",0,3,3,IPEDS_EF2014A,0
2014,georgetown,0,0,0,0,1,Nonresident,172,855,1042,IPEDS_EF2014A,0
2014,georgetown,0,0,0,0,1,Race and/or ethnicity unknown,13,155,248,IPEDS_EF2014A,0
2014,georgetown,0,0,0,0,1,Total,1578,7211,7595,IPEDS_EF2014A,0
2014,georgetown,0,0,0,0,1,"Two or more races, non-Hispanic",65,298,299,IPEDS_EF2014A,0
2014,georgetown,0,0,0,0,1,"White, non-Hispanic",947,4192,4281,IPEDS_EF2014A,0
2014,grinnell,0,0,0,0,1,"American Indian or Alaska Native, non-Hispanic",0,2,3,IPEDS_EF2014A,0
2014,grinnell,0,0,0,0,1,"Asian, non-Hispanic",35,125,128,IPEDS_EF2014A,0
2014,grinnell,0,0,0,0,1,"Black or African American, non-Hispanic",23,98,100,IPEDS_EF2014A,0
2014,grinnell,0,0,0,0,1,Hispanic/Latino,30,131,134,IPEDS_EF2014A,0
2014,grinnell,0,0,0,0,1,"Native Hawaiian or other Pacific Islander, non-Hispanic",0,0,0,IPEDS_EF2014A,0
2014,grinnell,0,0,0,0,1,Nonresident,78,228,228,IPEDS_EF2014A,0
2014,grinnell,0,0,0,0,1,Race and/or ethnicity unknown,1,37,63,IPEDS_EF2014A,0
2014,grinnell,0,0,0,0,1,Total,435,1670,1734,IPEDS_EF2014A,0
2014,grinnell,0,0,0,0,1,"Two or more races, non-Hispanic",22,73,74,IPEDS_EF2014A,0
2014,grinnell,0,0,0,0,1,"White, non-Hispanic",246,976,1004,IPEDS_EF2014A,0
2014,hamilton,0,0,1,1,1,"American Indian or Alaska Native, non-Hispanic",1,1,1,IPEDS_EF2014A,0
2014,hamilton,0,0,1,1,1,"Asian, non-Hispanic",38,138,140,IPEDS_EF2014A,0
2014,hamilton,0,0,1,1,1,"Black or African American, non-Hispanic",23,74,75,IPEDS_EF2014A,0
2014,hamilton,0,0,1,1,1,Hispanic/Latino,32,148,148,IPEDS_EF2014A,0
2014,hamilton,0,0,1,1,1,"Native Hawaiian or other Pacific Islander, non-Hispanic",0,0,0,IPEDS_EF2014A,0
2014,hamilton,0,0,1,1,1,Nonresident,22,89,93,IPEDS_EF2014A,0
2014,hamilton,0,0,1,1,1,Race and/or ethnicity unknown,24,172,176,IPEDS_EF2014A,0
2014,hamilton,0,0,1,1,1,Total,469,1890,1904,IPEDS_EF2014A,0
2014,hamilton,0,0,1,1,1,"Two or more races, non-Hispanic",13,54,54,IPEDS_EF2014A,0
2014,hamilton,0,0,1,1,1,"White, non-Hispanic",316,1214,1217,IPEDS_EF2014A,0
2014,hampshire,0,0,0,1,0,"American Indian or Alaska Native, non-Hispanic",1,1,1,IPEDS_EF2014A,0
2014,hampshire,0,0,0,1,0,"Asian, non-Hispanic",10,31,31,IPEDS_EF2014A,0
2014,hampshire,0,0,0,1,0,"Black or African American, non-Hispanic",15,50,53,IPEDS_EF2014A,0
2014,hampshire,0,0,0,1,0,Hispanic/Latino,25,129,133,IPEDS_EF2014A,0
2014,hampshire,0,0,0,1,0,"Native Hawaiian or other Pacific Islander, non-Hispanic",0,1,1,IPEDS_EF2014A,0
2014,hampshire,0,0,0,1,0,Nonresident,9,67,69,IPEDS_EF2014A,0
2014,hampshire,0,0,0,1,0,Race and/or ethnicity unknown,4,71,75,IPEDS_EF2014A,0
2014,hampshire,0,0,0,1,0,Total,324,1358,1376,IPEDS_EF2014A,0
2014,hampshire,0,0,0,1,0,"Two or more races, non-Hispanic",22,80,80,IPEDS_EF2014A,0
2014,hampshire,0,0,0,1,0,"White, non-Hispanic",238,928,933,IPEDS_EF2014A,0
2014,harvard,1,1,0,0,1,"American Indian or Alaska Native, non-Hispanic",2,16,24,IPEDS_EF2014A,0
2014,harvard,1,1,0,0,1,"Asian, non-Hispanic",317,1303,1779,IPEDS_EF2014A,0
2014,harvard,1,1,0,0,1,"Black or African American, non-Hispanic",118,493,653,IPEDS_EF2014A,0
2014,harvard,1,1,0,0,1,Hispanic/Latino,182,712,1004,IPEDS_EF2014A,0
2014,harvard,1,1,0,0,1,"Native Hawaiian or other Pacific Islander, non-Hispanic",0,4,9,IPEDS_EF2014A,0
2014,harvard,1,1,0,0,1,Nonresident,186,750,807,IPEDS_EF2014A,0
2014,harvard,1,1,0,0,1,Race and/or ethnicity unknown,30,211,571,IPEDS_EF2014A,0
2014,harvard,1,1,0,0,1,Total,1650,7236,10338,IPEDS_EF2014A,0
2014,harvard,1,1,0,0,1,"Two or more races, non-Hispanic",120,471,574,IPEDS_EF2014A,0
2014,harvard,1,1,0,0,1,"White, non-Hispanic",695,3276,4917,IPEDS_EF2014A,0
2014,haverford,0,0,0,1,0,"American Indian or Alaska Native, non-Hispanic",0,4,4,IPEDS_EF2014A,0
2014,haverford,0,0,0,1,0,"Asian, non-Hispanic",31,98,100,IPEDS_EF2014A,0
2014,haverford,0,0,0,1,0,"Black or African American, non-Hispanic",18,69,69,IPEDS_EF2014A,0
2014,haverford,0,0,0,1,0,Hispanic/Latino,34,102,102,IPEDS_EF2014A,0
2014,haverford,0,0,0,1,0,"Native Hawaiian or other Pacific Islander, non-Hispanic",0,0,0,IPEDS_EF2014A,0
2014,haverford,0,0,0,1,0,Nonresident,21,72,72,IPEDS_EF2014A,0
2014,haverford,0,0,0,1,0,Race and/or ethnicity unknown,8,9,11,IPEDS_EF2014A,0
2014,haverford,0,0,0,1,0,Total,338,1187,1194,IPEDS_EF2014A,0
2014,haverford,0,0,0,1,0,"Two or more races, non-Hispanic",9,69,70,IPEDS_EF2014A,0
2014,haverford,0,0,0,1,0,"White, non-Hispanic",217,764,766,IPEDS_EF2014A,0
2014,hmc,0,0,0,0,1,"American Indian or Alaska Native, non-Hispanic",3,4,4,IPEDS_EF2014A,0
2014,hmc,0,0,0,0,1,"Asian, non-Hispanic",38,167,167,IPEDS_EF2014A,0
2014,hmc,0,0,0,0,1,"Black or African American, non-Hispanic",5,13,13,IPEDS_EF2014A,0
2014,hmc,0,0,0,0,1,Hispanic/Latino,20,80,80,IPEDS_EF2014A,0
2014,hmc,0,0,0,0,1,"Native Hawaiian or other Pacific Islander, non-Hispanic",0,0,0,IPEDS_EF2014A,0
2014,hmc,0,0,0,0,1,Nonresident,25,100,102,IPEDS_EF2014A,0
2014,hmc,0,0,0,0,1,Race and/or ethnicity unknown,8,36,36,IPEDS_EF2014A,0
2014,hmc,0,0,0,0,1,Total,194,802,804,IPEDS_EF2014A,0
2014,hmc,0,0,0,0,1,"Two or more races, non-Hispanic",20,50,50,IPEDS_EF2014A,0
2014,hmc,0,0,0,0,1,"White, non-Hispanic",75,352,352,IPEDS_EF2014A,0
2014,jhu,0,1,0,0,1,"American Indian or Alaska Native, non-Hispanic",1,5,7,IPEDS_EF2014A,0
2014,jhu,0,1,0,0,1,"Asian, non-Hispanic",370,1232,1262,IPEDS_EF2014A,0
2014,jhu,0,1,0,0,1,"Black or African American, non-Hispanic",65,322,361,IPEDS_EF2014A,0
2014,jhu,0,1,0,0,1,Hispanic/Latino,209,711,733,IPEDS_EF2014A,0
2014,jhu,0,1,0,0,1,"Native Hawaiian or other Pacific Islander, non-Hispanic",2,4,6,IPEDS_EF2014A,0
2014,jhu,0,1,0,0,1,Nonresident,152,623,670,IPEDS_EF2014A,0
2014,jhu,0,1,0,0,1,Race and/or ethnicity unknown,21,134,140,IPEDS_EF2014A,0
2014,jhu,0,1,0,0,1,Total,1470,6039,6357,IPEDS_EF2014A,0
2014,jhu,0,1,0,0,1,"Two or more races, non-Hispanic",76,281,286,IPEDS_EF2014A,0
2014,jhu,0,1,0,0,1,"White, non-Hispanic",574,2727,2892,IPEDS_EF2014A,0
2014,macalester,0,0,0,1,0,"American Indian or Alaska Native, non-Hispanic",0,1,1,IPEDS_EF2014A,0
2014,macalester,0,0,0,1,0,"Asian, non-Hispanic",34,145,146,IPEDS_EF2014A,0
2014,macalester,0,0,0,1,0,"Black or African American, non-Hispanic",13,48,49,IPEDS_EF2014A,0
2014,macalester,0,0,0,1,0,Hispanic/Latino,45,123,123,IPEDS_EF2014A,0
2014,macalester,0,0,0,1,0,"Native Hawaiian or other Pacific Islander, non-Hispanic",1,1,1,IPEDS_EF2014A,0
2014,macalester,0,0,0,1,0,Nonresident,74,272,281,IPEDS_EF2014A,0
2014,macalester,0,0,0,1,0,Race and/or ethnicity unknown,0,0,0,IPEDS_EF2014A,0
2014,macalester,0,0,0,1,0,Total,541,2053,2073,IPEDS_EF2014A,0
2014,macalester,0,0,0,1,0,"Two or more races, non-Hispanic",32,109,111,IPEDS_EF2014A,0
2014,macalester,0,0,0,1,0,"White, non-Hispanic",342,1354,1361,IPEDS_EF2014A,0
2014,middlebury,0,0,1,1,1,"American Indian or Alaska Native, non-Hispanic",1,7,7,IPEDS_EF2014A,0
2014,middlebury,0,0,1,1,1,"Asian, non-Hispanic",43,169,170,IPEDS_EF2014A,0
2014,middlebury,0,0,1,1,1,"Black or African American, non-Hispanic",26,73,73,IPEDS_EF2014A,0
2014,middlebury,0,0,1,1,1,Hispanic/Latino,64,220,220,IPEDS_EF2014A,0
2014,middlebury,0,0,1,1,1,"Native Hawaiian or other Pacific Islander, non-Hispanic",0,0,0,IPEDS_EF2014A,0
2014,middlebury,0,0,1,1,1,Nonresident,68,250,271,IPEDS_EF2014A,0
2014,middlebury,0,0,1,1,1,Race and/or ethnicity unknown,2,37,38,IPEDS_EF2014A,0
2014,middlebury,0,0,1,1,1,Total,580,2498,2526,IPEDS_EF2014A,0
2014,middlebury,0,0,1,1,1,"Two or more races, non-Hispanic",28,118,118,IPEDS_EF2014A,0
2014,middlebury,0,0,1,1,1,"White, non-Hispanic",348,1624,1629,IPEDS_EF2014A,0
2014,mit,0,1,0,0,1,"American Indian or Alaska Native, non-Hispanic",0,8,8,IPEDS_EF2014A,0
2014,mit,0,1,0,0,1,"Asian, non-Hispanic",265,1101,1101,IPEDS_EF2014A,0
2014,mit,0,1,0,0,1,"Black or African American, non-Hispanic",72,251,251,IPEDS_EF2014A,0
2014,mit,0,1,0,0,1,Hispanic/Latino,149,722,722,IPEDS_EF2014A,0
2014,mit,0,1,0,0,1,"Native Hawaiian or other Pacific Islander, non-Hispanic",0,0,0,IPEDS_EF2014A,0
2014,mit,0,1,0,0,1,Nonresident,95,433,466,IPEDS_EF2014A,0
2014,mit,0,1,0,0,1,Race and/or ethnicity unknown,10,80,81,IPEDS_EF2014A,0
2014,mit,0,1,0,0,1,Total,1043,4476,4512,IPEDS_EF2014A,0
2014,mit,0,1,0,0,1,"Two or more races, non-Hispanic",64,235,235,IPEDS_EF2014A,0
2014,mit,0,1,0,0,1,"White, non-Hispanic",388,1646,1648,IPEDS_EF2014A,0
2014,mtholyoke,0,0,0,1,0,"American Indian or Alaska Native, non-Hispanic",0,1,1,IPEDS_EF2014A,0
2014,mtholyoke,0,0,0,1,0,"Asian, non-Hispanic",65,221,221,IPEDS_EF2014A,0
2014,mtholyoke,0,0,0,1,0,"Black or African American, non-Hispanic",30,133,133,IPEDS_EF2014A,0
2014,mtholyoke,0,0,0,1,0,Hispanic/Latino,41,167,169,IPEDS_EF2014A,0
2014,mtholyoke,0,0,0,1,0,"Native Hawaiian or other Pacific Islander, non-Hispanic",0,1,1,IPEDS_EF2014A,0
2014,mtholyoke,0,0,0,1,0,Nonresident,147,534,552,IPEDS_EF2014A,0
2014,mtholyoke,0,0,0,1,0,Race and/or ethnicity unknown,5,27,28,IPEDS_EF2014A,0
2014,mtholyoke,0,0,0,1,0,Total,531,2161,2189,IPEDS_EF2014A,0
2014,mtholyoke,0,0,0,1,0,"Two or more races, non-Hispanic",21,70,71,IPEDS_EF2014A,0
2014,mtholyoke,0,0,0,1,0,"White, non-Hispanic",222,1007,1013,IPEDS_EF2014A,0
2014,navy,0,0,0,0,1,"American Indian or Alaska Native, non-Hispanic",2,20,20,IPEDS_EF2014A,0
2014,navy,0,0,0,0,1,"Asian, non-Hispanic",79,299,299,IPEDS_EF2014A,0
2014,navy,0,0,0,0,1,"Black or African American, non-Hispanic",74,310,310,IPEDS_EF2014A,0
2014,navy,0,0,0,0,1,Hispanic/Latino,142,498,498,IPEDS_EF2014A,0
2014,navy,0,0,0,0,1,"Native Hawaiian or other Pacific Islander, non-Hispanic",4,21,21,IPEDS_EF2014A,0
2014,navy,0,0,0,0,1,Nonresident,13,59,59,IPEDS_EF2014A,0
2014,navy,0,0,0,0,1,Race and/or ethnicity unknown,15,48,48,IPEDS_EF2014A,0
2014,navy,0,0,0,0,1,Total,1175,4511,4511,IPEDS_EF2014A,0
2014,navy,0,0,0,0,1,"Two or more races, non-Hispanic",96,340,340,IPEDS_EF2014A,0
2014,navy,0,0,0,0,1,"White, non-Hispanic",750,2916,2916,IPEDS_EF2014A,0
2014,northwestern,0,0,0,0,1,"American Indian or Alaska Native, non-Hispanic",1,4,5,IPEDS_EF2014A,0
2014,northwestern,0,0,0,0,1,"Asian, non-Hispanic",370,1477,1512,IPEDS_EF2014A,0
2014,northwestern,0,0,0,0,1,"Black or African American, non-Hispanic",115,505,523,IPEDS_EF2014A,0
2014,northwestern,0,0,0,0,1,Hispanic/Latino,280,946,961,IPEDS_EF2014A,0
2014,northwestern,0,0,0,0,1,"Native Hawaiian or other Pacific Islander, non-Hispanic",0,0,0,IPEDS_EF2014A,0
2014,northwestern,0,0,0,0,1,Nonresident,174,644,670,IPEDS_EF2014A,0
2014,northwestern,0,0,0,0,1,Race and/or ethnicity unknown,14,95,175,IPEDS_EF2014A,0
2014,northwestern,0,0,0,0,1,Total,2043,8725,9048,IPEDS_EF2014A,0
2014,northwestern,0,0,0,0,1,"Two or more races, non-Hispanic",112,462,471,IPEDS_EF2014A,0
2014,northwestern,0,0,0,0,1,"White, non-Hispanic",977,4592,4731,IPEDS_EF2014A,0
2014,notredame,0,0,0,0,1,"American Indian or Alaska Native, non-Hispanic",1,17,17,IPEDS_EF2014A,0
2014,notredame,0,0,0,0,1,"Asian, non-Hispanic",101,481,482,IPEDS_EF2014A,0
2014,notredame,0,0,0,0,1,"Black or African American, non-Hispanic",79,310,310,IPEDS_EF2014A,0
2014,notredame,0,0,0,0,1,Hispanic/Latino,230,881,881,IPEDS_EF2014A,0
2014,notredame,0,0,0,0,1,"Native Hawaiian or other Pacific Islander, non-Hispanic",3,4,4,IPEDS_EF2014A,0
2014,notredame,0,0,0,0,1,Nonresident,119,385,405,IPEDS_EF2014A,0
2014,notredame,0,0,0,0,1,Race and/or ethnicity unknown,21,51,51,IPEDS_EF2014A,0
2014,notredame,0,0,0,0,1,Total,2012,8427,8448,IPEDS_EF2014A,0
2014,notredame,0,0,0,0,1,"Two or more races, non-Hispanic",72,343,343,IPEDS_EF2014A,0
2014,notredame,0,0,0,0,1,"White, non-Hispanic",1386,5955,5955,IPEDS_EF2014A,0
2014,oberlin,0,0,0,1,0,"American Indian or Alaska Native, non-Hispanic",0,3,3,IPEDS_EF2014A,0
2014,oberlin,0,0,0,1,0,"Asian, non-Hispanic",27,124,124,IPEDS_EF2014A,0
2014,oberlin,0,0,0,1,0,"Black or African American, non-Hispanic",43,154,154,IPEDS_EF2014A,0
2014,oberlin,0,0,0,1,0,Hispanic/Latino,62,214,214,IPEDS_EF2014A,0
2014,oberlin,0,0,0,1,0,"Native Hawaiian or other Pacific Islander, non-Hispanic",1,2,2,IPEDS_EF2014A,0
2014,oberlin,0,0,0,1,0,Nonresident,64,210,210,IPEDS_EF2014A,0
2014,oberlin,0,0,0,1,0,Race and/or ethnicity unknown,0,20,20,IPEDS_EF2014A,0
2014,oberlin,0,0,0,1,0,Total,797,2961,2961,IPEDS_EF2014A,0
2014,oberlin,0,0,0,1,0,"Two or more races, non-Hispanic",44,168,168,IPEDS_EF2014A,0
2014,oberlin,0,0,0,1,0,"White, non-Hispanic",556,2066,2066,IPEDS_EF2014A,0
2014,penn,1,1,0,0,1,"American Indian or Alaska Native, non-Hispanic",3,9,9,IPEDS_EF2014A,0
2014,penn,1,1,0,0,1,"Asian, non-Hispanic",471,2018,2099,IPEDS_EF2014A,0
2014,penn,1,1,0,0,1,"Black or African American, non-Hispanic",161,765,805,IPEDS_EF2014A,0
2014,penn,1,1,0,0,1,Hispanic/Latino,246,1104,1138,IPEDS_EF2014A,0
2014,penn,1,1,0,0,1,"Native Hawaiian or other Pacific Islander, non-Hispanic",0,4,4,IPEDS_EF2014A,0
2014,penn,1,1,0,0,1,Nonresident,268,1157,1322,IPEDS_EF2014A,0
2014,penn,1,1,0,0,1,Race and/or ethnicity unknown,66,341,521,IPEDS_EF2014A,0
2014,penn,1,1,0,0,1,Total,2413,10678,11548,IPEDS_EF2014A,0
2014,penn,1,1,0,0,1,"Two or more races, non-Hispanic",119,429,451,IPEDS_EF2014A,0
2014,penn,1,1,0,0,1,"White, non-Hispanic",1079,4851,5199,IPEDS_EF2014A,0
2014,pomona,0,0,0,1,1,"American Indian or Alaska Native, non-Hispanic",3,4,4,IPEDS_EF2014A,0
2014,pomona,0,0,0,1,1,"Asian, non-Hispanic",58,212,213,IPEDS_EF2014A,0
2014,pomona,0,0,0,1,1,"Black or African American, non-Hispanic",39,109,109,IPEDS_EF2014A,0
2014,pomona,0,0,0,1,1,Hispanic/Latino,56,232,232,IPEDS_EF2014A,0
2014,pomona,0,0,0,1,1,"Native Hawaiian or other Pacific Islander, non-Hispanic",1,2,2,IPEDS_EF2014A,0
2014,pomona,0,0,0,1,1,Nonresident,48,146,154,IPEDS_EF2014A,0
2014,pomona,0,0,0,1,1,Race and/or ethnicity unknown,22,110,112,IPEDS_EF2014A,0
2014,pomona,0,0,0,1,1,Total,450,1635,1650,IPEDS_EF2014A,0
2014,pomona,0,0,0,1,1,"Two or more races, non-Hispanic",32,122,122,IPEDS_EF2014A,0
2014,pomona,0,0,0,1,1,"White, non-Hispanic",191,698,702,IPEDS_EF2014A,0
2014,princeton,1,1,0,0,1,"American Indian or Alaska Native, non-Hispanic",3,6,7,IPEDS_EF2014A,0
2014,princeton,1,1,0,0,1,"Asian, non-Hispanic",276,1097,1111,IPEDS_EF2014A,0
2014,princeton,1,1,0,0,1,"Black or African American, non-Hispanic",105,406,406,IPEDS_EF2014A,0
2014,princeton,1,1,0,0,1,Hispanic/Latino,121,440,447,IPEDS_EF2014A,0
2014,princeton,1,1,0,0,1,"Native Hawaiian or other Pacific Islander, non-Hispanic",5,6,6,IPEDS_EF2014A,0
2014,princeton,1,1,0,0,1,Nonresident,146,579,603,IPEDS_EF2014A,0
2014,princeton,1,1,0,0,1,Race and/or ethnicity unknown,18,86,138,IPEDS_EF2014A,0
2014,princeton,1,1,0,0,1,Total,1310,5258,5391,IPEDS_EF2014A,0
2014,princeton,1,1,0,0,1,"Two or more races, non-Hispanic",53,221,223,IPEDS_EF2014A,0
2014,princeton,1,1,0,0,1,"White, non-Hispanic",583,2417,2450,IPEDS_EF2014A,0
2014,reed,0,0,0,1,0,"American Indian or Alaska Native, non-Hispanic",2,4,4,IPEDS_EF2014A,0
2014,reed,0,0,0,1,0,"Asian, non-Hispanic",21,75,80,IPEDS_EF2014A,0
2014,reed,0,0,0,1,0,"Black or African American, non-Hispanic",7,24,25,IPEDS_EF2014A,0
2014,reed,0,0,0,1,0,Hispanic/Latino,35,144,146,IPEDS_EF2014A,0
2014,reed,0,0,0,1,0,"Native Hawaiian or other Pacific Islander, non-Hispanic",3,3,3,IPEDS_EF2014A,0
2014,reed,0,0,0,1,0,Nonresident,30,98,115,IPEDS_EF2014A,0
2014,reed,0,0,0,1,0,Race and/or ethnicity unknown,15,85,89,IPEDS_EF2014A,0
2014,reed,0,0,0,1,0,Total,347,1335,1374,IPEDS_EF2014A,0
2014,reed,0,0,0,1,0,"Two or more races, non-Hispanic",32,113,113,IPEDS_EF2014A,0
2014,reed,0,0,0,1,0,"White, non-Hispanic",202,789,799,IPEDS_EF2014A,0
2014,rice,0,0,0,0,1,"American Indian or Alaska Native, non-Hispanic",1,4,4,IPEDS_EF2014A,0
2014,rice,0,0,0,0,1,"Asian, non-Hispanic",251,879,879,IPEDS_EF2014A,0
2014,rice,0,0,0,0,1,"Black or African American, non-Hispanic",80,262,262,IPEDS_EF2014A,0
2014,rice,0,0,0,0,1,Hispanic/Latino,118,583,585,IPEDS_EF2014A,0
2014,rice,0,0,0,0,1,"Native Hawaiian or other Pacific Islander, non-Hispanic",1,1,1,IPEDS_EF2014A,0
2014,rice,0,0,0,0,1,Nonresident,112,458,487,IPEDS_EF2014A,0
2014,rice,0,0,0,0,1,Race and/or ethnicity unknown,4,52,53,IPEDS_EF2014A,0
2014,rice,0,0,0,0,1,Total,949,3888,3926,IPEDS_EF2014A,0
2014,rice,0,0,0,0,1,"Two or more races, non-Hispanic",41,174,174,IPEDS_EF2014A,0
2014,rice,0,0,0,0,1,"White, non-Hispanic",341,1475,1481,IPEDS_EF2014A,0
2014,richmond,0,0,0,0,1,"American Indian or Alaska Native, non-Hispanic",2,9,10,IPEDS_EF2014A,0
2014,richmond,0,0,0,0,1,"Asian, non-Hispanic",72,201,203,IPEDS_EF2014A,0
2014,richmond,0,0,0,0,1,"Black or African American, non-Hispanic",49,252,261,IPEDS_EF2014A,0
2014,richmond,0,0,0,0,1,Hispanic/Latino,74,235,236,IPEDS_EF2014A,0
2014,richmond,0,0,0,0,1,"Native Hawaiian or other Pacific Islander, non-Hispanic",0,1,1,IPEDS_EF2014A,0
2014,richmond,0,0,0,0,1,Nonresident,64,262,349,IPEDS_EF2014A,0
2014,richmond,0,0,0,0,1,Race and/or ethnicity unknown,35,240,240,IPEDS_EF2014A,0
2014,richmond,0,0,0,0,1,Total,817,3223,3346,IPEDS_EF2014A,0
2014,richmond,0,0,0,0,1,"Two or more races, non-Hispanic",33,121,122,IPEDS_EF2014A,0
2014,richmond,0,0,0,0,1,"White, non-Hispanic",488,1902,1924,IPEDS_EF2014A,0
2014,sarahlawrence,0,0,0,1,0,"American Indian or Alaska Native, non-Hispanic",1,1,1,IPEDS_EF2014A,0
2014,sarahlawrence,0,0,0,1,0,"Asian, non-Hispanic",16,54,54,IPEDS_EF2014A,0
2014,sarahlawrence,0,0,0,1,0,"Black or African American, non-Hispanic",12,50,52,IPEDS_EF2014A,0
2014,sarahlawrence,0,0,0,1,0,Hispanic/Latino,37,127,128,IPEDS_EF2014A,0
2014,sarahlawrence,0,0,0,1,0,"Native Hawaiian or other Pacific Islander, non-Hispanic",1,1,1,IPEDS_EF2014A,0
2014,sarahlawrence,0,0,0,1,0,Nonresident,45,184,187,IPEDS_EF2014A,0
2014,sarahlawrence,0,0,0,1,0,Race and/or ethnicity unknown,10,90,151,IPEDS_EF2014A,0
2014,sarahlawrence,0,0,0,1,0,Total,356,1366,1437,IPEDS_EF2014A,0
2014,sarahlawrence,0,0,0,1,0,"Two or more races, non-Hispanic",31,80,80,IPEDS_EF2014A,0
2014,sarahlawrence,0,0,0,1,0,"White, non-Hispanic",203,779,783,IPEDS_EF2014A,0
2014,smith,0,0,0,1,1,"American Indian or Alaska Native, non-Hispanic",0,4,4,IPEDS_EF2014A,0
2014,smith,0,0,0,1,1,"Asian, non-Hispanic",88,334,334,IPEDS_EF2014A,0
2014,smith,0,0,0,1,1,"Black or African American, non-Hispanic",30,122,122,IPEDS_EF2014A,0
2014,smith,0,0,0,1,1,Hispanic/Latino,57,239,239,IPEDS_EF2014A,0
2014,smith,0,0,0,1,1,"Native Hawaiian or other Pacific Islander, non-Hispanic",1,2,2,IPEDS_EF2014A,0
2014,smith,0,0,0,1,1,Nonresident,96,360,360,IPEDS_EF2014A,0
2014,smith,0,0,0,1,1,Race and/or ethnicity unknown,27,208,208,IPEDS_EF2014A,0
2014,smith,0,0,0,1,1,Total,616,2563,2563,IPEDS_EF2014A,0
2014,smith,0,0,0,1,1,"Two or more races, non-Hispanic",24,114,114,IPEDS_EF2014A,0
2014,smith,0,0,0,1,1,"White, non-Hispanic",293,1180,1180,IPEDS_EF2014A,0
2014,stanford,0,1,0,0,1,"American Indian or Alaska Native, non-Hispanic",17,80,80,IPEDS_EF2014A,0
2014,stanford,0,1,0,0,1,"Asian, non-Hispanic",348,1389,1389,IPEDS_EF2014A,0
2014,stanford,0,1,0,0,1,"Black or African American, non-Hispanic",101,415,415,IPEDS_EF2014A,0
2014,stanford,0,1,0,0,1,Hispanic/Latino,266,1128,1128,IPEDS_EF2014A,0
2014,stanford,0,1,0,0,1,"Native Hawaiian or other Pacific Islander, non-Hispanic",7,27,27,IPEDS_EF2014A,0
2014,stanford,0,1,0,0,1,Nonresident,128,575,575,IPEDS_EF2014A,0
2014,stanford,0,1,0,0,1,Race and/or ethnicity unknown,3,22,23,IPEDS_EF2014A,0
2014,stanford,0,1,0,0,1,Total,1677,7018,7019,IPEDS_EF2014A,0
2014,stanford,0,1,0,0,1,"Two or more races, non-Hispanic",187,749,749,IPEDS_EF2014A,0
2014,stanford,0,1,0,0,1,"White, non-Hispanic",620,2633,2633,IPEDS_EF2014A,0
2014,stolaf,0,0,0,1,0,"American Indian or Alaska Native, non-Hispanic",0,3,3,IPEDS_EF2014A,0
2014,stolaf,0,0,0,1,0,"Asian, non-Hispanic",55,166,168,IPEDS_EF2014A,0
2014,stolaf,0,0,0,1,0,"Black or African American, non-Hispanic",19,50,50,IPEDS_EF2014A,0
2014,stolaf,0,0,0,1,0,Hispanic/Latino,39,139,141,IPEDS_EF2014A,0
2014,stolaf,0,0,0,1,0,"Native Hawaiian or other Pacific Islander, non-Hispanic",0,0,0,IPEDS_EF2014A,0
2014,stolaf,0,0,0,1,0,Nonresident,60,206,220,IPEDS_EF2014A,0
2014,stolaf,0,0,0,1,0,Race and/or ethnicity unknown,0,24,24,IPEDS_EF2014A,0
2014,stolaf,0,0,0,1,0,Total,765,2990,3034,IPEDS_EF2014A,0
2014,stolaf,0,0,0,1,0,"Two or more races, non-Hispanic",22,111,111,IPEDS_EF2014A,0
2014,stolaf,0,0,0,1,0,"White, non-Hispanic",570,2291,2317,IPEDS_EF2014A,0
2014,swarthmore,0,0,0,1,1,"American Indian or Alaska Native, non-Hispanic",1,2,2,IPEDS_EF2014A,0
2014,swarthmore,0,0,0,1,1,"Asian, non-Hispanic",66,251,252,IPEDS_EF2014A,0
2014,swarthmore,0,0,0,1,1,"Black or African American, non-Hispanic",26,90,90,IPEDS_EF2014A,0
2014,swarthmore,0,0,0,1,1,Hispanic/Latino,48,206,206,IPEDS_EF2014A,0
2014,swarthmore,0,0,0,1,1,"Native Hawaiian or other Pacific Islander, non-Hispanic",1,1,1,IPEDS_EF2014A,0
2014,swarthmore,0,0,0,1,1,Nonresident,51,150,153,IPEDS_EF2014A,0
2014,swarthmore,0,0,0,1,1,Race and/or ethnicity unknown,2,70,72,IPEDS_EF2014A,0
2014,swarthmore,0,0,0,1,1,Total,407,1530,1542,IPEDS_EF2014A,0
2014,swarthmore,0,0,0,1,1,"Two or more races, non-Hispanic",36,120,120,IPEDS_EF2014A,0
2014,swarthmore,0,0,0,1,1,"White, non-Hispanic",176,640,646,IPEDS_EF2014A,0
2014,trinity,0,0,1,1,0,"American Indian or Alaska Native, non-Hispanic",0,2,2,IPEDS_EF2014A,0
2014,trinity,0,0,1,1,0,"Asian, non-Hispanic",34,99,101,IPEDS_EF2014A,0
2014,trinity,0,0,1,1,0,"Black or African American, non-Hispanic",31,134,136,IPEDS_EF2014A,0
2014,trinity,0,0,1,1,0,Hispanic/Latino,41,158,160,IPEDS_EF2014A,0
2014,trinity,0,0,1,1,0,"Native Hawaiian or other Pacific Islander, non-Hispanic",0,0,0,IPEDS_EF2014A,0
2014,trinity,0,0,1,1,0,Nonresident,61,217,217,IPEDS_EF2014A,0
2014,trinity,0,0,1,1,0,Race and/or ethnicity unknown,15,117,153,IPEDS_EF2014A,0
2014,trinity,0,0,1,1,0,Total,611,2262,2316,IPEDS_EF2014A,0
2014,trinity,0,0,1,1,0,"Two or more races, non-Hispanic",16,68,69,IPEDS_EF2014A,0
2014,trinity,0,0,1,1,0,"White, non-Hispanic",413,1467,1478,IPEDS_EF2014A,0
2014,tufts,0,0,1,1,0,"American Indian or Alaska Native, non-Hispanic",0,2,2,IPEDS_EF2014A,0
2014,tufts,0,0,1,1,0,"Asian, non-Hispanic",143,567,567,IPEDS_EF2014A,0
2014,tufts,0,0,1,1,0,"Black or African American, non-Hispanic",58,207,208,IPEDS_EF2014A,0
2014,tufts,0,0,1,1,0,Hispanic/Latino,100,345,346,IPEDS_EF2014A,0
2014,tufts,0,0,1,1,0,"Native Hawaiian or other Pacific Islander, non-Hispanic",0,1,1,IPEDS_EF2014A,0
2014,tufts,0,0,1,1,0,Nonresident,97,417,417,IPEDS_EF2014A,0
2014,tufts,0,0,1,1,0,Race and/or ethnicity unknown,65,416,448,IPEDS_EF2014A,0
2014,tufts,0,0,1,1,0,Total,1350,5143,5177,IPEDS_EF2014A,0
2014,tufts,0,0,1,1,0,"Two or more races, non-Hispanic",70,231,231,IPEDS_EF2014A,0
2014,tufts,0,0,1,1,0,"White, non-Hispanic",817,2957,2957,IPEDS_EF2014A,0
2014,uchicago,0,1,0,0,1,"American Indian or Alaska Native, non-Hispanic",4,11,11,IPEDS_EF2014A,0
2014,uchicago,0,1,0,0,1,"Asian, non-Hispanic",238,982,982,IPEDS_EF2014A,0
2014,uchicago,0,1,0,0,1,"Black or African American, non-Hispanic",75,272,272,IPEDS_EF2014A,0
2014,uchicago,0,1,0,0,1,Hispanic/Latino,97,493,493,IPEDS_EF2014A,0
2014,uchicago,0,1,0,0,1,"Native Hawaiian or other Pacific Islander, non-Hispanic",1,3,3,IPEDS_EF2014A,0
2014,uchicago,0,1,0,0,1,Nonresident,153,579,587,IPEDS_EF2014A,0
2014,uchicago,0,1,0,0,1,Race and/or ethnicity unknown,142,613,614,IPEDS_EF2014A,0
2014,uchicago,0,1,0,0,1,Total,1445,5729,5738,IPEDS_EF2014A,0
2014,uchicago,0,1,0,0,1,"Two or more races, non-Hispanic",40,203,203,IPEDS_EF2014A,0
2014,uchicago,0,1,0,0,1,"White, non-Hispanic",695,2573,2573,IPEDS_EF2014A,0
2014,ucla,0,0,0,0,1,"American Indian or Alaska Native, non-Hispanic",11,42,42,IPEDS_EF2014A,0
2014,ucla,0,0,0,0,1,"Asian, non-Hispanic",1734,8879,8879,IPEDS_EF2014A,0
2014,ucla,0,0,0,0,1,"Black or African American, non-Hispanic",188,828,828,IPEDS_EF2014A,0
2014,ucla,0,0,0,0,1,Hispanic/Latino,1183,5819,5819,IPEDS_EF2014A,0
2014,ucla,0,0,0,0,1,"Native Hawaiian or other Pacific Islander, non-Hispanic",16,96,96,IPEDS_EF2014A,0
2014,ucla,0,0,0,0,1,Nonresident,697,3730,3736,IPEDS_EF2014A,0
2014,ucla,0,0,0,0,1,Race and/or ethnicity unknown,92,575,575,IPEDS_EF2014A,0
2014,ucla,0,0,0,0,1,Total,5764,29627,29633,IPEDS_EF2014A,0
2014,ucla,0,0,0,0,1,"Two or more races, non-Hispanic",299,1410,1410,IPEDS_EF2014A,0
2014,ucla,0,0,0,0,1,"White, non-Hispanic",1544,8248,8248,IPEDS_EF2014A,0
2014,umich,0,0,0,0,1,"American Indian or Alaska Native, non-Hispanic",9,44,44,IPEDS_EF2014A,0
2014,umich,0,0,0,0,1,"Asian, non-Hispanic",955,3561,3570,IPEDS_EF2014A,0
2014,umich,0,0,0,0,1,"Black or African American, non-Hispanic",240,1161,1166,IPEDS_EF2014A,0
2014,umich,0,0,0,0,1,Hispanic/Latino,280,1203,1209,IPEDS_EF2014A,0
2014,umich,0,0,0,0,1,"Native Hawaiian or other Pacific Islander, non-Hispanic",2,12,12,IPEDS_EF2014A,0
2014,umich,0,0,0,0,1,Nonresident,256,1863,1953,IPEDS_EF2014A,0
2014,umich,0,0,0,0,1,Race and/or ethnicity unknown,254,1995,2013,IPEDS_EF2014A,0
2014,umich,0,0,0,0,1,Total,6505,28217,28395,IPEDS_EF2014A,0
2014,umich,0,0,0,0,1,"Two or more races, non-Hispanic",222,895,897,IPEDS_EF2014A,0
2014,umich,0,0,0,0,1,"White, non-Hispanic",4287,17483,17531,IPEDS_EF2014A,0
2014,union,0,0,0,1,0,"American Indian or Alaska Native, non-Hispanic",0,1,1,IPEDS_EF2014A,0
2014,union,0,0,0,1,0,"Asian, non-Hispanic",40,136,136,IPEDS_EF2014A,0
2014,union,0,0,0,1,0,"Black or African American, non-Hispanic",22,84,84,IPEDS_EF2014A,0
2014,union,0,0,0,1,0,Hispanic/Latino,36,146,146,IPEDS_EF2014A,0
2014,union,0,0,0,1,0,"Native Hawaiian or other Pacific Islander, non-Hispanic",0,1,1,IPEDS_EF2014A,0
2014,union,0,0,0,1,0,Nonresident,38,148,177,IPEDS_EF2014A,0
2014,union,0,0,0,1,0,Race and/or ethnicity unknown,0,0,5,IPEDS_EF2014A,0
2014,union,0,0,0,1,0,Total,570,2204,2242,IPEDS_EF2014A,0
2014,union,0,0,0,1,0,"Two or more races, non-Hispanic",11,46,46,IPEDS_EF2014A,0
2014,union,0,0,0,1,0,"White, non-Hispanic",423,1642,1646,IPEDS_EF2014A,0
2014,vanderbilt,0,0,0,0,1,"American Indian or Alaska Native, non-Hispanic",6,21,21,IPEDS_EF2014A,0
2014,vanderbilt,0,0,0,0,1,"Asian, non-Hispanic",203,688,688,IPEDS_EF2014A,0
2014,vanderbilt,0,0,0,0,1,"Black or African American, non-Hispanic",153,551,551,IPEDS_EF2014A,0
2014,vanderbilt,0,0,0,0,1,Hispanic/Latino,150,549,549,IPEDS_EF2014A,0
2014,vanderbilt,0,0,0,0,1,"Native Hawaiian or other Pacific Islander, non-Hispanic",2,5,5,IPEDS_EF2014A,0
2014,vanderbilt,0,0,0,0,1,Nonresident,112,424,427,IPEDS_EF2014A,0
2014,vanderbilt,0,0,0,0,1,Race and/or ethnicity unknown,51,277,300,IPEDS_EF2014A,0
2014,vanderbilt,0,0,0,0,1,Total,1605,6818,6851,IPEDS_EF2014A,0
2014,vanderbilt,0,0,0,0,1,"Two or more races, non-Hispanic",69,331,331,IPEDS_EF2014A,0
2014,vanderbilt,0,0,0,0,1,"White, non-Hispanic",859,3972,3979,IPEDS_EF2014A,0
2014,vassar,0,0,0,1,1,"American Indian or Alaska Native, non-Hispanic",1,1,1,IPEDS_EF2014A,0
2014,vassar,0,0,0,1,1,"Asian, non-Hispanic",86,264,265,IPEDS_EF2014A,0
2014,vassar,0,0,0,1,1,"Black or African American, non-Hispanic",32,133,135,IPEDS_EF2014A,0
2014,vassar,0,0,0,1,1,Hispanic/Latino,86,272,273,IPEDS_EF2014A,0
2014,vassar,0,0,0,1,1,"Native Hawaiian or other Pacific Islander, non-Hispanic",0,0,0,IPEDS_EF2014A,0
2014,vassar,0,0,0,1,1,Nonresident,49,173,188,IPEDS_EF2014A,0
2014,vassar,0,0,0,1,1,Race and/or ethnicity unknown,0,2,3,IPEDS_EF2014A,0
2014,vassar,0,0,0,1,1,Total,663,2389,2421,IPEDS_EF2014A,0
2014,vassar,0,0,0,1,1,"Two or more races, non-Hispanic",39,138,138,IPEDS_EF2014A,0
2014,vassar,0,0,0,1,1,"White, non-Hispanic",370,1406,1418,IPEDS_EF2014A,0
2014,washandlee,0,0,0,1,1,"American Indian or Alaska Native, non-Hispanic",0,2,2,IPEDS_EF2014A,0
2014,washandlee,0,0,0,1,1,"Asian, non-Hispanic",13,61,61,IPEDS_EF2014A,0
2014,washandlee,0,0,0,1,1,"Black or African American, non-Hispanic",9,39,39,IPEDS_EF2014A,0
2014,washandlee,0,0,0,1,1,Hispanic/Latino,18,71,71,IPEDS_EF2014A,0
2014,washandlee,0,0,0,1,1,"Native Hawaiian or other Pacific Islander, non-Hispanic",0,1,1,IPEDS_EF2014A,0
2014,washandlee,0,0,0,1,1,Nonresident,14,72,81,IPEDS_EF2014A,0
2014,washandlee,0,0,0,1,1,Race and/or ethnicity unknown,4,31,31,IPEDS_EF2014A,0
2014,washandlee,0,0,0,1,1,Total,471,1880,1890,IPEDS_EF2014A,0
2014,washandlee,0,0,0,1,1,"Two or more races, non-Hispanic",17,43,43,IPEDS_EF2014A,0
2014,washandlee,0,0,0,1,1,"White, non-Hispanic",396,1560,1561,IPEDS_EF2014A,0
2014,wellesley,0,0,0,1,1,"American Indian or Alaska Native, non-Hispanic",1,1,1,IPEDS_EF2014A,0
2014,wellesley,0,0,0,1,1,"Asian, non-Hispanic",147,526,538,IPEDS_EF2014A,0
2014,wellesley,0,0,0,1,1,"Black or African American, non-Hispanic",33,125,128,IPEDS_EF2014A,0
2014,wellesley,0,0,0,1,1,Hispanic/Latino,47,202,205,IPEDS_EF2014A,0
2014,wellesley,0,0,0,1,1,"Native Hawaiian or other Pacific Islander, non-Hispanic",0,0,0,IPEDS_EF2014A,0
2014,wellesley,0,0,0,1,1,Nonresident,65,243,275,IPEDS_EF2014A,0
2014,wellesley,0,0,0,1,1,Race and/or ethnicity unknown,3,40,106,IPEDS_EF2014A,0
2014,wellesley,0,0,0,1,1,Total,593,2172,2323,IPEDS_EF2014A,0
2014,wellesley,0,0,0,1,1,"Two or more races, non-Hispanic",37,133,138,IPEDS_EF2014A,0
2014,wellesley,0,0,0,1,1,"White, non-Hispanic",260,902,932,IPEDS_EF2014A,0
2014,wesleyan,0,0,1,1,1,"American Indian or Alaska Native, non-Hispanic",0,2,2,IPEDS_EF2014A,0
2014,wesleyan,0,0,1,1,1,"Asian, non-Hispanic",73,252,255,IPEDS_EF2014A,0
2014,wesleyan,0,0,1,1,1,"Black or African American, non-Hispanic",58,205,206,IPEDS_EF2014A,0
2014,wesleyan,0,0,1,1,1,Hispanic/Latino,65,286,287,IPEDS_EF2014A,0
2014,wesleyan,0,0,1,1,1,"Native Hawaiian or other Pacific Islander, non-Hispanic",1,4,4,IPEDS_EF2014A,0
2014,wesleyan,0,0,1,1,1,Nonresident,67,248,255,IPEDS_EF2014A,0
2014,wesleyan,0,0,1,1,1,Race and/or ethnicity unknown,15,196,199,IPEDS_EF2014A,0
2014,wesleyan,0,0,1,1,1,Total,750,2907,2928,IPEDS_EF2014A,0
2014,wesleyan,0,0,1,1,1,"Two or more races, non-Hispanic",40,165,165,IPEDS_EF2014A,0
2014,wesleyan,0,0,1,1,1,"White, non-Hispanic",431,1549,1555,IPEDS_EF2014A,0
2014,williams,0,0,1,1,1,"American Indian or Alaska Native, non-Hispanic",0,2,3,IPEDS_EF2014A,0
2014,williams,0,0,1,1,1,"Asian, non-Hispanic",67,220,223,IPEDS_EF2014A,0
2014,williams,0,0,1,1,1,"Black or African American, non-Hispanic",35,144,147,IPEDS_EF2014A,0
2014,williams,0,0,1,1,1,Hispanic/Latino,69,243,243,IPEDS_EF2014A,0
2014,williams,0,0,1,1,1,"Native Hawaiian or other Pacific Islander, non-Hispanic",0,0,0,IPEDS_EF2014A,0
2014,williams,0,0,1,1,1,Nonresident,49,144,157,IPEDS_EF2014A,0
2014,williams,0,0,1,1,1,Race and/or ethnicity unknown,0,0,0,IPEDS_EF2014A,0
2014,williams,0,0,1,1,1,Total,546,2019,2072,IPEDS_EF2014A,0
2014,williams,0,0,1,1,1,"Two or more races, non-Hispanic",40,144,146,IPEDS_EF2014A,0
2014,williams,0,0,1,1,1,"White, non-Hispanic",286,1122,1153,IPEDS_EF2014A,0
2014,wustl,0,0,0,0,1,"American Indian or Alaska Native, non-Hispanic",0,7,8,IPEDS_EF2014A,0
2014,wustl,0,0,0,0,1,"Asian, non-Hispanic",346,1249,1284,IPEDS_EF2014A,0
2014,wustl,0,0,0,0,1,"Black or African American, non-Hispanic",67,370,434,IPEDS_EF2014A,0
2014,wustl,0,0,0,0,1,Hispanic/Latino,100,403,409,IPEDS_EF2014A,0
2014,wustl,0,0,0,0,1,"Native Hawaiian or other Pacific Islander, non-Hispanic",0,1,1,IPEDS_EF2014A,0
2014,wustl,0,0,0,0,1,Nonresident,121,549,623,IPEDS_EF2014A,0
2014,wustl,0,0,0,0,1,Race and/or ethnicity unknown,27,225,255,IPEDS_EF2014A,0
2014,wustl,0,0,0,0,1,Total,1734,6913,7401,IPEDS_EF2014A,0
2014,wustl,0,0,0,0,1,"Two or more races, non-Hispanic",78,280,285,IPEDS_EF2014A,0
2014,wustl,0,0,0,0,1,"White, non-Hispanic",995,3829,4102,IPEDS_EF2014A,0
2014,yale,1,1,0,0,1,"American Indian or Alaska Native, non-Hispanic",11,35,35,IPEDS_EF2014A,0
2014,yale,1,1,0,0,1,"Asian, non-Hispanic",213,906,906,IPEDS_EF2014A,0
2014,yale,1,1,0,0,1,"Black or African American, non-Hispanic",87,371,371,IPEDS_EF2014A,0
2014,yale,1,1,0,0,1,Hispanic/Latino,161,602,602,IPEDS_EF2014A,0
2014,yale,1,1,0,0,1,"Native Hawaiian or other Pacific Islander, non-Hispanic",0,0,0,IPEDS_EF2014A,0
2014,yale,1,1,0,0,1,Nonresident,153,569,570,IPEDS_EF2014A,0
2014,yale,1,1,0,0,1,Race and/or ethnicity unknown,13,89,89,IPEDS_EF2014A,0
2014,yale,1,1,0,0,1,Total,1360,5473,5477,IPEDS_EF2014A,0
2014,yale,1,1,0,0,1,"Two or more races, non-Hispanic",85,326,326,IPEDS_EF2014A,0
2014,yale,1,1,0,0,1,"White, non-Hispanic",637,2575,2578,IPEDS_EF2014A,0
2015,airforce,0,0,0,0,1,"American Indian or Alaska Native, non-Hispanic",4,16,16,IPEDS_EF2015A,0
2015,airforce,0,0,0,0,1,"Asian, non-Hispanic",58,196,196,IPEDS_EF2015A,0
2015,airforce,0,0,0,0,1,"Black or African American, non-Hispanic",60,232,232,IPEDS_EF2015A,0
2015,airforce,0,0,0,0,1,Hispanic/Latino,137,429,429,IPEDS_EF2015A,0
2015,airforce,0,0,0,0,1,"Native Hawaiian or other Pacific Islander, non-Hispanic",9,24,24,IPEDS_EF2015A,0
2015,airforce,0,0,0,0,1,Nonresident,10,56,56,IPEDS_EF2015A,0
2015,airforce,0,0,0,0,1,Race and/or ethnicity unknown,85,292,292,IPEDS_EF2015A,0
2015,airforce,0,0,0,0,1,Total,1162,4111,4111,IPEDS_EF2015A,0
2015,airforce,0,0,0,0,1,"Two or more races, non-Hispanic",109,291,291,IPEDS_EF2015A,0
2015,airforce,0,0,0,0,1,"White, non-Hispanic",690,2575,2575,IPEDS_EF2015A,0
2015,amherst,0,0,1,1,1,"American Indian or Alaska Native, non-Hispanic",1,8,8,IPEDS_EF2015A,0
2015,amherst,0,0,1,1,1,"Asian, non-Hispanic",67,244,244,IPEDS_EF2015A,0
2015,amherst,0,0,1,1,1,"Black or African American, non-Hispanic",50,210,210,IPEDS_EF2015A,0
2015,amherst,0,0,1,1,1,Hispanic/Latino,65,241,241,IPEDS_EF2015A,0
2015,amherst,0,0,1,1,1,"Native Hawaiian or other Pacific Islander, non-Hispanic",0,1,1,IPEDS_EF2015A,0
2015,amherst,0,0,1,1,1,Nonresident,43,173,173,IPEDS_EF2015A,0
2015,amherst,0,0,1,1,1,Race and/or ethnicity unknown,9,73,73,IPEDS_EF2015A,0
2015,amherst,0,0,1,1,1,Total,477,1795,1795,IPEDS_EF2015A,0
2015,amherst,0,0,1,1,1,"Two or more races, non-Hispanic",27,89,89,IPEDS_EF2015A,0
2015,amherst,0,0,1,1,1,"White, non-Hispanic",215,756,756,IPEDS_EF2015A,0
2015,army,0,0,0,0,1,"American Indian or Alaska Native, non-Hispanic",10,45,45,IPEDS_EF2015A,0
2015,army,0,0,0,0,1,"Asian, non-Hispanic",72,251,251,IPEDS_EF2015A,0
2015,army,0,0,0,0,1,"Black or African American, non-Hispanic",151,419,419,IPEDS_EF2015A,0
2015,army,0,0,0,0,1,Hispanic/Latino,147,503,503,IPEDS_EF2015A,0
2015,army,0,0,0,0,1,"Native Hawaiian or other Pacific Islander, non-Hispanic",12,27,27,IPEDS_EF2015A,0
2015,army,0,0,0,0,1,Nonresident,16,56,56,IPEDS_EF2015A,0
2015,army,0,0,0,0,1,Race and/or ethnicity unknown,11,40,40,IPEDS_EF2015A,0
2015,army,0,0,0,0,1,Total,1236,4348,4348,IPEDS_EF2015A,0
2015,army,0,0,0,0,1,"Two or more races, non-Hispanic",56,137,137,IPEDS_EF2015A,0
2015,army,0,0,0,0,1,"White, non-Hispanic",761,2870,2870,IPEDS_EF2015A,0
2015,barnard,0,0,0,1,1,"American Indian or Alaska Native, non-Hispanic",2,3,3,IPEDS_EF2015A,0
2015,barnard,0,0,0,1,1,"Asian, non-Hispanic",88,354,356,IPEDS_EF2015A,0
2015,barnard,0,0,0,1,1,"Black or African American, non-Hispanic",45,172,173,IPEDS_EF2015A,0
2015,barnard,0,0,0,1,1,Hispanic/Latino,86,295,296,IPEDS_EF2015A,0
2015,barnard,0,0,0,1,1,"Native Hawaiian or other Pacific Islander, non-Hispanic",1,1,1,IPEDS_EF2015A,0
2015,barnard,0,0,0,1,1,Nonresident,54,211,214,IPEDS_EF2015A,0
2015,barnard,0,0,0,1,1,Race and/or ethnicity unknown,1,6,7,IPEDS_EF2015A,0
2015,barnard,0,0,0,1,1,Total,635,2536,2548,IPEDS_EF2015A,0
2015,barnard,0,0,0,1,1,"Two or more races, non-Hispanic",42,146,146,IPEDS_EF2015A,0
2015,barnard,0,0,0,1,1,"White, non-Hispanic",316,1348,1352,IPEDS_EF2015A,0
2015,bates,0,0,1,1,1,"American Indian or Alaska Native, non-Hispanic",2,3,3,IPEDS_EF2015A,0
2015,bates,0,0,1,1,1,"Asian, non-Hispanic",17,69,69,IPEDS_EF2015A,0
2015,bates,0,0,1,1,1,"Black or African American, non-Hispanic",28,88,88,IPEDS_EF2015A,0
2015,bates,0,0,1,1,1,Hispanic/Latino,45,137,137,IPEDS_EF2015A,0
2015,bates,0,0,1,1,1,"Native Hawaiian or other Pacific Islander, non-Hispanic",0,0,0,IPEDS_EF2015A,0
2015,bates,0,0,1,1,1,Nonresident,41,131,131,IPEDS_EF2015A,0
2015,bates,0,0,1,1,1,Race and/or ethnicity unknown,0,5,5,IPEDS_EF2015A,0
2015,bates,0,0,1,1,1,Total,516,1792,1792,IPEDS_EF2015A,0
2015,bates,0,0,1,1,1,"Two or more races, non-Hispanic",22,80,80,IPEDS_EF2015A,0
2015,bates,0,0,1,1,1,"White, non-Hispanic",361,1279,1279,IPEDS_EF2015A,0
2015,berkeley,0,0,0,0,1,"American Indian or Alaska Native, non-Hispanic",13,45,45,IPEDS_EF2015A,0
2015,berkeley,0,0,0,0,1,"Asian, non-Hispanic",2150,9697,9697,IPEDS_EF2015A,0
2015,berkeley,0,0,0,0,1,"Black or African American, non-Hispanic",100,583,583,IPEDS_EF2015A,0
2015,berkeley,0,0,0,0,1,Hispanic/Latino,706,3875,3875,IPEDS_EF2015A,0
2015,berkeley,0,0,0,0,1,"Native Hawaiian or other Pacific Islander, non-Hispanic",12,71,71,IPEDS_EF2015A,0
2015,berkeley,0,0,0,0,1,Nonresident,688,3771,3771,IPEDS_EF2015A,0
2015,berkeley,0,0,0,0,1,Race and/or ethnicity unknown,204,762,762,IPEDS_EF2015A,0
2015,berkeley,0,0,0,0,1,Total,5550,27496,27496,IPEDS_EF2015A,0
2015,berkeley,0,0,0,0,1,"Two or more races, non-Hispanic",287,1298,1298,IPEDS_EF2015A,0
2015,berkeley,0,0,0,0,1,"White, non-Hispanic",1390,7394,7394,IPEDS_EF2015A,0
2015,bowdoin,0,0,1,1,1,"American Indian or Alaska Native, non-Hispanic",1,6,6,IPEDS_EF2015A,0
2015,bowdoin,0,0,1,1,1,"Asian, non-Hispanic",36,125,125,IPEDS_EF2015A,0
2015,bowdoin,0,0,1,1,1,"Black or African American, non-Hispanic",29,97,97,IPEDS_EF2015A,0
2015,bowdoin,0,0,1,1,1,Hispanic/Latino,52,223,223,IPEDS_EF2015A,0
2015,bowdoin,0,0,1,1,1,"Native Hawaiian or other Pacific Islander, non-Hispanic",0,0,0,IPEDS_EF2015A,0
2015,bowdoin,0,0,1,1,1,Nonresident,27,90,93,IPEDS_EF2015A,0
2015,bowdoin,0,0,1,1,1,Race and/or ethnicity unknown,6,12,12,IPEDS_EF2015A,0
2015,bowdoin,0,0,1,1,1,Total,500,1794,1799,IPEDS_EF2015A,0
2015,bowdoin,0,0,1,1,1,"Two or more races, non-Hispanic",33,116,116,IPEDS_EF2015A,0
2015,bowdoin,0,0,1,1,1,"White, non-Hispanic",316,1125,1127,IPEDS_EF2015A,0
2015,brown,1,1,0,0,1,"American Indian or Alaska Native, non-Hispanic",9,27,27,IPEDS_EF2015A,0
2015,brown,1,1,0,0,1,"Asian, non-Hispanic",228,842,874,IPEDS_EF2015A,0
2015,brown,1,1,0,0,1,"Black or African American, non-Hispanic",100,424,426,IPEDS_EF2015A,0
2015,brown,1,1,0,0,1,Hispanic/Latino,179,719,737,IPEDS_EF2015A,0
2015,brown,1,1,0,0,1,"Native Hawaiian or other Pacific Islander, non-Hispanic",0,10,10,IPEDS_EF2015A,0
2015,brown,1,1,0,0,1,Nonresident,182,753,855,IPEDS_EF2015A,0
2015,brown,1,1,0,0,1,Race and/or ethnicity unknown,102,438,561,IPEDS_EF2015A,0
2015,brown,1,1,0,0,1,Total,1613,6320,6652,IPEDS_EF2015A,0
2015,brown,1,1,0,0,1,"Two or more races, non-Hispanic",120,393,397,IPEDS_EF2015A,0
2015,brown,1,1,0,0,1,"White, non-Hispanic",693,2714,2765,IPEDS_EF2015A,0
2015,brynmawr,0,0,0,1,0,"American Indian or Alaska Native, non-Hispanic",0,2,2,IPEDS_EF2015A,0
2015,brynmawr,0,0,0,1,0,"Asian, non-Hispanic",62,166,166,IPEDS_EF2015A,0
2015,brynmawr,0,0,0,1,0,"Black or African American, non-Hispanic",19,78,78,IPEDS_EF2015A,0
2015,brynmawr,0,0,0,1,0,Hispanic/Latino,27,117,117,IPEDS_EF2015A,0
2015,brynmawr,0,0,0,1,0,"Native Hawaiian or other Pacific Islander, non-Hispanic",0,1,1,IPEDS_EF2015A,0
2015,brynmawr,0,0,0,1,0,Nonresident,81,314,319,IPEDS_EF2015A,0
2015,brynmawr,0,0,0,1,0,Race and/or ethnicity unknown,32,114,114,IPEDS_EF2015A,0
2015,brynmawr,0,0,0,1,0,Total,385,1341,1346,IPEDS_EF2015A,0
2015,brynmawr,0,0,0,1,0,"Two or more races, non-Hispanic",21,71,71,IPEDS_EF2015A,0
2015,brynmawr,0,0,0,1,0,"White, non-Hispanic",143,478,478,IPEDS_EF2015A,0
2015,bucknell,0,0,0,1,0,"American Indian or Alaska Native, non-Hispanic",0,1,1,IPEDS_EF2015A,0
2015,bucknell,0,0,0,1,0,"Asian, non-Hispanic",62,155,156,IPEDS_EF2015A,0
2015,bucknell,0,0,0,1,0,"Black or African American, non-Hispanic",40,120,120,IPEDS_EF2015A,0
2015,bucknell,0,0,0,1,0,Hispanic/Latino,79,218,218,IPEDS_EF2015A,0
2015,bucknell,0,0,0,1,0,"Native Hawaiian or other Pacific Islander, non-Hispanic",0,0,0,IPEDS_EF2015A,0
2015,bucknell,0,0,0,1,0,Nonresident,51,193,224,IPEDS_EF2015A,0
2015,bucknell,0,0,0,1,0,Race and/or ethnicity unknown,1,8,12,IPEDS_EF2015A,0
2015,bucknell,0,0,0,1,0,Total,938,3522,3569,IPEDS_EF2015A,0
2015,bucknell,0,0,0,1,0,"Two or more races, non-Hispanic",38,124,125,IPEDS_EF2015A,0
2015,bucknell,0,0,0,1,0,"White, non-Hispanic",667,2703,2713,IPEDS_EF2015A,0
2015,caltech,0,1,0,0,1,"American Indian or Alaska Native, non-Hispanic",0,1,1,IPEDS_EF2015A,0
2015,caltech,0,1,0,0,1,"Asian, non-Hispanic",111,454,454,IPEDS_EF2015A,0
2015,caltech,0,1,0,0,1,"Black or African American, non-Hispanic",3,15,15,IPEDS_EF2015A,0
2015,caltech,0,1,0,0,1,Hispanic/Latino,27,119,119,IPEDS_EF2015A,0
2015,caltech,0,1,0,0,1,"Native Hawaiian or other Pacific Islander, non-Hispanic",0,0,0,IPEDS_EF2015A,0
2015,caltech,0,1,0,0,1,Nonresident,17,83,83,IPEDS_EF2015A,0
2015,caltech,0,1,0,0,1,Race and/or ethnicity unknown,2,2,2,IPEDS_EF2015A,0
2015,caltech,0,1,0,0,1,Total,241,1001,1001,IPEDS_EF2015A,0
2015,caltech,0,1,0,0,1,"Two or more races, non-Hispanic",10,53,53,IPEDS_EF2015A,0
2015,caltech,0,1,0,0,1,"White, non-Hispanic",71,274,274,IPEDS_EF2015A,0
2015,carleton,0,0,0,1,1,"American Indian or Alaska Native, non-Hispanic",0,3,3,IPEDS_EF2015A,0
2015,carleton,0,0,0,1,1,"Asian, non-Hispanic",31,169,170,IPEDS_EF2015A,0
2015,carleton,0,0,0,1,1,"Black or African American, non-Hispanic",22,75,75,IPEDS_EF2015A,0
2015,carleton,0,0,0,1,1,Hispanic/Latino,39,140,142,IPEDS_EF2015A,0
2015,carleton,0,0,0,1,1,"Native Hawaiian or other Pacific Islander, non-Hispanic",0,2,2,IPEDS_EF2015A,0
2015,carleton,0,0,0,1,1,Nonresident,61,208,212,IPEDS_EF2015A,0
2015,carleton,0,0,0,1,1,Race and/or ethnicity unknown,12,37,39,IPEDS_EF2015A,0
2015,carleton,0,0,0,1,1,Total,491,1995,2014,IPEDS_EF2015A,0
2015,carleton,0,0,0,1,1,"Two or more races, non-Hispanic",33,97,98,IPEDS_EF2015A,0
2015,carleton,0,0,0,1,1,"White, non-Hispanic",293,1264,1273,IPEDS_EF2015A,0
2015,clark,0,0,0,1,0,"American Indian or Alaska Native, non-Hispanic",3,4,4,IPEDS_EF2015A,0
2015,clark,0,0,0,1,0,"Asian, non-Hispanic",53,167,173,IPEDS_EF2015A,0
2015,clark,0,0,0,1,0,"Black or African American, non-Hispanic",32,99,102,IPEDS_EF2015A,0
2015,clark,0,0,0,1,0,Hispanic/Latino,58,157,165,IPEDS_EF2015A,0
2015,clark,0,0,0,1,0,"Native Hawaiian or other Pacific Islander, non-Hispanic",0,2,2,IPEDS_EF2015A,0
2015,clark,0,0,0,1,0,Nonresident,107,351,372,IPEDS_EF2015A,0
2015,clark,0,0,0,1,0,Race and/or ethnicity unknown,56,185,195,IPEDS_EF2015A,0
2015,clark,0,0,0,1,0,Total,671,2331,2394,IPEDS_EF2015A,0
2015,clark,0,0,0,1,0,"Two or more races, non-Hispanic",11,45,45,IPEDS_EF2015A,0
2015,clark,0,0,0,1,0,"White, non-Hispanic",351,1321,1336,IPEDS_EF2015A,0
2015,cmc,0,0,0,0,1,"American Indian or Alaska Native, non-Hispanic",0,1,1,IPEDS_EF2015A,0
2015,cmc,0,0,0,0,1,"Asian, non-Hispanic",37,136,136,IPEDS_EF2015A,0
2015,cmc,0,0,0,0,1,"Black or African American, non-Hispanic",13,57,57,IPEDS_EF2015A,0
2015,cmc,0,0,0,0,1,Hispanic/Latino,53,180,180,IPEDS_EF2015A,0
2015,cmc,0,0,0,0,1,"Native Hawaiian or other Pacific Islander, non-Hispanic",0,2,2,IPEDS_EF2015A,0
2015,cmc,0,0,0,0,1,Nonresident,60,221,223,IPEDS_EF2015A,0
2015,cmc,0,0,0,0,1,Race and/or ethnicity unknown,28,81,81,IPEDS_EF2015A,0
2015,cmc,0,0,0,0,1,Total,343,1325,1328,IPEDS_EF2015A,0
2015,cmc,0,0,0,0,1,"Two or more races, non-Hispanic",21,87,87,IPEDS_EF2015A,0
2015,cmc,0,0,0,0,1,"White, non-Hispanic",131,560,561,IPEDS_EF2015A,0
2015,cmu,0,0,0,0,1,"American Indian or Alaska Native, non-Hispanic",1,6,6,IPEDS_EF2015A,0
2015,cmu,0,0,0,0,1,"Asian, non-Hispanic",476,1691,1695,IPEDS_EF2015A,0
2015,cmu,0,0,0,0,1,"Black or African American, non-Hispanic",73,279,282,IPEDS_EF2015A,0
2015,cmu,0,0,0,0,1,Hispanic/Latino,157,483,484,IPEDS_EF2015A,0
2015,cmu,0,0,0,0,1,"Native Hawaiian or other Pacific Islander, non-Hispanic",0,1,1,IPEDS_EF2015A,0
2015,cmu,0,0,0,0,1,Nonresident,315,1064,1082,IPEDS_EF2015A,0
2015,cmu,0,0,0,0,1,Race and/or ethnicity unknown,84,295,301,IPEDS_EF2015A,0
2015,cmu,0,0,0,0,1,Total,1575,5964,6049,IPEDS_EF2015A,0
2015,cmu,0,0,0,0,1,"Two or more races, non-Hispanic",60,254,255,IPEDS_EF2015A,0
2015,cmu,0,0,0,0,1,"White, non-Hispanic",409,1891,1943,IPEDS_EF2015A,0
2015,colby,0,0,1,1,1,"American Indian or Alaska Native, non-Hispanic",2,5,5,IPEDS_EF2015A,0
2015,colby,0,0,1,1,1,"Asian, non-Hispanic",34,115,115,IPEDS_EF2015A,0
2015,colby,0,0,1,1,1,"Black or African American, non-Hispanic",12,49,49,IPEDS_EF2015A,0
2015,colby,0,0,1,1,1,Hispanic/Latino,39,119,119,IPEDS_EF2015A,0
2015,colby,0,0,1,1,1,"Native Hawaiian or other Pacific Islander, non-Hispanic",2,2,2,IPEDS_EF2015A,0
2015,colby,0,0,1,1,1,Nonresident,61,196,196,IPEDS_EF2015A,0
2015,colby,0,0,1,1,1,Race and/or ethnicity unknown,19,133,133,IPEDS_EF2015A,0
2015,colby,0,0,1,1,1,Total,508,1857,1857,IPEDS_EF2015A,0
2015,colby,0,0,1,1,1,"Two or more races, non-Hispanic",19,94,94,IPEDS_EF2015A,0
2015,colby,0,0,1,1,1,"White, non-Hispanic",320,1144,1144,IPEDS_EF2015A,0
2015,colgate,0,0,0,0,1,"American Indian or Alaska Native, non-Hispanic",2,4,4,IPEDS_EF2015A,0
2015,colgate,0,0,0,0,1,"Asian, non-Hispanic",25,100,101,IPEDS_EF2015A,0
2015,colgate,0,0,0,0,1,"Black or African American, non-Hispanic",41,124,124,IPEDS_EF2015A,0
2015,colgate,0,0,0,0,1,Hispanic/Latino,86,263,263,IPEDS_EF2015A,0
2015,colgate,0,0,0,0,1,"Native Hawaiian or other Pacific Islander, non-Hispanic",1,1,1,IPEDS_EF2015A,0
2015,colgate,0,0,0,0,1,Nonresident,55,247,247,IPEDS_EF2015A,0
2015,colgate,0,0,0,0,1,Race and/or ethnicity unknown,25,102,106,IPEDS_EF2015A,0
2015,colgate,0,0,0,0,1,Total,773,2834,2853,IPEDS_EF2015A,0
2015,colgate,0,0,0,0,1,"Two or more races, non-Hispanic",31,98,98,IPEDS_EF2015A,0
2015,colgate,0,0,0,0,1,"White, non-Hispanic",507,1895,1909,IPEDS_EF2015A,0
2015,columbia,1,1,0,0,1,"American Indian or Alaska Native, non-Hispanic",7,37,37,IPEDS_EF2015A,0
2015,columbia,1,1,0,0,1,"Asian, non-Hispanic",300,1441,1441,IPEDS_EF2015A,0
2015,columbia,1,1,0,0,1,"Black or African American, non-Hispanic",113,619,619,IPEDS_EF2015A,0
2015,columbia,1,1,0,0,1,Hispanic/Latino,216,1068,1068,IPEDS_EF2015A,0
2015,columbia,1,1,0,0,1,"Native Hawaiian or other Pacific Islander, non-Hispanic",2,8,8,IPEDS_EF2015A,0
2015,columbia,1,1,0,0,1,Nonresident,229,1216,1216,IPEDS_EF2015A,0
2015,columbia,1,1,0,0,1,Race and/or ethnicity unknown,31,232,232,IPEDS_EF2015A,0
2015,columbia,1,1,0,0,1,Total,1487,8102,8102,IPEDS_EF2015A,0
2015,columbia,1,1,0,0,1,"Two or more races, non-Hispanic",94,404,404,IPEDS_EF2015A,0
2015,columbia,1,1,0,0,1,"White, non-Hispanic",495,3077,3077,IPEDS_EF2015A,0
2015,conncoll,0,0,1,1,0,"American Indian or Alaska Native, non-Hispanic",1,1,1,IPEDS_EF2015A,0
2015,conncoll,0,0,1,1,0,"Asian, non-Hispanic",27,81,83,IPEDS_EF2015A,0
2015,conncoll,0,0,1,1,0,"Black or African American, non-Hispanic",24,70,71,IPEDS_EF2015A,0
2015,conncoll,0,0,1,1,0,Hispanic/Latino,33,161,162,IPEDS_EF2015A,0
2015,conncoll,0,0,1,1,0,"Native Hawaiian or other Pacific Islander, non-Hispanic",1,1,1,IPEDS_EF2015A,0
2015,conncoll,0,0,1,1,0,Nonresident,28,115,120,IPEDS_EF2015A,0
2015,conncoll,0,0,1,1,0,Race and/or ethnicity unknown,7,61,73,IPEDS_EF2015A,0
2015,conncoll,0,0,1,1,0,Total,478,1854,1918,IPEDS_EF2015A,0
2015,conncoll,0,0,1,1,0,"Two or more races, non-Hispanic",17,55,56,IPEDS_EF2015A,0
2015,conncoll,0,0,1,1,0,"White, non-Hispanic",340,1309,1351,IPEDS_EF2015A,0
2015,cornell,1,1,0,0,1,"American Indian or Alaska Native, non-Hispanic",15,52,52,IPEDS_EF2015A,0
2015,cornell,1,1,0,0,1,"Asian, non-Hispanic",645,2574,2575,IPEDS_EF2015A,0
2015,cornell,1,1,0,0,1,"Black or African American, non-Hispanic",223,862,862,IPEDS_EF2015A,0
2015,cornell,1,1,0,0,1,Hispanic/Latino,437,1726,1729,IPEDS_EF2015A,0
2015,cornell,1,1,0,0,1,"Native Hawaiian or other Pacific Islander, non-Hispanic",4,13,13,IPEDS_EF2015A,0
2015,cornell,1,1,0,0,1,Nonresident,289,1376,1447,IPEDS_EF2015A,0
2015,cornell,1,1,0,0,1,Race and/or ethnicity unknown,235,1165,1171,IPEDS_EF2015A,0
2015,cornell,1,1,0,0,1,Total,3180,14226,14315,IPEDS_EF2015A,0
2015,cornell,1,1,0,0,1,"Two or more races, non-Hispanic",143,635,636,IPEDS_EF2015A,0
2015,cornell,1,1,0,0,1,"White, non-Hispanic",1189,5823,5830,IPEDS_EF2015A,0
2015,dartmouth,1,1,0,0,1,"American Indian or Alaska Native, non-Hispanic",27,94,94,IPEDS_EF2015A,0
2015,dartmouth,1,1,0,0,1,"Asian, non-Hispanic",178,641,642,IPEDS_EF2015A,0
2015,dartmouth,1,1,0,0,1,"Black or African American, non-Hispanic",74,284,285,IPEDS_EF2015A,0
2015,dartmouth,1,1,0,0,1,Hispanic/Latino,95,348,349,IPEDS_EF2015A,0
2015,dartmouth,1,1,0,0,1,"Native Hawaiian or other Pacific Islander, non-Hispanic",5,10,10,IPEDS_EF2015A,0
2015,dartmouth,1,1,0,0,1,Nonresident,93,344,382,IPEDS_EF2015A,0
2015,dartmouth,1,1,0,0,1,Race and/or ethnicity unknown,23,220,261,IPEDS_EF2015A,0
2015,dartmouth,1,1,0,0,1,Total,1112,4214,4307,IPEDS_EF2015A,0
2015,dartmouth,1,1,0,0,1,"Two or more races, non-Hispanic",58,219,221,IPEDS_EF2015A,0
2015,dartmouth,1,1,0,0,1,"White, non-Hispanic",559,2054,2063,IPEDS_EF2015A,0
2015,davidson,0,0,0,1,1,"American Indian or Alaska Native, non-Hispanic",4,16,16,IPEDS_EF2015A,0
2015,davidson,0,0,0,1,1,"Asian, non-Hispanic",22,96,96,IPEDS_EF2015A,0
2015,davidson,0,0,0,1,1,"Black or African American, non-Hispanic",35,122,122,IPEDS_EF2015A,0
2015,davidson,0,0,0,1,1,Hispanic/Latino,42,136,136,IPEDS_EF2015A,0
2015,davidson,0,0,0,1,1,"Native Hawaiian or other Pacific Islander, non-Hispanic",0,0,0,IPEDS_EF2015A,0
2015,davidson,0,0,0,1,1,Nonresident,33,112,116,IPEDS_EF2015A,0
2015,davidson,0,0,0,1,1,Race and/or ethnicity unknown,10,24,24,IPEDS_EF2015A,0
2015,davidson,0,0,0,1,1,Total,510,1779,1784,IPEDS_EF2015A,0
2015,davidson,0,0,0,1,1,"Two or more races, non-Hispanic",18,64,64,IPEDS_EF2015A,0
2015,davidson,0,0,0,1,1,"White, non-Hispanic",346,1209,1210,IPEDS_EF2015A,0
2015,duke,0,1,0,0,1,"American Indian or Alaska Native, non-Hispanic",8,44,44,IPEDS_EF2015A,0
2015,duke,0,1,0,0,1,"Asian, non-Hispanic",365,1402,1413,IPEDS_EF2015A,0
2015,duke,0,1,0,0,1,"Black or African American, non-Hispanic",162,635,641,IPEDS_EF2015A,0
2015,duke,0,1,0,0,1,Hispanic/Latino,161,479,484,IPEDS_EF2015A,0
2015,duke,0,1,0,0,1,"Native Hawaiian or other Pacific Islander, non-Hispanic",2,5,6,IPEDS_EF2015A,0
2015,duke,0,1,0,0,1,Nonresident,175,658,685,IPEDS_EF2015A,0
2015,duke,0,1,0,0,1,Race and/or ethnicity unknown,46,142,157,IPEDS_EF2015A,0
2015,duke,0,1,0,0,1,Total,1746,6501,6639,IPEDS_EF2015A,0
2015,duke,0,1,0,0,1,"Two or more races, non-Hispanic",36,126,129,IPEDS_EF2015A,0
2015,duke,0,1,0,0,1,"White, non-Hispanic",791,3010,3080,IPEDS_EF2015A,0
2015,emory,0,0,0,0,1,"American Indian or Alaska Native, non-Hispanic",2,11,11,IPEDS_EF2015A,0
2015,emory,0,0,0,0,1,"Asian, non-Hispanic",241,1293,1295,IPEDS_EF2015A,0
2015,emory,0,0,0,0,1,"Black or African American, non-Hispanic",117,628,637,IPEDS_EF2015A,0
2015,emory,0,0,0,0,1,Hispanic/Latino,145,545,545,IPEDS_EF2015A,0
2015,emory,0,0,0,0,1,"Native Hawaiian or other Pacific Islander, non-Hispanic",0,1,1,IPEDS_EF2015A,0
2015,emory,0,0,0,0,1,Nonresident,230,1128,1188,IPEDS_EF2015A,0
2015,emory,0,0,0,0,1,Race and/or ethnicity unknown,22,214,224,IPEDS_EF2015A,0
2015,emory,0,0,0,0,1,Total,1357,6770,6867,IPEDS_EF2015A,0
2015,emory,0,0,0,0,1,"Two or more races, non-Hispanic",44,203,204,IPEDS_EF2015A,0
2015,emory,0,0,0,0,1,"White, non-Hispanic",556,2747,2762,IPEDS_EF2015A,0
2015,fandm,0,0,0,1,0,"American Indian or Alaska Native, non-Hispanic",0,2,2,IPEDS_EF2015A,0
2015,fandm,0,0,0,1,0,"Asian, non-Hispanic",30,107,107,IPEDS_EF2015A,0
2015,fandm,0,0,0,1,0,"Black or African American, non-Hispanic",35,134,135,IPEDS_EF2015A,0
2015,fandm,0,0,0,1,0,Hispanic/Latino,44,178,178,IPEDS_EF2015A,0
2015,fandm,0,0,0,1,0,"Native Hawaiian or other Pacific Islander, non-Hispanic",1,1,1,IPEDS_EF2015A,0
2015,fandm,0,0,0,1,0,Nonresident,93,314,318,IPEDS_EF2015A,0
2015,fandm,0,0,0,1,0,Race and/or ethnicity unknown,35,134,155,IPEDS_EF2015A,0
2015,fandm,0,0,0,1,0,Total,592,2219,2249,IPEDS_EF2015A,0
2015,fandm,0,0,0,1,0,"Two or more races, non-Hispanic",14,46,46,IPEDS_EF2015A,0
2015,fandm,0,0,0,1,0,"White, non-Hispanic",340,1303,1307,IPEDS_EF2015A,0
2015,georgetown,0,0,0,0,1,"American Indian or Alaska Native, non-Hispanic",0,4,4,IPEDS_EF2015A,0
2015,georgetown,0,0,0,0,1,"Asian, non-Hispanic",167,719,723,IPEDS_EF2015A,0
2015,georgetown,0,0,0,0,1,"Black or African American, non-Hispanic",109,437,455,IPEDS_EF2015A,0
2015,georgetown,0,0,0,0,1,Hispanic/Latino,141,582,585,IPEDS_EF2015A,0
2015,georgetown,0,0,0,0,1,"Native Hawaiian or other Pacific Islander, non-Hispanic",1,4,4,IPEDS_EF2015A,0
2015,georgetown,0,0,0,0,1,Nonresident,156,830,1023,IPEDS_EF2015A,0
2015,georgetown,0,0,0,0,1,Race and/or ethnicity unknown,14,121,218,IPEDS_EF2015A,0
2015,georgetown,0,0,0,0,1,Total,1567,7168,7562,IPEDS_EF2015A,0
2015,georgetown,0,0,0,0,1,"Two or more races, non-Hispanic",81,324,326,IPEDS_EF2015A,0
2015,georgetown,0,0,0,0,1,"White, non-Hispanic",898,4147,4224,IPEDS_EF2015A,0
2015,grinnell,0,0,0,0,1,"American Indian or Alaska Native, non-Hispanic",0,2,2,IPEDS_EF2015A,0
2015,grinnell,0,0,0,0,1,"Asian, non-Hispanic",29,124,125,IPEDS_EF2015A,0
2015,grinnell,0,0,0,0,1,"Black or African American, non-Hispanic",26,94,96,IPEDS_EF2015A,0
2015,grinnell,0,0,0,0,1,Hispanic/Latino,25,122,125,IPEDS_EF2015A,0
2015,grinnell,0,0,0,0,1,"Native Hawaiian or other Pacific Islander, non-Hispanic",0,0,0,IPEDS_EF2015A,0
2015,grinnell,0,0,0,0,1,Nonresident,76,258,259,IPEDS_EF2015A,0
2015,grinnell,0,0,0,0,1,Race and/or ethnicity unknown,24,47,55,IPEDS_EF2015A,0
2015,grinnell,0,0,0,0,1,Total,442,1663,1705,IPEDS_EF2015A,0
2015,grinnell,0,0,0,0,1,"Two or more races, non-Hispanic",25,80,82,IPEDS_EF2015A,0
2015,grinnell,0,0,0,0,1,"White, non-Hispanic",237,936,961,IPEDS_EF2015A,0
2015,hamilton,0,0,1,1,1,"American Indian or Alaska Native, non-Hispanic",0,1,1,IPEDS_EF2015A,0
2015,hamilton,0,0,1,1,1,"Asian, non-Hispanic",33,139,142,IPEDS_EF2015A,0
2015,hamilton,0,0,1,1,1,"Black or African American, non-Hispanic",25,86,86,IPEDS_EF2015A,0
2015,hamilton,0,0,1,1,1,Hispanic/Latino,41,139,139,IPEDS_EF2015A,0
2015,hamilton,0,0,1,1,1,"Native Hawaiian or other Pacific Islander, non-Hispanic",0,0,0,IPEDS_EF2015A,0
2015,hamilton,0,0,1,1,1,Nonresident,32,108,110,IPEDS_EF2015A,0
2015,hamilton,0,0,1,1,1,Race and/or ethnicity unknown,33,144,147,IPEDS_EF2015A,0
2015,hamilton,0,0,1,1,1,Total,473,1861,1877,IPEDS_EF2015A,0
2015,hamilton,0,0,1,1,1,"Two or more races, non-Hispanic",20,63,63,IPEDS_EF2015A,0
2015,hamilton,0,0,1,1,1,"White, non-Hispanic",289,1181,1189,IPEDS_EF2015A,0
2015,hampshire,0,0,0,1,0,"American Indian or Alaska Native, non-Hispanic",0,0,0,IPEDS_EF2015A,0
2015,hampshire,0,0,0,1,0,"Asian, non-Hispanic",9,33,33,IPEDS_EF2015A,0
2015,hampshire,0,0,0,1,0,"Black or African American, non-Hispanic",13,53,58,IPEDS_EF2015A,0
2015,hampshire,0,0,0,1,0,Hispanic/Latino,46,152,156,IPEDS_EF2015A,0
2015,hampshire,0,0,0,1,0,"Native Hawaiian or other Pacific Islander, non-Hispanic",0,1,1,IPEDS_EF2015A,0
2015,hampshire,0,0,0,1,0,Nonresident,25,70,74,IPEDS_EF2015A,0
2015,hampshire,0,0,0,1,0,Race and/or ethnicity unknown,11,59,60,IPEDS_EF2015A,0
2015,hampshire,0,0,0,1,0,Total,370,1396,1410,IPEDS_EF2015A,0
2015,hampshire,0,0,0,1,0,"Two or more races, non-Hispanic",30,92,92,IPEDS_EF2015A,0
2015,hampshire,0,0,0,1,0,"White, non-Hispanic",236,936,936,IPEDS_EF2015A,0
2015,harvard,1,1,0,0,1,"American Indian or Alaska Native, non-Hispanic",4,18,27,IPEDS_EF2015A,0
2015,harvard,1,1,0,0,1,"Asian, non-Hispanic",314,1357,1700,IPEDS_EF2015A,0
2015,harvard,1,1,0,0,1,"Black or African American, non-Hispanic",109,472,628,IPEDS_EF2015A,0
2015,harvard,1,1,0,0,1,Hispanic/Latino,176,750,1035,IPEDS_EF2015A,0
2015,harvard,1,1,0,0,1,"Native Hawaiian or other Pacific Islander, non-Hispanic",0,4,7,IPEDS_EF2015A,0
2015,harvard,1,1,0,0,1,Nonresident,218,812,1219,IPEDS_EF2015A,0
2015,harvard,1,1,0,0,1,Race and/or ethnicity unknown,122,238,452,IPEDS_EF2015A,0
2015,harvard,1,1,0,0,1,Total,1659,7333,10255,IPEDS_EF2015A,0
2015,harvard,1,1,0,0,1,"Two or more races, non-Hispanic",93,456,558,IPEDS_EF2015A,0
2015,harvard,1,1,0,0,1,"White, non-Hispanic",623,3226,4629,IPEDS_EF2015A,0
2015,haverford,0,0,0,1,0,"American Indian or Alaska Native, non-Hispanic",1,3,3,IPEDS_EF2015A,0
2015,haverford,0,0,0,1,0,"Asian, non-Hispanic",40,120,120,IPEDS_EF2015A,0
2015,haverford,0,0,0,1,0,"Black or African American, non-Hispanic",30,87,87,IPEDS_EF2015A,0
2015,haverford,0,0,0,1,0,Hispanic/Latino,28,117,117,IPEDS_EF2015A,0
2015,haverford,0,0,0,1,0,"Native Hawaiian or other Pacific Islander, non-Hispanic",0,0,0,IPEDS_EF2015A,0
2015,haverford,0,0,0,1,0,Nonresident,34,85,89,IPEDS_EF2015A,0
2015,haverford,0,0,0,1,0,Race and/or ethnicity unknown,16,21,21,IPEDS_EF2015A,0
2015,haverford,0,0,0,1,0,Total,346,1229,1233,IPEDS_EF2015A,0
2015,haverford,0,0,0,1,0,"Two or more races, non-Hispanic",6,50,50,IPEDS_EF2015A,0
2015,haverford,0,0,0,1,0,"White, non-Hispanic",191,746,746,IPEDS_EF2015A,0
2015,hmc,0,0,0,0,1,"American Indian or Alaska Native, non-Hispanic",0,4,4,IPEDS_EF2015A,0
2015,hmc,0,0,0,0,1,"Asian, non-Hispanic",38,166,166,IPEDS_EF2015A,0
2015,hmc,0,0,0,0,1,"Black or African American, non-Hispanic",10,18,18,IPEDS_EF2015A,0
2015,hmc,0,0,0,0,1,Hispanic/Latino,39,104,105,IPEDS_EF2015A,0
2015,hmc,0,0,0,0,1,"Native Hawaiian or other Pacific Islander, non-Hispanic",1,1,1,IPEDS_EF2015A,0
2015,hmc,0,0,0,0,1,Nonresident,26,103,106,IPEDS_EF2015A,0
2015,hmc,0,0,0,0,1,Race and/or ethnicity unknown,11,39,44,IPEDS_EF2015A,0
2015,hmc,0,0,0,0,1,Total,214,812,825,IPEDS_EF2015A,0
2015,hmc,0,0,0,0,1,"Two or more races, non-Hispanic",24,66,66,IPEDS_EF2015A,0
2015,hmc,0,0,0,0,1,"White, non-Hispanic",65,311,315,IPEDS_EF2015A,0
2015,jhu,0,1,0,0,1,"American Indian or Alaska Native, non-Hispanic",4,9,10,IPEDS_EF2015A,0
2015,jhu,0,1,0,0,1,"Asian, non-Hispanic",348,1302,1340,IPEDS_EF2015A,0
2015,jhu,0,1,0,0,1,"Black or African American, non-Hispanic",98,348,460,IPEDS_EF2015A,0
2015,jhu,0,1,0,0,1,Hispanic/Latino,184,737,782,IPEDS_EF2015A,0
2015,jhu,0,1,0,0,1,"Native Hawaiian or other Pacific Islander, non-Hispanic",2,6,8,IPEDS_EF2015A,0
2015,jhu,0,1,0,0,1,Nonresident,142,611,652,IPEDS_EF2015A,0
2015,jhu,0,1,0,0,1,Race and/or ethnicity unknown,71,151,166,IPEDS_EF2015A,0
2015,jhu,0,1,0,0,1,Total,1368,5862,6427,IPEDS_EF2015A,0
2015,jhu,0,1,0,0,1,"Two or more races, non-Hispanic",60,278,304,IPEDS_EF2015A,0
2015,jhu,0,1,0,0,1,"White, non-Hispanic",459,2420,2705,IPEDS_EF2015A,0
2015,macalester,0,0,0,1,0,"American Indian or Alaska Native, non-Hispanic",1,2,2,IPEDS_EF2015A,0
2015,macalester,0,0,0,1,0,"Asian, non-Hispanic",35,151,151,IPEDS_EF2015A,0
2015,macalester,0,0,0,1,0,"Black or African American, non-Hispanic",14,45,45,IPEDS_EF2015A,0
2015,macalester,0,0,0,1,0,Hispanic/Latino,32,125,126,IPEDS_EF2015A,0
2015,macalester,0,0,0,1,0,"Native Hawaiian or other Pacific Islander, non-Hispanic",0,1,1,IPEDS_EF2015A,0
2015,macalester,0,0,0,1,0,Nonresident,105,302,315,IPEDS_EF2015A,0
2015,macalester,0,0,0,1,0,Race and/or ethnicity unknown,1,1,1,IPEDS_EF2015A,0
2015,macalester,0,0,0,1,0,Total,583,2149,2172,IPEDS_EF2015A,0
2015,macalester,0,0,0,1,0,"Two or more races, non-Hispanic",35,114,114,IPEDS_EF2015A,0
2015,macalester,0,0,0,1,0,"White, non-Hispanic",360,1408,1417,IPEDS_EF2015A,0
2015,middlebury,0,0,1,1,1,"American Indian or Alaska Native, non-Hispanic",0,5,5,IPEDS_EF2015A,0
2015,middlebury,0,0,1,1,1,"Asian, non-Hispanic",38,157,158,IPEDS_EF2015A,0
2015,middlebury,0,0,1,1,1,"Black or African American, non-Hispanic",23,80,80,IPEDS_EF2015A,0
2015,middlebury,0,0,1,1,1,Hispanic/Latino,67,228,228,IPEDS_EF2015A,0
2015,middlebury,0,0,1,1,1,"Native Hawaiian or other Pacific Islander, non-Hispanic",0,0,0,IPEDS_EF2015A,0
2015,middlebury,0,0,1,1,1,Nonresident,58,267,287,IPEDS_EF2015A,0
2015,middlebury,0,0,1,1,1,Race and/or ethnicity unknown,5,24,26,IPEDS_EF2015A,0
2015,middlebury,0,0,1,1,1,Total,589,2516,2542,IPEDS_EF2015A,0
2015,middlebury,0,0,1,1,1,"Two or more races, non-Hispanic",31,125,125,IPEDS_EF2015A,0
2015,middlebury,0,0,1,1,1,"White, non-Hispanic",367,1630,1633,IPEDS_EF2015A,0
2015,mit,0,1,0,0,1,"American Indian or Alaska Native, non-Hispanic",1,4,4,IPEDS_EF2015A,0
2015,mit,0,1,0,0,1,"Asian, non-Hispanic",299,1119,1120,IPEDS_EF2015A,0
2015,mit,0,1,0,0,1,"Black or African American, non-Hispanic",61,254,254,IPEDS_EF2015A,0
2015,mit,0,1,0,0,1,Hispanic/Latino,154,682,682,IPEDS_EF2015A,0
2015,mit,0,1,0,0,1,"Native Hawaiian or other Pacific Islander, non-Hispanic",0,1,1,IPEDS_EF2015A,0
2015,mit,0,1,0,0,1,Nonresident,105,436,485,IPEDS_EF2015A,0
2015,mit,0,1,0,0,1,Race and/or ethnicity unknown,17,76,79,IPEDS_EF2015A,0
2015,mit,0,1,0,0,1,Total,1106,4474,4527,IPEDS_EF2015A,0
2015,mit,0,1,0,0,1,"Two or more races, non-Hispanic",79,266,266,IPEDS_EF2015A,0
2015,mit,0,1,0,0,1,"White, non-Hispanic",390,1636,1636,IPEDS_EF2015A,0
2015,mtholyoke,0,0,0,1,0,"American Indian or Alaska Native, non-Hispanic",0,2,2,IPEDS_EF2015A,0
2015,mtholyoke,0,0,0,1,0,"Asian, non-Hispanic",41,204,205,IPEDS_EF2015A,0
2015,mtholyoke,0,0,0,1,0,"Black or African American, non-Hispanic",32,135,135,IPEDS_EF2015A,0
2015,mtholyoke,0,0,0,1,0,Hispanic/Latino,43,163,163,IPEDS_EF2015A,0
2015,mtholyoke,0,0,0,1,0,"Native Hawaiian or other Pacific Islander, non-Hispanic",1,2,2,IPEDS_EF2015A,0
2015,mtholyoke,0,0,0,1,0,Nonresident,135,553,566,IPEDS_EF2015A,0
2015,mtholyoke,0,0,0,1,0,Race and/or ethnicity unknown,7,24,27,IPEDS_EF2015A,0
2015,mtholyoke,0,0,0,1,0,Total,513,2099,2126,IPEDS_EF2015A,0
2015,mtholyoke,0,0,0,1,0,"Two or more races, non-Hispanic",16,78,78,IPEDS_EF2015A,0
2015,mtholyoke,0,0,0,1,0,"White, non-Hispanic",238,938,948,IPEDS_EF2015A,0
2015,navy,0,0,0,0,1,"American Indian or Alaska Native, non-Hispanic",0,14,14,IPEDS_EF2015A,0
2015,navy,0,0,0,0,1,"Asian, non-Hispanic",86,319,319,IPEDS_EF2015A,0
2015,navy,0,0,0,0,1,"Black or African American, non-Hispanic",85,311,311,IPEDS_EF2015A,0
2015,navy,0,0,0,0,1,Hispanic/Latino,140,512,512,IPEDS_EF2015A,0
2015,navy,0,0,0,0,1,"Native Hawaiian or other Pacific Islander, non-Hispanic",8,23,23,IPEDS_EF2015A,0
2015,navy,0,0,0,0,1,Nonresident,12,59,59,IPEDS_EF2015A,0
2015,navy,0,0,0,0,1,Race and/or ethnicity unknown,12,54,54,IPEDS_EF2015A,0
2015,navy,0,0,0,0,1,Total,1176,4525,4525,IPEDS_EF2015A,0
2015,navy,0,0,0,0,1,"Two or more races, non-Hispanic",99,350,350,IPEDS_EF2015A,0
2015,navy,0,0,0,0,1,"White, non-Hispanic",734,2883,2883,IPEDS_EF2015A,0
2015,northwestern,0,0,0,0,1,"American Indian or Alaska Native, non-Hispanic",0,3,3,IPEDS_EF2015A,0
2015,northwestern,0,0,0,0,1,"Asian, non-Hispanic",341,1492,1519,IPEDS_EF2015A,0
2015,northwestern,0,0,0,0,1,"Black or African American, non-Hispanic",133,514,523,IPEDS_EF2015A,0
2015,northwestern,0,0,0,0,1,Hispanic/Latino,247,987,999,IPEDS_EF2015A,0
2015,northwestern,0,0,0,0,1,"Native Hawaiian or other Pacific Islander, non-Hispanic",0,0,0,IPEDS_EF2015A,0
2015,northwestern,0,0,0,0,1,Nonresident,178,709,733,IPEDS_EF2015A,0
2015,northwestern,0,0,0,0,1,Race and/or ethnicity unknown,88,158,229,IPEDS_EF2015A,0
2015,northwestern,0,0,0,0,1,Total,2018,8576,8839,IPEDS_EF2015A,0
2015,northwestern,0,0,0,0,1,"Two or more races, non-Hispanic",74,393,404,IPEDS_EF2015A,0
2015,northwestern,0,0,0,0,1,"White, non-Hispanic",957,4320,4429,IPEDS_EF2015A,0
2015,notredame,0,0,0,0,1,"American Indian or Alaska Native, non-Hispanic",3,15,15,IPEDS_EF2015A,0
2015,notredame,0,0,0,0,1,"Asian, non-Hispanic",111,473,473,IPEDS_EF2015A,0
2015,notredame,0,0,0,0,1,"Black or African American, non-Hispanic",80,323,323,IPEDS_EF2015A,0
2015,notredame,0,0,0,0,1,Hispanic/Latino,219,902,902,IPEDS_EF2015A,0
2015,notredame,0,0,0,0,1,"Native Hawaiian or other Pacific Islander, non-Hispanic",0,3,3,IPEDS_EF2015A,0
2015,notredame,0,0,0,0,1,Nonresident,143,464,501,IPEDS_EF2015A,0
2015,notredame,0,0,0,0,1,Race and/or ethnicity unknown,6,44,44,IPEDS_EF2015A,0
2015,notredame,0,0,0,0,1,Total,2007,8425,8462,IPEDS_EF2015A,0
2015,notredame,0,0,0,0,1,"Two or more races, non-Hispanic",93,370,370,IPEDS_EF2015A,0
2015,notredame,0,0,0,0,1,"White, non-Hispanic",1352,5831,5831,IPEDS_EF2015A,0
2015,oberlin,0,0,0,1,0,"American Indian or Alaska Native, non-Hispanic",0,0,0,IPEDS_EF2015A,0
2015,oberlin,0,0,0,1,0,"Asian, non-Hispanic",19,116,116,IPEDS_EF2015A,0
2015,oberlin,0,0,0,1,0,"Black or African American, non-Hispanic",40,152,152,IPEDS_EF2015A,0
2015,oberlin,0,0,0,1,0,Hispanic/Latino,58,224,224,IPEDS_EF2015A,0
2015,oberlin,0,0,0,1,0,"Native Hawaiian or other Pacific Islander, non-Hispanic",1,3,3,IPEDS_EF2015A,0
2015,oberlin,0,0,0,1,0,Nonresident,70,230,230,IPEDS_EF2015A,0
2015,oberlin,0,0,0,1,0,Race and/or ethnicity unknown,10,22,22,IPEDS_EF2015A,0
2015,oberlin,0,0,0,1,0,Total,775,2912,2912,IPEDS_EF2015A,0
2015,oberlin,0,0,0,1,0,"Two or more races, non-Hispanic",65,181,181,IPEDS_EF2015A,0
2015,oberlin,0,0,0,1,0,"White, non-Hispanic",512,1984,1984,IPEDS_EF2015A,0
2015,penn,1,1,0,0,1,"American Indian or Alaska Native, non-Hispanic",3,10,10,IPEDS_EF2015A,0
2015,penn,1,1,0,0,1,"Asian, non-Hispanic",475,2048,2156,IPEDS_EF2015A,0
2015,penn,1,1,0,0,1,"Black or African American, non-Hispanic",173,769,818,IPEDS_EF2015A,0
2015,penn,1,1,0,0,1,Hispanic/Latino,269,1090,1134,IPEDS_EF2015A,0
2015,penn,1,1,0,0,1,"Native Hawaiian or other Pacific Islander, non-Hispanic",1,4,4,IPEDS_EF2015A,0
2015,penn,1,1,0,0,1,Nonresident,284,1188,1343,IPEDS_EF2015A,0
2015,penn,1,1,0,0,1,Race and/or ethnicity unknown,107,311,489,IPEDS_EF2015A,0
2015,penn,1,1,0,0,1,Total,2423,10666,11588,IPEDS_EF2015A,0
2015,penn,1,1,0,0,1,"Two or more races, non-Hispanic",91,452,480,IPEDS_EF2015A,0
2015,penn,1,1,0,0,1,"White, non-Hispanic",1020,4794,5154,IPEDS_EF2015A,0
2015,pomona,0,0,0,1,1,"American Indian or Alaska Native, non-Hispanic",0,3,3,IPEDS_EF2015A,0
2015,pomona,0,0,0,1,1,"Asian, non-Hispanic",57,228,228,IPEDS_EF2015A,0
2015,pomona,0,0,0,1,1,"Black or African American, non-Hispanic",39,121,121,IPEDS_EF2015A,0
2015,pomona,0,0,0,1,1,Hispanic/Latino,70,246,246,IPEDS_EF2015A,0
2015,pomona,0,0,0,1,1,"Native Hawaiian or other Pacific Islander, non-Hispanic",1,2,2,IPEDS_EF2015A,0
2015,pomona,0,0,0,1,1,Nonresident,50,161,172,IPEDS_EF2015A,0
2015,pomona,0,0,0,1,1,Race and/or ethnicity unknown,26,103,109,IPEDS_EF2015A,0
2015,pomona,0,0,0,1,1,Total,400,1640,1663,IPEDS_EF2015A,0
2015,pomona,0,0,0,1,1,"Two or more races, non-Hispanic",26,124,124,IPEDS_EF2015A,0
2015,pomona,0,0,0,1,1,"White, non-Hispanic",131,652,658,IPEDS_EF2015A,0
2015,princeton,1,1,0,0,1,"American Indian or Alaska Native, non-Hispanic",2,6,6,IPEDS_EF2015A,0
2015,princeton,1,1,0,0,1,"Asian, non-Hispanic",289,1131,1158,IPEDS_EF2015A,0
2015,princeton,1,1,0,0,1,"Black or African American, non-Hispanic",89,400,406,IPEDS_EF2015A,0
2015,princeton,1,1,0,0,1,Hispanic/Latino,142,489,493,IPEDS_EF2015A,0
2015,princeton,1,1,0,0,1,"Native Hawaiian or other Pacific Islander, non-Hispanic",2,8,8,IPEDS_EF2015A,0
2015,princeton,1,1,0,0,1,Nonresident,175,602,623,IPEDS_EF2015A,0
2015,princeton,1,1,0,0,1,Race and/or ethnicity unknown,19,79,128,IPEDS_EF2015A,0
2015,princeton,1,1,0,0,1,Total,1317,5260,5402,IPEDS_EF2015A,0
2015,princeton,1,1,0,0,1,"Two or more races, non-Hispanic",46,202,208,IPEDS_EF2015A,0
2015,princeton,1,1,0,0,1,"White, non-Hispanic",553,2343,2372,IPEDS_EF2015A,0
2015,reed,0,0,0,1,0,"American Indian or Alaska Native, non-Hispanic",1,5,5,IPEDS_EF2015A,0
2015,reed,0,0,0,1,0,"Asian, non-Hispanic",29,74,78,IPEDS_EF2015A,0
2015,reed,0,0,0,1,0,"Black or African American, non-Hispanic",14,31,31,IPEDS_EF2015A,0
2015,reed,0,0,0,1,0,Hispanic/Latino,48,160,160,IPEDS_EF2015A,0
2015,reed,0,0,0,1,0,"Native Hawaiian or other Pacific Islander, non-Hispanic",1,4,4,IPEDS_EF2015A,0
2015,reed,0,0,0,1,0,Nonresident,23,96,110,IPEDS_EF2015A,0
2015,reed,0,0,0,1,0,Race and/or ethnicity unknown,9,75,80,IPEDS_EF2015A,0
2015,reed,0,0,0,1,0,Total,421,1396,1430,IPEDS_EF2015A,0
2015,reed,0,0,0,1,0,"Two or more races, non-Hispanic",38,107,109,IPEDS_EF2015A,0
2015,reed,0,0,0,1,0,"White, non-Hispanic",258,844,853,IPEDS_EF2015A,0
2015,rice,0,0,0,0,1,"American Indian or Alaska Native, non-Hispanic",3,4,4,IPEDS_EF2015A,0
2015,rice,0,0,0,0,1,"Asian, non-Hispanic",250,934,934,IPEDS_EF2015A,0
2015,rice,0,0,0,0,1,"Black or African American, non-Hispanic",62,253,253,IPEDS_EF2015A,0
2015,rice,0,0,0,0,1,Hispanic/Latino,127,545,546,IPEDS_EF2015A,0
2015,rice,0,0,0,0,1,"Native Hawaiian or other Pacific Islander, non-Hispanic",1,2,2,IPEDS_EF2015A,0
2015,rice,0,0,0,0,1,Nonresident,112,472,501,IPEDS_EF2015A,0
2015,rice,0,0,0,0,1,Race and/or ethnicity unknown,17,58,59,IPEDS_EF2015A,0
2015,rice,0,0,0,0,1,Total,968,3879,3910,IPEDS_EF2015A,0
2015,rice,0,0,0,0,1,"Two or more races, non-Hispanic",41,173,173,IPEDS_EF2015A,0
2015,rice,0,0,0,0,1,"White, non-Hispanic",355,1438,1438,IPEDS_EF2015A,0
2015,richmond,0,0,0,0,1,"American Indian or Alaska Native, non-Hispanic",2,9,10,IPEDS_EF2015A,0
2015,richmond,0,0,0,0,1,"Asian, non-Hispanic",49,222,225,IPEDS_EF2015A,0
2015,richmond,0,0,0,0,1,"Black or African American, non-Hispanic",43,246,250,IPEDS_EF2015A,0
2015,richmond,0,0,0,0,1,Hispanic/Latino,57,232,232,IPEDS_EF2015A,0
2015,richmond,0,0,0,0,1,"Native Hawaiian or other Pacific Islander, non-Hispanic",1,1,1,IPEDS_EF2015A,0
2015,richmond,0,0,0,0,1,Nonresident,80,272,360,IPEDS_EF2015A,0
2015,richmond,0,0,0,0,1,Race and/or ethnicity unknown,45,200,201,IPEDS_EF2015A,0
2015,richmond,0,0,0,0,1,Total,808,3210,3329,IPEDS_EF2015A,0
2015,richmond,0,0,0,0,1,"Two or more races, non-Hispanic",37,121,121,IPEDS_EF2015A,0
2015,richmond,0,0,0,0,1,"White, non-Hispanic",494,1907,1929,IPEDS_EF2015A,0
2015,sarahlawrence,0,0,0,1,0,"American Indian or Alaska Native, non-Hispanic",0,1,1,IPEDS_EF2015A,0
2015,sarahlawrence,0,0,0,1,0,"Asian, non-Hispanic",19,58,58,IPEDS_EF2015A,0
2015,sarahlawrence,0,0,0,1,0,"Black or African American, non-Hispanic",15,50,50,IPEDS_EF2015A,0
2015,sarahlawrence,0,0,0,1,0,Hispanic/Latino,39,133,133,IPEDS_EF2015A,0
2015,sarahlawrence,0,0,0,1,0,"Native Hawaiian or other Pacific Islander, non-Hispanic",0,1,1,IPEDS_EF2015A,0
2015,sarahlawrence,0,0,0,1,0,Nonresident,48,164,166,IPEDS_EF2015A,0
2015,sarahlawrence,0,0,0,1,0,Race and/or ethnicity unknown,20,104,159,IPEDS_EF2015A,0
2015,sarahlawrence,0,0,0,1,0,Total,353,1283,1348,IPEDS_EF2015A,0
2015,sarahlawrence,0,0,0,1,0,"Two or more races, non-Hispanic",28,93,98,IPEDS_EF2015A,0
2015,sarahlawrence,0,0,0,1,0,"White, non-Hispanic",184,679,682,IPEDS_EF2015A,0
2015,smith,0,0,0,1,1,"American Indian or Alaska Native, non-Hispanic",1,4,4,IPEDS_EF2015A,0
2015,smith,0,0,0,1,1,"Asian, non-Hispanic",61,290,291,IPEDS_EF2015A,0
2015,smith,0,0,0,1,1,"Black or African American, non-Hispanic",44,135,135,IPEDS_EF2015A,0
2015,smith,0,0,0,1,1,Hispanic/Latino,69,257,257,IPEDS_EF2015A,0
2015,smith,0,0,0,1,1,"Native Hawaiian or other Pacific Islander, non-Hispanic",0,2,2,IPEDS_EF2015A,0
2015,smith,0,0,0,1,1,Nonresident,97,344,349,IPEDS_EF2015A,0
2015,smith,0,0,0,1,1,Race and/or ethnicity unknown,56,210,211,IPEDS_EF2015A,0
2015,smith,0,0,0,1,1,Total,609,2471,2478,IPEDS_EF2015A,0
2015,smith,0,0,0,1,1,"Two or more races, non-Hispanic",32,117,117,IPEDS_EF2015A,0
2015,smith,0,0,0,1,1,"White, non-Hispanic",249,1112,1112,IPEDS_EF2015A,0
2015,stanford,0,1,0,0,1,"American Indian or Alaska Native, non-Hispanic",7,71,71,IPEDS_EF2015A,0
2015,stanford,0,1,0,0,1,"Asian, non-Hispanic",385,1432,1432,IPEDS_EF2015A,0
2015,stanford,0,1,0,0,1,"Black or African American, non-Hispanic",107,425,425,IPEDS_EF2015A,0
2015,stanford,0,1,0,0,1,Hispanic/Latino,230,1072,1072,IPEDS_EF2015A,0
2015,stanford,0,1,0,0,1,"Native Hawaiian or other Pacific Islander, non-Hispanic",6,22,22,IPEDS_EF2015A,0
2015,stanford,0,1,0,0,1,Nonresident,177,612,613,IPEDS_EF2015A,0
2015,stanford,0,1,0,0,1,Race and/or ethnicity unknown,6,21,24,IPEDS_EF2015A,0
2015,stanford,0,1,0,0,1,Total,1719,6994,7000,IPEDS_EF2015A,0
2015,stanford,0,1,0,0,1,"Two or more races, non-Hispanic",176,725,727,IPEDS_EF2015A,0
2015,stanford,0,1,0,0,1,"White, non-Hispanic",625,2614,2614,IPEDS_EF2015A,0
2015,stolaf,0,0,0,1,0,"American Indian or Alaska Native, non-Hispanic",2,4,4,IPEDS_EF2015A,0
2015,stolaf,0,0,0,1,0,"Asian, non-Hispanic",58,188,190,IPEDS_EF2015A,0
2015,stolaf,0,0,0,1,0,"Black or African American, non-Hispanic",21,61,61,IPEDS_EF2015A,0
2015,stolaf,0,0,0,1,0,Hispanic/Latino,43,154,157,IPEDS_EF2015A,0
2015,stolaf,0,0,0,1,0,"Native Hawaiian or other Pacific Islander, non-Hispanic",1,1,1,IPEDS_EF2015A,0
2015,stolaf,0,0,0,1,0,Nonresident,65,225,234,IPEDS_EF2015A,0
2015,stolaf,0,0,0,1,0,Race and/or ethnicity unknown,5,25,25,IPEDS_EF2015A,0
2015,stolaf,0,0,0,1,0,Total,763,3005,3046,IPEDS_EF2015A,0
2015,stolaf,0,0,0,1,0,"Two or more races, non-Hispanic",24,107,108,IPEDS_EF2015A,0
2015,stolaf,0,0,0,1,0,"White, non-Hispanic",544,2240,2266,IPEDS_EF2015A,0
2015,swarthmore,0,0,0,1,1,"American Indian or Alaska Native, non-Hispanic",0,1,1,IPEDS_EF2015A,0
2015,swarthmore,0,0,0,1,1,"Asian, non-Hispanic",78,269,269,IPEDS_EF2015A,0
2015,swarthmore,0,0,0,1,1,"Black or African American, non-Hispanic",27,95,95,IPEDS_EF2015A,0
2015,swarthmore,0,0,0,1,1,Hispanic/Latino,48,202,204,IPEDS_EF2015A,0
2015,swarthmore,0,0,0,1,1,"Native Hawaiian or other Pacific Islander, non-Hispanic",1,2,2,IPEDS_EF2015A,0
2015,swarthmore,0,0,0,1,1,Nonresident,52,169,171,IPEDS_EF2015A,0
2015,swarthmore,0,0,0,1,1,Race and/or ethnicity unknown,8,47,49,IPEDS_EF2015A,0
2015,swarthmore,0,0,0,1,1,Total,407,1566,1581,IPEDS_EF2015A,0
2015,swarthmore,0,0,0,1,1,"Two or more races, non-Hispanic",27,120,120,IPEDS_EF2015A,0
2015,swarthmore,0,0,0,1,1,"White, non-Hispanic",166,661,670,IPEDS_EF2015A,0
2015,trinity,0,0,1,1,0,"American Indian or Alaska Native, non-Hispanic",0,2,2,IPEDS_EF2015A,0
2015,trinity,0,0,1,1,0,"Asian, non-Hispanic",13,88,89,IPEDS_EF2015A,0
2015,trinity,0,0,1,1,0,"Black or African American, non-Hispanic",39,135,137,IPEDS_EF2015A,0
2015,trinity,0,0,1,1,0,Hispanic/Latino,49,166,166,IPEDS_EF2015A,0
2015,trinity,0,0,1,1,0,"Native Hawaiian or other Pacific Islander, non-Hispanic",0,0,0,IPEDS_EF2015A,0
2015,trinity,0,0,1,1,0,Nonresident,56,217,217,IPEDS_EF2015A,0
2015,trinity,0,0,1,1,0,Race and/or ethnicity unknown,25,117,141,IPEDS_EF2015A,0
2015,trinity,0,0,1,1,0,Total,559,2251,2289,IPEDS_EF2015A,0
2015,trinity,0,0,1,1,0,"Two or more races, non-Hispanic",14,65,65,IPEDS_EF2015A,0
2015,trinity,0,0,1,1,0,"White, non-Hispanic",363,1461,1472,IPEDS_EF2015A,0
2015,tufts,0,0,1,1,0,"American Indian or Alaska Native, non-Hispanic",0,2,2,IPEDS_EF2015A,0
2015,tufts,0,0,1,1,0,"Asian, non-Hispanic",162,591,593,IPEDS_EF2015A,0
2015,tufts,0,0,1,1,0,"Black or African American, non-Hispanic",43,202,202,IPEDS_EF2015A,0
2015,tufts,0,0,1,1,0,Hispanic/Latino,74,326,331,IPEDS_EF2015A,0
2015,tufts,0,0,1,1,0,"Native Hawaiian or other Pacific Islander, non-Hispanic",0,1,1,IPEDS_EF2015A,0
2015,tufts,0,0,1,1,0,Nonresident,144,484,484,IPEDS_EF2015A,0
2015,tufts,0,0,1,1,0,Race and/or ethnicity unknown,52,353,388,IPEDS_EF2015A,0
2015,tufts,0,0,1,1,0,Total,1358,5236,5290,IPEDS_EF2015A,0
2015,tufts,0,0,1,1,0,"Two or more races, non-Hispanic",49,231,233,IPEDS_EF2015A,0
2015,tufts,0,0,1,1,0,"White, non-Hispanic",834,3046,3056,IPEDS_EF2015A,0
2015,uchicago,0,1,0,0,1,"American Indian or Alaska Native, non-Hispanic",8,14,14,IPEDS_EF2015A,0
2015,uchicago,0,1,0,0,1,"Asian, non-Hispanic",256,1022,1022,IPEDS_EF2015A,0
2015,uchicago,0,1,0,0,1,"Black or African American, non-Hispanic",83,296,296,IPEDS_EF2015A,0
2015,uchicago,0,1,0,0,1,Hispanic/Latino,111,498,498,IPEDS_EF2015A,0
2015,uchicago,0,1,0,0,1,"Native Hawaiian or other Pacific Islander, non-Hispanic",2,5,5,IPEDS_EF2015A,0
2015,uchicago,0,1,0,0,1,Nonresident,206,636,646,IPEDS_EF2015A,0
2015,uchicago,0,1,0,0,1,Race and/or ethnicity unknown,122,582,586,IPEDS_EF2015A,0
2015,uchicago,0,1,0,0,1,Total,1537,5869,5883,IPEDS_EF2015A,0
2015,uchicago,0,1,0,0,1,"Two or more races, non-Hispanic",34,204,204,IPEDS_EF2015A,0
2015,uchicago,0,1,0,0,1,"White, non-Hispanic",715,2612,2612,IPEDS_EF2015A,0
2015,ucla,0,0,0,0,1,"American Indian or Alaska Native, non-Hispanic",9,46,46,IPEDS_EF2015A,0
2015,ucla,0,0,0,0,1,"Asian, non-Hispanic",1725,8687,8687,IPEDS_EF2015A,0
2015,ucla,0,0,0,0,1,"Black or African American, non-Hispanic",193,883,883,IPEDS_EF2015A,0
2015,ucla,0,0,0,0,1,Hispanic/Latino,1175,6103,6103,IPEDS_EF2015A,0
2015,ucla,0,0,0,0,1,"Native Hawaiian or other Pacific Islander, non-Hispanic",22,90,90,IPEDS_EF2015A,0
2015,ucla,0,0,0,0,1,Nonresident,628,3743,3747,IPEDS_EF2015A,0
2015,ucla,0,0,0,0,1,Race and/or ethnicity unknown,112,565,565,IPEDS_EF2015A,0
2015,ucla,0,0,0,0,1,Total,5679,29581,29585,IPEDS_EF2015A,0
2015,ucla,0,0,0,0,1,"Two or more races, non-Hispanic",294,1436,1436,IPEDS_EF2015A,0
2015,ucla,0,0,0,0,1,"White, non-Hispanic",1521,8028,8028,IPEDS_EF2015A,0
2015,umich,0,0,0,0,1,"American Indian or Alaska Native, non-Hispanic",9,53,53,IPEDS_EF2015A,0
2015,umich,0,0,0,0,1,"Asian, non-Hispanic",821,3578,3595,IPEDS_EF2015A,0
2015,umich,0,0,0,0,1,"Black or African American, non-Hispanic",298,1212,1216,IPEDS_EF2015A,0
2015,umich,0,0,0,0,1,Hispanic/Latino,344,1295,1300,IPEDS_EF2015A,0
2015,umich,0,0,0,0,1,"Native Hawaiian or other Pacific Islander, non-Hispanic",1,10,10,IPEDS_EF2015A,0
2015,umich,0,0,0,0,1,Nonresident,244,1871,1959,IPEDS_EF2015A,0
2015,umich,0,0,0,0,1,Race and/or ethnicity unknown,374,1822,1840,IPEDS_EF2015A,0
2015,umich,0,0,0,0,1,Total,6071,28120,28312,IPEDS_EF2015A,0
2015,umich,0,0,0,0,1,"Two or more races, non-Hispanic",251,967,969,IPEDS_EF2015A,0
2015,umich,0,0,0,0,1,"White, non-Hispanic",3729,17312,17370,IPEDS_EF2015A,0
2015,union,0,0,0,1,0,"American Indian or Alaska Native, non-Hispanic",0,1,1,IPEDS_EF2015A,0
2015,union,0,0,0,1,0,"Asian, non-Hispanic",34,137,139,IPEDS_EF2015A,0
2015,union,0,0,0,1,0,"Black or African American, non-Hispanic",28,95,95,IPEDS_EF2015A,0
2015,union,0,0,0,1,0,Hispanic/Latino,40,151,151,IPEDS_EF2015A,0
2015,union,0,0,0,1,0,"Native Hawaiian or other Pacific Islander, non-Hispanic",0,0,0,IPEDS_EF2015A,0
2015,union,0,0,0,1,0,Nonresident,49,163,189,IPEDS_EF2015A,0
2015,union,0,0,0,1,0,Race and/or ethnicity unknown,0,0,15,IPEDS_EF2015A,0
2015,union,0,0,0,1,0,Total,568,2206,2269,IPEDS_EF2015A,0
2015,union,0,0,0,1,0,"Two or more races, non-Hispanic",15,49,52,IPEDS_EF2015A,0
2015,union,0,0,0,1,0,"White, non-Hispanic",402,1610,1627,IPEDS_EF2015A,0
2015,vanderbilt,0,0,0,0,1,"American Indian or Alaska Native, non-Hispanic",6,26,26,IPEDS_EF2015A,0
2015,vanderbilt,0,0,0,0,1,"Asian, non-Hispanic",215,793,793,IPEDS_EF2015A,0
2015,vanderbilt,0,0,0,0,1,"Black or African American, non-Hispanic",155,576,576,IPEDS_EF2015A,0
2015,vanderbilt,0,0,0,0,1,Hispanic/Latino,162,581,581,IPEDS_EF2015A,0
2015,vanderbilt,0,0,0,0,1,"Native Hawaiian or other Pacific Islander, non-Hispanic",4,7,7,IPEDS_EF2015A,0
2015,vanderbilt,0,0,0,0,1,Nonresident,121,459,467,IPEDS_EF2015A,0
2015,vanderbilt,0,0,0,0,1,Race and/or ethnicity unknown,94,326,336,IPEDS_EF2015A,0
2015,vanderbilt,0,0,0,0,1,Total,1607,6857,6883,IPEDS_EF2015A,0
2015,vanderbilt,0,0,0,0,1,"Two or more races, non-Hispanic",80,324,325,IPEDS_EF2015A,0
2015,vanderbilt,0,0,0,0,1,"White, non-Hispanic",770,3765,3772,IPEDS_EF2015A,0
2015,vassar,0,0,0,1,1,"American Indian or Alaska Native, non-Hispanic",0,1,1,IPEDS_EF2015A,0
2015,vassar,0,0,0,1,1,"Asian, non-Hispanic",81,271,273,IPEDS_EF2015A,0
2015,vassar,0,0,0,1,1,"Black or African American, non-Hispanic",26,119,119,IPEDS_EF2015A,0
2015,vassar,0,0,0,1,1,Hispanic/Latino,70,268,272,IPEDS_EF2015A,0
2015,vassar,0,0,0,1,1,"Native Hawaiian or other Pacific Islander, non-Hispanic",0,0,0,IPEDS_EF2015A,0
2015,vassar,0,0,0,1,1,Nonresident,44,171,179,IPEDS_EF2015A,0
2015,vassar,0,0,0,1,1,Race and/or ethnicity unknown,1,3,3,IPEDS_EF2015A,0
2015,vassar,0,0,0,1,1,Total,667,2414,2435,IPEDS_EF2015A,0
2015,vassar,0,0,0,1,1,"Two or more races, non-Hispanic",45,150,150,IPEDS_EF2015A,0
2015,vassar,0,0,0,1,1,"White, non-Hispanic",400,1431,1438,IPEDS_EF2015A,0
2015,washandlee,0,0,0,1,1,"American Indian or Alaska Native, non-Hispanic",0,2,2,IPEDS_EF2015A,0
2015,washandlee,0,0,0,1,1,"Asian, non-Hispanic",15,61,61,IPEDS_EF2015A,0
2015,washandlee,0,0,0,1,1,"Black or African American, non-Hispanic",13,40,41,IPEDS_EF2015A,0
2015,washandlee,0,0,0,1,1,Hispanic/Latino,12,63,64,IPEDS_EF2015A,0
2015,washandlee,0,0,0,1,1,"Native Hawaiian or other Pacific Islander, non-Hispanic",0,0,0,IPEDS_EF2015A,0
2015,washandlee,0,0,0,1,1,Nonresident,26,80,85,IPEDS_EF2015A,0
2015,washandlee,0,0,0,1,1,Race and/or ethnicity unknown,10,29,29,IPEDS_EF2015A,0
2015,washandlee,0,0,0,1,1,Total,454,1844,1854,IPEDS_EF2015A,0
2015,washandlee,0,0,0,1,1,"Two or more races, non-Hispanic",11,52,52,IPEDS_EF2015A,0
2015,washandlee,0,0,0,1,1,"White, non-Hispanic",367,1517,1520,IPEDS_EF2015A,0
2015,wellesley,0,0,0,1,1,"American Indian or Alaska Native, non-Hispanic",1,2,2,IPEDS_EF2015A,0
2015,wellesley,0,0,0,1,1,"Asian, non-Hispanic",117,528,533,IPEDS_EF2015A,0
2015,wellesley,0,0,0,1,1,"Black or African American, non-Hispanic",32,129,131,IPEDS_EF2015A,0
2015,wellesley,0,0,0,1,1,Hispanic/Latino,79,254,257,IPEDS_EF2015A,0
2015,wellesley,0,0,0,1,1,"Native Hawaiian or other Pacific Islander, non-Hispanic",0,0,0,IPEDS_EF2015A,0
2015,wellesley,0,0,0,1,1,Nonresident,83,272,288,IPEDS_EF2015A,0
2015,wellesley,0,0,0,1,1,Race and/or ethnicity unknown,49,90,213,IPEDS_EF2015A,0
2015,wellesley,0,0,0,1,1,Total,593,2344,2510,IPEDS_EF2015A,0
2015,wellesley,0,0,0,1,1,"Two or more races, non-Hispanic",26,141,143,IPEDS_EF2015A,0
2015,wellesley,0,0,0,1,1,"White, non-Hispanic",206,928,943,IPEDS_EF2015A,0
2015,wesleyan,0,0,1,1,1,"American Indian or Alaska Native, non-Hispanic",0,1,1,IPEDS_EF2015A,0
2015,wesleyan,0,0,1,1,1,"Asian, non-Hispanic",59,236,237,IPEDS_EF2015A,0
2015,wesleyan,0,0,1,1,1,"Black or African American, non-Hispanic",56,198,225,IPEDS_EF2015A,0
2015,wesleyan,0,0,1,1,1,Hispanic/Latino,91,303,307,IPEDS_EF2015A,0
2015,wesleyan,0,0,1,1,1,"Native Hawaiian or other Pacific Islander, non-Hispanic",0,3,3,IPEDS_EF2015A,0
2015,wesleyan,0,0,1,1,1,Nonresident,77,254,259,IPEDS_EF2015A,0
2015,wesleyan,0,0,1,1,1,Race and/or ethnicity unknown,27,151,166,IPEDS_EF2015A,0
2015,wesleyan,0,0,1,1,1,Total,757,2819,2897,IPEDS_EF2015A,0
2015,wesleyan,0,0,1,1,1,"Two or more races, non-Hispanic",49,165,166,IPEDS_EF2015A,0
2015,wesleyan,0,0,1,1,1,"White, non-Hispanic",398,1508,1533,IPEDS_EF2015A,0
2015,williams,0,0,1,1,1,"American Indian or Alaska Native, non-Hispanic",1,4,4,IPEDS_EF2015A,0
2015,williams,0,0,1,1,1,"Asian, non-Hispanic",76,244,244,IPEDS_EF2015A,0
2015,williams,0,0,1,1,1,"Black or African American, non-Hispanic",51,157,157,IPEDS_EF2015A,0
2015,williams,0,0,1,1,1,Hispanic/Latino,67,261,264,IPEDS_EF2015A,0
2015,williams,0,0,1,1,1,"Native Hawaiian or other Pacific Islander, non-Hispanic",0,0,0,IPEDS_EF2015A,0
2015,williams,0,0,1,1,1,Nonresident,46,161,175,IPEDS_EF2015A,0
2015,williams,0,0,1,1,1,Race and/or ethnicity unknown,0,0,0,IPEDS_EF2015A,0
2015,williams,0,0,1,1,1,Total,551,2070,2119,IPEDS_EF2015A,0
2015,williams,0,0,1,1,1,"Two or more races, non-Hispanic",27,134,134,IPEDS_EF2015A,0
2015,williams,0,0,1,1,1,"White, non-Hispanic",283,1109,1141,IPEDS_EF2015A,0
2015,wustl,0,0,0,0,1,"American Indian or Alaska Native, non-Hispanic",1,5,6,IPEDS_EF2015A,0
2015,wustl,0,0,0,0,1,"Asian, non-Hispanic",317,1307,1336,IPEDS_EF2015A,0
2015,wustl,0,0,0,0,1,"Black or African American, non-Hispanic",123,404,476,IPEDS_EF2015A,0
2015,wustl,0,0,0,0,1,Hispanic/Latino,149,459,474,IPEDS_EF2015A,0
2015,wustl,0,0,0,0,1,"Native Hawaiian or other Pacific Islander, non-Hispanic",0,0,0,IPEDS_EF2015A,0
2015,wustl,0,0,0,0,1,Nonresident,126,556,622,IPEDS_EF2015A,0
2015,wustl,0,0,0,0,1,Race and/or ethnicity unknown,24,167,196,IPEDS_EF2015A,0
2015,wustl,0,0,0,0,1,Total,1731,7032,7504,IPEDS_EF2015A,0
2015,wustl,0,0,0,0,1,"Two or more races, non-Hispanic",75,299,303,IPEDS_EF2015A,0
2015,wustl,0,0,0,0,1,"White, non-Hispanic",916,3835,4091,IPEDS_EF2015A,0
2015,yale,1,1,0,0,1,"American Indian or Alaska Native, non-Hispanic",5,34,34,IPEDS_EF2015A,0
2015,yale,1,1,0,0,1,"Asian, non-Hispanic",248,956,956,IPEDS_EF2015A,0
2015,yale,1,1,0,0,1,"Black or African American, non-Hispanic",96,376,376,IPEDS_EF2015A,0
2015,yale,1,1,0,0,1,Hispanic/Latino,182,632,632,IPEDS_EF2015A,0
2015,yale,1,1,0,0,1,"Native Hawaiian or other Pacific Islander, non-Hispanic",0,2,2,IPEDS_EF2015A,0
2015,yale,1,1,0,0,1,Nonresident,149,586,587,IPEDS_EF2015A,0
2015,yale,1,1,0,0,1,Race and/or ethnicity unknown,8,59,60,IPEDS_EF2015A,0
2015,yale,1,1,0,0,1,Total,1363,5528,5532,IPEDS_EF2015A,0
2015,yale,1,1,0,0,1,"Two or more races, non-Hispanic",64,312,312,IPEDS_EF2015A,0
2015,yale,1,1,0,0,1,"White, non-Hispanic",611,2571,2573,IPEDS_EF2015A,0
2016,airforce,0,0,0,0,1,"American Indian or Alaska Native, non-Hispanic",3,11,11,IPEDS_EF2016A,0
2016,airforce,0,0,0,0,1,"Asian, non-Hispanic",62,206,206,IPEDS_EF2016A,0
2016,airforce,0,0,0,0,1,"Black or African American, non-Hispanic",71,247,247,IPEDS_EF2016A,0
2016,airforce,0,0,0,0,1,Hispanic/Latino,114,458,458,IPEDS_EF2016A,0
2016,airforce,0,0,0,0,1,"Native Hawaiian or other Pacific Islander, non-Hispanic",10,29,29,IPEDS_EF2016A,0
2016,airforce,0,0,0,0,1,Nonresident,13,51,51,IPEDS_EF2016A,0
2016,airforce,0,0,0,0,1,Race and/or ethnicity unknown,49,302,302,IPEDS_EF2016A,0
2016,airforce,0,0,0,0,1,Total,1115,4237,4237,IPEDS_EF2016A,0
2016,airforce,0,0,0,0,1,"Two or more races, non-Hispanic",81,313,313,IPEDS_EF2016A,0
2016,airforce,0,0,0,0,1,"White, non-Hispanic",712,2620,2620,IPEDS_EF2016A,0
2016,amherst,0,0,1,1,1,"American Indian or Alaska Native, non-Hispanic",3,8,8,IPEDS_EF2016A,0
2016,amherst,0,0,1,1,1,"Asian, non-Hispanic",73,260,260,IPEDS_EF2016A,0
2016,amherst,0,0,1,1,1,"Black or African American, non-Hispanic",53,214,214,IPEDS_EF2016A,0
2016,amherst,0,0,1,1,1,Hispanic/Latino,68,253,253,IPEDS_EF2016A,0
2016,amherst,0,0,1,1,1,"Native Hawaiian or other Pacific Islander, non-Hispanic",0,0,0,IPEDS_EF2016A,0
2016,amherst,0,0,1,1,1,Nonresident,38,173,174,IPEDS_EF2016A,0
2016,amherst,0,0,1,1,1,Race and/or ethnicity unknown,10,58,60,IPEDS_EF2016A,0
2016,amherst,0,0,1,1,1,Total,471,1846,1849,IPEDS_EF2016A,0
2016,amherst,0,0,1,1,1,"Two or more races, non-Hispanic",25,90,90,IPEDS_EF2016A,0
2016,amherst,0,0,1,1,1,"White, non-Hispanic",201,790,790,IPEDS_EF2016A,0
2016,army,0,0,0,0,1,"American Indian or Alaska Native, non-Hispanic",13,47,47,IPEDS_EF2016A,0
2016,army,0,0,0,0,1,"Asian, non-Hispanic",80,268,268,IPEDS_EF2016A,0
2016,army,0,0,0,0,1,"Black or African American, non-Hispanic",151,468,468,IPEDS_EF2016A,0
2016,army,0,0,0,0,1,Hispanic/Latino,136,513,513,IPEDS_EF2016A,0
2016,army,0,0,0,0,1,"Native Hawaiian or other Pacific Islander, non-Hispanic",3,25,25,IPEDS_EF2016A,0
2016,army,0,0,0,0,1,Nonresident,14,56,56,IPEDS_EF2016A,0
2016,army,0,0,0,0,1,Race and/or ethnicity unknown,20,45,45,IPEDS_EF2016A,0
2016,army,0,0,0,0,1,Total,1260,4389,4389,IPEDS_EF2016A,0
2016,army,0,0,0,0,1,"Two or more races, non-Hispanic",53,162,162,IPEDS_EF2016A,0
2016,army,0,0,0,0,1,"White, non-Hispanic",790,2805,2805,IPEDS_EF2016A,0
2016,barnard,0,0,0,1,1,"American Indian or Alaska Native, non-Hispanic",1,4,4,IPEDS_EF2016A,0
2016,barnard,0,0,0,1,1,"Asian, non-Hispanic",79,348,351,IPEDS_EF2016A,0
2016,barnard,0,0,0,1,1,"Black or African American, non-Hispanic",28,161,161,IPEDS_EF2016A,0
2016,barnard,0,0,0,1,1,Hispanic/Latino,81,312,315,IPEDS_EF2016A,0
2016,barnard,0,0,0,1,1,"Native Hawaiian or other Pacific Islander, non-Hispanic",0,1,1,IPEDS_EF2016A,0
2016,barnard,0,0,0,1,1,Nonresident,46,212,216,IPEDS_EF2016A,0
2016,barnard,0,0,0,1,1,Race and/or ethnicity unknown,15,18,19,IPEDS_EF2016A,0
2016,barnard,0,0,0,1,1,Total,605,2496,2510,IPEDS_EF2016A,0
2016,barnard,0,0,0,1,1,"Two or more races, non-Hispanic",28,138,138,IPEDS_EF2016A,0
2016,barnard,0,0,0,1,1,"White, non-Hispanic",327,1302,1305,IPEDS_EF2016A,0
2016,bates,0,0,1,1,1,"American Indian or Alaska Native, non-Hispanic",0,2,2,IPEDS_EF2016A,0
2016,bates,0,0,1,1,1,"Asian, non-Hispanic",20,75,75,IPEDS_EF2016A,0
2016,bates,0,0,1,1,1,"Black or African American, non-Hispanic",21,103,103,IPEDS_EF2016A,0
2016,bates,0,0,1,1,1,Hispanic/Latino,55,154,154,IPEDS_EF2016A,0
2016,bates,0,0,1,1,1,"Native Hawaiian or other Pacific Islander, non-Hispanic",0,0,0,IPEDS_EF2016A,0
2016,bates,0,0,1,1,1,Nonresident,35,122,122,IPEDS_EF2016A,0
2016,bates,0,0,1,1,1,Race and/or ethnicity unknown,0,4,4,IPEDS_EF2016A,0
2016,bates,0,0,1,1,1,Total,498,1780,1780,IPEDS_EF2016A,0
2016,bates,0,0,1,1,1,"Two or more races, non-Hispanic",24,77,77,IPEDS_EF2016A,0
2016,bates,0,0,1,1,1,"White, non-Hispanic",343,1243,1243,IPEDS_EF2016A,0
2016,berkeley,0,0,0,0,1,"American Indian or Alaska Native, non-Hispanic",18,64,64,IPEDS_EF2016A,0
2016,berkeley,0,0,0,0,1,"Asian, non-Hispanic",2659,10382,10382,IPEDS_EF2016A,0
2016,berkeley,0,0,0,0,1,"Black or African American, non-Hispanic",110,575,575,IPEDS_EF2016A,0
2016,berkeley,0,0,0,0,1,Hispanic/Latino,864,4292,4292,IPEDS_EF2016A,0
2016,berkeley,0,0,0,0,1,"Native Hawaiian or other Pacific Islander, non-Hispanic",12,46,46,IPEDS_EF2016A,0
2016,berkeley,0,0,0,0,1,Nonresident,581,3782,3783,IPEDS_EF2016A,0
2016,berkeley,0,0,0,0,1,Race and/or ethnicity unknown,326,1203,1203,IPEDS_EF2016A,0
2016,berkeley,0,0,0,0,1,Total,6252,29309,29310,IPEDS_EF2016A,0
2016,berkeley,0,0,0,0,1,"Two or more races, non-Hispanic",80,1252,1252,IPEDS_EF2016A,0
2016,berkeley,0,0,0,0,1,"White, non-Hispanic",1602,7713,7713,IPEDS_EF2016A,0
2016,bowdoin,0,0,1,1,1,"American Indian or Alaska Native, non-Hispanic",2,5,5,IPEDS_EF2016A,0
2016,bowdoin,0,0,1,1,1,"Asian, non-Hispanic",23,110,110,IPEDS_EF2016A,0
2016,bowdoin,0,0,1,1,1,"Black or African American, non-Hispanic",40,110,110,IPEDS_EF2016A,0
2016,bowdoin,0,0,1,1,1,Hispanic/Latino,54,192,192,IPEDS_EF2016A,0
2016,bowdoin,0,0,1,1,1,"Native Hawaiian or other Pacific Islander, non-Hispanic",1,1,1,IPEDS_EF2016A,0
2016,bowdoin,0,0,1,1,1,Nonresident,24,85,90,IPEDS_EF2016A,0
2016,bowdoin,0,0,1,1,1,Race and/or ethnicity unknown,6,20,20,IPEDS_EF2016A,0
2016,bowdoin,0,0,1,1,1,Total,503,1799,1806,IPEDS_EF2016A,0
2016,bowdoin,0,0,1,1,1,"Two or more races, non-Hispanic",36,118,119,IPEDS_EF2016A,0
2016,bowdoin,0,0,1,1,1,"White, non-Hispanic",317,1158,1159,IPEDS_EF2016A,0
2016,brown,1,1,0,0,1,"American Indian or Alaska Native, non-Hispanic",9,31,32,IPEDS_EF2016A,0
2016,brown,1,1,0,0,1,"Asian, non-Hispanic",251,928,972,IPEDS_EF2016A,0
2016,brown,1,1,0,0,1,"Black or African American, non-Hispanic",109,429,434,IPEDS_EF2016A,0
2016,brown,1,1,0,0,1,Hispanic/Latino,212,768,779,IPEDS_EF2016A,0
2016,brown,1,1,0,0,1,"Native Hawaiian or other Pacific Islander, non-Hispanic",5,13,13,IPEDS_EF2016A,0
2016,brown,1,1,0,0,1,Nonresident,179,744,859,IPEDS_EF2016A,0
2016,brown,1,1,0,0,1,Race and/or ethnicity unknown,91,401,509,IPEDS_EF2016A,0
2016,brown,1,1,0,0,1,Total,1679,6580,6926,IPEDS_EF2016A,0
2016,brown,1,1,0,0,1,"Two or more races, non-Hispanic",95,410,418,IPEDS_EF2016A,0
2016,brown,1,1,0,0,1,"White, non-Hispanic",728,2856,2910,IPEDS_EF2016A,0
2016,brynmawr,0,0,0,1,0,"American Indian or Alaska Native, non-Hispanic",0,1,1,IPEDS_EF2016A,0
2016,brynmawr,0,0,0,1,0,"Asian, non-Hispanic",42,162,163,IPEDS_EF2016A,0
2016,brynmawr,0,0,0,1,0,"Black or African American, non-Hispanic",29,84,85,IPEDS_EF2016A,0
2016,brynmawr,0,0,0,1,0,Hispanic/Latino,48,128,128,IPEDS_EF2016A,0
2016,brynmawr,0,0,0,1,0,"Native Hawaiian or other Pacific Islander, non-Hispanic",0,1,1,IPEDS_EF2016A,0
2016,brynmawr,0,0,0,1,0,Nonresident,83,316,316,IPEDS_EF2016A,0
2016,brynmawr,0,0,0,1,0,Race and/or ethnicity unknown,31,106,112,IPEDS_EF2016A,0
2016,brynmawr,0,0,0,1,0,Total,407,1371,1381,IPEDS_EF2016A,0
2016,brynmawr,0,0,0,1,0,"Two or more races, non-Hispanic",21,79,79,IPEDS_EF2016A,0
2016,brynmawr,0,0,0,1,0,"White, non-Hispanic",153,494,496,IPEDS_EF2016A,0
2016,bucknell,0,0,0,1,0,"American Indian or Alaska Native, non-Hispanic",0,1,1,IPEDS_EF2016A,0
2016,bucknell,0,0,0,1,0,"Asian, non-Hispanic",47,169,169,IPEDS_EF2016A,0
2016,bucknell,0,0,0,1,0,"Black or African American, non-Hispanic",35,123,123,IPEDS_EF2016A,0
2016,bucknell,0,0,0,1,0,Hispanic/Latino,53,223,224,IPEDS_EF2016A,0
2016,bucknell,0,0,0,1,0,"Native Hawaiian or other Pacific Islander, non-Hispanic",0,0,0,IPEDS_EF2016A,0
2016,bucknell,0,0,0,1,0,Nonresident,69,217,234,IPEDS_EF2016A,0
2016,bucknell,0,0,0,1,0,Race and/or ethnicity unknown,2,6,6,IPEDS_EF2016A,0
2016,bucknell,0,0,0,1,0,Total,950,3531,3571,IPEDS_EF2016A,0
2016,bucknell,0,0,0,1,0,"Two or more races, non-Hispanic",33,127,130,IPEDS_EF2016A,0
2016,bucknell,0,0,0,1,0,"White, non-Hispanic",711,2665,2684,IPEDS_EF2016A,0
2016,caltech,0,1,0,0,1,"American Indian or Alaska Native, non-Hispanic",0,0,0,IPEDS_EF2016A,0
2016,caltech,0,1,0,0,1,"Asian, non-Hispanic",77,418,418,IPEDS_EF2016A,0
2016,caltech,0,1,0,0,1,"Black or African American, non-Hispanic",4,14,14,IPEDS_EF2016A,0
2016,caltech,0,1,0,0,1,Hispanic/Latino,30,116,116,IPEDS_EF2016A,0
2016,caltech,0,1,0,0,1,"Native Hawaiian or other Pacific Islander, non-Hispanic",0,0,0,IPEDS_EF2016A,0
2016,caltech,0,1,0,0,1,Nonresident,26,89,89,IPEDS_EF2016A,0
2016,caltech,0,1,0,0,1,Race and/or ethnicity unknown,0,0,0,IPEDS_EF2016A,0
2016,caltech,0,1,0,0,1,Total,235,979,979,IPEDS_EF2016A,0
2016,caltech,0,1,0,0,1,"Two or more races, non-Hispanic",28,62,62,IPEDS_EF2016A,0
2016,caltech,0,1,0,0,1,"White, non-Hispanic",70,280,280,IPEDS_EF2016A,0
2016,carleton,0,0,0,1,1,"American Indian or Alaska Native, non-Hispanic",0,3,3,IPEDS_EF2016A,0
2016,carleton,0,0,0,1,1,"Asian, non-Hispanic",48,175,178,IPEDS_EF2016A,0
2016,carleton,0,0,0,1,1,"Black or African American, non-Hispanic",31,92,92,IPEDS_EF2016A,0
2016,carleton,0,0,0,1,1,Hispanic/Latino,50,153,156,IPEDS_EF2016A,0
2016,carleton,0,0,0,1,1,"Native Hawaiian or other Pacific Islander, non-Hispanic",0,2,2,IPEDS_EF2016A,0
2016,carleton,0,0,0,1,1,Nonresident,49,208,217,IPEDS_EF2016A,0
2016,carleton,0,0,0,1,1,Race and/or ethnicity unknown,12,36,44,IPEDS_EF2016A,0
2016,carleton,0,0,0,1,1,Total,567,2045,2105,IPEDS_EF2016A,0
2016,carleton,0,0,0,1,1,"Two or more races, non-Hispanic",42,116,117,IPEDS_EF2016A,0
2016,carleton,0,0,0,1,1,"White, non-Hispanic",335,1260,1296,IPEDS_EF2016A,0
2016,clark,0,0,0,1,0,"American Indian or Alaska Native, non-Hispanic",0,3,3,IPEDS_EF2016A,0
2016,clark,0,0,0,1,0,"Asian, non-Hispanic",46,168,173,IPEDS_EF2016A,0
2016,clark,0,0,0,1,0,"Black or African American, non-Hispanic",24,100,102,IPEDS_EF2016A,0
2016,clark,0,0,0,1,0,Hispanic/Latino,39,166,168,IPEDS_EF2016A,0
2016,clark,0,0,0,1,0,"Native Hawaiian or other Pacific Islander, non-Hispanic",0,0,0,IPEDS_EF2016A,0
2016,clark,0,0,0,1,0,Nonresident,71,320,327,IPEDS_EF2016A,0
2016,clark,0,0,0,1,0,Race and/or ethnicity unknown,27,158,174,IPEDS_EF2016A,0
2016,clark,0,0,0,1,0,Total,548,2248,2289,IPEDS_EF2016A,0
2016,clark,0,0,0,1,0,"Two or more races, non-Hispanic",15,55,55,IPEDS_EF2016A,0
2016,clark,0,0,0,1,0,"White, non-Hispanic",326,1278,1287,IPEDS_EF2016A,0
2016,cmc,0,0,0,0,1,"American Indian or Alaska Native, non-Hispanic",0,1,1,IPEDS_EF2016A,0
2016,cmc,0,0,0,0,1,"Asian, non-Hispanic",37,140,140,IPEDS_EF2016A,0
2016,cmc,0,0,0,0,1,"Black or African American, non-Hispanic",17,61,61,IPEDS_EF2016A,0
2016,cmc,0,0,0,0,1,Hispanic/Latino,43,190,190,IPEDS_EF2016A,0
2016,cmc,0,0,0,0,1,"Native Hawaiian or other Pacific Islander, non-Hispanic",0,2,2,IPEDS_EF2016A,0
2016,cmc,0,0,0,0,1,Nonresident,55,229,232,IPEDS_EF2016A,0
2016,cmc,0,0,0,0,1,Race and/or ethnicity unknown,14,79,79,IPEDS_EF2016A,0
2016,cmc,0,0,0,0,1,Total,321,1344,1347,IPEDS_EF2016A,0
2016,cmc,0,0,0,0,1,"Two or more races, non-Hispanic",13,78,78,IPEDS_EF2016A,0
2016,cmc,0,0,0,0,1,"White, non-Hispanic",142,564,564,IPEDS_EF2016A,0
2016,cmu,0,0,0,0,1,"American Indian or Alaska Native, non-Hispanic",0,3,3,IPEDS_EF2016A,0
2016,cmu,0,0,0,0,1,"Asian, non-Hispanic",497,1848,1858,IPEDS_EF2016A,0
2016,cmu,0,0,0,0,1,"Black or African American, non-Hispanic",64,283,284,IPEDS_EF2016A,0
2016,cmu,0,0,0,0,1,Hispanic/Latino,139,520,522,IPEDS_EF2016A,0
2016,cmu,0,0,0,0,1,"Native Hawaiian or other Pacific Islander, non-Hispanic",1,2,2,IPEDS_EF2016A,0
2016,cmu,0,0,0,0,1,Nonresident,261,1145,1163,IPEDS_EF2016A,0
2016,cmu,0,0,0,0,1,Race and/or ethnicity unknown,82,303,312,IPEDS_EF2016A,0
2016,cmu,0,0,0,0,1,Total,1552,6188,6283,IPEDS_EF2016A,0
2016,cmu,0,0,0,0,1,"Two or more races, non-Hispanic",66,270,271,IPEDS_EF2016A,0
2016,cmu,0,0,0,0,1,"White, non-Hispanic",442,1814,1868,IPEDS_EF2016A,0
2016,colby,0,0,1,1,1,"American Indian or Alaska Native, non-Hispanic",2,6,6,IPEDS_EF2016A,0
2016,colby,0,0,1,1,1,"Asian, non-Hispanic",31,112,112,IPEDS_EF2016A,0
2016,colby,0,0,1,1,1,"Black or African American, non-Hispanic",26,70,70,IPEDS_EF2016A,0
2016,colby,0,0,1,1,1,Hispanic/Latino,40,132,132,IPEDS_EF2016A,0
2016,colby,0,0,1,1,1,"Native Hawaiian or other Pacific Islander, non-Hispanic",1,3,3,IPEDS_EF2016A,0
2016,colby,0,0,1,1,1,Nonresident,56,213,213,IPEDS_EF2016A,0
2016,colby,0,0,1,1,1,Race and/or ethnicity unknown,9,97,97,IPEDS_EF2016A,0
2016,colby,0,0,1,1,1,Total,510,1879,1879,IPEDS_EF2016A,0
2016,colby,0,0,1,1,1,"Two or more races, non-Hispanic",24,85,85,IPEDS_EF2016A,0
2016,colby,0,0,1,1,1,"White, non-Hispanic",321,1161,1161,IPEDS_EF2016A,0
2016,colgate,0,0,0,0,1,"American Indian or Alaska Native, non-Hispanic",0,3,3,IPEDS_EF2016A,0
2016,colgate,0,0,0,0,1,"Asian, non-Hispanic",30,106,106,IPEDS_EF2016A,0
2016,colgate,0,0,0,0,1,"Black or African American, non-Hispanic",35,130,130,IPEDS_EF2016A,0
2016,colgate,0,0,0,0,1,Hispanic/Latino,58,265,265,IPEDS_EF2016A,0
2016,colgate,0,0,0,0,1,"Native Hawaiian or other Pacific Islander, non-Hispanic",0,0,0,IPEDS_EF2016A,0
2016,colgate,0,0,0,0,1,Nonresident,73,260,260,IPEDS_EF2016A,0
2016,colgate,0,0,0,0,1,Race and/or ethnicity unknown,35,107,112,IPEDS_EF2016A,0
2016,colgate,0,0,0,0,1,Total,766,2868,2882,IPEDS_EF2016A,0
2016,colgate,0,0,0,0,1,"Two or more races, non-Hispanic",27,107,107,IPEDS_EF2016A,0
2016,colgate,0,0,0,0,1,"White, non-Hispanic",508,1890,1899,IPEDS_EF2016A,0
2016,columbia,1,1,0,0,1,"American Indian or Alaska Native, non-Hispanic",8,33,33,IPEDS_EF2016A,0
2016,columbia,1,1,0,0,1,"Asian, non-Hispanic",310,1437,1437,IPEDS_EF2016A,0
2016,columbia,1,1,0,0,1,"Black or African American, non-Hispanic",116,603,603,IPEDS_EF2016A,0
2016,columbia,1,1,0,0,1,Hispanic/Latino,201,1066,1066,IPEDS_EF2016A,0
2016,columbia,1,1,0,0,1,"Native Hawaiian or other Pacific Islander, non-Hispanic",1,6,6,IPEDS_EF2016A,0
2016,columbia,1,1,0,0,1,Nonresident,252,1316,1316,IPEDS_EF2016A,0
2016,columbia,1,1,0,0,1,Race and/or ethnicity unknown,22,188,188,IPEDS_EF2016A,0
2016,columbia,1,1,0,0,1,Total,1585,8124,8124,IPEDS_EF2016A,0
2016,columbia,1,1,0,0,1,"Two or more races, non-Hispanic",100,450,450,IPEDS_EF2016A,0
2016,columbia,1,1,0,0,1,"White, non-Hispanic",575,3025,3025,IPEDS_EF2016A,0
2016,conncoll,0,0,1,1,0,"American Indian or Alaska Native, non-Hispanic",0,1,1,IPEDS_EF2016A,0
2016,conncoll,0,0,1,1,0,"Asian, non-Hispanic",24,80,83,IPEDS_EF2016A,0
2016,conncoll,0,0,1,1,0,"Black or African American, non-Hispanic",16,70,70,IPEDS_EF2016A,0
2016,conncoll,0,0,1,1,0,Hispanic/Latino,48,161,163,IPEDS_EF2016A,0
2016,conncoll,0,0,1,1,0,"Native Hawaiian or other Pacific Islander, non-Hispanic",0,1,1,IPEDS_EF2016A,0
2016,conncoll,0,0,1,1,0,Nonresident,38,125,129,IPEDS_EF2016A,0
2016,conncoll,0,0,1,1,0,Race and/or ethnicity unknown,16,49,62,IPEDS_EF2016A,0
2016,conncoll,0,0,1,1,0,Total,472,1822,1865,IPEDS_EF2016A,0
2016,conncoll,0,0,1,1,0,"Two or more races, non-Hispanic",11,57,57,IPEDS_EF2016A,0
2016,conncoll,0,0,1,1,0,"White, non-Hispanic",319,1278,1299,IPEDS_EF2016A,0
2016,cornell,1,1,0,0,1,"American Indian or Alaska Native, non-Hispanic",21,64,64,IPEDS_EF2016A,0
2016,cornell,1,1,0,0,1,"Asian, non-Hispanic",604,2664,2664,IPEDS_EF2016A,0
2016,cornell,1,1,0,0,1,"Black or African American, non-Hispanic",223,917,917,IPEDS_EF2016A,0
2016,cornell,1,1,0,0,1,Hispanic/Latino,463,1814,1815,IPEDS_EF2016A,0
2016,cornell,1,1,0,0,1,"Native Hawaiian or other Pacific Islander, non-Hispanic",3,13,13,IPEDS_EF2016A,0
2016,cornell,1,1,0,0,1,Nonresident,366,1461,1554,IPEDS_EF2016A,0
2016,cornell,1,1,0,0,1,Race and/or ethnicity unknown,271,1161,1162,IPEDS_EF2016A,0
2016,cornell,1,1,0,0,1,Total,3315,14471,14566,IPEDS_EF2016A,0
2016,cornell,1,1,0,0,1,"Two or more races, non-Hispanic",159,654,654,IPEDS_EF2016A,0
2016,cornell,1,1,0,0,1,"White, non-Hispanic",1205,5723,5723,IPEDS_EF2016A,0
2016,dartmouth,1,1,0,0,1,"American Indian or Alaska Native, non-Hispanic",25,98,98,IPEDS_EF2016A,0
2016,dartmouth,1,1,0,0,1,"Asian, non-Hispanic",164,645,654,IPEDS_EF2016A,0
2016,dartmouth,1,1,0,0,1,"Black or African American, non-Hispanic",80,293,293,IPEDS_EF2016A,0
2016,dartmouth,1,1,0,0,1,Hispanic/Latino,118,388,390,IPEDS_EF2016A,0
2016,dartmouth,1,1,0,0,1,"Native Hawaiian or other Pacific Islander, non-Hispanic",4,11,11,IPEDS_EF2016A,0
2016,dartmouth,1,1,0,0,1,Nonresident,100,358,384,IPEDS_EF2016A,0
2016,dartmouth,1,1,0,0,1,Race and/or ethnicity unknown,15,113,125,IPEDS_EF2016A,0
2016,dartmouth,1,1,0,0,1,Total,1116,4230,4310,IPEDS_EF2016A,0
2016,dartmouth,1,1,0,0,1,"Two or more races, non-Hispanic",60,218,219,IPEDS_EF2016A,0
2016,dartmouth,1,1,0,0,1,"White, non-Hispanic",550,2106,2136,IPEDS_EF2016A,0
2016,davidson,0,0,0,1,1,"American Indian or Alaska Native, non-Hispanic",3,12,12,IPEDS_EF2016A,0
2016,davidson,0,0,0,1,1,"Asian, non-Hispanic",26,96,97,IPEDS_EF2016A,0
2016,davidson,0,0,0,1,1,"Black or African American, non-Hispanic",37,121,121,IPEDS_EF2016A,0
2016,davidson,0,0,0,1,1,Hispanic/Latino,34,132,132,IPEDS_EF2016A,0
2016,davidson,0,0,0,1,1,"Native Hawaiian or other Pacific Islander, non-Hispanic",0,0,0,IPEDS_EF2016A,0
2016,davidson,0,0,0,1,1,Nonresident,34,121,125,IPEDS_EF2016A,0
2016,davidson,0,0,0,1,1,Race and/or ethnicity unknown,7,29,29,IPEDS_EF2016A,0
2016,davidson,0,0,0,1,1,Total,514,1791,1796,IPEDS_EF2016A,0
2016,davidson,0,0,0,1,1,"Two or more races, non-Hispanic",26,73,73,IPEDS_EF2016A,0
2016,davidson,0,0,0,1,1,"White, non-Hispanic",347,1207,1207,IPEDS_EF2016A,0
2016,duke,0,1,0,0,1,"American Indian or Alaska Native, non-Hispanic",13,38,39,IPEDS_EF2016A,0
2016,duke,0,1,0,0,1,"Asian, non-Hispanic",358,1400,1408,IPEDS_EF2016A,0
2016,duke,0,1,0,0,1,"Black or African American, non-Hispanic",186,636,639,IPEDS_EF2016A,0
2016,duke,0,1,0,0,1,Hispanic/Latino,143,528,539,IPEDS_EF2016A,0
2016,duke,0,1,0,0,1,"Native Hawaiian or other Pacific Islander, non-Hispanic",0,5,5,IPEDS_EF2016A,0
2016,duke,0,1,0,0,1,Nonresident,172,663,690,IPEDS_EF2016A,0
2016,duke,0,1,0,0,1,Race and/or ethnicity unknown,46,142,160,IPEDS_EF2016A,0
2016,duke,0,1,0,0,1,Total,1723,6467,6609,IPEDS_EF2016A,0
2016,duke,0,1,0,0,1,"Two or more races, non-Hispanic",26,108,111,IPEDS_EF2016A,0
2016,duke,0,1,0,0,1,"White, non-Hispanic",779,2947,3018,IPEDS_EF2016A,0
2016,emory,0,0,0,0,1,"American Indian or Alaska Native, non-Hispanic",0,9,9,IPEDS_EF2016A,0
2016,emory,0,0,0,0,1,"Asian, non-Hispanic",255,1241,1254,IPEDS_EF2016A,0
2016,emory,0,0,0,0,1,"Black or African American, non-Hispanic",97,575,588,IPEDS_EF2016A,0
2016,emory,0,0,0,0,1,Hispanic/Latino,147,579,585,IPEDS_EF2016A,0
2016,emory,0,0,0,0,1,"Native Hawaiian or other Pacific Islander, non-Hispanic",0,1,3,IPEDS_EF2016A,0
2016,emory,0,0,0,0,1,Nonresident,219,1093,1165,IPEDS_EF2016A,0
2016,emory,0,0,0,0,1,Race and/or ethnicity unknown,11,154,172,IPEDS_EF2016A,0
2016,emory,0,0,0,0,1,Total,1358,6717,6861,IPEDS_EF2016A,0
2016,emory,0,0,0,0,1,"Two or more races, non-Hispanic",73,249,249,IPEDS_EF2016A,0
2016,emory,0,0,0,0,1,"White, non-Hispanic",556,2816,2836,IPEDS_EF2016A,0
2016,fandm,0,0,0,1,0,"American Indian or Alaska Native, non-Hispanic",1,1,1,IPEDS_EF2016A,0
2016,fandm,0,0,0,1,0,"Asian, non-Hispanic",38,121,122,IPEDS_EF2016A,0
2016,fandm,0,0,0,1,0,"Black or African American, non-Hispanic",33,123,125,IPEDS_EF2016A,0
2016,fandm,0,0,0,1,0,Hispanic/Latino,61,192,192,IPEDS_EF2016A,0
2016,fandm,0,0,0,1,0,"Native Hawaiian or other Pacific Islander, non-Hispanic",0,1,1,IPEDS_EF2016A,0
2016,fandm,0,0,0,1,0,Nonresident,106,338,341,IPEDS_EF2016A,0
2016,fandm,0,0,0,1,0,Race and/or ethnicity unknown,34,130,148,IPEDS_EF2016A,0
2016,fandm,0,0,0,1,0,Total,639,2230,2255,IPEDS_EF2016A,0
2016,fandm,0,0,0,1,0,"Two or more races, non-Hispanic",17,50,50,IPEDS_EF2016A,0
2016,fandm,0,0,0,1,0,"White, non-Hispanic",349,1274,1275,IPEDS_EF2016A,0
2016,georgetown,0,0,0,0,1,"American Indian or Alaska Native, non-Hispanic",0,2,2,IPEDS_EF2016A,0
2016,georgetown,0,0,0,0,1,"Asian, non-Hispanic",147,700,705,IPEDS_EF2016A,0
2016,georgetown,0,0,0,0,1,"Black or African American, non-Hispanic",99,448,459,IPEDS_EF2016A,0
2016,georgetown,0,0,0,0,1,Hispanic/Latino,142,628,632,IPEDS_EF2016A,0
2016,georgetown,0,0,0,0,1,"Native Hawaiian or other Pacific Islander, non-Hispanic",0,5,5,IPEDS_EF2016A,0
2016,georgetown,0,0,0,0,1,Nonresident,176,830,1011,IPEDS_EF2016A,0
2016,georgetown,0,0,0,0,1,Race and/or ethnicity unknown,37,170,251,IPEDS_EF2016A,0
2016,georgetown,0,0,0,0,1,Total,1573,7112,7453,IPEDS_EF2016A,0
2016,georgetown,0,0,0,0,1,"Two or more races, non-Hispanic",74,325,329,IPEDS_EF2016A,0
2016,georgetown,0,0,0,0,1,"White, non-Hispanic",898,4004,4059,IPEDS_EF2016A,0
2016,grinnell,0,0,0,0,1,"American Indian or Alaska Native, non-Hispanic",0,1,1,IPEDS_EF2016A,0
2016,grinnell,0,0,0,0,1,"Asian, non-Hispanic",31,130,130,IPEDS_EF2016A,0
2016,grinnell,0,0,0,0,1,"Black or African American, non-Hispanic",21,98,98,IPEDS_EF2016A,0
2016,grinnell,0,0,0,0,1,Hispanic/Latino,32,125,127,IPEDS_EF2016A,0
2016,grinnell,0,0,0,0,1,"Native Hawaiian or other Pacific Islander, non-Hispanic",0,0,0,IPEDS_EF2016A,0
2016,grinnell,0,0,0,0,1,Nonresident,97,304,304,IPEDS_EF2016A,0
2016,grinnell,0,0,0,0,1,Race and/or ethnicity unknown,25,59,86,IPEDS_EF2016A,0
2016,grinnell,0,0,0,0,1,Total,414,1657,1699,IPEDS_EF2016A,0
2016,grinnell,0,0,0,0,1,"Two or more races, non-Hispanic",14,77,77,IPEDS_EF2016A,0
2016,grinnell,0,0,0,0,1,"White, non-Hispanic",194,863,876,IPEDS_EF2016A,0
2016,hamilton,0,0,1,1,1,"American Indian or Alaska Native, non-Hispanic",0,1,1,IPEDS_EF2016A,0
2016,hamilton,0,0,1,1,1,"Asian, non-Hispanic",37,130,130,IPEDS_EF2016A,0
2016,hamilton,0,0,1,1,1,"Black or African American, non-Hispanic",17,75,75,IPEDS_EF2016A,0
2016,hamilton,0,0,1,1,1,Hispanic/Latino,40,147,149,IPEDS_EF2016A,0
2016,hamilton,0,0,1,1,1,"Native Hawaiian or other Pacific Islander, non-Hispanic",0,0,0,IPEDS_EF2016A,0
2016,hamilton,0,0,1,1,1,Nonresident,32,122,124,IPEDS_EF2016A,0
2016,hamilton,0,0,1,1,1,Race and/or ethnicity unknown,29,137,141,IPEDS_EF2016A,0
2016,hamilton,0,0,1,1,1,Total,472,1867,1883,IPEDS_EF2016A,0
2016,hamilton,0,0,1,1,1,"Two or more races, non-Hispanic",17,62,63,IPEDS_EF2016A,0
2016,hamilton,0,0,1,1,1,"White, non-Hispanic",300,1193,1200,IPEDS_EF2016A,0
2016,hampshire,0,0,0,1,0,"American Indian or Alaska Native, non-Hispanic",0,2,2,IPEDS_EF2016A,0
2016,hampshire,0,0,0,1,0,"Asian, non-Hispanic",10,32,32,IPEDS_EF2016A,0
2016,hampshire,0,0,0,1,0,"Black or African American, non-Hispanic",22,68,74,IPEDS_EF2016A,0
2016,hampshire,0,0,0,1,0,Hispanic/Latino,35,137,138,IPEDS_EF2016A,0
2016,hampshire,0,0,0,1,0,"Native Hawaiian or other Pacific Islander, non-Hispanic",0,1,1,IPEDS_EF2016A,0
2016,hampshire,0,0,0,1,0,Nonresident,18,65,72,IPEDS_EF2016A,0
2016,hampshire,0,0,0,1,0,Race and/or ethnicity unknown,20,49,49,IPEDS_EF2016A,0
2016,hampshire,0,0,0,1,0,Total,320,1305,1321,IPEDS_EF2016A,0
2016,hampshire,0,0,0,1,0,"Two or more races, non-Hispanic",17,91,93,IPEDS_EF2016A,0
2016,hampshire,0,0,0,1,0,"White, non-Hispanic",198,860,860,IPEDS_EF2016A,0
2016,harvard,1,1,0,0,1,"American Indian or Alaska Native, non-Hispanic",8,24,33,IPEDS_EF2016A,0
2016,harvard,1,1,0,0,1,"Asian, non-Hispanic",354,1401,1697,IPEDS_EF2016A,0
2016,harvard,1,1,0,0,1,"Black or African American, non-Hispanic",132,511,660,IPEDS_EF2016A,0
2016,harvard,1,1,0,0,1,Hispanic/Latino,187,827,1069,IPEDS_EF2016A,0
2016,harvard,1,1,0,0,1,"Native Hawaiian or other Pacific Islander, non-Hispanic",0,4,11,IPEDS_EF2016A,0
2016,harvard,1,1,0,0,1,Nonresident,193,834,1216,IPEDS_EF2016A,0
2016,harvard,1,1,0,0,1,Race and/or ethnicity unknown,25,161,333,IPEDS_EF2016A,0
2016,harvard,1,1,0,0,1,Total,1659,7447,9915,IPEDS_EF2016A,0
2016,harvard,1,1,0,0,1,"Two or more races, non-Hispanic",120,486,584,IPEDS_EF2016A,0
2016,harvard,1,1,0,0,1,"White, non-Hispanic",640,3199,4312,IPEDS_EF2016A,0
2016,haverford,0,0,0,1,0,"American Indian or Alaska Native, non-Hispanic",0,2,2,IPEDS_EF2016A,0
2016,haverford,0,0,0,1,0,"Asian, non-Hispanic",40,125,125,IPEDS_EF2016A,0
2016,haverford,0,0,0,1,0,"Black or African American, non-Hispanic",24,91,91,IPEDS_EF2016A,0
2016,haverford,0,0,0,1,0,Hispanic/Latino,26,104,104,IPEDS_EF2016A,0
2016,haverford,0,0,0,1,0,"Native Hawaiian or other Pacific Islander, non-Hispanic",0,0,0,IPEDS_EF2016A,0
2016,haverford,0,0,0,1,0,Nonresident,39,115,122,IPEDS_EF2016A,0
2016,haverford,0,0,0,1,0,Race and/or ethnicity unknown,11,29,29,IPEDS_EF2016A,0
2016,haverford,0,0,0,1,0,Total,349,1261,1268,IPEDS_EF2016A,0
2016,haverford,0,0,0,1,0,"Two or more races, non-Hispanic",3,53,53,IPEDS_EF2016A,0
2016,haverford,0,0,0,1,0,"White, non-Hispanic",206,742,742,IPEDS_EF2016A,0
2016,hmc,0,0,0,0,1,"American Indian or Alaska Native, non-Hispanic",0,3,3,IPEDS_EF2016A,0
2016,hmc,0,0,0,0,1,"Asian, non-Hispanic",35,160,163,IPEDS_EF2016A,0
2016,hmc,0,0,0,0,1,"Black or African American, non-Hispanic",7,25,25,IPEDS_EF2016A,0
2016,hmc,0,0,0,0,1,Hispanic/Latino,47,131,132,IPEDS_EF2016A,0
2016,hmc,0,0,0,0,1,"Native Hawaiian or other Pacific Islander, non-Hispanic",3,4,4,IPEDS_EF2016A,0
2016,hmc,0,0,0,0,1,Nonresident,11,92,92,IPEDS_EF2016A,0
2016,hmc,0,0,0,0,1,Race and/or ethnicity unknown,16,40,44,IPEDS_EF2016A,0
2016,hmc,0,0,0,0,1,Total,214,829,842,IPEDS_EF2016A,0
2016,hmc,0,0,0,0,1,"Two or more races, non-Hispanic",22,79,80,IPEDS_EF2016A,0
2016,hmc,0,0,0,0,1,"White, non-Hispanic",73,295,299,IPEDS_EF2016A,0
2016,jhu,0,1,0,0,1,"American Indian or Alaska Native, non-Hispanic",3,8,10,IPEDS_EF2016A,0
2016,jhu,0,1,0,0,1,"Asian, non-Hispanic",370,1375,1411,IPEDS_EF2016A,0
2016,jhu,0,1,0,0,1,"Black or African American, non-Hispanic",84,342,368,IPEDS_EF2016A,0
2016,jhu,0,1,0,0,1,Hispanic/Latino,190,754,787,IPEDS_EF2016A,0
2016,jhu,0,1,0,0,1,"Native Hawaiian or other Pacific Islander, non-Hispanic",5,9,9,IPEDS_EF2016A,0
2016,jhu,0,1,0,0,1,Nonresident,124,597,644,IPEDS_EF2016A,0
2016,jhu,0,1,0,0,1,Race and/or ethnicity unknown,79,205,216,IPEDS_EF2016A,0
2016,jhu,0,1,0,0,1,Total,1368,5616,6042,IPEDS_EF2016A,0
2016,jhu,0,1,0,0,1,"Two or more races, non-Hispanic",63,273,289,IPEDS_EF2016A,0
2016,jhu,0,1,0,0,1,"White, non-Hispanic",450,2053,2308,IPEDS_EF2016A,0
2016,macalester,0,0,0,1,0,"American Indian or Alaska Native, non-Hispanic",2,4,4,IPEDS_EF2016A,0
2016,macalester,0,0,0,1,0,"Asian, non-Hispanic",42,141,142,IPEDS_EF2016A,0
2016,macalester,0,0,0,1,0,"Black or African American, non-Hispanic",17,59,59,IPEDS_EF2016A,0
2016,macalester,0,0,0,1,0,Hispanic/Latino,37,134,134,IPEDS_EF2016A,0
2016,macalester,0,0,0,1,0,"Native Hawaiian or other Pacific Islander, non-Hispanic",1,2,2,IPEDS_EF2016A,0
2016,macalester,0,0,0,1,0,Nonresident,76,307,319,IPEDS_EF2016A,0
2016,macalester,0,0,0,1,0,Race and/or ethnicity unknown,2,2,3,IPEDS_EF2016A,0
2016,macalester,0,0,0,1,0,Total,506,2122,2146,IPEDS_EF2016A,0
2016,macalester,0,0,0,1,0,"Two or more races, non-Hispanic",23,108,108,IPEDS_EF2016A,0
2016,macalester,0,0,0,1,0,"White, non-Hispanic",306,1365,1375,IPEDS_EF2016A,0
2016,middlebury,0,0,1,1,1,"American Indian or Alaska Native, non-Hispanic",0,5,5,IPEDS_EF2016A,0
2016,middlebury,0,0,1,1,1,"Asian, non-Hispanic",39,172,172,IPEDS_EF2016A,0
2016,middlebury,0,0,1,1,1,"Black or African American, non-Hispanic",25,87,87,IPEDS_EF2016A,0
2016,middlebury,0,0,1,1,1,Hispanic/Latino,61,237,237,IPEDS_EF2016A,0
2016,middlebury,0,0,1,1,1,"Native Hawaiian or other Pacific Islander, non-Hispanic",0,0,0,IPEDS_EF2016A,0
2016,middlebury,0,0,1,1,1,Nonresident,56,236,244,IPEDS_EF2016A,0
2016,middlebury,0,0,1,1,1,Race and/or ethnicity unknown,15,29,29,IPEDS_EF2016A,0
2016,middlebury,0,0,1,1,1,Total,606,2513,2523,IPEDS_EF2016A,0
2016,middlebury,0,0,1,1,1,"Two or more races, non-Hispanic",29,127,128,IPEDS_EF2016A,0
2016,middlebury,0,0,1,1,1,"White, non-Hispanic",381,1620,1621,IPEDS_EF2016A,0
2016,mit,0,1,0,0,1,"American Indian or Alaska Native, non-Hispanic",1,5,5,IPEDS_EF2016A,0
2016,mit,0,1,0,0,1,"Asian, non-Hispanic",312,1162,1162,IPEDS_EF2016A,0
2016,mit,0,1,0,0,1,"Black or African American, non-Hispanic",70,269,269,IPEDS_EF2016A,0
2016,mit,0,1,0,0,1,Hispanic/Latino,158,671,671,IPEDS_EF2016A,0
2016,mit,0,1,0,0,1,"Native Hawaiian or other Pacific Islander, non-Hispanic",0,1,1,IPEDS_EF2016A,0
2016,mit,0,1,0,0,1,Nonresident,101,428,457,IPEDS_EF2016A,0
2016,mit,0,1,0,0,1,Race and/or ethnicity unknown,21,78,80,IPEDS_EF2016A,0
2016,mit,0,1,0,0,1,Total,1110,4489,4524,IPEDS_EF2016A,0
2016,mit,0,1,0,0,1,"Two or more races, non-Hispanic",90,299,299,IPEDS_EF2016A,0
2016,mit,0,1,0,0,1,"White, non-Hispanic",357,1576,1580,IPEDS_EF2016A,0
2016,mtholyoke,0,0,0,1,0,"American Indian or Alaska Native, non-Hispanic",0,2,2,IPEDS_EF2016A,0
2016,mtholyoke,0,0,0,1,0,"Asian, non-Hispanic",63,229,229,IPEDS_EF2016A,0
2016,mtholyoke,0,0,0,1,0,"Black or African American, non-Hispanic",27,118,119,IPEDS_EF2016A,0
2016,mtholyoke,0,0,0,1,0,Hispanic/Latino,38,169,171,IPEDS_EF2016A,0
2016,mtholyoke,0,0,0,1,0,"Native Hawaiian or other Pacific Islander, non-Hispanic",0,1,1,IPEDS_EF2016A,0
2016,mtholyoke,0,0,0,1,0,Nonresident,136,587,592,IPEDS_EF2016A,0
2016,mtholyoke,0,0,0,1,0,Race and/or ethnicity unknown,4,19,22,IPEDS_EF2016A,0
2016,mtholyoke,0,0,0,1,0,Total,569,2179,2199,IPEDS_EF2016A,0
2016,mtholyoke,0,0,0,1,0,"Two or more races, non-Hispanic",22,73,74,IPEDS_EF2016A,0
2016,mtholyoke,0,0,0,1,0,"White, non-Hispanic",279,981,989,IPEDS_EF2016A,0
2016,navy,0,0,0,0,1,"American Indian or Alaska Native, non-Hispanic",4,12,12,IPEDS_EF2016A,0
2016,navy,0,0,0,0,1,"Asian, non-Hispanic",83,322,322,IPEDS_EF2016A,0
2016,navy,0,0,0,0,1,"Black or African American, non-Hispanic",76,302,302,IPEDS_EF2016A,0
2016,navy,0,0,0,0,1,Hispanic/Latino,129,513,513,IPEDS_EF2016A,0
2016,navy,0,0,0,0,1,"Native Hawaiian or other Pacific Islander, non-Hispanic",5,21,21,IPEDS_EF2016A,0
2016,navy,0,0,0,0,1,Nonresident,17,58,58,IPEDS_EF2016A,0
2016,navy,0,0,0,0,1,Race and/or ethnicity unknown,15,54,54,IPEDS_EF2016A,0
2016,navy,0,0,0,0,1,Total,1179,4526,4526,IPEDS_EF2016A,0
2016,navy,0,0,0,0,1,"Two or more races, non-Hispanic",102,357,357,IPEDS_EF2016A,0
2016,navy,0,0,0,0,1,"White, non-Hispanic",748,2887,2887,IPEDS_EF2016A,0
2016,northwestern,0,0,0,0,1,"American Indian or Alaska Native, non-Hispanic",2,5,6,IPEDS_EF2016A,0
2016,northwestern,0,0,0,0,1,"Asian, non-Hispanic",332,1465,1493,IPEDS_EF2016A,0
2016,northwestern,0,0,0,0,1,"Black or African American, non-Hispanic",100,505,514,IPEDS_EF2016A,0
2016,northwestern,0,0,0,0,1,Hispanic/Latino,270,1069,1074,IPEDS_EF2016A,0
2016,northwestern,0,0,0,0,1,"Native Hawaiian or other Pacific Islander, non-Hispanic",0,0,0,IPEDS_EF2016A,0
2016,northwestern,0,0,0,0,1,Nonresident,192,770,807,IPEDS_EF2016A,0
2016,northwestern,0,0,0,0,1,Race and/or ethnicity unknown,30,166,222,IPEDS_EF2016A,0
2016,northwestern,0,0,0,0,1,Total,1985,8563,8791,IPEDS_EF2016A,0
2016,northwestern,0,0,0,0,1,"Two or more races, non-Hispanic",143,435,440,IPEDS_EF2016A,0
2016,northwestern,0,0,0,0,1,"White, non-Hispanic",916,4148,4235,IPEDS_EF2016A,0
2016,notredame,0,0,0,0,1,"American Indian or Alaska Native, non-Hispanic",0,8,8,IPEDS_EF2016A,0
2016,notredame,0,0,0,0,1,"Asian, non-Hispanic",109,429,429,IPEDS_EF2016A,0
2016,notredame,0,0,0,0,1,"Black or African American, non-Hispanic",92,342,342,IPEDS_EF2016A,0
2016,notredame,0,0,0,0,1,Hispanic/Latino,218,899,899,IPEDS_EF2016A,0
2016,notredame,0,0,0,0,1,"Native Hawaiian or other Pacific Islander, non-Hispanic",0,3,3,IPEDS_EF2016A,0
2016,notredame,0,0,0,0,1,Nonresident,120,494,527,IPEDS_EF2016A,0
2016,notredame,0,0,0,0,1,Race and/or ethnicity unknown,9,41,42,IPEDS_EF2016A,0
2016,notredame,0,0,0,0,1,Total,2046,8496,8530,IPEDS_EF2016A,0
2016,notredame,0,0,0,0,1,"Two or more races, non-Hispanic",111,402,402,IPEDS_EF2016A,0
2016,notredame,0,0,0,0,1,"White, non-Hispanic",1387,5878,5878,IPEDS_EF2016A,0
2016,oberlin,0,0,0,1,0,"American Indian or Alaska Native, non-Hispanic",0,0,0,IPEDS_EF2016A,0
2016,oberlin,0,0,0,1,0,"Asian, non-Hispanic",40,113,113,IPEDS_EF2016A,0
2016,oberlin,0,0,0,1,0,"Black or African American, non-Hispanic",38,156,156,IPEDS_EF2016A,0
2016,oberlin,0,0,0,1,0,Hispanic/Latino,55,221,221,IPEDS_EF2016A,0
2016,oberlin,0,0,0,1,0,"Native Hawaiian or other Pacific Islander, non-Hispanic",0,3,3,IPEDS_EF2016A,0
2016,oberlin,0,0,0,1,0,Nonresident,82,264,264,IPEDS_EF2016A,0
2016,oberlin,0,0,0,1,0,Race and/or ethnicity unknown,4,15,15,IPEDS_EF2016A,0
2016,oberlin,0,0,0,1,0,Total,762,2895,2895,IPEDS_EF2016A,0
2016,oberlin,0,0,0,1,0,"Two or more races, non-Hispanic",66,209,209,IPEDS_EF2016A,0
2016,oberlin,0,0,0,1,0,"White, non-Hispanic",477,1914,1914,IPEDS_EF2016A,0
2016,penn,1,1,0,0,1,"American Indian or Alaska Native, non-Hispanic",2,9,10,IPEDS_EF2016A,0
2016,penn,1,1,0,0,1,"Asian, non-Hispanic",510,2115,2253,IPEDS_EF2016A,0
2016,penn,1,1,0,0,1,"Black or African American, non-Hispanic",209,800,859,IPEDS_EF2016A,0
2016,penn,1,1,0,0,1,Hispanic/Latino,265,1091,1135,IPEDS_EF2016A,0
2016,penn,1,1,0,0,1,"Native Hawaiian or other Pacific Islander, non-Hispanic",0,3,3,IPEDS_EF2016A,0
2016,penn,1,1,0,0,1,Nonresident,314,1227,1434,IPEDS_EF2016A,0
2016,penn,1,1,0,0,1,Race and/or ethnicity unknown,33,204,349,IPEDS_EF2016A,0
2016,penn,1,1,0,0,1,Total,2486,10698,11716,IPEDS_EF2016A,0
2016,penn,1,1,0,0,1,"Two or more races, non-Hispanic",112,457,483,IPEDS_EF2016A,0
2016,penn,1,1,0,0,1,"White, non-Hispanic",1041,4792,5190,IPEDS_EF2016A,0
2016,pomona,0,0,0,1,1,"American Indian or Alaska Native, non-Hispanic",3,4,4,IPEDS_EF2016A,0
2016,pomona,0,0,0,1,1,"Asian, non-Hispanic",65,221,224,IPEDS_EF2016A,0
2016,pomona,0,0,0,1,1,"Black or African American, non-Hispanic",44,124,125,IPEDS_EF2016A,0
2016,pomona,0,0,0,1,1,Hispanic/Latino,62,240,241,IPEDS_EF2016A,0
2016,pomona,0,0,0,1,1,"Native Hawaiian or other Pacific Islander, non-Hispanic",0,1,1,IPEDS_EF2016A,0
2016,pomona,0,0,0,1,1,Nonresident,49,174,182,IPEDS_EF2016A,0
2016,pomona,0,0,0,1,1,Race and/or ethnicity unknown,11,86,88,IPEDS_EF2016A,0
2016,pomona,0,0,0,1,1,Total,411,1547,1563,IPEDS_EF2016A,0
2016,pomona,0,0,0,1,1,"Two or more races, non-Hispanic",29,116,117,IPEDS_EF2016A,0
2016,pomona,0,0,0,1,1,"White, non-Hispanic",148,581,581,IPEDS_EF2016A,0
2016,princeton,1,1,0,0,1,"American Indian or Alaska Native, non-Hispanic",1,7,7,IPEDS_EF2016A,0
2016,princeton,1,1,0,0,1,"Asian, non-Hispanic",266,1118,1131,IPEDS_EF2016A,0
2016,princeton,1,1,0,0,1,"Black or African American, non-Hispanic",102,407,416,IPEDS_EF2016A,0
2016,princeton,1,1,0,0,1,Hispanic/Latino,123,505,512,IPEDS_EF2016A,0
2016,princeton,1,1,0,0,1,"Native Hawaiian or other Pacific Islander, non-Hispanic",1,8,8,IPEDS_EF2016A,0
2016,princeton,1,1,0,0,1,Nonresident,152,625,658,IPEDS_EF2016A,0
2016,princeton,1,1,0,0,1,Race and/or ethnicity unknown,22,81,159,IPEDS_EF2016A,0
2016,princeton,1,1,0,0,1,Total,1305,5236,5400,IPEDS_EF2016A,0
2016,princeton,1,1,0,0,1,"Two or more races, non-Hispanic",66,201,202,IPEDS_EF2016A,0
2016,princeton,1,1,0,0,1,"White, non-Hispanic",572,2284,2307,IPEDS_EF2016A,0
2016,reed,0,0,0,1,0,"American Indian or Alaska Native, non-Hispanic",2,5,5,IPEDS_EF2016A,0
2016,reed,0,0,0,1,0,"Asian, non-Hispanic",29,86,89,IPEDS_EF2016A,0
2016,reed,0,0,0,1,0,"Black or African American, non-Hispanic",5,30,30,IPEDS_EF2016A,0
2016,reed,0,0,0,1,0,Hispanic/Latino,39,161,161,IPEDS_EF2016A,0
2016,reed,0,0,0,1,0,"Native Hawaiian or other Pacific Islander, non-Hispanic",0,3,4,IPEDS_EF2016A,0
2016,reed,0,0,0,1,0,Nonresident,34,108,125,IPEDS_EF2016A,0
2016,reed,0,0,0,1,0,Race and/or ethnicity unknown,10,55,61,IPEDS_EF2016A,0
2016,reed,0,0,0,1,0,Total,354,1376,1410,IPEDS_EF2016A,0
2016,reed,0,0,0,1,0,"Two or more races, non-Hispanic",29,110,110,IPEDS_EF2016A,0
2016,reed,0,0,0,1,0,"White, non-Hispanic",206,818,825,IPEDS_EF2016A,0
2016,rice,0,0,0,0,1,"American Indian or Alaska Native, non-Hispanic",1,4,4,IPEDS_EF2016A,0
2016,rice,0,0,0,0,1,"Asian, non-Hispanic",239,938,938,IPEDS_EF2016A,0
2016,rice,0,0,0,0,1,"Black or African American, non-Hispanic",69,268,268,IPEDS_EF2016A,0
2016,rice,0,0,0,0,1,Hispanic/Latino,153,555,556,IPEDS_EF2016A,0
2016,rice,0,0,0,0,1,"Native Hawaiian or other Pacific Islander, non-Hispanic",1,3,3,IPEDS_EF2016A,0
2016,rice,0,0,0,0,1,Nonresident,106,471,482,IPEDS_EF2016A,0
2016,rice,0,0,0,0,1,Race and/or ethnicity unknown,25,65,65,IPEDS_EF2016A,0
2016,rice,0,0,0,0,1,Total,978,3879,3893,IPEDS_EF2016A,0
2016,rice,0,0,0,0,1,"Two or more races, non-Hispanic",33,155,155,IPEDS_EF2016A,0
2016,rice,0,0,0,0,1,"White, non-Hispanic",351,1420,1422,IPEDS_EF2016A,0
2016,richmond,0,0,0,0,1,"American Indian or Alaska Native, non-Hispanic",0,8,9,IPEDS_EF2016A,0
2016,richmond,0,0,0,0,1,"Asian, non-Hispanic",73,230,231,IPEDS_EF2016A,0
2016,richmond,0,0,0,0,1,"Black or African American, non-Hispanic",48,226,229,IPEDS_EF2016A,0
2016,richmond,0,0,0,0,1,Hispanic/Latino,66,242,243,IPEDS_EF2016A,0
2016,richmond,0,0,0,0,1,"Native Hawaiian or other Pacific Islander, non-Hispanic",0,0,0,IPEDS_EF2016A,0
2016,richmond,0,0,0,0,1,Nonresident,78,273,351,IPEDS_EF2016A,0
2016,richmond,0,0,0,0,1,Race and/or ethnicity unknown,36,198,199,IPEDS_EF2016A,0
2016,richmond,0,0,0,0,1,Total,817,3229,3326,IPEDS_EF2016A,0
2016,richmond,0,0,0,0,1,"Two or more races, non-Hispanic",47,133,133,IPEDS_EF2016A,0
2016,richmond,0,0,0,0,1,"White, non-Hispanic",469,1919,1931,IPEDS_EF2016A,0
2016,sarahlawrence,0,0,0,1,0,"American Indian or Alaska Native, non-Hispanic",0,1,1,IPEDS_EF2016A,0
2016,sarahlawrence,0,0,0,1,0,"Asian, non-Hispanic",15,62,62,IPEDS_EF2016A,0
2016,sarahlawrence,0,0,0,1,0,"Black or African American, non-Hispanic",18,60,60,IPEDS_EF2016A,0
2016,sarahlawrence,0,0,0,1,0,Hispanic/Latino,31,127,127,IPEDS_EF2016A,0
2016,sarahlawrence,0,0,0,1,0,"Native Hawaiian or other Pacific Islander, non-Hispanic",0,1,1,IPEDS_EF2016A,0
2016,sarahlawrence,0,0,0,1,0,Nonresident,47,186,186,IPEDS_EF2016A,0
2016,sarahlawrence,0,0,0,1,0,Race and/or ethnicity unknown,31,130,186,IPEDS_EF2016A,0
2016,sarahlawrence,0,0,0,1,0,Total,377,1377,1438,IPEDS_EF2016A,0
2016,sarahlawrence,0,0,0,1,0,"Two or more races, non-Hispanic",25,98,99,IPEDS_EF2016A,0
2016,sarahlawrence,0,0,0,1,0,"White, non-Hispanic",210,712,716,IPEDS_EF2016A,0
2016,smith,0,0,0,1,1,"American Indian or Alaska Native, non-Hispanic",0,2,2,IPEDS_EF2016A,0
2016,smith,0,0,0,1,1,"Asian, non-Hispanic",61,289,290,IPEDS_EF2016A,0
2016,smith,0,0,0,1,1,"Black or African American, non-Hispanic",49,151,151,IPEDS_EF2016A,0
2016,smith,0,0,0,1,1,Hispanic/Latino,72,254,254,IPEDS_EF2016A,0
2016,smith,0,0,0,1,1,"Native Hawaiian or other Pacific Islander, non-Hispanic",2,4,4,IPEDS_EF2016A,0
2016,smith,0,0,0,1,1,Nonresident,91,361,362,IPEDS_EF2016A,0
2016,smith,0,0,0,1,1,Race and/or ethnicity unknown,37,193,200,IPEDS_EF2016A,0
2016,smith,0,0,0,1,1,Total,654,2504,2514,IPEDS_EF2016A,0
2016,smith,0,0,0,1,1,"Two or more races, non-Hispanic",34,117,117,IPEDS_EF2016A,0
2016,smith,0,0,0,1,1,"White, non-Hispanic",308,1133,1134,IPEDS_EF2016A,0
2016,stanford,0,1,0,0,1,"American Indian or Alaska Native, non-Hispanic",19,75,75,IPEDS_EF2016A,0
2016,stanford,0,1,0,0,1,"Asian, non-Hispanic",374,1454,1454,IPEDS_EF2016A,0
2016,stanford,0,1,0,0,1,"Black or African American, non-Hispanic",130,449,449,IPEDS_EF2016A,0
2016,stanford,0,1,0,0,1,Hispanic/Latino,287,1117,1117,IPEDS_EF2016A,0
2016,stanford,0,1,0,0,1,"Native Hawaiian or other Pacific Islander, non-Hispanic",7,24,24,IPEDS_EF2016A,0
2016,stanford,0,1,0,0,1,Nonresident,172,640,642,IPEDS_EF2016A,0
2016,stanford,0,1,0,0,1,Race and/or ethnicity unknown,11,28,28,IPEDS_EF2016A,0
2016,stanford,0,1,0,0,1,Total,1738,7032,7034,IPEDS_EF2016A,0
2016,stanford,0,1,0,0,1,"Two or more races, non-Hispanic",137,700,700,IPEDS_EF2016A,0
2016,stanford,0,1,0,0,1,"White, non-Hispanic",601,2545,2545,IPEDS_EF2016A,0
2016,stolaf,0,0,0,1,0,"American Indian or Alaska Native, non-Hispanic",0,3,3,IPEDS_EF2016A,0
2016,stolaf,0,0,0,1,0,"Asian, non-Hispanic",43,192,194,IPEDS_EF2016A,0
2016,stolaf,0,0,0,1,0,"Black or African American, non-Hispanic",18,63,63,IPEDS_EF2016A,0
2016,stolaf,0,0,0,1,0,Hispanic/Latino,67,173,176,IPEDS_EF2016A,0
2016,stolaf,0,0,0,1,0,"Native Hawaiian or other Pacific Islander, non-Hispanic",0,1,1,IPEDS_EF2016A,0
2016,stolaf,0,0,0,1,0,Nonresident,75,248,257,IPEDS_EF2016A,0
2016,stolaf,0,0,0,1,0,Race and/or ethnicity unknown,5,30,31,IPEDS_EF2016A,0
2016,stolaf,0,0,0,1,0,Total,824,2991,3040,IPEDS_EF2016A,0
2016,stolaf,0,0,0,1,0,"Two or more races, non-Hispanic",23,100,101,IPEDS_EF2016A,0
2016,stolaf,0,0,0,1,0,"White, non-Hispanic",593,2181,2214,IPEDS_EF2016A,0
2016,swarthmore,0,0,0,1,1,"American Indian or Alaska Native, non-Hispanic",1,1,1,IPEDS_EF2016A,0
2016,swarthmore,0,0,0,1,1,"Asian, non-Hispanic",58,250,250,IPEDS_EF2016A,0
2016,swarthmore,0,0,0,1,1,"Black or African American, non-Hispanic",32,103,103,IPEDS_EF2016A,0
2016,swarthmore,0,0,0,1,1,Hispanic/Latino,56,194,194,IPEDS_EF2016A,0
2016,swarthmore,0,0,0,1,1,"Native Hawaiian or other Pacific Islander, non-Hispanic",0,2,2,IPEDS_EF2016A,0
2016,swarthmore,0,0,0,1,1,Nonresident,50,179,180,IPEDS_EF2016A,0
2016,swarthmore,0,0,0,1,1,Race and/or ethnicity unknown,16,41,42,IPEDS_EF2016A,0
2016,swarthmore,0,0,0,1,1,Total,415,1540,1543,IPEDS_EF2016A,0
2016,swarthmore,0,0,0,1,1,"Two or more races, non-Hispanic",26,119,119,IPEDS_EF2016A,0
2016,swarthmore,0,0,0,1,1,"White, non-Hispanic",176,651,652,IPEDS_EF2016A,0
2016,trinity,0,0,1,1,0,"American Indian or Alaska Native, non-Hispanic",0,2,2,IPEDS_EF2016A,0
2016,trinity,0,0,1,1,0,"Asian, non-Hispanic",20,88,89,IPEDS_EF2016A,0
2016,trinity,0,0,1,1,0,"Black or African American, non-Hispanic",31,136,136,IPEDS_EF2016A,0
2016,trinity,0,0,1,1,0,Hispanic/Latino,44,168,169,IPEDS_EF2016A,0
2016,trinity,0,0,1,1,0,"Native Hawaiian or other Pacific Islander, non-Hispanic",0,0,0,IPEDS_EF2016A,0
2016,trinity,0,0,1,1,0,Nonresident,64,215,215,IPEDS_EF2016A,0
2016,trinity,0,0,1,1,0,Race and/or ethnicity unknown,16,103,125,IPEDS_EF2016A,0
2016,trinity,0,0,1,1,0,Total,572,2225,2259,IPEDS_EF2016A,0
2016,trinity,0,0,1,1,0,"Two or more races, non-Hispanic",15,59,60,IPEDS_EF2016A,0
2016,trinity,0,0,1,1,0,"White, non-Hispanic",382,1454,1463,IPEDS_EF2016A,0
2016,tufts,0,0,1,1,0,"American Indian or Alaska Native, non-Hispanic",0,0,0,IPEDS_EF2016A,0
2016,tufts,0,0,1,1,0,"Asian, non-Hispanic",179,649,652,IPEDS_EF2016A,0
2016,tufts,0,0,1,1,0,"Black or African American, non-Hispanic",64,231,231,IPEDS_EF2016A,0
2016,tufts,0,0,1,1,0,Hispanic/Latino,89,361,365,IPEDS_EF2016A,0
2016,tufts,0,0,1,1,0,"Native Hawaiian or other Pacific Islander, non-Hispanic",0,0,0,IPEDS_EF2016A,0
2016,tufts,0,0,1,1,0,Nonresident,152,563,570,IPEDS_EF2016A,0
2016,tufts,0,0,1,1,0,Race and/or ethnicity unknown,48,317,344,IPEDS_EF2016A,0
2016,tufts,0,0,1,1,0,Total,1336,5459,5508,IPEDS_EF2016A,0
2016,tufts,0,0,1,1,0,"Two or more races, non-Hispanic",71,254,256,IPEDS_EF2016A,0
2016,tufts,0,0,1,1,0,"White, non-Hispanic",733,3084,3090,IPEDS_EF2016A,0
2016,uchicago,0,1,0,0,1,"American Indian or Alaska Native, non-Hispanic",1,10,10,IPEDS_EF2016A,0
2016,uchicago,0,1,0,0,1,"Asian, non-Hispanic",264,1075,1075,IPEDS_EF2016A,0
2016,uchicago,0,1,0,0,1,"Black or African American, non-Hispanic",90,319,320,IPEDS_EF2016A,0
2016,uchicago,0,1,0,0,1,Hispanic/Latino,207,655,655,IPEDS_EF2016A,0
2016,uchicago,0,1,0,0,1,"Native Hawaiian or other Pacific Islander, non-Hispanic",0,2,2,IPEDS_EF2016A,0
2016,uchicago,0,1,0,0,1,Nonresident,216,722,733,IPEDS_EF2016A,0
2016,uchicago,0,1,0,0,1,Race and/or ethnicity unknown,67,331,340,IPEDS_EF2016A,0
2016,uchicago,0,1,0,0,1,Total,1591,5978,6001,IPEDS_EF2016A,0
2016,uchicago,0,1,0,0,1,"Two or more races, non-Hispanic",92,267,267,IPEDS_EF2016A,0
2016,uchicago,0,1,0,0,1,"White, non-Hispanic",654,2597,2599,IPEDS_EF2016A,0
2016,ucla,0,0,0,0,1,"American Indian or Alaska Native, non-Hispanic",22,60,60,IPEDS_EF2016A,0
2016,ucla,0,0,0,0,1,"Asian, non-Hispanic",1852,8844,8844,IPEDS_EF2016A,0
2016,ucla,0,0,0,0,1,"Black or African American, non-Hispanic",221,986,986,IPEDS_EF2016A,0
2016,ucla,0,0,0,0,1,Hispanic/Latino,1531,6704,6704,IPEDS_EF2016A,0
2016,ucla,0,0,0,0,1,"Native Hawaiian or other Pacific Islander, non-Hispanic",20,80,80,IPEDS_EF2016A,0
2016,ucla,0,0,0,0,1,Nonresident,728,3645,3659,IPEDS_EF2016A,0
2016,ucla,0,0,0,0,1,Race and/or ethnicity unknown,161,635,635,IPEDS_EF2016A,0
2016,ucla,0,0,0,0,1,Total,6545,30859,30873,IPEDS_EF2016A,0
2016,ucla,0,0,0,0,1,"Two or more races, non-Hispanic",374,1559,1559,IPEDS_EF2016A,0
2016,ucla,0,0,0,0,1,"White, non-Hispanic",1636,8346,8346,IPEDS_EF2016A,0
2016,umich,0,0,0,0,1,"American Indian or Alaska Native, non-Hispanic",5,45,45,IPEDS_EF2016A,0
2016,umich,0,0,0,0,1,"Asian, non-Hispanic",1078,3914,3931,IPEDS_EF2016A,0
2016,umich,0,0,0,0,1,"Black or African American, non-Hispanic",293,1249,1255,IPEDS_EF2016A,0
2016,umich,0,0,0,0,1,Hispanic/Latino,428,1492,1495,IPEDS_EF2016A,0
2016,umich,0,0,0,0,1,"Native Hawaiian or other Pacific Islander, non-Hispanic",4,10,10,IPEDS_EF2016A,0
2016,umich,0,0,0,0,1,Nonresident,320,1949,2061,IPEDS_EF2016A,0
2016,umich,0,0,0,0,1,Race and/or ethnicity unknown,112,1435,1458,IPEDS_EF2016A,0
2016,umich,0,0,0,0,1,Total,6689,28761,28983,IPEDS_EF2016A,0
2016,umich,0,0,0,0,1,"Two or more races, non-Hispanic",326,1093,1098,IPEDS_EF2016A,0
2016,umich,0,0,0,0,1,"White, non-Hispanic",4123,17574,17630,IPEDS_EF2016A,0
2016,union,0,0,0,1,0,"American Indian or Alaska Native, non-Hispanic",0,0,0,IPEDS_EF2016A,0
2016,union,0,0,0,1,0,"Asian, non-Hispanic",30,126,130,IPEDS_EF2016A,0
2016,union,0,0,0,1,0,"Black or African American, non-Hispanic",22,92,93,IPEDS_EF2016A,0
2016,union,0,0,0,1,0,Hispanic/Latino,51,155,158,IPEDS_EF2016A,0
2016,union,0,0,0,1,0,"Native Hawaiian or other Pacific Islander, non-Hispanic",0,0,0,IPEDS_EF2016A,0
2016,union,0,0,0,1,0,Nonresident,52,163,182,IPEDS_EF2016A,0
2016,union,0,0,0,1,0,Race and/or ethnicity unknown,3,3,28,IPEDS_EF2016A,0
2016,union,0,0,0,1,0,Total,560,2137,2221,IPEDS_EF2016A,0
2016,union,0,0,0,1,0,"Two or more races, non-Hispanic",21,58,59,IPEDS_EF2016A,0
2016,union,0,0,0,1,0,"White, non-Hispanic",381,1540,1571,IPEDS_EF2016A,0
2016,vanderbilt,0,0,0,0,1,"American Indian or Alaska Native, non-Hispanic",10,31,31,IPEDS_EF2016A,0
2016,vanderbilt,0,0,0,0,1,"Asian, non-Hispanic",221,853,853,IPEDS_EF2016A,0
2016,vanderbilt,0,0,0,0,1,"Black or African American, non-Hispanic",171,632,633,IPEDS_EF2016A,0
2016,vanderbilt,0,0,0,0,1,Hispanic/Latino,167,628,629,IPEDS_EF2016A,0
2016,vanderbilt,0,0,0,0,1,"Native Hawaiian or other Pacific Islander, non-Hispanic",5,13,13,IPEDS_EF2016A,0
2016,vanderbilt,0,0,0,0,1,Nonresident,121,487,491,IPEDS_EF2016A,0
2016,vanderbilt,0,0,0,0,1,Race and/or ethnicity unknown,62,338,353,IPEDS_EF2016A,0
2016,vanderbilt,0,0,0,0,1,Total,1601,6844,6871,IPEDS_EF2016A,0
2016,vanderbilt,0,0,0,0,1,"Two or more races, non-Hispanic",85,336,336,IPEDS_EF2016A,0
2016,vanderbilt,0,0,0,0,1,"White, non-Hispanic",759,3526,3532,IPEDS_EF2016A,0
2016,vassar,0,0,0,1,1,"American Indian or Alaska Native, non-Hispanic",0,1,1,IPEDS_EF2016A,0
2016,vassar,0,0,0,1,1,"Asian, non-Hispanic",78,297,299,IPEDS_EF2016A,0
2016,vassar,0,0,0,1,1,"Black or African American, non-Hispanic",28,107,108,IPEDS_EF2016A,0
2016,vassar,0,0,0,1,1,Hispanic/Latino,72,258,260,IPEDS_EF2016A,0
2016,vassar,0,0,0,1,1,"Native Hawaiian or other Pacific Islander, non-Hispanic",0,0,0,IPEDS_EF2016A,0
2016,vassar,0,0,0,1,1,Nonresident,56,182,187,IPEDS_EF2016A,0
2016,vassar,0,0,0,1,1,Race and/or ethnicity unknown,5,6,10,IPEDS_EF2016A,0
2016,vassar,0,0,0,1,1,Total,659,2400,2424,IPEDS_EF2016A,0
2016,vassar,0,0,0,1,1,"Two or more races, non-Hispanic",43,155,155,IPEDS_EF2016A,0
2016,vassar,0,0,0,1,1,"White, non-Hispanic",377,1394,1404,IPEDS_EF2016A,0
2016,washandlee,0,0,0,1,1,"American Indian or Alaska Native, non-Hispanic",0,0,0,IPEDS_EF2016A,0
2016,washandlee,0,0,0,1,1,"Asian, non-Hispanic",13,59,59,IPEDS_EF2016A,0
2016,washandlee,0,0,0,1,1,"Black or African American, non-Hispanic",9,35,35,IPEDS_EF2016A,0
2016,washandlee,0,0,0,1,1,Hispanic/Latino,19,67,67,IPEDS_EF2016A,0
2016,washandlee,0,0,0,1,1,"Native Hawaiian or other Pacific Islander, non-Hispanic",0,0,0,IPEDS_EF2016A,0
2016,washandlee,0,0,0,1,1,Nonresident,13,71,76,IPEDS_EF2016A,0
2016,washandlee,0,0,0,1,1,Race and/or ethnicity unknown,1,17,18,IPEDS_EF2016A,0
2016,washandlee,0,0,0,1,1,Total,466,1820,1830,IPEDS_EF2016A,0
2016,washandlee,0,0,0,1,1,"Two or more races, non-Hispanic",19,59,59,IPEDS_EF2016A,0
2016,washandlee,0,0,0,1,1,"White, non-Hispanic",392,1512,1516,IPEDS_EF2016A,0
2016,wellesley,0,0,0,1,1,"American Indian or Alaska Native, non-Hispanic",0,2,2,IPEDS_EF2016A,0
2016,wellesley,0,0,0,1,1,"Asian, non-Hispanic",107,512,513,IPEDS_EF2016A,0
2016,wellesley,0,0,0,1,1,"Black or African American, non-Hispanic",27,129,129,IPEDS_EF2016A,0
2016,wellesley,0,0,0,1,1,Hispanic/Latino,68,264,264,IPEDS_EF2016A,0
2016,wellesley,0,0,0,1,1,"Native Hawaiian or other Pacific Islander, non-Hispanic",0,0,0,IPEDS_EF2016A,0
2016,wellesley,0,0,0,1,1,Nonresident,80,282,306,IPEDS_EF2016A,0
2016,wellesley,0,0,0,1,1,Race and/or ethnicity unknown,80,141,239,IPEDS_EF2016A,0
2016,wellesley,0,0,0,1,1,Total,591,2350,2482,IPEDS_EF2016A,0
2016,wellesley,0,0,0,1,1,"Two or more races, non-Hispanic",40,139,139,IPEDS_EF2016A,0
2016,wellesley,0,0,0,1,1,"White, non-Hispanic",189,881,890,IPEDS_EF2016A,0
2016,wesleyan,0,0,1,1,1,"American Indian or Alaska Native, non-Hispanic",2,3,3,IPEDS_EF2016A,0
2016,wesleyan,0,0,1,1,1,"Asian, non-Hispanic",53,212,213,IPEDS_EF2016A,0
2016,wesleyan,0,0,1,1,1,"Black or African American, non-Hispanic",40,198,211,IPEDS_EF2016A,0
2016,wesleyan,0,0,1,1,1,Hispanic/Latino,91,300,305,IPEDS_EF2016A,0
2016,wesleyan,0,0,1,1,1,"Native Hawaiian or other Pacific Islander, non-Hispanic",1,5,5,IPEDS_EF2016A,0
2016,wesleyan,0,0,1,1,1,Nonresident,102,293,305,IPEDS_EF2016A,0
2016,wesleyan,0,0,1,1,1,Race and/or ethnicity unknown,28,136,149,IPEDS_EF2016A,0
2016,wesleyan,0,0,1,1,1,Total,774,2913,2971,IPEDS_EF2016A,0
2016,wesleyan,0,0,1,1,1,"Two or more races, non-Hispanic",34,158,158,IPEDS_EF2016A,0
2016,wesleyan,0,0,1,1,1,"White, non-Hispanic",423,1608,1622,IPEDS_EF2016A,0
2016,williams,0,0,1,1,1,"American Indian or Alaska Native, non-Hispanic",0,2,2,IPEDS_EF2016A,0
2016,williams,0,0,1,1,1,"Asian, non-Hispanic",74,262,264,IPEDS_EF2016A,0
2016,williams,0,0,1,1,1,"Black or African American, non-Hispanic",43,153,153,IPEDS_EF2016A,0
2016,williams,0,0,1,1,1,Hispanic/Latino,72,252,254,IPEDS_EF2016A,0
2016,williams,0,0,1,1,1,"Native Hawaiian or other Pacific Islander, non-Hispanic",0,0,0,IPEDS_EF2016A,0
2016,williams,0,0,1,1,1,Nonresident,41,162,178,IPEDS_EF2016A,0
2016,williams,0,0,1,1,1,Race and/or ethnicity unknown,0,0,0,IPEDS_EF2016A,0
2016,williams,0,0,1,1,1,Total,553,2044,2093,IPEDS_EF2016A,0
2016,williams,0,0,1,1,1,"Two or more races, non-Hispanic",26,124,125,IPEDS_EF2016A,0
2016,williams,0,0,1,1,1,"White, non-Hispanic",297,1089,1117,IPEDS_EF2016A,0
2016,wustl,0,0,0,0,1,"American Indian or Alaska Native, non-Hispanic",1,4,6,IPEDS_EF2016A,0
2016,wustl,0,0,0,0,1,"Asian, non-Hispanic",297,1287,1312,IPEDS_EF2016A,0
2016,wustl,0,0,0,0,1,"Black or African American, non-Hispanic",186,504,559,IPEDS_EF2016A,0
2016,wustl,0,0,0,0,1,Hispanic/Latino,168,535,554,IPEDS_EF2016A,0
2016,wustl,0,0,0,0,1,"Native Hawaiian or other Pacific Islander, non-Hispanic",0,0,0,IPEDS_EF2016A,0
2016,wustl,0,0,0,0,1,Nonresident,125,538,612,IPEDS_EF2016A,0
2016,wustl,0,0,0,0,1,Race and/or ethnicity unknown,30,135,166,IPEDS_EF2016A,0
2016,wustl,0,0,0,0,1,Total,1776,7116,7555,IPEDS_EF2016A,0
2016,wustl,0,0,0,0,1,"Two or more races, non-Hispanic",85,315,324,IPEDS_EF2016A,0
2016,wustl,0,0,0,0,1,"White, non-Hispanic",884,3798,4022,IPEDS_EF2016A,0
2016,yale,1,1,0,0,1,"American Indian or Alaska Native, non-Hispanic",12,31,31,IPEDS_EF2016A,0
2016,yale,1,1,0,0,1,"Asian, non-Hispanic",251,945,945,IPEDS_EF2016A,0
2016,yale,1,1,0,0,1,"Black or African American, non-Hispanic",99,374,374,IPEDS_EF2016A,0
2016,yale,1,1,0,0,1,Hispanic/Latino,180,666,666,IPEDS_EF2016A,0
2016,yale,1,1,0,0,1,"Native Hawaiian or other Pacific Islander, non-Hispanic",3,4,4,IPEDS_EF2016A,0
2016,yale,1,1,0,0,1,Nonresident,155,587,587,IPEDS_EF2016A,0
2016,yale,1,1,0,0,1,Race and/or ethnicity unknown,9,31,31,IPEDS_EF2016A,0
2016,yale,1,1,0,0,1,Total,1367,5471,5472,IPEDS_EF2016A,0
2016,yale,1,1,0,0,1,"Two or more races, non-Hispanic",76,307,307,IPEDS_EF2016A,0
2016,yale,1,1,0,0,1,"White, non-Hispanic",582,2526,2527,IPEDS_EF2016A,0
2017,airforce,0,0,0,0,1,"American Indian or Alaska Native, non-Hispanic",5,14,14,IPEDS_EF2017A,0
2017,airforce,0,0,0,0,1,"Asian, non-Hispanic",68,223,223,IPEDS_EF2017A,0
2017,airforce,0,0,0,0,1,"Black or African American, non-Hispanic",84,247,247,IPEDS_EF2017A,0
2017,airforce,0,0,0,0,1,Hispanic/Latino,120,458,458,IPEDS_EF2017A,0
2017,airforce,0,0,0,0,1,"Native Hawaiian or other Pacific Islander, non-Hispanic",9,29,29,IPEDS_EF2017A,0
2017,airforce,0,0,0,0,1,Nonresident,16,52,52,IPEDS_EF2017A,0
2017,airforce,0,0,0,0,1,Race and/or ethnicity unknown,43,225,225,IPEDS_EF2017A,0
2017,airforce,0,0,0,0,1,Total,1180,4276,4276,IPEDS_EF2017A,0
2017,airforce,0,0,0,0,1,"Two or more races, non-Hispanic",81,319,319,IPEDS_EF2017A,0
2017,airforce,0,0,0,0,1,"White, non-Hispanic",754,2709,2709,IPEDS_EF2017A,0
2017,amherst,0,0,1,1,1,"American Indian or Alaska Native, non-Hispanic",4,11,11,IPEDS_EF2017A,0
2017,amherst,0,0,1,1,1,"Asian, non-Hispanic",68,262,262,IPEDS_EF2017A,0
2017,amherst,0,0,1,1,1,"Black or African American, non-Hispanic",49,209,209,IPEDS_EF2017A,0
2017,amherst,0,0,1,1,1,Hispanic/Latino,54,234,234,IPEDS_EF2017A,0
2017,amherst,0,0,1,1,1,"Native Hawaiian or other Pacific Islander, non-Hispanic",0,1,1,IPEDS_EF2017A,0
2017,amherst,0,0,1,1,1,Nonresident,38,168,169,IPEDS_EF2017A,0
2017,amherst,0,0,1,1,1,Race and/or ethnicity unknown,9,50,50,IPEDS_EF2017A,0
2017,amherst,0,0,1,1,1,Total,471,1835,1836,IPEDS_EF2017A,0
2017,amherst,0,0,1,1,1,"Two or more races, non-Hispanic",30,96,96,IPEDS_EF2017A,0
2017,amherst,0,0,1,1,1,"White, non-Hispanic",219,804,804,IPEDS_EF2017A,0
2017,army,0,0,0,0,1,"American Indian or Alaska Native, non-Hispanic",12,52,52,IPEDS_EF2017A,0
2017,army,0,0,0,0,1,"Asian, non-Hispanic",96,372,372,IPEDS_EF2017A,0
2017,army,0,0,0,0,1,"Black or African American, non-Hispanic",166,537,537,IPEDS_EF2017A,0
2017,army,0,0,0,0,1,Hispanic/Latino,133,451,451,IPEDS_EF2017A,0
2017,army,0,0,0,0,1,"Native Hawaiian or other Pacific Islander, non-Hispanic",0,13,13,IPEDS_EF2017A,0
2017,army,0,0,0,0,1,Nonresident,13,53,53,IPEDS_EF2017A,0
2017,army,0,0,0,0,1,Race and/or ethnicity unknown,21,57,57,IPEDS_EF2017A,0
2017,army,0,0,0,0,1,Total,1210,4491,4491,IPEDS_EF2017A,0
2017,army,0,0,0,0,1,"Two or more races, non-Hispanic",45,146,146,IPEDS_EF2017A,0
2017,army,0,0,0,0,1,"White, non-Hispanic",724,2810,2810,IPEDS_EF2017A,0
2017,barnard,0,0,0,1,1,"American Indian or Alaska Native, non-Hispanic",2,6,6,IPEDS_EF2017A,0
2017,barnard,0,0,0,1,1,"Asian, non-Hispanic",92,378,378,IPEDS_EF2017A,0
2017,barnard,0,0,0,1,1,"Black or African American, non-Hispanic",36,155,155,IPEDS_EF2017A,0
2017,barnard,0,0,0,1,1,Hispanic/Latino,69,304,304,IPEDS_EF2017A,0
2017,barnard,0,0,0,1,1,"Native Hawaiian or other Pacific Islander, non-Hispanic",1,2,2,IPEDS_EF2017A,0
2017,barnard,0,0,0,1,1,Nonresident,61,232,236,IPEDS_EF2017A,0
2017,barnard,0,0,0,1,1,Race and/or ethnicity unknown,3,7,7,IPEDS_EF2017A,0
2017,barnard,0,0,0,1,1,Total,603,2540,2544,IPEDS_EF2017A,0
2017,barnard,0,0,0,1,1,"Two or more races, non-Hispanic",33,146,146,IPEDS_EF2017A,0
2017,barnard,0,0,0,1,1,"White, non-Hispanic",306,1310,1310,IPEDS_EF2017A,0
2017,bates,0,0,1,1,1,"American Indian or Alaska Native, non-Hispanic",0,2,2,IPEDS_EF2017A,0
2017,bates,0,0,1,1,1,"Asian, non-Hispanic",23,70,70,IPEDS_EF2017A,0
2017,bates,0,0,1,1,1,"Black or African American, non-Hispanic",28,87,87,IPEDS_EF2017A,0
2017,bates,0,0,1,1,1,Hispanic/Latino,25,145,145,IPEDS_EF2017A,0
2017,bates,0,0,1,1,1,"Native Hawaiian or other Pacific Islander, non-Hispanic",1,1,1,IPEDS_EF2017A,0
2017,bates,0,0,1,1,1,Nonresident,39,132,132,IPEDS_EF2017A,0
2017,bates,0,0,1,1,1,Race and/or ethnicity unknown,3,7,7,IPEDS_EF2017A,0
2017,bates,0,0,1,1,1,Total,510,1787,1787,IPEDS_EF2017A,0
2017,bates,0,0,1,1,1,"Two or more races, non-Hispanic",20,84,84,IPEDS_EF2017A,0
2017,bates,0,0,1,1,1,"White, non-Hispanic",371,1259,1259,IPEDS_EF2017A,0
2017,berkeley,0,0,0,0,1,"American Indian or Alaska Native, non-Hispanic",8,42,42,IPEDS_EF2017A,0
2017,berkeley,0,0,0,0,1,"Asian, non-Hispanic",2396,10555,10555,IPEDS_EF2017A,0
2017,berkeley,0,0,0,0,1,"Black or African American, non-Hispanic",93,535,535,IPEDS_EF2017A,0
2017,berkeley,0,0,0,0,1,Hispanic/Latino,949,4731,4731,IPEDS_EF2017A,0
2017,berkeley,0,0,0,0,1,"Native Hawaiian or other Pacific Islander, non-Hispanic",7,34,34,IPEDS_EF2017A,0
2017,berkeley,0,0,0,0,1,Nonresident,685,3752,3752,IPEDS_EF2017A,0
2017,berkeley,0,0,0,0,1,Race and/or ethnicity unknown,299,1291,1291,IPEDS_EF2017A,0
2017,berkeley,0,0,0,0,1,Total,6379,30574,30574,IPEDS_EF2017A,0
2017,berkeley,0,0,0,0,1,"Two or more races, non-Hispanic",377,1767,1767,IPEDS_EF2017A,0
2017,berkeley,0,0,0,0,1,"White, non-Hispanic",1565,7867,7867,IPEDS_EF2017A,0
2017,bowdoin,0,0,1,1,1,"American Indian or Alaska Native, non-Hispanic",1,5,5,IPEDS_EF2017A,0
2017,bowdoin,0,0,1,1,1,"Asian, non-Hispanic",45,120,120,IPEDS_EF2017A,0
2017,bowdoin,0,0,1,1,1,"Black or African American, non-Hispanic",37,117,117,IPEDS_EF2017A,0
2017,bowdoin,0,0,1,1,1,Hispanic/Latino,49,202,202,IPEDS_EF2017A,0
2017,bowdoin,0,0,1,1,1,"Native Hawaiian or other Pacific Islander, non-Hispanic",0,1,1,IPEDS_EF2017A,0
2017,bowdoin,0,0,1,1,1,Nonresident,34,89,91,IPEDS_EF2017A,0
2017,bowdoin,0,0,1,1,1,Race and/or ethnicity unknown,4,18,18,IPEDS_EF2017A,0
2017,bowdoin,0,0,1,1,1,Total,501,1812,1816,IPEDS_EF2017A,0
2017,bowdoin,0,0,1,1,1,"Two or more races, non-Hispanic",34,132,132,IPEDS_EF2017A,0
2017,bowdoin,0,0,1,1,1,"White, non-Hispanic",297,1128,1130,IPEDS_EF2017A,0
2017,brown,1,1,0,0,1,"American Indian or Alaska Native, non-Hispanic",5,30,30,IPEDS_EF2017A,0
2017,brown,1,1,0,0,1,"Asian, non-Hispanic",275,985,1029,IPEDS_EF2017A,0
2017,brown,1,1,0,0,1,"Black or African American, non-Hispanic",117,424,433,IPEDS_EF2017A,0
2017,brown,1,1,0,0,1,Hispanic/Latino,179,770,781,IPEDS_EF2017A,0
2017,brown,1,1,0,0,1,"Native Hawaiian or other Pacific Islander, non-Hispanic",2,12,12,IPEDS_EF2017A,0
2017,brown,1,1,0,0,1,Nonresident,195,751,870,IPEDS_EF2017A,0
2017,brown,1,1,0,0,1,Race and/or ethnicity unknown,83,367,452,IPEDS_EF2017A,0
2017,brown,1,1,0,0,1,Total,1637,6670,6988,IPEDS_EF2017A,0
2017,brown,1,1,0,0,1,"Two or more races, non-Hispanic",83,403,409,IPEDS_EF2017A,0
2017,brown,1,1,0,0,1,"White, non-Hispanic",698,2928,2972,IPEDS_EF2017A,0
2017,brynmawr,0,0,0,1,0,"American Indian or Alaska Native, non-Hispanic",0,0,0,IPEDS_EF2017A,0
2017,brynmawr,0,0,0,1,0,"Asian, non-Hispanic",36,163,163,IPEDS_EF2017A,0
2017,brynmawr,0,0,0,1,0,"Black or African American, non-Hispanic",16,81,81,IPEDS_EF2017A,0
2017,brynmawr,0,0,0,1,0,Hispanic/Latino,37,122,122,IPEDS_EF2017A,0
2017,brynmawr,0,0,0,1,0,"Native Hawaiian or other Pacific Islander, non-Hispanic",0,1,1,IPEDS_EF2017A,0
2017,brynmawr,0,0,0,1,0,Nonresident,90,300,303,IPEDS_EF2017A,0
2017,brynmawr,0,0,0,1,0,Race and/or ethnicity unknown,21,95,97,IPEDS_EF2017A,0
2017,brynmawr,0,0,0,1,0,Total,354,1328,1334,IPEDS_EF2017A,0
2017,brynmawr,0,0,0,1,0,"Two or more races, non-Hispanic",15,74,74,IPEDS_EF2017A,0
2017,brynmawr,0,0,0,1,0,"White, non-Hispanic",139,492,493,IPEDS_EF2017A,0
2017,bucknell,0,0,0,1,0,"American Indian or Alaska Native, non-Hispanic",0,0,0,IPEDS_EF2017A,0
2017,bucknell,0,0,0,1,0,"Asian, non-Hispanic",57,182,184,IPEDS_EF2017A,0
2017,bucknell,0,0,0,1,0,"Black or African American, non-Hispanic",32,127,127,IPEDS_EF2017A,0
2017,bucknell,0,0,0,1,0,Hispanic/Latino,73,249,249,IPEDS_EF2017A,0
2017,bucknell,0,0,0,1,0,"Native Hawaiian or other Pacific Islander, non-Hispanic",0,0,0,IPEDS_EF2017A,0
2017,bucknell,0,0,0,1,0,Nonresident,59,220,228,IPEDS_EF2017A,0
2017,bucknell,0,0,0,1,0,Race and/or ethnicity unknown,3,8,8,IPEDS_EF2017A,0
2017,bucknell,0,0,0,1,0,Total,973,3588,3611,IPEDS_EF2017A,0
2017,bucknell,0,0,0,1,0,"Two or more races, non-Hispanic",51,147,147,IPEDS_EF2017A,0
2017,bucknell,0,0,0,1,0,"White, non-Hispanic",698,2655,2668,IPEDS_EF2017A,0
2017,caltech,0,1,0,0,1,"American Indian or Alaska Native, non-Hispanic",0,0,0,IPEDS_EF2017A,0
2017,caltech,0,1,0,0,1,"Asian, non-Hispanic",112,416,416,IPEDS_EF2017A,0
2017,caltech,0,1,0,0,1,"Black or African American, non-Hispanic",3,13,13,IPEDS_EF2017A,0
2017,caltech,0,1,0,0,1,Hispanic/Latino,29,115,115,IPEDS_EF2017A,0
2017,caltech,0,1,0,0,1,"Native Hawaiian or other Pacific Islander, non-Hispanic",0,0,0,IPEDS_EF2017A,0
2017,caltech,0,1,0,0,1,Nonresident,19,82,82,IPEDS_EF2017A,0
2017,caltech,0,1,0,0,1,Race and/or ethnicity unknown,0,0,0,IPEDS_EF2017A,0
2017,caltech,0,1,0,0,1,Total,235,961,961,IPEDS_EF2017A,0
2017,caltech,0,1,0,0,1,"Two or more races, non-Hispanic",17,68,68,IPEDS_EF2017A,0
2017,caltech,0,1,0,0,1,"White, non-Hispanic",55,267,267,IPEDS_EF2017A,0
2017,carleton,0,0,0,1,1,"American Indian or Alaska Native, non-Hispanic",0,1,1,IPEDS_EF2017A,0
2017,carleton,0,0,0,1,1,"Asian, non-Hispanic",42,156,156,IPEDS_EF2017A,0
2017,carleton,0,0,0,1,1,"Black or African American, non-Hispanic",30,97,97,IPEDS_EF2017A,0
2017,carleton,0,0,0,1,1,Hispanic/Latino,42,163,167,IPEDS_EF2017A,0
2017,carleton,0,0,0,1,1,"Native Hawaiian or other Pacific Islander, non-Hispanic",0,0,0,IPEDS_EF2017A,0
2017,carleton,0,0,0,1,1,Nonresident,58,207,213,IPEDS_EF2017A,0
2017,carleton,0,0,0,1,1,Race and/or ethnicity unknown,8,36,67,IPEDS_EF2017A,0
2017,carleton,0,0,0,1,1,Total,522,2023,2078,IPEDS_EF2017A,0
2017,carleton,0,0,0,1,1,"Two or more races, non-Hispanic",33,125,126,IPEDS_EF2017A,0
2017,carleton,0,0,0,1,1,"White, non-Hispanic",309,1238,1251,IPEDS_EF2017A,0
2017,clark,0,0,0,1,0,"American Indian or Alaska Native, non-Hispanic",0,4,4,IPEDS_EF2017A,0
2017,clark,0,0,0,1,0,"Asian, non-Hispanic",42,175,176,IPEDS_EF2017A,0
2017,clark,0,0,0,1,0,"Black or African American, non-Hispanic",20,84,86,IPEDS_EF2017A,0
2017,clark,0,0,0,1,0,Hispanic/Latino,61,176,178,IPEDS_EF2017A,0
2017,clark,0,0,0,1,0,"Native Hawaiian or other Pacific Islander, non-Hispanic",0,0,0,IPEDS_EF2017A,0
2017,clark,0,0,0,1,0,Nonresident,68,304,315,IPEDS_EF2017A,0
2017,clark,0,0,0,1,0,Race and/or ethnicity unknown,37,140,151,IPEDS_EF2017A,0
2017,clark,0,0,0,1,0,Total,615,2205,2240,IPEDS_EF2017A,0
2017,clark,0,0,0,1,0,"Two or more races, non-Hispanic",19,51,51,IPEDS_EF2017A,0
2017,clark,0,0,0,1,0,"White, non-Hispanic",368,1271,1279,IPEDS_EF2017A,0
2017,cmc,0,0,0,0,1,"American Indian or Alaska Native, non-Hispanic",0,1,1,IPEDS_EF2017A,0
2017,cmc,0,0,0,0,1,"Asian, non-Hispanic",39,152,152,IPEDS_EF2017A,0
2017,cmc,0,0,0,0,1,"Black or African American, non-Hispanic",13,54,54,IPEDS_EF2017A,0
2017,cmc,0,0,0,0,1,Hispanic/Latino,57,198,199,IPEDS_EF2017A,0
2017,cmc,0,0,0,0,1,"Native Hawaiian or other Pacific Islander, non-Hispanic",0,2,2,IPEDS_EF2017A,0
2017,cmc,0,0,0,0,1,Nonresident,60,221,224,IPEDS_EF2017A,0
2017,cmc,0,0,0,0,1,Race and/or ethnicity unknown,21,81,81,IPEDS_EF2017A,0
2017,cmc,0,0,0,0,1,Total,352,1334,1338,IPEDS_EF2017A,0
2017,cmc,0,0,0,0,1,"Two or more races, non-Hispanic",24,75,75,IPEDS_EF2017A,0
2017,cmc,0,0,0,0,1,"White, non-Hispanic",138,550,550,IPEDS_EF2017A,0
2017,cmu,0,0,0,0,1,"American Indian or Alaska Native, non-Hispanic",0,3,3,IPEDS_EF2017A,0
2017,cmu,0,0,0,0,1,"Asian, non-Hispanic",536,1986,1994,IPEDS_EF2017A,0
2017,cmu,0,0,0,0,1,"Black or African American, non-Hispanic",64,281,283,IPEDS_EF2017A,0
2017,cmu,0,0,0,0,1,Hispanic/Latino,155,578,579,IPEDS_EF2017A,0
2017,cmu,0,0,0,0,1,"Native Hawaiian or other Pacific Islander, non-Hispanic",0,2,2,IPEDS_EF2017A,0
2017,cmu,0,0,0,0,1,Nonresident,270,1175,1202,IPEDS_EF2017A,0
2017,cmu,0,0,0,0,1,Race and/or ethnicity unknown,111,348,359,IPEDS_EF2017A,0
2017,cmu,0,0,0,0,1,Total,1676,6434,6533,IPEDS_EF2017A,0
2017,cmu,0,0,0,0,1,"Two or more races, non-Hispanic",77,273,273,IPEDS_EF2017A,0
2017,cmu,0,0,0,0,1,"White, non-Hispanic",463,1788,1838,IPEDS_EF2017A,0
2017,colby,0,0,1,1,1,"American Indian or Alaska Native, non-Hispanic",1,8,8,IPEDS_EF2017A,0
2017,colby,0,0,1,1,1,"Asian, non-Hispanic",54,137,137,IPEDS_EF2017A,0
2017,colby,0,0,1,1,1,"Black or African American, non-Hispanic",25,75,75,IPEDS_EF2017A,0
2017,colby,0,0,1,1,1,Hispanic/Latino,46,140,140,IPEDS_EF2017A,0
2017,colby,0,0,1,1,1,"Native Hawaiian or other Pacific Islander, non-Hispanic",1,3,3,IPEDS_EF2017A,0
2017,colby,0,0,1,1,1,Nonresident,40,198,198,IPEDS_EF2017A,0
2017,colby,0,0,1,1,1,Race and/or ethnicity unknown,6,45,45,IPEDS_EF2017A,0
2017,colby,0,0,1,1,1,Total,552,1917,1917,IPEDS_EF2017A,0
2017,colby,0,0,1,1,1,"Two or more races, non-Hispanic",27,88,88,IPEDS_EF2017A,0
2017,colby,0,0,1,1,1,"White, non-Hispanic",352,1223,1223,IPEDS_EF2017A,0
2017,colgate,0,0,0,0,1,"American Indian or Alaska Native, non-Hispanic",2,3,3,IPEDS_EF2017A,0
2017,colgate,0,0,0,0,1,"Asian, non-Hispanic",38,117,117,IPEDS_EF2017A,0
2017,colgate,0,0,0,0,1,"Black or African American, non-Hispanic",30,135,135,IPEDS_EF2017A,0
2017,colgate,0,0,0,0,1,Hispanic/Latino,66,256,257,IPEDS_EF2017A,0
2017,colgate,0,0,0,0,1,"Native Hawaiian or other Pacific Islander, non-Hispanic",0,0,1,IPEDS_EF2017A,0
2017,colgate,0,0,0,0,1,Nonresident,82,267,269,IPEDS_EF2017A,0
2017,colgate,0,0,0,0,1,Race and/or ethnicity unknown,46,117,124,IPEDS_EF2017A,0
2017,colgate,0,0,0,0,1,Total,771,2852,2873,IPEDS_EF2017A,0
2017,colgate,0,0,0,0,1,"Two or more races, non-Hispanic",31,108,109,IPEDS_EF2017A,0
2017,colgate,0,0,0,0,1,"White, non-Hispanic",476,1849,1858,IPEDS_EF2017A,0
2017,columbia,1,1,0,0,1,"American Indian or Alaska Native, non-Hispanic",10,34,34,IPEDS_EF2017A,0
2017,columbia,1,1,0,0,1,"Asian, non-Hispanic",264,1412,1412,IPEDS_EF2017A,0
2017,columbia,1,1,0,0,1,"Black or African American, non-Hispanic",114,612,612,IPEDS_EF2017A,0
2017,columbia,1,1,0,0,1,Hispanic/Latino,201,1075,1075,IPEDS_EF2017A,0
2017,columbia,1,1,0,0,1,"Native Hawaiian or other Pacific Islander, non-Hispanic",2,8,8,IPEDS_EF2017A,0
2017,columbia,1,1,0,0,1,Nonresident,240,1376,1376,IPEDS_EF2017A,0
2017,columbia,1,1,0,0,1,Race and/or ethnicity unknown,37,173,173,IPEDS_EF2017A,0
2017,columbia,1,1,0,0,1,Total,1475,8147,8147,IPEDS_EF2017A,0
2017,columbia,1,1,0,0,1,"Two or more races, non-Hispanic",93,466,466,IPEDS_EF2017A,0
2017,columbia,1,1,0,0,1,"White, non-Hispanic",514,2991,2991,IPEDS_EF2017A,0
2017,conncoll,0,0,1,1,0,"American Indian or Alaska Native, non-Hispanic",0,1,1,IPEDS_EF2017A,0
2017,conncoll,0,0,1,1,0,"Asian, non-Hispanic",16,79,86,IPEDS_EF2017A,0
2017,conncoll,0,0,1,1,0,"Black or African American, non-Hispanic",21,67,68,IPEDS_EF2017A,0
2017,conncoll,0,0,1,1,0,Hispanic/Latino,28,138,140,IPEDS_EF2017A,0
2017,conncoll,0,0,1,1,0,"Native Hawaiian or other Pacific Islander, non-Hispanic",0,1,1,IPEDS_EF2017A,0
2017,conncoll,0,0,1,1,0,Nonresident,38,132,134,IPEDS_EF2017A,0
2017,conncoll,0,0,1,1,0,Race and/or ethnicity unknown,3,27,37,IPEDS_EF2017A,0
2017,conncoll,0,0,1,1,0,Total,444,1766,1817,IPEDS_EF2017A,0
2017,conncoll,0,0,1,1,0,"Two or more races, non-Hispanic",22,61,61,IPEDS_EF2017A,0
2017,conncoll,0,0,1,1,0,"White, non-Hispanic",316,1260,1289,IPEDS_EF2017A,0
2017,cornell,1,1,0,0,1,"American Indian or Alaska Native, non-Hispanic",10,57,57,IPEDS_EF2017A,0
2017,cornell,1,1,0,0,1,"Asian, non-Hispanic",644,2818,2818,IPEDS_EF2017A,0
2017,cornell,1,1,0,0,1,"Black or African American, non-Hispanic",268,978,978,IPEDS_EF2017A,0
2017,cornell,1,1,0,0,1,Hispanic/Latino,476,1904,1906,IPEDS_EF2017A,0
2017,cornell,1,1,0,0,1,"Native Hawaiian or other Pacific Islander, non-Hispanic",4,17,17,IPEDS_EF2017A,0
2017,cornell,1,1,0,0,1,Nonresident,346,1514,1602,IPEDS_EF2017A,0
2017,cornell,1,1,0,0,1,Race and/or ethnicity unknown,253,1142,1143,IPEDS_EF2017A,0
2017,cornell,1,1,0,0,1,Total,3349,14815,14907,IPEDS_EF2017A,0
2017,cornell,1,1,0,0,1,"Two or more races, non-Hispanic",172,686,686,IPEDS_EF2017A,0
2017,cornell,1,1,0,0,1,"White, non-Hispanic",1176,5699,5700,IPEDS_EF2017A,0
2017,dartmouth,1,1,0,0,1,"American Indian or Alaska Native, non-Hispanic",16,80,80,IPEDS_EF2017A,0
2017,dartmouth,1,1,0,0,1,"Asian, non-Hispanic",196,646,652,IPEDS_EF2017A,0
2017,dartmouth,1,1,0,0,1,"Black or African American, non-Hispanic",67,288,290,IPEDS_EF2017A,0
2017,dartmouth,1,1,0,0,1,Hispanic/Latino,120,434,436,IPEDS_EF2017A,0
2017,dartmouth,1,1,0,0,1,"Native Hawaiian or other Pacific Islander, non-Hispanic",3,14,14,IPEDS_EF2017A,0
2017,dartmouth,1,1,0,0,1,Nonresident,112,373,405,IPEDS_EF2017A,0
2017,dartmouth,1,1,0,0,1,Race and/or ethnicity unknown,11,80,111,IPEDS_EF2017A,0
2017,dartmouth,1,1,0,0,1,Total,1215,4315,4410,IPEDS_EF2017A,0
2017,dartmouth,1,1,0,0,1,"Two or more races, non-Hispanic",71,233,233,IPEDS_EF2017A,0
2017,dartmouth,1,1,0,0,1,"White, non-Hispanic",619,2167,2189,IPEDS_EF2017A,0
2017,davidson,0,0,0,1,1,"American Indian or Alaska Native, non-Hispanic",0,7,7,IPEDS_EF2017A,0
2017,davidson,0,0,0,1,1,"Asian, non-Hispanic",29,100,100,IPEDS_EF2017A,0
2017,davidson,0,0,0,1,1,"Black or African American, non-Hispanic",33,123,123,IPEDS_EF2017A,0
2017,davidson,0,0,0,1,1,Hispanic/Latino,37,140,140,IPEDS_EF2017A,0
2017,davidson,0,0,0,1,1,"Native Hawaiian or other Pacific Islander, non-Hispanic",1,1,1,IPEDS_EF2017A,0
2017,davidson,0,0,0,1,1,Nonresident,31,117,122,IPEDS_EF2017A,0
2017,davidson,0,0,0,1,1,Race and/or ethnicity unknown,3,14,15,IPEDS_EF2017A,0
2017,davidson,0,0,0,1,1,Total,519,1800,1810,IPEDS_EF2017A,0
2017,davidson,0,0,0,1,1,"Two or more races, non-Hispanic",24,84,84,IPEDS_EF2017A,0
2017,davidson,0,0,0,1,1,"White, non-Hispanic",361,1214,1218,IPEDS_EF2017A,0
2017,duke,0,1,0,0,1,"American Indian or Alaska Native, non-Hispanic",16,47,49,IPEDS_EF2017A,0
2017,duke,0,1,0,0,1,"Asian, non-Hispanic",323,1382,1392,IPEDS_EF2017A,0
2017,duke,0,1,0,0,1,"Black or African American, non-Hispanic",181,654,659,IPEDS_EF2017A,0
2017,duke,0,1,0,0,1,Hispanic/Latino,210,607,611,IPEDS_EF2017A,0
2017,duke,0,1,0,0,1,"Native Hawaiian or other Pacific Islander, non-Hispanic",1,7,7,IPEDS_EF2017A,0
2017,duke,0,1,0,0,1,Nonresident,169,684,714,IPEDS_EF2017A,0
2017,duke,0,1,0,0,1,Race and/or ethnicity unknown,71,175,200,IPEDS_EF2017A,0
2017,duke,0,1,0,0,1,Total,1748,6552,6696,IPEDS_EF2017A,0
2017,duke,0,1,0,0,1,"Two or more races, non-Hispanic",48,142,144,IPEDS_EF2017A,0
2017,duke,0,1,0,0,1,"White, non-Hispanic",729,2854,2920,IPEDS_EF2017A,0
2017,emory,0,0,0,0,1,"American Indian or Alaska Native, non-Hispanic",3,9,9,IPEDS_EF2017A,0
2017,emory,0,0,0,0,1,"Asian, non-Hispanic",296,1329,1338,IPEDS_EF2017A,0
2017,emory,0,0,0,0,1,"Black or African American, non-Hispanic",96,553,571,IPEDS_EF2017A,0
2017,emory,0,0,0,0,1,Hispanic/Latino,145,637,640,IPEDS_EF2017A,0
2017,emory,0,0,0,0,1,"Native Hawaiian or other Pacific Islander, non-Hispanic",1,3,3,IPEDS_EF2017A,0
2017,emory,0,0,0,0,1,Nonresident,237,1094,1172,IPEDS_EF2017A,0
2017,emory,0,0,0,0,1,Race and/or ethnicity unknown,10,116,131,IPEDS_EF2017A,0
2017,emory,0,0,0,0,1,Total,1388,6776,6937,IPEDS_EF2017A,0
2017,emory,0,0,0,0,1,"Two or more races, non-Hispanic",53,251,255,IPEDS_EF2017A,0
2017,emory,0,0,0,0,1,"White, non-Hispanic",547,2784,2818,IPEDS_EF2017A,0
2017,fandm,0,0,0,1,0,"American Indian or Alaska Native, non-Hispanic",1,2,2,IPEDS_EF2017A,0
2017,fandm,0,0,0,1,0,"Asian, non-Hispanic",31,116,117,IPEDS_EF2017A,0
2017,fandm,0,0,0,1,0,"Black or African American, non-Hispanic",48,140,140,IPEDS_EF2017A,0
2017,fandm,0,0,0,1,0,Hispanic/Latino,77,223,223,IPEDS_EF2017A,0
2017,fandm,0,0,0,1,0,"Native Hawaiian or other Pacific Islander, non-Hispanic",0,1,1,IPEDS_EF2017A,0
2017,fandm,0,0,0,1,0,Nonresident,93,353,353,IPEDS_EF2017A,0
2017,fandm,0,0,0,1,0,Race and/or ethnicity unknown,14,84,95,IPEDS_EF2017A,0
2017,fandm,0,0,0,1,0,Total,645,2269,2283,IPEDS_EF2017A,0
2017,fandm,0,0,0,1,0,"Two or more races, non-Hispanic",16,57,57,IPEDS_EF2017A,0
2017,fandm,0,0,0,1,0,"White, non-Hispanic",365,1293,1295,IPEDS_EF2017A,0
2017,georgetown,0,0,0,0,1,"American Indian or Alaska Native, non-Hispanic",0,0,0,IPEDS_EF2017A,0
2017,georgetown,0,0,0,0,1,"Asian, non-Hispanic",142,679,683,IPEDS_EF2017A,0
2017,georgetown,0,0,0,0,1,"Black or African American, non-Hispanic",116,459,462,IPEDS_EF2017A,0
2017,georgetown,0,0,0,0,1,Hispanic/Latino,243,745,749,IPEDS_EF2017A,0
2017,georgetown,0,0,0,0,1,"Native Hawaiian or other Pacific Islander, non-Hispanic",2,7,7,IPEDS_EF2017A,0
2017,georgetown,0,0,0,0,1,Nonresident,175,897,1032,IPEDS_EF2017A,0
2017,georgetown,0,0,0,0,1,Race and/or ethnicity unknown,33,139,262,IPEDS_EF2017A,0
2017,georgetown,0,0,0,0,1,Total,1597,7128,7463,IPEDS_EF2017A,0
2017,georgetown,0,0,0,0,1,"Two or more races, non-Hispanic",76,326,327,IPEDS_EF2017A,0
2017,georgetown,0,0,0,0,1,"White, non-Hispanic",810,3876,3941,IPEDS_EF2017A,0
2017,grinnell,0,0,0,0,1,"American Indian or Alaska Native, non-Hispanic",0,0,0,IPEDS_EF2017A,0
2017,grinnell,0,0,0,0,1,"Asian, non-Hispanic",28,128,129,IPEDS_EF2017A,0
2017,grinnell,0,0,0,0,1,"Black or African American, non-Hispanic",28,99,100,IPEDS_EF2017A,0
2017,grinnell,0,0,0,0,1,Hispanic/Latino,33,119,119,IPEDS_EF2017A,0
2017,grinnell,0,0,0,0,1,"Native Hawaiian or other Pacific Islander, non-Hispanic",0,0,0,IPEDS_EF2017A,0
2017,grinnell,0,0,0,0,1,Nonresident,96,326,326,IPEDS_EF2017A,0
2017,grinnell,0,0,0,0,1,Race and/or ethnicity unknown,18,66,93,IPEDS_EF2017A,0
2017,grinnell,0,0,0,0,1,Total,447,1660,1712,IPEDS_EF2017A,0
2017,grinnell,0,0,0,0,1,"Two or more races, non-Hispanic",20,74,75,IPEDS_EF2017A,0
2017,grinnell,0,0,0,0,1,"White, non-Hispanic",224,848,870,IPEDS_EF2017A,0
2017,hamilton,0,0,1,1,1,"American Indian or Alaska Native, non-Hispanic",0,1,1,IPEDS_EF2017A,0
2017,hamilton,0,0,1,1,1,"Asian, non-Hispanic",34,135,137,IPEDS_EF2017A,0
2017,hamilton,0,0,1,1,1,"Black or African American, non-Hispanic",26,80,82,IPEDS_EF2017A,0
2017,hamilton,0,0,1,1,1,Hispanic/Latino,57,167,167,IPEDS_EF2017A,0
2017,hamilton,0,0,1,1,1,"Native Hawaiian or other Pacific Islander, non-Hispanic",0,0,0,IPEDS_EF2017A,0
2017,hamilton,0,0,1,1,1,Nonresident,31,121,122,IPEDS_EF2017A,0
2017,hamilton,0,0,1,1,1,Race and/or ethnicity unknown,22,107,115,IPEDS_EF2017A,0
2017,hamilton,0,0,1,1,1,Total,480,1885,1901,IPEDS_EF2017A,0
2017,hamilton,0,0,1,1,1,"Two or more races, non-Hispanic",26,74,75,IPEDS_EF2017A,0
2017,hamilton,0,0,1,1,1,"White, non-Hispanic",284,1200,1202,IPEDS_EF2017A,0
2017,hampshire,0,0,0,1,0,"American Indian or Alaska Native, non-Hispanic",0,1,1,IPEDS_EF2017A,0
2017,hampshire,0,0,0,1,0,"Asian, non-Hispanic",5,29,29,IPEDS_EF2017A,0
2017,hampshire,0,0,0,1,0,"Black or African American, non-Hispanic",35,94,94,IPEDS_EF2017A,0
2017,hampshire,0,0,0,1,0,Hispanic/Latino,55,155,155,IPEDS_EF2017A,0
2017,hampshire,0,0,0,1,0,"Native Hawaiian or other Pacific Islander, non-Hispanic",0,0,0,IPEDS_EF2017A,0
2017,hampshire,0,0,0,1,0,Nonresident,14,62,66,IPEDS_EF2017A,0
2017,hampshire,0,0,0,1,0,Race and/or ethnicity unknown,18,54,54,IPEDS_EF2017A,0
2017,hampshire,0,0,0,1,0,Total,325,1264,1268,IPEDS_EF2017A,0
2017,hampshire,0,0,0,1,0,"Two or more races, non-Hispanic",19,81,81,IPEDS_EF2017A,0
2017,hampshire,0,0,0,1,0,"White, non-Hispanic",179,788,788,IPEDS_EF2017A,0
2017,harvard,1,1,0,0,1,"American Indian or Alaska Native, non-Hispanic",1,16,22,IPEDS_EF2017A,0
2017,harvard,1,1,0,0,1,"Asian, non-Hispanic",332,1422,1694,IPEDS_EF2017A,0
2017,harvard,1,1,0,0,1,"Black or African American, non-Hispanic",159,548,686,IPEDS_EF2017A,0
2017,harvard,1,1,0,0,1,Hispanic/Latino,184,835,1096,IPEDS_EF2017A,0
2017,harvard,1,1,0,0,1,"Native Hawaiian or other Pacific Islander, non-Hispanic",2,7,11,IPEDS_EF2017A,0
2017,harvard,1,1,0,0,1,Nonresident,208,887,1278,IPEDS_EF2017A,0
2017,harvard,1,1,0,0,1,Race and/or ethnicity unknown,31,152,324,IPEDS_EF2017A,0
2017,harvard,1,1,0,0,1,Total,1688,7532,9965,IPEDS_EF2017A,0
2017,harvard,1,1,0,0,1,"Two or more races, non-Hispanic",123,501,591,IPEDS_EF2017A,0
2017,harvard,1,1,0,0,1,"White, non-Hispanic",648,3164,4263,IPEDS_EF2017A,0
2017,haverford,0,0,0,1,0,"American Indian or Alaska Native, non-Hispanic",0,0,0,IPEDS_EF2017A,0
2017,haverford,0,0,0,1,0,"Asian, non-Hispanic",56,155,155,IPEDS_EF2017A,0
2017,haverford,0,0,0,1,0,"Black or African American, non-Hispanic",27,89,89,IPEDS_EF2017A,0
2017,haverford,0,0,0,1,0,Hispanic/Latino,36,123,123,IPEDS_EF2017A,0
2017,haverford,0,0,0,1,0,"Native Hawaiian or other Pacific Islander, non-Hispanic",0,0,0,IPEDS_EF2017A,0
2017,haverford,0,0,0,1,0,Nonresident,38,117,121,IPEDS_EF2017A,0
2017,haverford,0,0,0,1,0,Race and/or ethnicity unknown,6,39,39,IPEDS_EF2017A,0
2017,haverford,0,0,0,1,0,Total,349,1291,1296,IPEDS_EF2017A,0
2017,haverford,0,0,0,1,0,"Two or more races, non-Hispanic",6,33,34,IPEDS_EF2017A,0
2017,haverford,0,0,0,1,0,"White, non-Hispanic",180,735,735,IPEDS_EF2017A,0
2017,hmc,0,0,0,0,1,"American Indian or Alaska Native, non-Hispanic",0,4,4,IPEDS_EF2017A,0
2017,hmc,0,0,0,0,1,"Asian, non-Hispanic",31,147,150,IPEDS_EF2017A,0
2017,hmc,0,0,0,0,1,"Black or African American, non-Hispanic",12,32,32,IPEDS_EF2017A,0
2017,hmc,0,0,0,0,1,Hispanic/Latino,43,148,150,IPEDS_EF2017A,0
2017,hmc,0,0,0,0,1,"Native Hawaiian or other Pacific Islander, non-Hispanic",1,4,4,IPEDS_EF2017A,0
2017,hmc,0,0,0,0,1,Nonresident,21,85,86,IPEDS_EF2017A,0
2017,hmc,0,0,0,0,1,Race and/or ethnicity unknown,14,46,57,IPEDS_EF2017A,0
2017,hmc,0,0,0,0,1,Total,225,844,861,IPEDS_EF2017A,0
2017,hmc,0,0,0,0,1,"Two or more races, non-Hispanic",32,92,92,IPEDS_EF2017A,0
2017,hmc,0,0,0,0,1,"White, non-Hispanic",71,286,286,IPEDS_EF2017A,0
2017,jhu,0,1,0,0,1,"American Indian or Alaska Native, non-Hispanic",0,7,7,IPEDS_EF2017A,0
2017,jhu,0,1,0,0,1,"Asian, non-Hispanic",372,1465,1506,IPEDS_EF2017A,0
2017,jhu,0,1,0,0,1,"Black or African American, non-Hispanic",109,368,409,IPEDS_EF2017A,0
2017,jhu,0,1,0,0,1,Hispanic/Latino,211,782,814,IPEDS_EF2017A,0
2017,jhu,0,1,0,0,1,"Native Hawaiian or other Pacific Islander, non-Hispanic",2,12,12,IPEDS_EF2017A,0
2017,jhu,0,1,0,0,1,Nonresident,117,574,614,IPEDS_EF2017A,0
2017,jhu,0,1,0,0,1,Race and/or ethnicity unknown,101,264,269,IPEDS_EF2017A,0
2017,jhu,0,1,0,0,1,Total,1419,5663,6109,IPEDS_EF2017A,0
2017,jhu,0,1,0,0,1,"Two or more races, non-Hispanic",90,294,311,IPEDS_EF2017A,0
2017,jhu,0,1,0,0,1,"White, non-Hispanic",417,1897,2167,IPEDS_EF2017A,0
2017,macalester,0,0,0,1,0,"American Indian or Alaska Native, non-Hispanic",0,3,3,IPEDS_EF2017A,0
2017,macalester,0,0,0,1,0,"Asian, non-Hispanic",40,139,139,IPEDS_EF2017A,0
2017,macalester,0,0,0,1,0,"Black or African American, non-Hispanic",26,70,71,IPEDS_EF2017A,0
2017,macalester,0,0,0,1,0,Hispanic/Latino,58,160,160,IPEDS_EF2017A,0
2017,macalester,0,0,0,1,0,"Native Hawaiian or other Pacific Islander, non-Hispanic",0,2,2,IPEDS_EF2017A,0
2017,macalester,0,0,0,1,0,Nonresident,77,320,332,IPEDS_EF2017A,0
2017,macalester,0,0,0,1,0,Race and/or ethnicity unknown,1,4,5,IPEDS_EF2017A,0
2017,macalester,0,0,0,1,0,Total,543,2116,2136,IPEDS_EF2017A,0
2017,macalester,0,0,0,1,0,"Two or more races, non-Hispanic",35,119,119,IPEDS_EF2017A,0
2017,macalester,0,0,0,1,0,"White, non-Hispanic",306,1299,1305,IPEDS_EF2017A,0
2017,middlebury,0,0,1,1,1,"American Indian or Alaska Native, non-Hispanic",0,1,1,IPEDS_EF2017A,0
2017,middlebury,0,0,1,1,1,"Asian, non-Hispanic",46,162,162,IPEDS_EF2017A,0
2017,middlebury,0,0,1,1,1,"Black or African American, non-Hispanic",37,105,105,IPEDS_EF2017A,0
2017,middlebury,0,0,1,1,1,Hispanic/Latino,70,244,244,IPEDS_EF2017A,0
2017,middlebury,0,0,1,1,1,"Native Hawaiian or other Pacific Islander, non-Hispanic",1,1,1,IPEDS_EF2017A,0
2017,middlebury,0,0,1,1,1,Nonresident,72,253,269,IPEDS_EF2017A,0
2017,middlebury,0,0,1,1,1,Race and/or ethnicity unknown,15,39,39,IPEDS_EF2017A,0
2017,middlebury,0,0,1,1,1,Total,635,2532,2549,IPEDS_EF2017A,0
2017,middlebury,0,0,1,1,1,"Two or more races, non-Hispanic",35,116,116,IPEDS_EF2017A,0
2017,middlebury,0,0,1,1,1,"White, non-Hispanic",359,1611,1612,IPEDS_EF2017A,0
2017,mit,0,1,0,0,1,"American Indian or Alaska Native, non-Hispanic",2,6,6,IPEDS_EF2017A,0
2017,mit,0,1,0,0,1,"Asian, non-Hispanic",315,1195,1196,IPEDS_EF2017A,0
2017,mit,0,1,0,0,1,"Black or African American, non-Hispanic",66,282,283,IPEDS_EF2017A,0
2017,mit,0,1,0,0,1,Hispanic/Latino,154,645,645,IPEDS_EF2017A,0
2017,mit,0,1,0,0,1,"Native Hawaiian or other Pacific Islander, non-Hispanic",0,0,0,IPEDS_EF2017A,0
2017,mit,0,1,0,0,1,Nonresident,119,470,521,IPEDS_EF2017A,0
2017,mit,0,1,0,0,1,Race and/or ethnicity unknown,14,67,69,IPEDS_EF2017A,0
2017,mit,0,1,0,0,1,Total,1097,4489,4547,IPEDS_EF2017A,0
2017,mit,0,1,0,0,1,"Two or more races, non-Hispanic",78,308,308,IPEDS_EF2017A,0
2017,mit,0,1,0,0,1,"White, non-Hispanic",349,1516,1519,IPEDS_EF2017A,0
2017,mtholyoke,0,0,0,1,0,"American Indian or Alaska Native, non-Hispanic",2,4,4,IPEDS_EF2017A,0
2017,mtholyoke,0,0,0,1,0,"Asian, non-Hispanic",41,217,218,IPEDS_EF2017A,0
2017,mtholyoke,0,0,0,1,0,"Black or African American, non-Hispanic",25,117,117,IPEDS_EF2017A,0
2017,mtholyoke,0,0,0,1,0,Hispanic/Latino,39,153,153,IPEDS_EF2017A,0
2017,mtholyoke,0,0,0,1,0,"Native Hawaiian or other Pacific Islander, non-Hispanic",1,1,1,IPEDS_EF2017A,0
2017,mtholyoke,0,0,0,1,0,Nonresident,151,596,605,IPEDS_EF2017A,0
2017,mtholyoke,0,0,0,1,0,Race and/or ethnicity unknown,8,27,29,IPEDS_EF2017A,0
2017,mtholyoke,0,0,0,1,0,Total,529,2186,2210,IPEDS_EF2017A,0
2017,mtholyoke,0,0,0,1,0,"Two or more races, non-Hispanic",24,79,79,IPEDS_EF2017A,0
2017,mtholyoke,0,0,0,1,0,"White, non-Hispanic",238,992,1004,IPEDS_EF2017A,0
2017,navy,0,0,0,0,1,"American Indian or Alaska Native, non-Hispanic",1,6,6,IPEDS_EF2017A,0
2017,navy,0,0,0,0,1,"Asian, non-Hispanic",86,318,318,IPEDS_EF2017A,0
2017,navy,0,0,0,0,1,"Black or African American, non-Hispanic",80,293,293,IPEDS_EF2017A,0
2017,navy,0,0,0,0,1,Hispanic/Latino,144,528,528,IPEDS_EF2017A,0
2017,navy,0,0,0,0,1,"Native Hawaiian or other Pacific Islander, non-Hispanic",8,23,23,IPEDS_EF2017A,0
2017,navy,0,0,0,0,1,Nonresident,15,52,52,IPEDS_EF2017A,0
2017,navy,0,0,0,0,1,Race and/or ethnicity unknown,13,53,53,IPEDS_EF2017A,0
2017,navy,0,0,0,0,1,Total,1203,4495,4495,IPEDS_EF2017A,0
2017,navy,0,0,0,0,1,"Two or more races, non-Hispanic",127,404,404,IPEDS_EF2017A,0
2017,navy,0,0,0,0,1,"White, non-Hispanic",729,2818,2818,IPEDS_EF2017A,0
2017,northwestern,0,0,0,0,1,"American Indian or Alaska Native, non-Hispanic",2,7,7,IPEDS_EF2017A,0
2017,northwestern,0,0,0,0,1,"Asian, non-Hispanic",288,1439,1467,IPEDS_EF2017A,0
2017,northwestern,0,0,0,0,1,"Black or African American, non-Hispanic",123,507,516,IPEDS_EF2017A,0
2017,northwestern,0,0,0,0,1,Hispanic/Latino,223,1065,1072,IPEDS_EF2017A,0
2017,northwestern,0,0,0,0,1,"Native Hawaiian or other Pacific Islander, non-Hispanic",0,0,1,IPEDS_EF2017A,0
2017,northwestern,0,0,0,0,1,Nonresident,191,751,757,IPEDS_EF2017A,0
2017,northwestern,0,0,0,0,1,Race and/or ethnicity unknown,107,271,340,IPEDS_EF2017A,0
2017,northwestern,0,0,0,0,1,Total,1903,8489,8700,IPEDS_EF2017A,0
2017,northwestern,0,0,0,0,1,"Two or more races, non-Hispanic",122,461,467,IPEDS_EF2017A,0
2017,northwestern,0,0,0,0,1,"White, non-Hispanic",847,3988,4073,IPEDS_EF2017A,0
2017,notredame,0,0,0,0,1,"American Indian or Alaska Native, non-Hispanic",5,13,13,IPEDS_EF2017A,0
2017,notredame,0,0,0,0,1,"Asian, non-Hispanic",97,423,423,IPEDS_EF2017A,0
2017,notredame,0,0,0,0,1,"Black or African American, non-Hispanic",72,329,329,IPEDS_EF2017A,0
2017,notredame,0,0,0,0,1,Hispanic/Latino,232,898,898,IPEDS_EF2017A,0
2017,notredame,0,0,0,0,1,"Native Hawaiian or other Pacific Islander, non-Hispanic",1,5,5,IPEDS_EF2017A,0
2017,notredame,0,0,0,0,1,Nonresident,128,527,574,IPEDS_EF2017A,0
2017,notredame,0,0,0,0,1,Race and/or ethnicity unknown,11,48,49,IPEDS_EF2017A,0
2017,notredame,0,0,0,0,1,Total,2051,8527,8576,IPEDS_EF2017A,0
2017,notredame,0,0,0,0,1,"Two or more races, non-Hispanic",117,408,408,IPEDS_EF2017A,0
2017,notredame,0,0,0,0,1,"White, non-Hispanic",1388,5876,5877,IPEDS_EF2017A,0
2017,oberlin,0,0,0,1,0,"American Indian or Alaska Native, non-Hispanic",1,1,1,IPEDS_EF2017A,0
2017,oberlin,0,0,0,1,0,"Asian, non-Hispanic",32,111,111,IPEDS_EF2017A,0
2017,oberlin,0,0,0,1,0,"Black or African American, non-Hispanic",38,151,151,IPEDS_EF2017A,0
2017,oberlin,0,0,0,1,0,Hispanic/Latino,64,219,219,IPEDS_EF2017A,0
2017,oberlin,0,0,0,1,0,"Native Hawaiian or other Pacific Islander, non-Hispanic",0,2,2,IPEDS_EF2017A,0
2017,oberlin,0,0,0,1,0,Nonresident,85,289,289,IPEDS_EF2017A,0
2017,oberlin,0,0,0,1,0,Race and/or ethnicity unknown,12,23,23,IPEDS_EF2017A,0
2017,oberlin,0,0,0,1,0,Total,728,2827,2827,IPEDS_EF2017A,0
2017,oberlin,0,0,0,1,0,"Two or more races, non-Hispanic",58,217,217,IPEDS_EF2017A,0
2017,oberlin,0,0,0,1,0,"White, non-Hispanic",438,1814,1814,IPEDS_EF2017A,0
2017,penn,1,1,0,0,1,"American Indian or Alaska Native, non-Hispanic",4,13,14,IPEDS_EF2017A,0
2017,penn,1,1,0,0,1,"Asian, non-Hispanic",493,2137,2280,IPEDS_EF2017A,0
2017,penn,1,1,0,0,1,"Black or African American, non-Hispanic",172,772,832,IPEDS_EF2017A,0
2017,penn,1,1,0,0,1,Hispanic/Latino,266,1100,1153,IPEDS_EF2017A,0
2017,penn,1,1,0,0,1,"Native Hawaiian or other Pacific Islander, non-Hispanic",2,3,3,IPEDS_EF2017A,0
2017,penn,1,1,0,0,1,Nonresident,336,1292,1514,IPEDS_EF2017A,0
2017,penn,1,1,0,0,1,Race and/or ethnicity unknown,64,188,324,IPEDS_EF2017A,0
2017,penn,1,1,0,0,1,Total,2449,10660,11716,IPEDS_EF2017A,0
2017,penn,1,1,0,0,1,"Two or more races, non-Hispanic",125,498,536,IPEDS_EF2017A,0
2017,penn,1,1,0,0,1,"White, non-Hispanic",987,4657,5060,IPEDS_EF2017A,0
2017,pomona,0,0,0,1,1,"American Indian or Alaska Native, non-Hispanic",2,8,8,IPEDS_EF2017A,0
2017,pomona,0,0,0,1,1,"Asian, non-Hispanic",64,230,236,IPEDS_EF2017A,0
2017,pomona,0,0,0,1,1,"Black or African American, non-Hispanic",36,148,148,IPEDS_EF2017A,0
2017,pomona,0,0,0,1,1,Hispanic/Latino,77,253,256,IPEDS_EF2017A,0
2017,pomona,0,0,0,1,1,"Native Hawaiian or other Pacific Islander, non-Hispanic",3,5,5,IPEDS_EF2017A,0
2017,pomona,0,0,0,1,1,Nonresident,49,176,177,IPEDS_EF2017A,0
2017,pomona,0,0,0,1,1,Race and/or ethnicity unknown,19,76,90,IPEDS_EF2017A,0
2017,pomona,0,0,0,1,1,Total,411,1567,1599,IPEDS_EF2017A,0
2017,pomona,0,0,0,1,1,"Two or more races, non-Hispanic",30,110,111,IPEDS_EF2017A,0
2017,pomona,0,0,0,1,1,"White, non-Hispanic",131,561,568,IPEDS_EF2017A,0
2017,princeton,1,1,0,0,1,"American Indian or Alaska Native, non-Hispanic",2,8,8,IPEDS_EF2017A,0
2017,princeton,1,1,0,0,1,"Asian, non-Hispanic",293,1125,1131,IPEDS_EF2017A,0
2017,princeton,1,1,0,0,1,"Black or African American, non-Hispanic",106,404,409,IPEDS_EF2017A,0
2017,princeton,1,1,0,0,1,Hispanic/Latino,143,531,540,IPEDS_EF2017A,0
2017,princeton,1,1,0,0,1,"Native Hawaiian or other Pacific Islander, non-Hispanic",1,9,9,IPEDS_EF2017A,0
2017,princeton,1,1,0,0,1,Nonresident,163,629,656,IPEDS_EF2017A,0
2017,princeton,1,1,0,0,1,Race and/or ethnicity unknown,15,77,148,IPEDS_EF2017A,0
2017,princeton,1,1,0,0,1,Total,1305,5246,5394,IPEDS_EF2017A,0
2017,princeton,1,1,0,0,1,"Two or more races, non-Hispanic",63,227,233,IPEDS_EF2017A,0
2017,princeton,1,1,0,0,1,"White, non-Hispanic",519,2236,2260,IPEDS_EF2017A,0
2017,reed,0,0,0,1,0,"American Indian or Alaska Native, non-Hispanic",1,5,5,IPEDS_EF2017A,0
2017,reed,0,0,0,1,0,"Asian, non-Hispanic",20,88,89,IPEDS_EF2017A,0
2017,reed,0,0,0,1,0,"Black or African American, non-Hispanic",8,30,30,IPEDS_EF2017A,0
2017,reed,0,0,0,1,0,Hispanic/Latino,43,147,148,IPEDS_EF2017A,0
2017,reed,0,0,0,1,0,"Native Hawaiian or other Pacific Islander, non-Hispanic",0,3,3,IPEDS_EF2017A,0
2017,reed,0,0,0,1,0,Nonresident,61,146,160,IPEDS_EF2017A,0
2017,reed,0,0,0,1,0,Race and/or ethnicity unknown,8,42,49,IPEDS_EF2017A,0
2017,reed,0,0,0,1,0,Total,411,1415,1447,IPEDS_EF2017A,0
2017,reed,0,0,0,1,0,"Two or more races, non-Hispanic",30,112,113,IPEDS_EF2017A,0
2017,reed,0,0,0,1,0,"White, non-Hispanic",240,842,850,IPEDS_EF2017A,0
2017,rice,0,0,0,0,1,"American Indian or Alaska Native, non-Hispanic",2,6,6,IPEDS_EF2017A,0
2017,rice,0,0,0,0,1,"Asian, non-Hispanic",301,1028,1030,IPEDS_EF2017A,0
2017,rice,0,0,0,0,1,"Black or African American, non-Hispanic",76,271,272,IPEDS_EF2017A,0
2017,rice,0,0,0,0,1,Hispanic/Latino,183,582,584,IPEDS_EF2017A,0
2017,rice,0,0,0,0,1,"Native Hawaiian or other Pacific Islander, non-Hispanic",2,6,6,IPEDS_EF2017A,0
2017,rice,0,0,0,0,1,Nonresident,110,466,491,IPEDS_EF2017A,0
2017,rice,0,0,0,0,1,Race and/or ethnicity unknown,15,70,70,IPEDS_EF2017A,0
2017,rice,0,0,0,0,1,Total,1046,3970,4001,IPEDS_EF2017A,0
2017,rice,0,0,0,0,1,"Two or more races, non-Hispanic",51,168,168,IPEDS_EF2017A,0
2017,rice,0,0,0,0,1,"White, non-Hispanic",306,1373,1374,IPEDS_EF2017A,0
2017,richmond,0,0,0,0,1,"American Indian or Alaska Native, non-Hispanic",0,4,5,IPEDS_EF2017A,0
2017,richmond,0,0,0,0,1,"Asian, non-Hispanic",63,262,262,IPEDS_EF2017A,0
2017,richmond,0,0,0,0,1,"Black or African American, non-Hispanic",57,241,244,IPEDS_EF2017A,0
2017,richmond,0,0,0,0,1,Hispanic/Latino,86,282,284,IPEDS_EF2017A,0
2017,richmond,0,0,0,0,1,"Native Hawaiian or other Pacific Islander, non-Hispanic",0,0,0,IPEDS_EF2017A,0
2017,richmond,0,0,0,0,1,Nonresident,81,273,347,IPEDS_EF2017A,0
2017,richmond,0,0,0,0,1,Race and/or ethnicity unknown,31,138,141,IPEDS_EF2017A,0
2017,richmond,0,0,0,0,1,Total,801,3165,3265,IPEDS_EF2017A,0
2017,richmond,0,0,0,0,1,"Two or more races, non-Hispanic",38,134,134,IPEDS_EF2017A,0
2017,richmond,0,0,0,0,1,"White, non-Hispanic",445,1831,1848,IPEDS_EF2017A,0
2017,sarahlawrence,0,0,0,1,0,"American Indian or Alaska Native, non-Hispanic",1,2,2,IPEDS_EF2017A,0
2017,sarahlawrence,0,0,0,1,0,"Asian, non-Hispanic",17,61,61,IPEDS_EF2017A,0
2017,sarahlawrence,0,0,0,1,0,"Black or African American, non-Hispanic",20,60,60,IPEDS_EF2017A,0
2017,sarahlawrence,0,0,0,1,0,Hispanic/Latino,41,128,129,IPEDS_EF2017A,0
2017,sarahlawrence,0,0,0,1,0,"Native Hawaiian or other Pacific Islander, non-Hispanic",0,0,0,IPEDS_EF2017A,0
2017,sarahlawrence,0,0,0,1,0,Nonresident,46,177,177,IPEDS_EF2017A,0
2017,sarahlawrence,0,0,0,1,0,Race and/or ethnicity unknown,17,78,118,IPEDS_EF2017A,0
2017,sarahlawrence,0,0,0,1,0,Total,393,1355,1399,IPEDS_EF2017A,0
2017,sarahlawrence,0,0,0,1,0,"Two or more races, non-Hispanic",25,95,95,IPEDS_EF2017A,0
2017,sarahlawrence,0,0,0,1,0,"White, non-Hispanic",226,754,757,IPEDS_EF2017A,0
2017,smith,0,0,0,1,1,"American Indian or Alaska Native, non-Hispanic",1,3,3,IPEDS_EF2017A,0
2017,smith,0,0,0,1,1,"Asian, non-Hispanic",58,275,275,IPEDS_EF2017A,0
2017,smith,0,0,0,1,1,"Black or African American, non-Hispanic",43,166,166,IPEDS_EF2017A,0
2017,smith,0,0,0,1,1,Hispanic/Latino,68,260,260,IPEDS_EF2017A,0
2017,smith,0,0,0,1,1,"Native Hawaiian or other Pacific Islander, non-Hispanic",0,3,3,IPEDS_EF2017A,0
2017,smith,0,0,0,1,1,Nonresident,95,349,350,IPEDS_EF2017A,0
2017,smith,0,0,0,1,1,Race and/or ethnicity unknown,35,156,157,IPEDS_EF2017A,0
2017,smith,0,0,0,1,1,Total,638,2519,2521,IPEDS_EF2017A,0
2017,smith,0,0,0,1,1,"Two or more races, non-Hispanic",31,110,110,IPEDS_EF2017A,0
2017,smith,0,0,0,1,1,"White, non-Hispanic",307,1197,1197,IPEDS_EF2017A,0
2017,stanford,0,1,0,0,1,"American Indian or Alaska Native, non-Hispanic",18,63,63,IPEDS_EF2017A,0
2017,stanford,0,1,0,0,1,"Asian, non-Hispanic",400,1529,1529,IPEDS_EF2017A,0
2017,stanford,0,1,0,0,1,"Black or African American, non-Hispanic",117,470,471,IPEDS_EF2017A,0
2017,stanford,0,1,0,0,1,Hispanic/Latino,249,1102,1102,IPEDS_EF2017A,0
2017,stanford,0,1,0,0,1,"Native Hawaiian or other Pacific Islander, non-Hispanic",5,22,22,IPEDS_EF2017A,0
2017,stanford,0,1,0,0,1,Nonresident,180,646,649,IPEDS_EF2017A,0
2017,stanford,0,1,0,0,1,Race and/or ethnicity unknown,8,27,31,IPEDS_EF2017A,0
2017,stanford,0,1,0,0,1,Total,1700,7056,7064,IPEDS_EF2017A,0
2017,stanford,0,1,0,0,1,"Two or more races, non-Hispanic",150,679,679,IPEDS_EF2017A,0
2017,stanford,0,1,0,0,1,"White, non-Hispanic",573,2518,2518,IPEDS_EF2017A,0
2017,stolaf,0,0,0,1,0,"American Indian or Alaska Native, non-Hispanic",0,1,1,IPEDS_EF2017A,0
2017,stolaf,0,0,0,1,0,"Asian, non-Hispanic",61,212,213,IPEDS_EF2017A,0
2017,stolaf,0,0,0,1,0,"Black or African American, non-Hispanic",20,77,77,IPEDS_EF2017A,0
2017,stolaf,0,0,0,1,0,Hispanic/Latino,52,180,180,IPEDS_EF2017A,0
2017,stolaf,0,0,0,1,0,"Native Hawaiian or other Pacific Islander, non-Hispanic",1,2,2,IPEDS_EF2017A,0
2017,stolaf,0,0,0,1,0,Nonresident,92,287,298,IPEDS_EF2017A,0
2017,stolaf,0,0,0,1,0,Race and/or ethnicity unknown,9,23,23,IPEDS_EF2017A,0
2017,stolaf,0,0,0,1,0,Total,786,3004,3035,IPEDS_EF2017A,0
2017,stolaf,0,0,0,1,0,"Two or more races, non-Hispanic",24,92,92,IPEDS_EF2017A,0
2017,stolaf,0,0,0,1,0,"White, non-Hispanic",527,2130,2149,IPEDS_EF2017A,0
2017,swarthmore,0,0,0,1,1,"American Indian or Alaska Native, non-Hispanic",1,3,3,IPEDS_EF2017A,0
2017,swarthmore,0,0,0,1,1,"Asian, non-Hispanic",63,261,261,IPEDS_EF2017A,0
2017,swarthmore,0,0,0,1,1,"Black or African American, non-Hispanic",27,116,116,IPEDS_EF2017A,0
2017,swarthmore,0,0,0,1,1,Hispanic/Latino,43,191,192,IPEDS_EF2017A,0
2017,swarthmore,0,0,0,1,1,"Native Hawaiian or other Pacific Islander, non-Hispanic",0,2,2,IPEDS_EF2017A,0
2017,swarthmore,0,0,0,1,1,Nonresident,55,200,203,IPEDS_EF2017A,0
2017,swarthmore,0,0,0,1,1,Race and/or ethnicity unknown,21,51,52,IPEDS_EF2017A,0
2017,swarthmore,0,0,0,1,1,Total,392,1565,1577,IPEDS_EF2017A,0
2017,swarthmore,0,0,0,1,1,"Two or more races, non-Hispanic",28,111,113,IPEDS_EF2017A,0
2017,swarthmore,0,0,0,1,1,"White, non-Hispanic",154,630,635,IPEDS_EF2017A,0
2017,trinity,0,0,1,1,0,"American Indian or Alaska Native, non-Hispanic",2,2,2,IPEDS_EF2017A,0
2017,trinity,0,0,1,1,0,"Asian, non-Hispanic",28,85,87,IPEDS_EF2017A,0
2017,trinity,0,0,1,1,0,"Black or African American, non-Hispanic",44,131,132,IPEDS_EF2017A,0
2017,trinity,0,0,1,1,0,Hispanic/Latino,46,175,175,IPEDS_EF2017A,0
2017,trinity,0,0,1,1,0,"Native Hawaiian or other Pacific Islander, non-Hispanic",0,0,0,IPEDS_EF2017A,0
2017,trinity,0,0,1,1,0,Nonresident,77,257,261,IPEDS_EF2017A,0
2017,trinity,0,0,1,1,0,Race and/or ethnicity unknown,10,55,83,IPEDS_EF2017A,0
2017,trinity,0,0,1,1,0,Total,580,2174,2221,IPEDS_EF2017A,0
2017,trinity,0,0,1,1,0,"Two or more races, non-Hispanic",18,55,55,IPEDS_EF2017A,0
2017,trinity,0,0,1,1,0,"White, non-Hispanic",355,1414,1426,IPEDS_EF2017A,0
2017,tufts,0,0,1,1,0,"American Indian or Alaska Native, non-Hispanic",0,0,0,IPEDS_EF2017A,0
2017,tufts,0,0,1,1,0,"Asian, non-Hispanic",176,654,655,IPEDS_EF2017A,0
2017,tufts,0,0,1,1,0,"Black or African American, non-Hispanic",51,222,223,IPEDS_EF2017A,0
2017,tufts,0,0,1,1,0,Hispanic/Latino,105,373,378,IPEDS_EF2017A,0
2017,tufts,0,0,1,1,0,"Native Hawaiian or other Pacific Islander, non-Hispanic",0,0,0,IPEDS_EF2017A,0
2017,tufts,0,0,1,1,0,Nonresident,136,560,581,IPEDS_EF2017A,0
2017,tufts,0,0,1,1,0,Race and/or ethnicity unknown,83,305,309,IPEDS_EF2017A,0
2017,tufts,0,0,1,1,0,Total,1410,5492,5541,IPEDS_EF2017A,0
2017,tufts,0,0,1,1,0,"Two or more races, non-Hispanic",75,271,272,IPEDS_EF2017A,0
2017,tufts,0,0,1,1,0,"White, non-Hispanic",784,3107,3123,IPEDS_EF2017A,0
2017,uchicago,0,1,0,0,1,"American Indian or Alaska Native, non-Hispanic",3,8,8,IPEDS_EF2017A,0
2017,uchicago,0,1,0,0,1,"Asian, non-Hispanic",323,1159,1159,IPEDS_EF2017A,0
2017,uchicago,0,1,0,0,1,"Black or African American, non-Hispanic",88,334,334,IPEDS_EF2017A,0
2017,uchicago,0,1,0,0,1,Hispanic/Latino,245,789,789,IPEDS_EF2017A,0
2017,uchicago,0,1,0,0,1,"Native Hawaiian or other Pacific Islander, non-Hispanic",0,0,0,IPEDS_EF2017A,0
2017,uchicago,0,1,0,0,1,Nonresident,234,825,836,IPEDS_EF2017A,0
2017,uchicago,0,1,0,0,1,Race and/or ethnicity unknown,32,155,156,IPEDS_EF2017A,0
2017,uchicago,0,1,0,0,1,Total,1736,6298,6310,IPEDS_EF2017A,0
2017,uchicago,0,1,0,0,1,"Two or more races, non-Hispanic",138,376,376,IPEDS_EF2017A,0
2017,uchicago,0,1,0,0,1,"White, non-Hispanic",673,2652,2652,IPEDS_EF2017A,0
2017,ucla,0,0,0,0,1,"American Indian or Alaska Native, non-Hispanic",11,56,56,IPEDS_EF2017A,0
2017,ucla,0,0,0,0,1,"Asian, non-Hispanic",1689,8709,8709,IPEDS_EF2017A,0
2017,ucla,0,0,0,0,1,"Black or African American, non-Hispanic",190,1059,1059,IPEDS_EF2017A,0
2017,ucla,0,0,0,0,1,Hispanic/Latino,1361,6884,6884,IPEDS_EF2017A,0
2017,ucla,0,0,0,0,1,"Native Hawaiian or other Pacific Islander, non-Hispanic",13,87,87,IPEDS_EF2017A,0
2017,ucla,0,0,0,0,1,Nonresident,641,3637,3645,IPEDS_EF2017A,0
2017,ucla,0,0,0,0,1,Race and/or ethnicity unknown,148,673,673,IPEDS_EF2017A,0
2017,ucla,0,0,0,0,1,Total,6038,30994,31002,IPEDS_EF2017A,0
2017,ucla,0,0,0,0,1,"Two or more races, non-Hispanic",361,1611,1611,IPEDS_EF2017A,0
2017,ucla,0,0,0,0,1,"White, non-Hispanic",1624,8278,8278,IPEDS_EF2017A,0
2017,umich,0,0,0,0,1,"American Indian or Alaska Native, non-Hispanic",11,43,43,IPEDS_EF2017A,0
2017,umich,0,0,0,0,1,"Asian, non-Hispanic",943,4130,4153,IPEDS_EF2017A,0
2017,umich,0,0,0,0,1,"Black or African American, non-Hispanic",277,1258,1263,IPEDS_EF2017A,0
2017,umich,0,0,0,0,1,Hispanic/Latino,479,1692,1696,IPEDS_EF2017A,0
2017,umich,0,0,0,0,1,"Native Hawaiian or other Pacific Islander, non-Hispanic",8,16,16,IPEDS_EF2017A,0
2017,umich,0,0,0,0,1,Nonresident,310,2003,2157,IPEDS_EF2017A,0
2017,umich,0,0,0,0,1,Race and/or ethnicity unknown,372,1325,1347,IPEDS_EF2017A,0
2017,umich,0,0,0,0,1,Total,6847,29550,29821,IPEDS_EF2017A,0
2017,umich,0,0,0,0,1,"Two or more races, non-Hispanic",302,1201,1206,IPEDS_EF2017A,0
2017,umich,0,0,0,0,1,"White, non-Hispanic",4145,17882,17940,IPEDS_EF2017A,0
2017,union,0,0,0,1,0,"American Indian or Alaska Native, non-Hispanic",2,2,2,IPEDS_EF2017A,0
2017,union,0,0,0,1,0,"Asian, non-Hispanic",31,125,128,IPEDS_EF2017A,0
2017,union,0,0,0,1,0,"Black or African American, non-Hispanic",20,84,85,IPEDS_EF2017A,0
2017,union,0,0,0,1,0,Hispanic/Latino,44,159,163,IPEDS_EF2017A,0
2017,union,0,0,0,1,0,"Native Hawaiian or other Pacific Islander, non-Hispanic",0,0,0,IPEDS_EF2017A,0
2017,union,0,0,0,1,0,Nonresident,46,162,176,IPEDS_EF2017A,0
2017,union,0,0,0,1,0,Race and/or ethnicity unknown,0,4,43,IPEDS_EF2017A,0
2017,union,0,0,0,1,0,Total,570,2167,2267,IPEDS_EF2017A,0
2017,union,0,0,0,1,0,"Two or more races, non-Hispanic",21,67,68,IPEDS_EF2017A,0
2017,union,0,0,0,1,0,"White, non-Hispanic",406,1564,1602,IPEDS_EF2017A,0
2017,vanderbilt,0,0,0,0,1,"American Indian or Alaska Native, non-Hispanic",10,36,36,IPEDS_EF2017A,0
2017,vanderbilt,0,0,0,0,1,"Asian, non-Hispanic",237,925,926,IPEDS_EF2017A,0
2017,vanderbilt,0,0,0,0,1,"Black or African American, non-Hispanic",200,709,709,IPEDS_EF2017A,0
2017,vanderbilt,0,0,0,0,1,Hispanic/Latino,173,660,660,IPEDS_EF2017A,0
2017,vanderbilt,0,0,0,0,1,"Native Hawaiian or other Pacific Islander, non-Hispanic",9,20,20,IPEDS_EF2017A,0
2017,vanderbilt,0,0,0,0,1,Nonresident,132,520,530,IPEDS_EF2017A,0
2017,vanderbilt,0,0,0,0,1,Race and/or ethnicity unknown,79,312,322,IPEDS_EF2017A,0
2017,vanderbilt,0,0,0,0,1,Total,1607,6856,6885,IPEDS_EF2017A,0
2017,vanderbilt,0,0,0,0,1,"Two or more races, non-Hispanic",94,353,353,IPEDS_EF2017A,0
2017,vanderbilt,0,0,0,0,1,"White, non-Hispanic",673,3321,3329,IPEDS_EF2017A,0
2017,vassar,0,0,0,1,1,"American Indian or Alaska Native, non-Hispanic",1,2,2,IPEDS_EF2017A,0
2017,vassar,0,0,0,1,1,"Asian, non-Hispanic",75,297,297,IPEDS_EF2017A,0
2017,vassar,0,0,0,1,1,"Black or African American, non-Hispanic",22,96,97,IPEDS_EF2017A,0
2017,vassar,0,0,0,1,1,Hispanic/Latino,64,263,264,IPEDS_EF2017A,0
2017,vassar,0,0,0,1,1,"Native Hawaiian or other Pacific Islander, non-Hispanic",0,0,0,IPEDS_EF2017A,0
2017,vassar,0,0,0,1,1,Nonresident,47,174,192,IPEDS_EF2017A,0
2017,vassar,0,0,0,1,1,Race and/or ethnicity unknown,1,7,7,IPEDS_EF2017A,0
2017,vassar,0,0,0,1,1,Total,624,2323,2353,IPEDS_EF2017A,0
2017,vassar,0,0,0,1,1,"Two or more races, non-Hispanic",58,170,170,IPEDS_EF2017A,0
2017,vassar,0,0,0,1,1,"White, non-Hispanic",356,1314,1324,IPEDS_EF2017A,0
2017,washandlee,0,0,0,1,1,"American Indian or Alaska Native, non-Hispanic",0,0,0,IPEDS_EF2017A,0
2017,washandlee,0,0,0,1,1,"Asian, non-Hispanic",21,62,62,IPEDS_EF2017A,0
2017,washandlee,0,0,0,1,1,"Black or African American, non-Hispanic",11,41,41,IPEDS_EF2017A,0
2017,washandlee,0,0,0,1,1,Hispanic/Latino,31,82,82,IPEDS_EF2017A,0
2017,washandlee,0,0,0,1,1,"Native Hawaiian or other Pacific Islander, non-Hispanic",0,0,0,IPEDS_EF2017A,0
2017,washandlee,0,0,0,1,1,Nonresident,15,64,66,IPEDS_EF2017A,0
2017,washandlee,0,0,0,1,1,Race and/or ethnicity unknown,2,13,13,IPEDS_EF2017A,0
2017,washandlee,0,0,0,1,1,Total,471,1819,1827,IPEDS_EF2017A,0
2017,washandlee,0,0,0,1,1,"Two or more races, non-Hispanic",14,56,56,IPEDS_EF2017A,0
2017,washandlee,0,0,0,1,1,"White, non-Hispanic",377,1501,1507,IPEDS_EF2017A,0
2017,wellesley,0,0,0,1,1,"American Indian or Alaska Native, non-Hispanic",2,4,4,IPEDS_EF2017A,0
2017,wellesley,0,0,0,1,1,"Asian, non-Hispanic",137,554,555,IPEDS_EF2017A,0
2017,wellesley,0,0,0,1,1,"Black or African American, non-Hispanic",40,147,147,IPEDS_EF2017A,0
2017,wellesley,0,0,0,1,1,Hispanic/Latino,79,281,284,IPEDS_EF2017A,0
2017,wellesley,0,0,0,1,1,"Native Hawaiian or other Pacific Islander, non-Hispanic",0,0,0,IPEDS_EF2017A,0
2017,wellesley,0,0,0,1,1,Nonresident,81,307,327,IPEDS_EF2017A,0
2017,wellesley,0,0,0,1,1,Race and/or ethnicity unknown,0,2,105,IPEDS_EF2017A,0
2017,wellesley,0,0,0,1,1,Total,603,2375,2508,IPEDS_EF2017A,0
2017,wellesley,0,0,0,1,1,"Two or more races, non-Hispanic",45,148,149,IPEDS_EF2017A,0
2017,wellesley,0,0,0,1,1,"White, non-Hispanic",219,932,937,IPEDS_EF2017A,0
2017,wesleyan,0,0,1,1,1,"American Indian or Alaska Native, non-Hispanic",1,2,2,IPEDS_EF2017A,0
2017,wesleyan,0,0,1,1,1,"Asian, non-Hispanic",60,235,236,IPEDS_EF2017A,0
2017,wesleyan,0,0,1,1,1,"Black or African American, non-Hispanic",47,187,212,IPEDS_EF2017A,0
2017,wesleyan,0,0,1,1,1,Hispanic/Latino,93,327,334,IPEDS_EF2017A,0
2017,wesleyan,0,0,1,1,1,"Native Hawaiian or other Pacific Islander, non-Hispanic",0,2,2,IPEDS_EF2017A,0
2017,wesleyan,0,0,1,1,1,Nonresident,108,338,359,IPEDS_EF2017A,0
2017,wesleyan,0,0,1,1,1,Race and/or ethnicity unknown,12,80,91,IPEDS_EF2017A,0
2017,wesleyan,0,0,1,1,1,Total,761,2887,2976,IPEDS_EF2017A,0
2017,wesleyan,0,0,1,1,1,"Two or more races, non-Hispanic",41,155,156,IPEDS_EF2017A,0
2017,wesleyan,0,0,1,1,1,"White, non-Hispanic",399,1561,1584,IPEDS_EF2017A,0
2017,williams,0,0,1,1,1,"American Indian or Alaska Native, non-Hispanic",0,2,2,IPEDS_EF2017A,0
2017,williams,0,0,1,1,1,"Asian, non-Hispanic",59,255,256,IPEDS_EF2017A,0
2017,williams,0,0,1,1,1,"Black or African American, non-Hispanic",52,167,170,IPEDS_EF2017A,0
2017,williams,0,0,1,1,1,Hispanic/Latino,79,263,268,IPEDS_EF2017A,0
2017,williams,0,0,1,1,1,"Native Hawaiian or other Pacific Islander, non-Hispanic",0,0,0,IPEDS_EF2017A,0
2017,williams,0,0,1,1,1,Nonresident,41,159,171,IPEDS_EF2017A,0
2017,williams,0,0,1,1,1,Race and/or ethnicity unknown,26,26,26,IPEDS_EF2017A,0
2017,williams,0,0,1,1,1,Total,548,2033,2080,IPEDS_EF2017A,0
2017,williams,0,0,1,1,1,"Two or more races, non-Hispanic",29,116,117,IPEDS_EF2017A,0
2017,williams,0,0,1,1,1,"White, non-Hispanic",262,1045,1070,IPEDS_EF2017A,0
2017,wustl,0,0,0,0,1,"American Indian or Alaska Native, non-Hispanic",1,4,4,IPEDS_EF2017A,0
2017,wustl,0,0,0,0,1,"Asian, non-Hispanic",286,1256,1277,IPEDS_EF2017A,0
2017,wustl,0,0,0,0,1,"Black or African American, non-Hispanic",148,562,621,IPEDS_EF2017A,0
2017,wustl,0,0,0,0,1,Hispanic/Latino,194,627,649,IPEDS_EF2017A,0
2017,wustl,0,0,0,0,1,"Native Hawaiian or other Pacific Islander, non-Hispanic",1,1,1,IPEDS_EF2017A,0
2017,wustl,0,0,0,0,1,Nonresident,127,533,603,IPEDS_EF2017A,0
2017,wustl,0,0,0,0,1,Race and/or ethnicity unknown,24,120,156,IPEDS_EF2017A,0
2017,wustl,0,0,0,0,1,Total,1778,7253,7675,IPEDS_EF2017A,0
2017,wustl,0,0,0,0,1,"Two or more races, non-Hispanic",101,347,354,IPEDS_EF2017A,0
2017,wustl,0,0,0,0,1,"White, non-Hispanic",896,3803,4010,IPEDS_EF2017A,0
2017,yale,1,1,0,0,1,"American Indian or Alaska Native, non-Hispanic",5,33,33,IPEDS_EF2017A,0
2017,yale,1,1,0,0,1,"Asian, non-Hispanic",299,1012,1012,IPEDS_EF2017A,0
2017,yale,1,1,0,0,1,"Black or African American, non-Hispanic",122,404,404,IPEDS_EF2017A,0
2017,yale,1,1,0,0,1,Hispanic/Latino,207,724,724,IPEDS_EF2017A,0
2017,yale,1,1,0,0,1,"Native Hawaiian or other Pacific Islander, non-Hispanic",0,4,4,IPEDS_EF2017A,0
2017,yale,1,1,0,0,1,Nonresident,157,614,614,IPEDS_EF2017A,0
2017,yale,1,1,0,0,1,Race and/or ethnicity unknown,13,26,26,IPEDS_EF2017A,0
2017,yale,1,1,0,0,1,Total,1579,5742,5746,IPEDS_EF2017A,0
2017,yale,1,1,0,0,1,"Two or more races, non-Hispanic",124,359,359,IPEDS_EF2017A,0
2017,yale,1,1,0,0,1,"White, non-Hispanic",652,2566,2570,IPEDS_EF2017A,0
2018,airforce,0,0,0,0,1,"American Indian or Alaska Native, non-Hispanic",3,16,16,IPEDS_EF2018A,0
2018,airforce,0,0,0,0,1,"Asian, non-Hispanic",74,247,247,IPEDS_EF2018A,0
2018,airforce,0,0,0,0,1,"Black or African American, non-Hispanic",90,274,274,IPEDS_EF2018A,0
2018,airforce,0,0,0,0,1,Hispanic/Latino,128,461,461,IPEDS_EF2018A,0
2018,airforce,0,0,0,0,1,"Native Hawaiian or other Pacific Islander, non-Hispanic",2,27,27,IPEDS_EF2018A,0
2018,airforce,0,0,0,0,1,Nonresident,18,57,57,IPEDS_EF2018A,0
2018,airforce,0,0,0,0,1,Race and/or ethnicity unknown,35,186,186,IPEDS_EF2018A,0
2018,airforce,0,0,0,0,1,Total,1163,4336,4336,IPEDS_EF2018A,0
2018,airforce,0,0,0,0,1,"Two or more races, non-Hispanic",93,336,336,IPEDS_EF2018A,0
2018,airforce,0,0,0,0,1,"White, non-Hispanic",720,2732,2732,IPEDS_EF2018A,0
2018,amherst,0,0,1,1,1,"American Indian or Alaska Native, non-Hispanic",3,9,9,IPEDS_EF2018A,0
2018,amherst,0,0,1,1,1,"Asian, non-Hispanic",80,280,280,IPEDS_EF2018A,0
2018,amherst,0,0,1,1,1,"Black or African American, non-Hispanic",48,199,199,IPEDS_EF2018A,0
2018,amherst,0,0,1,1,1,Hispanic/Latino,63,238,238,IPEDS_EF2018A,0
2018,amherst,0,0,1,1,1,"Native Hawaiian or other Pacific Islander, non-Hispanic",0,0,0,IPEDS_EF2018A,0
2018,amherst,0,0,1,1,1,Nonresident,34,151,151,IPEDS_EF2018A,0
2018,amherst,0,0,1,1,1,Race and/or ethnicity unknown,12,45,45,IPEDS_EF2018A,0
2018,amherst,0,0,1,1,1,Total,492,1855,1855,IPEDS_EF2018A,0
2018,amherst,0,0,1,1,1,"Two or more races, non-Hispanic",46,126,126,IPEDS_EF2018A,0
2018,amherst,0,0,1,1,1,"White, non-Hispanic",206,807,807,IPEDS_EF2018A,0
2018,army,0,0,0,0,1,"American Indian or Alaska Native, non-Hispanic",9,41,41,IPEDS_EF2018A,0
2018,army,0,0,0,0,1,"Asian, non-Hispanic",86,376,376,IPEDS_EF2018A,0
2018,army,0,0,0,0,1,"Black or African American, non-Hispanic",157,559,559,IPEDS_EF2018A,0
2018,army,0,0,0,0,1,Hispanic/Latino,111,466,466,IPEDS_EF2018A,0
2018,army,0,0,0,0,1,"Native Hawaiian or other Pacific Islander, non-Hispanic",1,7,7,IPEDS_EF2018A,0
2018,army,0,0,0,0,1,Nonresident,16,56,56,IPEDS_EF2018A,0
2018,army,0,0,0,0,1,Race and/or ethnicity unknown,7,58,58,IPEDS_EF2018A,0
2018,army,0,0,0,0,1,Total,1186,4589,4589,IPEDS_EF2018A,0
2018,army,0,0,0,0,1,"Two or more races, non-Hispanic",35,147,147,IPEDS_EF2018A,0
2018,army,0,0,0,0,1,"White, non-Hispanic",764,2879,2879,IPEDS_EF2018A,0
2018,barnard,0,0,0,1,1,"American Indian or Alaska Native, non-Hispanic",1,6,6,IPEDS_EF2018A,0
2018,barnard,0,0,0,1,1,"Asian, non-Hispanic",81,374,374,IPEDS_EF2018A,0
2018,barnard,0,0,0,1,1,"Black or African American, non-Hispanic",36,147,149,IPEDS_EF2018A,0
2018,barnard,0,0,0,1,1,Hispanic/Latino,72,300,300,IPEDS_EF2018A,0
2018,barnard,0,0,0,1,1,"Native Hawaiian or other Pacific Islander, non-Hispanic",0,2,2,IPEDS_EF2018A,0
2018,barnard,0,0,0,1,1,Nonresident,58,249,252,IPEDS_EF2018A,0
2018,barnard,0,0,0,1,1,Race and/or ethnicity unknown,4,8,8,IPEDS_EF2018A,0
2018,barnard,0,0,0,1,1,Total,605,2557,2562,IPEDS_EF2018A,0
2018,barnard,0,0,0,1,1,"Two or more races, non-Hispanic",45,153,153,IPEDS_EF2018A,0
2018,barnard,0,0,0,1,1,"White, non-Hispanic",308,1318,1318,IPEDS_EF2018A,0
2018,bates,0,0,1,1,1,"American Indian or Alaska Native, non-Hispanic",0,2,2,IPEDS_EF2018A,0
2018,bates,0,0,1,1,1,"Asian, non-Hispanic",24,72,72,IPEDS_EF2018A,0
2018,bates,0,0,1,1,1,"Black or African American, non-Hispanic",25,94,94,IPEDS_EF2018A,0
2018,bates,0,0,1,1,1,Hispanic/Latino,36,138,138,IPEDS_EF2018A,0
2018,bates,0,0,1,1,1,"Native Hawaiian or other Pacific Islander, non-Hispanic",0,1,1,IPEDS_EF2018A,0
2018,bates,0,0,1,1,1,Nonresident,43,142,142,IPEDS_EF2018A,0
2018,bates,0,0,1,1,1,Race and/or ethnicity unknown,6,8,8,IPEDS_EF2018A,0
2018,bates,0,0,1,1,1,Total,543,1832,1832,IPEDS_EF2018A,0
2018,bates,0,0,1,1,1,"Two or more races, non-Hispanic",30,81,81,IPEDS_EF2018A,0
2018,bates,0,0,1,1,1,"White, non-Hispanic",379,1294,1294,IPEDS_EF2018A,0
2018,berkeley,0,0,0,0,1,"American Indian or Alaska Native, non-Hispanic",1,28,28,IPEDS_EF2018A,0
2018,berkeley,0,0,0,0,1,"Asian, non-Hispanic",2278,10828,10830,IPEDS_EF2018A,0
2018,berkeley,0,0,0,0,1,"Black or African American, non-Hispanic",118,569,570,IPEDS_EF2018A,0
2018,berkeley,0,0,0,0,1,Hispanic/Latino,921,4700,4701,IPEDS_EF2018A,0
2018,berkeley,0,0,0,0,1,"Native Hawaiian or other Pacific Islander, non-Hispanic",9,37,37,IPEDS_EF2018A,0
2018,berkeley,0,0,0,0,1,Nonresident,853,4000,4001,IPEDS_EF2018A,0
2018,berkeley,0,0,0,0,1,Race and/or ethnicity unknown,193,1235,1235,IPEDS_EF2018A,0
2018,berkeley,0,0,0,0,1,Total,6012,30845,30853,IPEDS_EF2018A,0
2018,berkeley,0,0,0,0,1,"Two or more races, non-Hispanic",344,1778,1779,IPEDS_EF2018A,0
2018,berkeley,0,0,0,0,1,"White, non-Hispanic",1295,7670,7672,IPEDS_EF2018A,0
2018,bowdoin,0,0,1,1,1,"American Indian or Alaska Native, non-Hispanic",2,4,4,IPEDS_EF2018A,0
2018,bowdoin,0,0,1,1,1,"Asian, non-Hispanic",45,137,137,IPEDS_EF2018A,0
2018,bowdoin,0,0,1,1,1,"Black or African American, non-Hispanic",48,147,147,IPEDS_EF2018A,0
2018,bowdoin,0,0,1,1,1,Hispanic/Latino,52,189,189,IPEDS_EF2018A,0
2018,bowdoin,0,0,1,1,1,"Native Hawaiian or other Pacific Islander, non-Hispanic",1,2,2,IPEDS_EF2018A,0
2018,bowdoin,0,0,1,1,1,Nonresident,39,107,110,IPEDS_EF2018A,0
2018,bowdoin,0,0,1,1,1,Race and/or ethnicity unknown,2,12,12,IPEDS_EF2018A,0
2018,bowdoin,0,0,1,1,1,Total,510,1825,1828,IPEDS_EF2018A,0
2018,bowdoin,0,0,1,1,1,"Two or more races, non-Hispanic",30,118,118,IPEDS_EF2018A,0
2018,bowdoin,0,0,1,1,1,"White, non-Hispanic",291,1109,1109,IPEDS_EF2018A,0
2018,brown,1,1,0,0,1,"American Indian or Alaska Native, non-Hispanic",6,24,24,IPEDS_EF2018A,0
2018,brown,1,1,0,0,1,"Asian, non-Hispanic",263,1043,1069,IPEDS_EF2018A,0
2018,brown,1,1,0,0,1,"Black or African American, non-Hispanic",116,435,441,IPEDS_EF2018A,0
2018,brown,1,1,0,0,1,Hispanic/Latino,201,774,789,IPEDS_EF2018A,0
2018,brown,1,1,0,0,1,"Native Hawaiian or other Pacific Islander, non-Hispanic",4,10,10,IPEDS_EF2018A,0
2018,brown,1,1,0,0,1,Nonresident,177,751,870,IPEDS_EF2018A,0
2018,brown,1,1,0,0,1,Race and/or ethnicity unknown,91,396,474,IPEDS_EF2018A,0
2018,brown,1,1,0,0,1,Total,1652,6752,7043,IPEDS_EF2018A,0
2018,brown,1,1,0,0,1,"Two or more races, non-Hispanic",106,419,427,IPEDS_EF2018A,0
2018,brown,1,1,0,0,1,"White, non-Hispanic",688,2900,2939,IPEDS_EF2018A,0
2018,brynmawr,0,0,0,1,0,"American Indian or Alaska Native, non-Hispanic",0,0,0,IPEDS_EF2018A,0
2018,brynmawr,0,0,0,1,0,"Asian, non-Hispanic",56,175,175,IPEDS_EF2018A,0
2018,brynmawr,0,0,0,1,0,"Black or African American, non-Hispanic",17,78,78,IPEDS_EF2018A,0
2018,brynmawr,0,0,0,1,0,Hispanic/Latino,38,134,134,IPEDS_EF2018A,0
2018,brynmawr,0,0,0,1,0,"Native Hawaiian or other Pacific Islander, non-Hispanic",1,1,1,IPEDS_EF2018A,0
2018,brynmawr,0,0,0,1,0,Nonresident,80,291,295,IPEDS_EF2018A,0
2018,brynmawr,0,0,0,1,0,Race and/or ethnicity unknown,7,75,77,IPEDS_EF2018A,0
2018,brynmawr,0,0,0,1,0,Total,391,1353,1360,IPEDS_EF2018A,0
2018,brynmawr,0,0,0,1,0,"Two or more races, non-Hispanic",23,75,75,IPEDS_EF2018A,0
2018,brynmawr,0,0,0,1,0,"White, non-Hispanic",169,524,525,IPEDS_EF2018A,0
2018,bucknell,0,0,0,1,0,"American Indian or Alaska Native, non-Hispanic",1,2,2,IPEDS_EF2018A,0
2018,bucknell,0,0,0,1,0,"Asian, non-Hispanic",55,203,203,IPEDS_EF2018A,0
2018,bucknell,0,0,0,1,0,"Black or African American, non-Hispanic",36,127,127,IPEDS_EF2018A,0
2018,bucknell,0,0,0,1,0,Hispanic/Latino,62,248,248,IPEDS_EF2018A,0
2018,bucknell,0,0,0,1,0,"Native Hawaiian or other Pacific Islander, non-Hispanic",0,0,0,IPEDS_EF2018A,0
2018,bucknell,0,0,0,1,0,Nonresident,65,239,243,IPEDS_EF2018A,0
2018,bucknell,0,0,0,1,0,Race and/or ethnicity unknown,1,7,7,IPEDS_EF2018A,0
2018,bucknell,0,0,0,1,0,Total,974,3583,3597,IPEDS_EF2018A,0
2018,bucknell,0,0,0,1,0,"Two or more races, non-Hispanic",48,161,161,IPEDS_EF2018A,0
2018,bucknell,0,0,0,1,0,"White, non-Hispanic",706,2596,2606,IPEDS_EF2018A,0
2018,caltech,0,1,0,0,1,"American Indian or Alaska Native, non-Hispanic",0,0,0,IPEDS_EF2018A,0
2018,caltech,0,1,0,0,1,"Asian, non-Hispanic",83,383,383,IPEDS_EF2018A,0
2018,caltech,0,1,0,0,1,"Black or African American, non-Hispanic",4,14,14,IPEDS_EF2018A,0
2018,caltech,0,1,0,0,1,Hispanic/Latino,42,131,131,IPEDS_EF2018A,0
2018,caltech,0,1,0,0,1,"Native Hawaiian or other Pacific Islander, non-Hispanic",0,0,0,IPEDS_EF2018A,0
2018,caltech,0,1,0,0,1,Nonresident,17,83,83,IPEDS_EF2018A,0
2018,caltech,0,1,0,0,1,Race and/or ethnicity unknown,0,0,0,IPEDS_EF2018A,0
2018,caltech,0,1,0,0,1,Total,231,948,948,IPEDS_EF2018A,0
2018,caltech,0,1,0,0,1,"Two or more races, non-Hispanic",23,80,80,IPEDS_EF2018A,0
2018,caltech,0,1,0,0,1,"White, non-Hispanic",62,257,257,IPEDS_EF2018A,0
2018,carleton,0,0,0,1,1,"American Indian or Alaska Native, non-Hispanic",2,2,2,IPEDS_EF2018A,0
2018,carleton,0,0,0,1,1,"Asian, non-Hispanic",54,168,170,IPEDS_EF2018A,0
2018,carleton,0,0,0,1,1,"Black or African American, non-Hispanic",20,98,100,IPEDS_EF2018A,0
2018,carleton,0,0,0,1,1,Hispanic/Latino,42,163,166,IPEDS_EF2018A,0
2018,carleton,0,0,0,1,1,"Native Hawaiian or other Pacific Islander, non-Hispanic",0,0,0,IPEDS_EF2018A,0
2018,carleton,0,0,0,1,1,Nonresident,66,225,234,IPEDS_EF2018A,0
2018,carleton,0,0,0,1,1,Race and/or ethnicity unknown,1,28,33,IPEDS_EF2018A,0
2018,carleton,0,0,0,1,1,Total,529,2046,2097,IPEDS_EF2018A,0
2018,carleton,0,0,0,1,1,"Two or more races, non-Hispanic",40,142,142,IPEDS_EF2018A,0
2018,carleton,0,0,0,1,1,"White, non-Hispanic",304,1220,1250,IPEDS_EF2018A,0
2018,clark,0,0,0,1,0,"American Indian or Alaska Native, non-Hispanic",0,1,1,IPEDS_EF2018A,0
2018,clark,0,0,0,1,0,"Asian, non-Hispanic",53,175,177,IPEDS_EF2018A,0
2018,clark,0,0,0,1,0,"Black or African American, non-Hispanic",29,90,92,IPEDS_EF2018A,0
2018,clark,0,0,0,1,0,Hispanic/Latino,49,196,200,IPEDS_EF2018A,0
2018,clark,0,0,0,1,0,"Native Hawaiian or other Pacific Islander, non-Hispanic",0,0,0,IPEDS_EF2018A,0
2018,clark,0,0,0,1,0,Nonresident,60,281,310,IPEDS_EF2018A,0
2018,clark,0,0,0,1,0,Race and/or ethnicity unknown,21,130,141,IPEDS_EF2018A,0
2018,clark,0,0,0,1,0,Total,582,2252,2304,IPEDS_EF2018A,0
2018,clark,0,0,0,1,0,"Two or more races, non-Hispanic",20,58,58,IPEDS_EF2018A,0
2018,clark,0,0,0,1,0,"White, non-Hispanic",350,1321,1325,IPEDS_EF2018A,0
2018,cmc,0,0,0,0,1,"American Indian or Alaska Native, non-Hispanic",0,0,0,IPEDS_EF2018A,0
2018,cmc,0,0,0,0,1,"Asian, non-Hispanic",37,146,146,IPEDS_EF2018A,0
2018,cmc,0,0,0,0,1,"Black or African American, non-Hispanic",12,55,55,IPEDS_EF2018A,0
2018,cmc,0,0,0,0,1,Hispanic/Latino,51,201,202,IPEDS_EF2018A,0
2018,cmc,0,0,0,0,1,"Native Hawaiian or other Pacific Islander, non-Hispanic",1,1,1,IPEDS_EF2018A,0
2018,cmc,0,0,0,0,1,Nonresident,50,212,217,IPEDS_EF2018A,0
2018,cmc,0,0,0,0,1,Race and/or ethnicity unknown,19,79,79,IPEDS_EF2018A,0
2018,cmc,0,0,0,0,1,Total,325,1318,1324,IPEDS_EF2018A,0
2018,cmc,0,0,0,0,1,"Two or more races, non-Hispanic",20,76,76,IPEDS_EF2018A,0
2018,cmc,0,0,0,0,1,"White, non-Hispanic",135,548,548,IPEDS_EF2018A,0
2018,cmu,0,0,0,0,1,"American Indian or Alaska Native, non-Hispanic",1,2,2,IPEDS_EF2018A,0
2018,cmu,0,0,0,0,1,"Asian, non-Hispanic",521,2048,2053,IPEDS_EF2018A,0
2018,cmu,0,0,0,0,1,"Black or African American, non-Hispanic",53,266,268,IPEDS_EF2018A,0
2018,cmu,0,0,0,0,1,Hispanic/Latino,147,599,601,IPEDS_EF2018A,0
2018,cmu,0,0,0,0,1,"Native Hawaiian or other Pacific Islander, non-Hispanic",0,1,1,IPEDS_EF2018A,0
2018,cmu,0,0,0,0,1,Nonresident,251,1168,1189,IPEDS_EF2018A,0
2018,cmu,0,0,0,0,1,Race and/or ethnicity unknown,123,383,399,IPEDS_EF2018A,0
2018,cmu,0,0,0,0,1,Total,1572,6483,6589,IPEDS_EF2018A,0
2018,cmu,0,0,0,0,1,"Two or more races, non-Hispanic",57,264,265,IPEDS_EF2018A,0
2018,cmu,0,0,0,0,1,"White, non-Hispanic",419,1752,1811,IPEDS_EF2018A,0
2018,colby,0,0,1,1,1,"American Indian or Alaska Native, non-Hispanic",1,5,5,IPEDS_EF2018A,0
2018,colby,0,0,1,1,1,"Asian, non-Hispanic",55,156,156,IPEDS_EF2018A,0
2018,colby,0,0,1,1,1,"Black or African American, non-Hispanic",34,83,83,IPEDS_EF2018A,0
2018,colby,0,0,1,1,1,Hispanic/Latino,48,149,149,IPEDS_EF2018A,0
2018,colby,0,0,1,1,1,"Native Hawaiian or other Pacific Islander, non-Hispanic",1,5,5,IPEDS_EF2018A,0
2018,colby,0,0,1,1,1,Nonresident,65,198,198,IPEDS_EF2018A,0
2018,colby,0,0,1,1,1,Race and/or ethnicity unknown,18,52,52,IPEDS_EF2018A,0
2018,colby,0,0,1,1,1,Total,580,2000,2000,IPEDS_EF2018A,0
2018,colby,0,0,1,1,1,"Two or more races, non-Hispanic",42,102,102,IPEDS_EF2018A,0
2018,colby,0,0,1,1,1,"White, non-Hispanic",316,1250,1250,IPEDS_EF2018A,0
2018,colgate,0,0,0,0,1,"American Indian or Alaska Native, non-Hispanic",0,4,4,IPEDS_EF2018A,0
2018,colgate,0,0,0,0,1,"Asian, non-Hispanic",50,137,137,IPEDS_EF2018A,0
2018,colgate,0,0,0,0,1,"Black or African American, non-Hispanic",31,135,135,IPEDS_EF2018A,0
2018,colgate,0,0,0,0,1,Hispanic/Latino,74,271,272,IPEDS_EF2018A,0
2018,colgate,0,0,0,0,1,"Native Hawaiian or other Pacific Islander, non-Hispanic",2,2,2,IPEDS_EF2018A,0
2018,colgate,0,0,0,0,1,Nonresident,72,276,277,IPEDS_EF2018A,0
2018,colgate,0,0,0,0,1,Race and/or ethnicity unknown,12,101,105,IPEDS_EF2018A,0
2018,colgate,0,0,0,0,1,Total,815,2934,2958,IPEDS_EF2018A,0
2018,colgate,0,0,0,0,1,"Two or more races, non-Hispanic",32,114,115,IPEDS_EF2018A,0
2018,colgate,0,0,0,0,1,"White, non-Hispanic",542,1894,1911,IPEDS_EF2018A,0
2018,columbia,1,1,0,0,1,"American Indian or Alaska Native, non-Hispanic",12,43,43,IPEDS_EF2018A,0
2018,columbia,1,1,0,0,1,"Asian, non-Hispanic",284,1429,1429,IPEDS_EF2018A,0
2018,columbia,1,1,0,0,1,"Black or African American, non-Hispanic",121,574,574,IPEDS_EF2018A,0
2018,columbia,1,1,0,0,1,Hispanic/Latino,207,1107,1107,IPEDS_EF2018A,0
2018,columbia,1,1,0,0,1,"Native Hawaiian or other Pacific Islander, non-Hispanic",2,8,8,IPEDS_EF2018A,0
2018,columbia,1,1,0,0,1,Nonresident,231,1426,1426,IPEDS_EF2018A,0
2018,columbia,1,1,0,0,1,Race and/or ethnicity unknown,25,183,183,IPEDS_EF2018A,0
2018,columbia,1,1,0,0,1,Total,1488,8216,8216,IPEDS_EF2018A,0
2018,columbia,1,1,0,0,1,"Two or more races, non-Hispanic",97,478,478,IPEDS_EF2018A,0
2018,columbia,1,1,0,0,1,"White, non-Hispanic",509,2968,2968,IPEDS_EF2018A,0
2018,conncoll,0,0,1,1,0,"American Indian or Alaska Native, non-Hispanic",1,2,2,IPEDS_EF2018A,0
2018,conncoll,0,0,1,1,0,"Asian, non-Hispanic",24,87,92,IPEDS_EF2018A,0
2018,conncoll,0,0,1,1,0,"Black or African American, non-Hispanic",18,75,76,IPEDS_EF2018A,0
2018,conncoll,0,0,1,1,0,Hispanic/Latino,52,154,154,IPEDS_EF2018A,0
2018,conncoll,0,0,1,1,0,"Native Hawaiian or other Pacific Islander, non-Hispanic",1,2,2,IPEDS_EF2018A,0
2018,conncoll,0,0,1,1,0,Nonresident,39,132,137,IPEDS_EF2018A,0
2018,conncoll,0,0,1,1,0,Race and/or ethnicity unknown,9,29,41,IPEDS_EF2018A,0
2018,conncoll,0,0,1,1,0,Total,508,1798,1844,IPEDS_EF2018A,0
2018,conncoll,0,0,1,1,0,"Two or more races, non-Hispanic",19,67,67,IPEDS_EF2018A,0
2018,conncoll,0,0,1,1,0,"White, non-Hispanic",345,1250,1273,IPEDS_EF2018A,0
2018,cornell,1,1,0,0,1,"American Indian or Alaska Native, non-Hispanic",9,56,56,IPEDS_EF2018A,0
2018,cornell,1,1,0,0,1,"Asian, non-Hispanic",624,2927,2927,IPEDS_EF2018A,0
2018,cornell,1,1,0,0,1,"Black or African American, non-Hispanic",265,1038,1038,IPEDS_EF2018A,0
2018,cornell,1,1,0,0,1,Hispanic/Latino,503,2043,2043,IPEDS_EF2018A,0
2018,cornell,1,1,0,0,1,"Native Hawaiian or other Pacific Islander, non-Hispanic",4,14,14,IPEDS_EF2018A,0
2018,cornell,1,1,0,0,1,Nonresident,340,1589,1661,IPEDS_EF2018A,0
2018,cornell,1,1,0,0,1,Race and/or ethnicity unknown,257,1210,1213,IPEDS_EF2018A,0
2018,cornell,1,1,0,0,1,Total,3295,15105,15182,IPEDS_EF2018A,0
2018,cornell,1,1,0,0,1,"Two or more races, non-Hispanic",168,712,712,IPEDS_EF2018A,0
2018,cornell,1,1,0,0,1,"White, non-Hispanic",1125,5516,5518,IPEDS_EF2018A,0
2018,dartmouth,1,1,0,0,1,"American Indian or Alaska Native, non-Hispanic",16,74,74,IPEDS_EF2018A,0
2018,dartmouth,1,1,0,0,1,"Asian, non-Hispanic",171,662,671,IPEDS_EF2018A,0
2018,dartmouth,1,1,0,0,1,"Black or African American, non-Hispanic",58,260,263,IPEDS_EF2018A,0
2018,dartmouth,1,1,0,0,1,Hispanic/Latino,117,429,430,IPEDS_EF2018A,0
2018,dartmouth,1,1,0,0,1,"Native Hawaiian or other Pacific Islander, non-Hispanic",1,13,13,IPEDS_EF2018A,0
2018,dartmouth,1,1,0,0,1,Nonresident,128,403,434,IPEDS_EF2018A,0
2018,dartmouth,1,1,0,0,1,Race and/or ethnicity unknown,11,56,80,IPEDS_EF2018A,0
2018,dartmouth,1,1,0,0,1,Total,1167,4312,4418,IPEDS_EF2018A,0
2018,dartmouth,1,1,0,0,1,"Two or more races, non-Hispanic",60,230,232,IPEDS_EF2018A,0
2018,dartmouth,1,1,0,0,1,"White, non-Hispanic",605,2185,2221,IPEDS_EF2018A,0
2018,davidson,0,0,0,1,1,"American Indian or Alaska Native, non-Hispanic",3,9,9,IPEDS_EF2018A,0
2018,davidson,0,0,0,1,1,"Asian, non-Hispanic",24,96,96,IPEDS_EF2018A,0
2018,davidson,0,0,0,1,1,"Black or African American, non-Hispanic",33,127,127,IPEDS_EF2018A,0
2018,davidson,0,0,0,1,1,Hispanic/Latino,47,149,149,IPEDS_EF2018A,0
2018,davidson,0,0,0,1,1,"Native Hawaiian or other Pacific Islander, non-Hispanic",2,3,3,IPEDS_EF2018A,0
2018,davidson,0,0,0,1,1,Nonresident,34,121,125,IPEDS_EF2018A,0
2018,davidson,0,0,0,1,1,Race and/or ethnicity unknown,4,18,18,IPEDS_EF2018A,0
2018,davidson,0,0,0,1,1,Total,515,1839,1843,IPEDS_EF2018A,0
2018,davidson,0,0,0,1,1,"Two or more races, non-Hispanic",18,81,81,IPEDS_EF2018A,0
2018,davidson,0,0,0,1,1,"White, non-Hispanic",350,1235,1235,IPEDS_EF2018A,0
2018,duke,0,1,0,0,1,"American Indian or Alaska Native, non-Hispanic",16,47,47,IPEDS_EF2018A,0
2018,duke,0,1,0,0,1,"Asian, non-Hispanic",411,1454,1458,IPEDS_EF2018A,0
2018,duke,0,1,0,0,1,"Black or African American, non-Hispanic",157,669,672,IPEDS_EF2018A,0
2018,duke,0,1,0,0,1,Hispanic/Latino,162,624,630,IPEDS_EF2018A,0
2018,duke,0,1,0,0,1,"Native Hawaiian or other Pacific Islander, non-Hispanic",4,11,11,IPEDS_EF2018A,0
2018,duke,0,1,0,0,1,Nonresident,135,636,664,IPEDS_EF2018A,0
2018,duke,0,1,0,0,1,Race and/or ethnicity unknown,88,246,261,IPEDS_EF2018A,0
2018,duke,0,1,0,0,1,Total,1745,6596,6682,IPEDS_EF2018A,0
2018,duke,0,1,0,0,1,"Two or more races, non-Hispanic",26,108,109,IPEDS_EF2018A,0
2018,duke,0,1,0,0,1,"White, non-Hispanic",746,2801,2830,IPEDS_EF2018A,0
2018,emory,0,0,0,0,1,"American Indian or Alaska Native, non-Hispanic",0,7,7,IPEDS_EF2018A,0
2018,emory,0,0,0,0,1,"Asian, non-Hispanic",310,1456,1461,IPEDS_EF2018A,0
2018,emory,0,0,0,0,1,"Black or African American, non-Hispanic",103,548,553,IPEDS_EF2018A,0
2018,emory,0,0,0,0,1,Hispanic/Latino,157,709,709,IPEDS_EF2018A,0
2018,emory,0,0,0,0,1,"Native Hawaiian or other Pacific Islander, non-Hispanic",0,3,3,IPEDS_EF2018A,0
2018,emory,0,0,0,0,1,Nonresident,227,1118,1197,IPEDS_EF2018A,0
2018,emory,0,0,0,0,1,Race and/or ethnicity unknown,10,91,95,IPEDS_EF2018A,0
2018,emory,0,0,0,0,1,Total,1431,6975,7086,IPEDS_EF2018A,0
2018,emory,0,0,0,0,1,"Two or more races, non-Hispanic",62,281,282,IPEDS_EF2018A,0
2018,emory,0,0,0,0,1,"White, non-Hispanic",562,2762,2779,IPEDS_EF2018A,0
2018,fandm,0,0,0,1,0,"American Indian or Alaska Native, non-Hispanic",0,1,1,IPEDS_EF2018A,0
2018,fandm,0,0,0,1,0,"Asian, non-Hispanic",30,117,117,IPEDS_EF2018A,0
2018,fandm,0,0,0,1,0,"Black or African American, non-Hispanic",37,136,136,IPEDS_EF2018A,0
2018,fandm,0,0,0,1,0,Hispanic/Latino,62,227,227,IPEDS_EF2018A,0
2018,fandm,0,0,0,1,0,"Native Hawaiian or other Pacific Islander, non-Hispanic",0,1,1,IPEDS_EF2018A,0
2018,fandm,0,0,0,1,0,Nonresident,131,405,405,IPEDS_EF2018A,0
2018,fandm,0,0,0,1,0,Race and/or ethnicity unknown,10,79,84,IPEDS_EF2018A,0
2018,fandm,0,0,0,1,0,Total,611,2298,2309,IPEDS_EF2018A,0
2018,fandm,0,0,0,1,0,"Two or more races, non-Hispanic",14,52,52,IPEDS_EF2018A,0
2018,fandm,0,0,0,1,0,"White, non-Hispanic",327,1280,1286,IPEDS_EF2018A,0
2018,georgetown,0,0,0,0,1,"American Indian or Alaska Native, non-Hispanic",1,1,1,IPEDS_EF2018A,0
2018,georgetown,0,0,0,0,1,"Asian, non-Hispanic",200,700,706,IPEDS_EF2018A,0
2018,georgetown,0,0,0,0,1,"Black or African American, non-Hispanic",123,478,484,IPEDS_EF2018A,0
2018,georgetown,0,0,0,0,1,Hispanic/Latino,166,728,731,IPEDS_EF2018A,0
2018,georgetown,0,0,0,0,1,"Native Hawaiian or other Pacific Islander, non-Hispanic",0,3,3,IPEDS_EF2018A,0
2018,georgetown,0,0,0,0,1,Nonresident,183,991,1121,IPEDS_EF2018A,0
2018,georgetown,0,0,0,0,1,Race and/or ethnicity unknown,36,163,336,IPEDS_EF2018A,0
2018,georgetown,0,0,0,0,1,Total,1621,7089,7459,IPEDS_EF2018A,0
2018,georgetown,0,0,0,0,1,"Two or more races, non-Hispanic",88,338,339,IPEDS_EF2018A,0
2018,georgetown,0,0,0,0,1,"White, non-Hispanic",824,3687,3738,IPEDS_EF2018A,0
2018,grinnell,0,0,0,0,1,"American Indian or Alaska Native, non-Hispanic",0,0,0,IPEDS_EF2018A,0
2018,grinnell,0,0,0,0,1,"Asian, non-Hispanic",42,132,132,IPEDS_EF2018A,0
2018,grinnell,0,0,0,0,1,"Black or African American, non-Hispanic",20,89,89,IPEDS_EF2018A,0
2018,grinnell,0,0,0,0,1,Hispanic/Latino,39,127,128,IPEDS_EF2018A,0
2018,grinnell,0,0,0,0,1,"Native Hawaiian or other Pacific Islander, non-Hispanic",0,0,0,IPEDS_EF2018A,0
2018,grinnell,0,0,0,0,1,Nonresident,86,323,323,IPEDS_EF2018A,0
2018,grinnell,0,0,0,0,1,Race and/or ethnicity unknown,20,78,97,IPEDS_EF2018A,0
2018,grinnell,0,0,0,0,1,Total,463,1683,1716,IPEDS_EF2018A,0
2018,grinnell,0,0,0,0,1,"Two or more races, non-Hispanic",29,86,87,IPEDS_EF2018A,0
2018,grinnell,0,0,0,0,1,"White, non-Hispanic",227,848,860,IPEDS_EF2018A,0
2018,hamilton,0,0,1,1,1,"American Indian or Alaska Native, non-Hispanic",1,1,1,IPEDS_EF2018A,0
2018,hamilton,0,0,1,1,1,"Asian, non-Hispanic",33,133,135,IPEDS_EF2018A,0
2018,hamilton,0,0,1,1,1,"Black or African American, non-Hispanic",20,85,85,IPEDS_EF2018A,0
2018,hamilton,0,0,1,1,1,Hispanic/Latino,49,188,188,IPEDS_EF2018A,0
2018,hamilton,0,0,1,1,1,"Native Hawaiian or other Pacific Islander, non-Hispanic",0,0,0,IPEDS_EF2018A,0
2018,hamilton,0,0,1,1,1,Nonresident,34,128,131,IPEDS_EF2018A,0
2018,hamilton,0,0,1,1,1,Race and/or ethnicity unknown,13,107,116,IPEDS_EF2018A,0
2018,hamilton,0,0,1,1,1,Total,481,1989,2005,IPEDS_EF2018A,0
2018,hamilton,0,0,1,1,1,"Two or more races, non-Hispanic",25,89,89,IPEDS_EF2018A,0
2018,hamilton,0,0,1,1,1,"White, non-Hispanic",306,1258,1260,IPEDS_EF2018A,0
2018,hampshire,0,0,0,1,0,"American Indian or Alaska Native, non-Hispanic",1,3,3,IPEDS_EF2018A,0
2018,hampshire,0,0,0,1,0,"Asian, non-Hispanic",11,34,34,IPEDS_EF2018A,0
2018,hampshire,0,0,0,1,0,"Black or African American, non-Hispanic",21,92,98,IPEDS_EF2018A,0
2018,hampshire,0,0,0,1,0,Hispanic/Latino,27,136,138,IPEDS_EF2018A,0
2018,hampshire,0,0,0,1,0,"Native Hawaiian or other Pacific Islander, non-Hispanic",0,0,0,IPEDS_EF2018A,0
2018,hampshire,0,0,0,1,0,Nonresident,17,65,73,IPEDS_EF2018A,0
2018,hampshire,0,0,0,1,0,Race and/or ethnicity unknown,20,59,59,IPEDS_EF2018A,0
2018,hampshire,0,0,0,1,0,Total,282,1175,1191,IPEDS_EF2018A,0
2018,hampshire,0,0,0,1,0,"Two or more races, non-Hispanic",14,67,67,IPEDS_EF2018A,0
2018,hampshire,0,0,0,1,0,"White, non-Hispanic",171,719,719,IPEDS_EF2018A,0
2018,harvard,1,1,0,0,1,"American Indian or Alaska Native, non-Hispanic",6,18,26,IPEDS_EF2018A,0
2018,harvard,1,1,0,0,1,"Asian, non-Hispanic",347,1457,1769,IPEDS_EF2018A,0
2018,harvard,1,1,0,0,1,"Black or African American, non-Hispanic",167,609,776,IPEDS_EF2018A,0
2018,harvard,1,1,0,0,1,Hispanic/Latino,176,859,1142,IPEDS_EF2018A,0
2018,harvard,1,1,0,0,1,"Native Hawaiian or other Pacific Islander, non-Hispanic",1,7,12,IPEDS_EF2018A,0
2018,harvard,1,1,0,0,1,Nonresident,205,892,1216,IPEDS_EF2018A,0
2018,harvard,1,1,0,0,1,Race and/or ethnicity unknown,24,145,294,IPEDS_EF2018A,0
2018,harvard,1,1,0,0,1,Total,1653,7582,9950,IPEDS_EF2018A,0
2018,harvard,1,1,0,0,1,"Two or more races, non-Hispanic",126,521,610,IPEDS_EF2018A,0
2018,harvard,1,1,0,0,1,"White, non-Hispanic",601,3074,4105,IPEDS_EF2018A,0
2018,haverford,0,0,0,1,0,"American Indian or Alaska Native, non-Hispanic",1,2,2,IPEDS_EF2018A,0
2018,haverford,0,0,0,1,0,"Asian, non-Hispanic",41,173,173,IPEDS_EF2018A,0
2018,haverford,0,0,0,1,0,"Black or African American, non-Hispanic",25,93,93,IPEDS_EF2018A,0
2018,haverford,0,0,0,1,0,Hispanic/Latino,53,131,131,IPEDS_EF2018A,0
2018,haverford,0,0,0,1,0,"Native Hawaiian or other Pacific Islander, non-Hispanic",0,0,0,IPEDS_EF2018A,0
2018,haverford,0,0,0,1,0,Nonresident,42,144,149,IPEDS_EF2018A,0
2018,haverford,0,0,0,1,0,Race and/or ethnicity unknown,6,37,37,IPEDS_EF2018A,0
2018,haverford,0,0,0,1,0,Total,357,1305,1310,IPEDS_EF2018A,0
2018,haverford,0,0,0,1,0,"Two or more races, non-Hispanic",3,33,33,IPEDS_EF2018A,0
2018,haverford,0,0,0,1,0,"White, non-Hispanic",186,692,692,IPEDS_EF2018A,0
2018,hmc,0,0,0,0,1,"American Indian or Alaska Native, non-Hispanic",2,2,2,IPEDS_EF2018A,0
2018,hmc,0,0,0,0,1,"Asian, non-Hispanic",61,167,168,IPEDS_EF2018A,0
2018,hmc,0,0,0,0,1,"Black or African American, non-Hispanic",6,31,31,IPEDS_EF2018A,0
2018,hmc,0,0,0,0,1,Hispanic/Latino,48,176,176,IPEDS_EF2018A,0
2018,hmc,0,0,0,0,1,"Native Hawaiian or other Pacific Islander, non-Hispanic",0,4,4,IPEDS_EF2018A,0
2018,hmc,0,0,0,0,1,Nonresident,18,83,86,IPEDS_EF2018A,0
2018,hmc,0,0,0,0,1,Race and/or ethnicity unknown,15,51,63,IPEDS_EF2018A,0
2018,hmc,0,0,0,0,1,Total,234,886,902,IPEDS_EF2018A,0
2018,hmc,0,0,0,0,1,"Two or more races, non-Hispanic",19,94,94,IPEDS_EF2018A,0
2018,hmc,0,0,0,0,1,"White, non-Hispanic",65,278,278,IPEDS_EF2018A,0
2018,jhu,0,1,0,0,1,"American Indian or Alaska Native, non-Hispanic",1,7,7,IPEDS_EF2018A,0
2018,jhu,0,1,0,0,1,"Asian, non-Hispanic",364,1454,1497,IPEDS_EF2018A,0
2018,jhu,0,1,0,0,1,"Black or African American, non-Hispanic",105,395,436,IPEDS_EF2018A,0
2018,jhu,0,1,0,0,1,Hispanic/Latino,208,788,837,IPEDS_EF2018A,0
2018,jhu,0,1,0,0,1,"Native Hawaiian or other Pacific Islander, non-Hispanic",3,13,15,IPEDS_EF2018A,0
2018,jhu,0,1,0,0,1,Nonresident,156,588,653,IPEDS_EF2018A,0
2018,jhu,0,1,0,0,1,Race and/or ethnicity unknown,66,300,307,IPEDS_EF2018A,0
2018,jhu,0,1,0,0,1,Total,1420,5567,6064,IPEDS_EF2018A,0
2018,jhu,0,1,0,0,1,"Two or more races, non-Hispanic",102,318,339,IPEDS_EF2018A,0
2018,jhu,0,1,0,0,1,"White, non-Hispanic",415,1704,1973,IPEDS_EF2018A,0
2018,macalester,0,0,0,1,0,"American Indian or Alaska Native, non-Hispanic",3,4,4,IPEDS_EF2018A,0
2018,macalester,0,0,0,1,0,"Asian, non-Hispanic",65,173,174,IPEDS_EF2018A,0
2018,macalester,0,0,0,1,0,"Black or African American, non-Hispanic",19,74,74,IPEDS_EF2018A,0
2018,macalester,0,0,0,1,0,Hispanic/Latino,52,168,169,IPEDS_EF2018A,0
2018,macalester,0,0,0,1,0,"Native Hawaiian or other Pacific Islander, non-Hispanic",0,1,1,IPEDS_EF2018A,0
2018,macalester,0,0,0,1,0,Nonresident,95,336,343,IPEDS_EF2018A,0
2018,macalester,0,0,0,1,0,Race and/or ethnicity unknown,2,5,6,IPEDS_EF2018A,0
2018,macalester,0,0,0,1,0,Total,621,2160,2174,IPEDS_EF2018A,0
2018,macalester,0,0,0,1,0,"Two or more races, non-Hispanic",47,140,141,IPEDS_EF2018A,0
2018,macalester,0,0,0,1,0,"White, non-Hispanic",338,1259,1262,IPEDS_EF2018A,0
2018,middlebury,0,0,1,1,1,"American Indian or Alaska Native, non-Hispanic",0,0,0,IPEDS_EF2018A,0
2018,middlebury,0,0,1,1,1,"Asian, non-Hispanic",62,180,180,IPEDS_EF2018A,0
2018,middlebury,0,0,1,1,1,"Black or African American, non-Hispanic",28,102,102,IPEDS_EF2018A,0
2018,middlebury,0,0,1,1,1,Hispanic/Latino,75,258,258,IPEDS_EF2018A,0
2018,middlebury,0,0,1,1,1,"Native Hawaiian or other Pacific Islander, non-Hispanic",0,1,1,IPEDS_EF2018A,0
2018,middlebury,0,0,1,1,1,Nonresident,67,255,265,IPEDS_EF2018A,0
2018,middlebury,0,0,1,1,1,Race and/or ethnicity unknown,4,41,41,IPEDS_EF2018A,0
2018,middlebury,0,0,1,1,1,Total,628,2550,2564,IPEDS_EF2018A,0
2018,middlebury,0,0,1,1,1,"Two or more races, non-Hispanic",31,130,130,IPEDS_EF2018A,0
2018,middlebury,0,0,1,1,1,"White, non-Hispanic",361,1583,1587,IPEDS_EF2018A,0
2018,mit,0,1,0,0,1,"American Indian or Alaska Native, non-Hispanic",2,6,6,IPEDS_EF2018A,0
2018,mit,0,1,0,0,1,"Asian, non-Hispanic",350,1268,1268,IPEDS_EF2018A,0
2018,mit,0,1,0,0,1,"Black or African American, non-Hispanic",67,280,280,IPEDS_EF2018A,0
2018,mit,0,1,0,0,1,Hispanic/Latino,197,693,694,IPEDS_EF2018A,0
2018,mit,0,1,0,0,1,"Native Hawaiian or other Pacific Islander, non-Hispanic",2,2,2,IPEDS_EF2018A,0
2018,mit,0,1,0,0,1,Nonresident,86,457,506,IPEDS_EF2018A,0
2018,mit,0,1,0,0,1,Race and/or ethnicity unknown,14,73,74,IPEDS_EF2018A,0
2018,mit,0,1,0,0,1,Total,1114,4550,4602,IPEDS_EF2018A,0
2018,mit,0,1,0,0,1,"Two or more races, non-Hispanic",86,330,330,IPEDS_EF2018A,0
2018,mit,0,1,0,0,1,"White, non-Hispanic",310,1441,1442,IPEDS_EF2018A,0
2018,mtholyoke,0,0,0,1,0,"American Indian or Alaska Native, non-Hispanic",2,3,3,IPEDS_EF2018A,0
2018,mtholyoke,0,0,0,1,0,"Asian, non-Hispanic",62,214,215,IPEDS_EF2018A,0
2018,mtholyoke,0,0,0,1,0,"Black or African American, non-Hispanic",23,99,99,IPEDS_EF2018A,0
2018,mtholyoke,0,0,0,1,0,Hispanic/Latino,51,159,161,IPEDS_EF2018A,0
2018,mtholyoke,0,0,0,1,0,"Native Hawaiian or other Pacific Islander, non-Hispanic",2,4,4,IPEDS_EF2018A,0
2018,mtholyoke,0,0,0,1,0,Nonresident,174,595,602,IPEDS_EF2018A,0
2018,mtholyoke,0,0,0,1,0,Race and/or ethnicity unknown,15,34,34,IPEDS_EF2018A,0
2018,mtholyoke,0,0,0,1,0,Total,628,2190,2208,IPEDS_EF2018A,0
2018,mtholyoke,0,0,0,1,0,"Two or more races, non-Hispanic",28,88,88,IPEDS_EF2018A,0
2018,mtholyoke,0,0,0,1,0,"White, non-Hispanic",271,994,1002,IPEDS_EF2018A,0
2018,navy,0,0,0,0,1,"American Indian or Alaska Native, non-Hispanic",3,8,8,IPEDS_EF2018A,0
2018,navy,0,0,0,0,1,"Asian, non-Hispanic",83,322,322,IPEDS_EF2018A,0
2018,navy,0,0,0,0,1,"Black or African American, non-Hispanic",95,304,304,IPEDS_EF2018A,0
2018,navy,0,0,0,0,1,Hispanic/Latino,137,520,520,IPEDS_EF2018A,0
2018,navy,0,0,0,0,1,"Native Hawaiian or other Pacific Islander, non-Hispanic",8,27,27,IPEDS_EF2018A,0
2018,navy,0,0,0,0,1,Nonresident,14,54,54,IPEDS_EF2018A,0
2018,navy,0,0,0,0,1,Race and/or ethnicity unknown,11,48,48,IPEDS_EF2018A,0
2018,navy,0,0,0,0,1,Total,1194,4512,4512,IPEDS_EF2018A,0
2018,navy,0,0,0,0,1,"Two or more races, non-Hispanic",106,406,406,IPEDS_EF2018A,0
2018,navy,0,0,0,0,1,"White, non-Hispanic",737,2823,2823,IPEDS_EF2018A,0
2018,northwestern,0,0,0,0,1,"American Indian or Alaska Native, non-Hispanic",2,8,9,IPEDS_EF2018A,0
2018,northwestern,0,0,0,0,1,"Asian, non-Hispanic",365,1465,1487,IPEDS_EF2018A,0
2018,northwestern,0,0,0,0,1,"Black or African American, non-Hispanic",114,502,512,IPEDS_EF2018A,0
2018,northwestern,0,0,0,0,1,Hispanic/Latino,256,1058,1066,IPEDS_EF2018A,0
2018,northwestern,0,0,0,0,1,"Native Hawaiian or other Pacific Islander, non-Hispanic",0,1,1,IPEDS_EF2018A,0
2018,northwestern,0,0,0,0,1,Nonresident,213,778,782,IPEDS_EF2018A,0
2018,northwestern,0,0,0,0,1,Race and/or ethnicity unknown,58,317,386,IPEDS_EF2018A,0
2018,northwestern,0,0,0,0,1,Total,1931,8451,8642,IPEDS_EF2018A,0
2018,northwestern,0,0,0,0,1,"Two or more races, non-Hispanic",130,480,481,IPEDS_EF2018A,0
2018,northwestern,0,0,0,0,1,"White, non-Hispanic",793,3842,3918,IPEDS_EF2018A,0
2018,notredame,0,0,0,0,1,"American Indian or Alaska Native, non-Hispanic",9,19,19,IPEDS_EF2018A,0
2018,notredame,0,0,0,0,1,"Asian, non-Hispanic",85,408,408,IPEDS_EF2018A,0
2018,notredame,0,0,0,0,1,"Black or African American, non-Hispanic",82,324,324,IPEDS_EF2018A,0
2018,notredame,0,0,0,0,1,Hispanic/Latino,240,927,927,IPEDS_EF2018A,0
2018,notredame,0,0,0,0,1,"Native Hawaiian or other Pacific Islander, non-Hispanic",2,4,4,IPEDS_EF2018A,0
2018,notredame,0,0,0,0,1,Nonresident,134,541,590,IPEDS_EF2018A,0
2018,notredame,0,0,0,0,1,Race and/or ethnicity unknown,11,50,50,IPEDS_EF2018A,0
2018,notredame,0,0,0,0,1,Total,2070,8568,8617,IPEDS_EF2018A,0
2018,notredame,0,0,0,0,1,"Two or more races, non-Hispanic",105,431,431,IPEDS_EF2018A,0
2018,notredame,0,0,0,0,1,"White, non-Hispanic",1402,5864,5864,IPEDS_EF2018A,0
2018,oberlin,0,0,0,1,0,"American Indian or Alaska Native, non-Hispanic",0,0,0,IPEDS_EF2018A,0
2018,oberlin,0,0,0,1,0,"Asian, non-Hispanic",26,107,107,IPEDS_EF2018A,0
2018,oberlin,0,0,0,1,0,"Black or African American, non-Hispanic",46,142,142,IPEDS_EF2018A,0
2018,oberlin,0,0,0,1,0,Hispanic/Latino,73,234,234,IPEDS_EF2018A,0
2018,oberlin,0,0,0,1,0,"Native Hawaiian or other Pacific Islander, non-Hispanic",0,1,1,IPEDS_EF2018A,0
2018,oberlin,0,0,0,1,0,Nonresident,105,315,315,IPEDS_EF2018A,0
2018,oberlin,0,0,0,1,0,Race and/or ethnicity unknown,9,33,33,IPEDS_EF2018A,0
2018,oberlin,0,0,0,1,0,Total,804,2785,2785,IPEDS_EF2018A,0
2018,oberlin,0,0,0,1,0,"Two or more races, non-Hispanic",71,230,230,IPEDS_EF2018A,0
2018,oberlin,0,0,0,1,0,"White, non-Hispanic",474,1723,1723,IPEDS_EF2018A,0
2018,penn,1,1,0,0,1,"American Indian or Alaska Native, non-Hispanic",1,11,12,IPEDS_EF2018A,0
2018,penn,1,1,0,0,1,"Asian, non-Hispanic",561,2232,2367,IPEDS_EF2018A,0
2018,penn,1,1,0,0,1,"Black or African American, non-Hispanic",203,815,880,IPEDS_EF2018A,0
2018,penn,1,1,0,0,1,Hispanic/Latino,251,1114,1158,IPEDS_EF2018A,0
2018,penn,1,1,0,0,1,"Native Hawaiian or other Pacific Islander, non-Hispanic",4,6,6,IPEDS_EF2018A,0
2018,penn,1,1,0,0,1,Nonresident,324,1352,1590,IPEDS_EF2018A,0
2018,penn,1,1,0,0,1,Race and/or ethnicity unknown,94,220,388,IPEDS_EF2018A,0
2018,penn,1,1,0,0,1,Total,2510,10764,11851,IPEDS_EF2018A,0
2018,penn,1,1,0,0,1,"Two or more races, non-Hispanic",121,511,553,IPEDS_EF2018A,0
2018,penn,1,1,0,0,1,"White, non-Hispanic",951,4503,4897,IPEDS_EF2018A,0
2018,pomona,0,0,0,1,1,"American Indian or Alaska Native, non-Hispanic",1,6,6,IPEDS_EF2018A,0
2018,pomona,0,0,0,1,1,"Asian, non-Hispanic",62,231,238,IPEDS_EF2018A,0
2018,pomona,0,0,0,1,1,"Black or African American, non-Hispanic",42,149,149,IPEDS_EF2018A,0
2018,pomona,0,0,0,1,1,Hispanic/Latino,66,274,276,IPEDS_EF2018A,0
2018,pomona,0,0,0,1,1,"Native Hawaiian or other Pacific Islander, non-Hispanic",0,4,4,IPEDS_EF2018A,0
2018,pomona,0,0,0,1,1,Nonresident,46,177,185,IPEDS_EF2018A,0
2018,pomona,0,0,0,1,1,Race and/or ethnicity unknown,16,71,71,IPEDS_EF2018A,0
2018,pomona,0,0,0,1,1,Total,412,1549,1573,IPEDS_EF2018A,0
2018,pomona,0,0,0,1,1,"Two or more races, non-Hispanic",31,107,109,IPEDS_EF2018A,0
2018,pomona,0,0,0,1,1,"White, non-Hispanic",148,530,535,IPEDS_EF2018A,0
2018,princeton,1,1,0,0,1,"American Indian or Alaska Native, non-Hispanic",4,9,9,IPEDS_EF2018A,0
2018,princeton,1,1,0,0,1,"Asian, non-Hispanic",290,1136,1141,IPEDS_EF2018A,0
2018,princeton,1,1,0,0,1,"Black or African American, non-Hispanic",113,413,419,IPEDS_EF2018A,0
2018,princeton,1,1,0,0,1,Hispanic/Latino,135,556,562,IPEDS_EF2018A,0
2018,princeton,1,1,0,0,1,"Native Hawaiian or other Pacific Islander, non-Hispanic",1,6,6,IPEDS_EF2018A,0
2018,princeton,1,1,0,0,1,Nonresident,167,653,679,IPEDS_EF2018A,0
2018,princeton,1,1,0,0,1,Race and/or ethnicity unknown,18,75,143,IPEDS_EF2018A,0
2018,princeton,1,1,0,0,1,Total,1338,5301,5428,IPEDS_EF2018A,0
2018,princeton,1,1,0,0,1,"Two or more races, non-Hispanic",73,253,258,IPEDS_EF2018A,0
2018,princeton,1,1,0,0,1,"White, non-Hispanic",537,2200,2211,IPEDS_EF2018A,0
2018,reed,0,0,0,1,0,"American Indian or Alaska Native, non-Hispanic",0,3,3,IPEDS_EF2018A,0
2018,reed,0,0,0,1,0,"Asian, non-Hispanic",39,103,106,IPEDS_EF2018A,0
2018,reed,0,0,0,1,0,"Black or African American, non-Hispanic",9,34,34,IPEDS_EF2018A,0
2018,reed,0,0,0,1,0,Hispanic/Latino,27,149,150,IPEDS_EF2018A,0
2018,reed,0,0,0,1,0,"Native Hawaiian or other Pacific Islander, non-Hispanic",0,1,1,IPEDS_EF2018A,0
2018,reed,0,0,0,1,0,Nonresident,30,142,155,IPEDS_EF2018A,0
2018,reed,0,0,0,1,0,Race and/or ethnicity unknown,8,38,43,IPEDS_EF2018A,0
2018,reed,0,0,0,1,0,Total,363,1456,1483,IPEDS_EF2018A,0
2018,reed,0,0,0,1,0,"Two or more races, non-Hispanic",41,133,134,IPEDS_EF2018A,0
2018,reed,0,0,0,1,0,"White, non-Hispanic",209,853,857,IPEDS_EF2018A,0
2018,rice,0,0,0,0,1,"American Indian or Alaska Native, non-Hispanic",1,6,6,IPEDS_EF2018A,0
2018,rice,0,0,0,0,1,"Asian, non-Hispanic",229,1018,1018,IPEDS_EF2018A,0
2018,rice,0,0,0,0,1,"Black or African American, non-Hispanic",83,283,283,IPEDS_EF2018A,0
2018,rice,0,0,0,0,1,Hispanic/Latino,167,615,615,IPEDS_EF2018A,0
2018,rice,0,0,0,0,1,"Native Hawaiian or other Pacific Islander, non-Hispanic",1,6,6,IPEDS_EF2018A,0
2018,rice,0,0,0,0,1,Nonresident,119,467,495,IPEDS_EF2018A,0
2018,rice,0,0,0,0,1,Race and/or ethnicity unknown,9,72,73,IPEDS_EF2018A,0
2018,rice,0,0,0,0,1,Total,958,3962,3992,IPEDS_EF2018A,0
2018,rice,0,0,0,0,1,"Two or more races, non-Hispanic",49,178,178,IPEDS_EF2018A,0
2018,rice,0,0,0,0,1,"White, non-Hispanic",300,1317,1318,IPEDS_EF2018A,0
2018,richmond,0,0,0,0,1,"American Indian or Alaska Native, non-Hispanic",1,3,3,IPEDS_EF2018A,0
2018,richmond,0,0,0,0,1,"Asian, non-Hispanic",60,230,231,IPEDS_EF2018A,0
2018,richmond,0,0,0,0,1,"Black or African American, non-Hispanic",59,252,257,IPEDS_EF2018A,0
2018,richmond,0,0,0,0,1,Hispanic/Latino,80,265,266,IPEDS_EF2018A,0
2018,richmond,0,0,0,0,1,"Native Hawaiian or other Pacific Islander, non-Hispanic",1,1,1,IPEDS_EF2018A,0
2018,richmond,0,0,0,0,1,Nonresident,76,295,355,IPEDS_EF2018A,0
2018,richmond,0,0,0,0,1,Race and/or ethnicity unknown,38,153,153,IPEDS_EF2018A,0
2018,richmond,0,0,0,0,1,Total,832,3215,3295,IPEDS_EF2018A,0
2018,richmond,0,0,0,0,1,"Two or more races, non-Hispanic",30,129,129,IPEDS_EF2018A,0
2018,richmond,0,0,0,0,1,"White, non-Hispanic",487,1887,1900,IPEDS_EF2018A,0
2018,sarahlawrence,0,0,0,1,0,"American Indian or Alaska Native, non-Hispanic",0,1,1,IPEDS_EF2018A,0
2018,sarahlawrence,0,0,0,1,0,"Asian, non-Hispanic",27,68,68,IPEDS_EF2018A,0
2018,sarahlawrence,0,0,0,1,0,"Black or African American, non-Hispanic",19,65,65,IPEDS_EF2018A,0
2018,sarahlawrence,0,0,0,1,0,Hispanic/Latino,42,132,132,IPEDS_EF2018A,0
2018,sarahlawrence,0,0,0,1,0,"Native Hawaiian or other Pacific Islander, non-Hispanic",0,0,0,IPEDS_EF2018A,0
2018,sarahlawrence,0,0,0,1,0,Nonresident,44,170,170,IPEDS_EF2018A,0
2018,sarahlawrence,0,0,0,1,0,Race and/or ethnicity unknown,20,103,144,IPEDS_EF2018A,0
2018,sarahlawrence,0,0,0,1,0,Total,425,1369,1410,IPEDS_EF2018A,0
2018,sarahlawrence,0,0,0,1,0,"Two or more races, non-Hispanic",25,86,86,IPEDS_EF2018A,0
2018,sarahlawrence,0,0,0,1,0,"White, non-Hispanic",248,744,744,IPEDS_EF2018A,0
2018,smith,0,0,0,1,1,"American Indian or Alaska Native, non-Hispanic",1,3,3,IPEDS_EF2018A,0
2018,smith,0,0,0,1,1,"Asian, non-Hispanic",60,233,233,IPEDS_EF2018A,0
2018,smith,0,0,0,1,1,"Black or African American, non-Hispanic",37,166,166,IPEDS_EF2018A,0
2018,smith,0,0,0,1,1,Hispanic/Latino,81,288,288,IPEDS_EF2018A,0
2018,smith,0,0,0,1,1,"Native Hawaiian or other Pacific Islander, non-Hispanic",0,2,2,IPEDS_EF2018A,0
2018,smith,0,0,0,1,1,Nonresident,84,344,348,IPEDS_EF2018A,0
2018,smith,0,0,0,1,1,Race and/or ethnicity unknown,18,147,148,IPEDS_EF2018A,0
2018,smith,0,0,0,1,1,Total,613,2496,2502,IPEDS_EF2018A,0
2018,smith,0,0,0,1,1,"Two or more races, non-Hispanic",35,120,120,IPEDS_EF2018A,0
2018,smith,0,0,0,1,1,"White, non-Hispanic",297,1193,1194,IPEDS_EF2018A,0
2018,stanford,0,1,0,0,1,"American Indian or Alaska Native, non-Hispanic",12,56,56,IPEDS_EF2018A,0
2018,stanford,0,1,0,0,1,"Asian, non-Hispanic",386,1552,1552,IPEDS_EF2018A,0
2018,stanford,0,1,0,0,1,"Black or African American, non-Hispanic",98,460,462,IPEDS_EF2018A,0
2018,stanford,0,1,0,0,1,Hispanic/Latino,287,1113,1113,IPEDS_EF2018A,0
2018,stanford,0,1,0,0,1,"Native Hawaiian or other Pacific Islander, non-Hispanic",7,22,22,IPEDS_EF2018A,0
2018,stanford,0,1,0,0,1,Nonresident,192,739,739,IPEDS_EF2018A,0
2018,stanford,0,1,0,0,1,Race and/or ethnicity unknown,6,55,55,IPEDS_EF2018A,0
2018,stanford,0,1,0,0,1,Total,1696,7083,7087,IPEDS_EF2018A,0
2018,stanford,0,1,0,0,1,"Two or more races, non-Hispanic",175,671,673,IPEDS_EF2018A,0
2018,stanford,0,1,0,0,1,"White, non-Hispanic",533,2415,2415,IPEDS_EF2018A,0
2018,stolaf,0,0,0,1,0,"American Indian or Alaska Native, non-Hispanic",0,1,1,IPEDS_EF2018A,0
2018,stolaf,0,0,0,1,0,"Asian, non-Hispanic",57,212,213,IPEDS_EF2018A,0
2018,stolaf,0,0,0,1,0,"Black or African American, non-Hispanic",22,77,77,IPEDS_EF2018A,0
2018,stolaf,0,0,0,1,0,Hispanic/Latino,64,203,205,IPEDS_EF2018A,0
2018,stolaf,0,0,0,1,0,"Native Hawaiian or other Pacific Islander, non-Hispanic",0,2,2,IPEDS_EF2018A,0
2018,stolaf,0,0,0,1,0,Nonresident,75,301,311,IPEDS_EF2018A,0
2018,stolaf,0,0,0,1,0,Race and/or ethnicity unknown,4,26,27,IPEDS_EF2018A,0
2018,stolaf,0,0,0,1,0,Total,809,3022,3048,IPEDS_EF2018A,0
2018,stolaf,0,0,0,1,0,"Two or more races, non-Hispanic",38,108,109,IPEDS_EF2018A,0
2018,stolaf,0,0,0,1,0,"White, non-Hispanic",549,2092,2103,IPEDS_EF2018A,0
2018,swarthmore,0,0,0,1,1,"American Indian or Alaska Native, non-Hispanic",2,4,4,IPEDS_EF2018A,0
2018,swarthmore,0,0,0,1,1,"Asian, non-Hispanic",66,255,255,IPEDS_EF2018A,0
2018,swarthmore,0,0,0,1,1,"Black or African American, non-Hispanic",30,118,118,IPEDS_EF2018A,0
2018,swarthmore,0,0,0,1,1,Hispanic/Latino,57,200,204,IPEDS_EF2018A,0
2018,swarthmore,0,0,0,1,1,"Native Hawaiian or other Pacific Islander, non-Hispanic",1,2,2,IPEDS_EF2018A,0
2018,swarthmore,0,0,0,1,1,Nonresident,55,204,209,IPEDS_EF2018A,0
2018,swarthmore,0,0,0,1,1,Race and/or ethnicity unknown,14,57,58,IPEDS_EF2018A,0
2018,swarthmore,0,0,0,1,1,Total,414,1544,1559,IPEDS_EF2018A,0
2018,swarthmore,0,0,0,1,1,"Two or more races, non-Hispanic",34,108,109,IPEDS_EF2018A,0
2018,swarthmore,0,0,0,1,1,"White, non-Hispanic",155,596,600,IPEDS_EF2018A,0
2018,trinity,0,0,1,1,0,"American Indian or Alaska Native, non-Hispanic",0,2,2,IPEDS_EF2018A,0
2018,trinity,0,0,1,1,0,"Asian, non-Hispanic",22,80,81,IPEDS_EF2018A,0
2018,trinity,0,0,1,1,0,"Black or African American, non-Hispanic",33,134,134,IPEDS_EF2018A,0
2018,trinity,0,0,1,1,0,Hispanic/Latino,52,186,186,IPEDS_EF2018A,0
2018,trinity,0,0,1,1,0,"Native Hawaiian or other Pacific Islander, non-Hispanic",0,0,0,IPEDS_EF2018A,0
2018,trinity,0,0,1,1,0,Nonresident,89,283,284,IPEDS_EF2018A,0
2018,trinity,0,0,1,1,0,Race and/or ethnicity unknown,8,52,67,IPEDS_EF2018A,0
2018,trinity,0,0,1,1,0,Total,579,2162,2182,IPEDS_EF2018A,0
2018,trinity,0,0,1,1,0,"Two or more races, non-Hispanic",17,58,58,IPEDS_EF2018A,0
2018,trinity,0,0,1,1,0,"White, non-Hispanic",358,1367,1370,IPEDS_EF2018A,0
2018,tufts,0,0,1,1,0,"American Indian or Alaska Native, non-Hispanic",1,1,1,IPEDS_EF2018A,0
2018,tufts,0,0,1,1,0,"Asian, non-Hispanic",229,733,736,IPEDS_EF2018A,0
2018,tufts,0,0,1,1,0,"Black or African American, non-Hispanic",73,239,240,IPEDS_EF2018A,0
2018,tufts,0,0,1,1,0,Hispanic/Latino,117,388,389,IPEDS_EF2018A,0
2018,tufts,0,0,1,1,0,"Native Hawaiian or other Pacific Islander, non-Hispanic",1,1,1,IPEDS_EF2018A,0
2018,tufts,0,0,1,1,0,Nonresident,159,588,590,IPEDS_EF2018A,0
2018,tufts,0,0,1,1,0,Race and/or ethnicity unknown,64,263,288,IPEDS_EF2018A,0
2018,tufts,0,0,1,1,0,Total,1541,5597,5643,IPEDS_EF2018A,0
2018,tufts,0,0,1,1,0,"Two or more races, non-Hispanic",91,295,296,IPEDS_EF2018A,0
2018,tufts,0,0,1,1,0,"White, non-Hispanic",806,3089,3102,IPEDS_EF2018A,0
2018,uchicago,0,1,0,0,1,"American Indian or Alaska Native, non-Hispanic",1,7,7,IPEDS_EF2018A,0
2018,uchicago,0,1,0,0,1,"Asian, non-Hispanic",353,1266,1268,IPEDS_EF2018A,0
2018,uchicago,0,1,0,0,1,"Black or African American, non-Hispanic",91,342,346,IPEDS_EF2018A,0
2018,uchicago,0,1,0,0,1,Hispanic/Latino,267,903,905,IPEDS_EF2018A,0
2018,uchicago,0,1,0,0,1,"Native Hawaiian or other Pacific Islander, non-Hispanic",1,1,1,IPEDS_EF2018A,0
2018,uchicago,0,1,0,0,1,Nonresident,281,922,932,IPEDS_EF2018A,0
2018,uchicago,0,1,0,0,1,Race and/or ethnicity unknown,52,139,148,IPEDS_EF2018A,0
2018,uchicago,0,1,0,0,1,Total,1809,6600,6632,IPEDS_EF2018A,0
2018,uchicago,0,1,0,0,1,"Two or more races, non-Hispanic",131,426,426,IPEDS_EF2018A,0
2018,uchicago,0,1,0,0,1,"White, non-Hispanic",632,2594,2599,IPEDS_EF2018A,0
2018,ucla,0,0,0,0,1,"American Indian or Alaska Native, non-Hispanic",16,67,67,IPEDS_EF2018A,0
2018,ucla,0,0,0,0,1,"Asian, non-Hispanic",1891,8823,8823,IPEDS_EF2018A,0
2018,ucla,0,0,0,0,1,"Black or African American, non-Hispanic",219,1080,1080,IPEDS_EF2018A,0
2018,ucla,0,0,0,0,1,Hispanic/Latino,1236,6994,6994,IPEDS_EF2018A,0
2018,ucla,0,0,0,0,1,"Native Hawaiian or other Pacific Islander, non-Hispanic",12,82,82,IPEDS_EF2018A,0
2018,ucla,0,0,0,0,1,Nonresident,644,3645,3654,IPEDS_EF2018A,0
2018,ucla,0,0,0,0,1,Race and/or ethnicity unknown,177,746,746,IPEDS_EF2018A,0
2018,ucla,0,0,0,0,1,Total,6240,31568,31577,IPEDS_EF2018A,0
2018,ucla,0,0,0,0,1,"Two or more races, non-Hispanic",401,1735,1735,IPEDS_EF2018A,0
2018,ucla,0,0,0,0,1,"White, non-Hispanic",1644,8396,8396,IPEDS_EF2018A,0
2018,umich,0,0,0,0,1,"American Indian or Alaska Native, non-Hispanic",3,35,36,IPEDS_EF2018A,0
2018,umich,0,0,0,0,1,"Asian, non-Hispanic",1131,4416,4435,IPEDS_EF2018A,0
2018,umich,0,0,0,0,1,"Black or African American, non-Hispanic",266,1283,1284,IPEDS_EF2018A,0
2018,umich,0,0,0,0,1,Hispanic/Latino,495,1904,1911,IPEDS_EF2018A,0
2018,umich,0,0,0,0,1,"Native Hawaiian or other Pacific Islander, non-Hispanic",0,15,16,IPEDS_EF2018A,0
2018,umich,0,0,0,0,1,Nonresident,292,2107,2244,IPEDS_EF2018A,0
2018,umich,0,0,0,0,1,Race and/or ethnicity unknown,355,1383,1399,IPEDS_EF2018A,0
2018,umich,0,0,0,0,1,Total,6695,30079,30318,IPEDS_EF2018A,0
2018,umich,0,0,0,0,1,"Two or more races, non-Hispanic",369,1332,1337,IPEDS_EF2018A,0
2018,umich,0,0,0,0,1,"White, non-Hispanic",3784,17604,17656,IPEDS_EF2018A,0
2018,union,0,0,0,1,0,"American Indian or Alaska Native, non-Hispanic",0,2,2,IPEDS_EF2018A,0
2018,union,0,0,0,1,0,"Asian, non-Hispanic",32,118,118,IPEDS_EF2018A,0
2018,union,0,0,0,1,0,"Black or African American, non-Hispanic",18,84,84,IPEDS_EF2018A,0
2018,union,0,0,0,1,0,Hispanic/Latino,46,175,175,IPEDS_EF2018A,0
2018,union,0,0,0,1,0,"Native Hawaiian or other Pacific Islander, non-Hispanic",0,0,0,IPEDS_EF2018A,0
2018,union,0,0,0,1,0,Nonresident,56,190,191,IPEDS_EF2018A,0
2018,union,0,0,0,1,0,Race and/or ethnicity unknown,0,3,19,IPEDS_EF2018A,0
2018,union,0,0,0,1,0,Total,571,2180,2197,IPEDS_EF2018A,0
2018,union,0,0,0,1,0,"Two or more races, non-Hispanic",18,72,72,IPEDS_EF2018A,0
2018,union,0,0,0,1,0,"White, non-Hispanic",401,1536,1536,IPEDS_EF2018A,0
2018,vanderbilt,0,0,0,0,1,"American Indian or Alaska Native, non-Hispanic",5,31,31,IPEDS_EF2018A,0
2018,vanderbilt,0,0,0,0,1,"Asian, non-Hispanic",240,952,953,IPEDS_EF2018A,0
2018,vanderbilt,0,0,0,0,1,"Black or African American, non-Hispanic",190,739,739,IPEDS_EF2018A,0
2018,vanderbilt,0,0,0,0,1,Hispanic/Latino,162,682,682,IPEDS_EF2018A,0
2018,vanderbilt,0,0,0,0,1,"Native Hawaiian or other Pacific Islander, non-Hispanic",6,23,23,IPEDS_EF2018A,0
2018,vanderbilt,0,0,0,0,1,Nonresident,199,599,607,IPEDS_EF2018A,0
2018,vanderbilt,0,0,0,0,1,Race and/or ethnicity unknown,72,327,336,IPEDS_EF2018A,0
2018,vanderbilt,0,0,0,0,1,Total,1602,6840,6861,IPEDS_EF2018A,0
2018,vanderbilt,0,0,0,0,1,"Two or more races, non-Hispanic",89,384,384,IPEDS_EF2018A,0
2018,vanderbilt,0,0,0,0,1,"White, non-Hispanic",639,3103,3106,IPEDS_EF2018A,0
2018,vassar,0,0,0,1,1,"American Indian or Alaska Native, non-Hispanic",0,1,1,IPEDS_EF2018A,0
2018,vassar,0,0,0,1,1,"Asian, non-Hispanic",78,290,291,IPEDS_EF2018A,0
2018,vassar,0,0,0,1,1,"Black or African American, non-Hispanic",28,99,99,IPEDS_EF2018A,0
2018,vassar,0,0,0,1,1,Hispanic/Latino,69,280,280,IPEDS_EF2018A,0
2018,vassar,0,0,0,1,1,"Native Hawaiian or other Pacific Islander, non-Hispanic",0,0,0,IPEDS_EF2018A,0
2018,vassar,0,0,0,1,1,Nonresident,70,208,209,IPEDS_EF2018A,0
2018,vassar,0,0,0,1,1,Race and/or ethnicity unknown,0,4,19,IPEDS_EF2018A,0
2018,vassar,0,0,0,1,1,Total,685,2436,2456,IPEDS_EF2018A,0
2018,vassar,0,0,0,1,1,"Two or more races, non-Hispanic",52,187,187,IPEDS_EF2018A,0
2018,vassar,0,0,0,1,1,"White, non-Hispanic",388,1367,1370,IPEDS_EF2018A,0
2018,washandlee,0,0,0,1,1,"American Indian or Alaska Native, non-Hispanic",0,0,0,IPEDS_EF2018A,0
2018,washandlee,0,0,0,1,1,"Asian, non-Hispanic",22,68,68,IPEDS_EF2018A,0
2018,washandlee,0,0,0,1,1,"Black or African American, non-Hispanic",17,49,49,IPEDS_EF2018A,0
2018,washandlee,0,0,0,1,1,Hispanic/Latino,28,87,87,IPEDS_EF2018A,0
2018,washandlee,0,0,0,1,1,"Native Hawaiian or other Pacific Islander, non-Hispanic",0,0,0,IPEDS_EF2018A,0
2018,washandlee,0,0,0,1,1,Nonresident,17,70,73,IPEDS_EF2018A,0
2018,washandlee,0,0,0,1,1,Race and/or ethnicity unknown,3,12,12,IPEDS_EF2018A,0
2018,washandlee,0,0,0,1,1,Total,474,1822,1829,IPEDS_EF2018A,0
2018,washandlee,0,0,0,1,1,"Two or more races, non-Hispanic",24,65,65,IPEDS_EF2018A,0
2018,washandlee,0,0,0,1,1,"White, non-Hispanic",363,1471,1475,IPEDS_EF2018A,0
2018,wellesley,0,0,0,1,1,"American Indian or Alaska Native, non-Hispanic",0,3,3,IPEDS_EF2018A,0
2018,wellesley,0,0,0,1,1,"Asian, non-Hispanic",122,520,523,IPEDS_EF2018A,0
2018,wellesley,0,0,0,1,1,"Black or African American, non-Hispanic",42,156,157,IPEDS_EF2018A,0
2018,wellesley,0,0,0,1,1,Hispanic/Latino,90,317,318,IPEDS_EF2018A,0
2018,wellesley,0,0,0,1,1,"Native Hawaiian or other Pacific Islander, non-Hispanic",0,0,0,IPEDS_EF2018A,0
2018,wellesley,0,0,0,1,1,Nonresident,85,324,343,IPEDS_EF2018A,0
2018,wellesley,0,0,0,1,1,Race and/or ethnicity unknown,2,3,116,IPEDS_EF2018A,0
2018,wellesley,0,0,0,1,1,Total,614,2392,2534,IPEDS_EF2018A,0
2018,wellesley,0,0,0,1,1,"Two or more races, non-Hispanic",38,152,153,IPEDS_EF2018A,0
2018,wellesley,0,0,0,1,1,"White, non-Hispanic",235,917,921,IPEDS_EF2018A,0
2018,wesleyan,0,0,1,1,1,"American Indian or Alaska Native, non-Hispanic",0,1,2,IPEDS_EF2018A,0
2018,wesleyan,0,0,1,1,1,"Asian, non-Hispanic",50,214,216,IPEDS_EF2018A,0
2018,wesleyan,0,0,1,1,1,"Black or African American, non-Hispanic",41,173,204,IPEDS_EF2018A,0
2018,wesleyan,0,0,1,1,1,Hispanic/Latino,84,339,349,IPEDS_EF2018A,0
2018,wesleyan,0,0,1,1,1,"Native Hawaiian or other Pacific Islander, non-Hispanic",0,1,1,IPEDS_EF2018A,0
2018,wesleyan,0,0,1,1,1,Nonresident,102,364,368,IPEDS_EF2018A,0
2018,wesleyan,0,0,1,1,1,Race and/or ethnicity unknown,15,81,92,IPEDS_EF2018A,0
2018,wesleyan,0,0,1,1,1,Total,803,2922,3009,IPEDS_EF2018A,0
2018,wesleyan,0,0,1,1,1,"Two or more races, non-Hispanic",53,182,182,IPEDS_EF2018A,0
2018,wesleyan,0,0,1,1,1,"White, non-Hispanic",458,1567,1595,IPEDS_EF2018A,0
2018,williams,0,0,1,1,1,"American Indian or Alaska Native, non-Hispanic",1,2,3,IPEDS_EF2018A,0
2018,williams,0,0,1,1,1,"Asian, non-Hispanic",67,256,258,IPEDS_EF2018A,0
2018,williams,0,0,1,1,1,"Black or African American, non-Hispanic",33,166,167,IPEDS_EF2018A,0
2018,williams,0,0,1,1,1,Hispanic/Latino,65,266,271,IPEDS_EF2018A,0
2018,williams,0,0,1,1,1,"Native Hawaiian or other Pacific Islander, non-Hispanic",0,0,0,IPEDS_EF2018A,0
2018,williams,0,0,1,1,1,Nonresident,45,158,171,IPEDS_EF2018A,0
2018,williams,0,0,1,1,1,Race and/or ethnicity unknown,29,54,54,IPEDS_EF2018A,0
2018,williams,0,0,1,1,1,Total,533,2028,2095,IPEDS_EF2018A,0
2018,williams,0,0,1,1,1,"Two or more races, non-Hispanic",30,106,108,IPEDS_EF2018A,0
2018,williams,0,0,1,1,1,"White, non-Hispanic",263,1020,1063,IPEDS_EF2018A,0
2018,wustl,0,0,0,0,1,"American Indian or Alaska Native, non-Hispanic",0,3,3,IPEDS_EF2018A,0
2018,wustl,0,0,0,0,1,"Asian, non-Hispanic",291,1208,1238,IPEDS_EF2018A,0
2018,wustl,0,0,0,0,1,"Black or African American, non-Hispanic",172,663,721,IPEDS_EF2018A,0
2018,wustl,0,0,0,0,1,Hispanic/Latino,169,688,704,IPEDS_EF2018A,0
2018,wustl,0,0,0,0,1,"Native Hawaiian or other Pacific Islander, non-Hispanic",4,5,5,IPEDS_EF2018A,0
2018,wustl,0,0,0,0,1,Nonresident,130,551,607,IPEDS_EF2018A,0
2018,wustl,0,0,0,0,1,Race and/or ethnicity unknown,44,139,161,IPEDS_EF2018A,0
2018,wustl,0,0,0,0,1,Total,1797,7356,7751,IPEDS_EF2018A,0
2018,wustl,0,0,0,0,1,"Two or more races, non-Hispanic",90,349,353,IPEDS_EF2018A,0
2018,wustl,0,0,0,0,1,"White, non-Hispanic",897,3750,3959,IPEDS_EF2018A,0
2018,yale,1,1,0,0,1,"American Indian or Alaska Native, non-Hispanic",6,28,28,IPEDS_EF2018A,0
2018,yale,1,1,0,0,1,"Asian, non-Hispanic",306,1122,1122,IPEDS_EF2018A,0
2018,yale,1,1,0,0,1,"Black or African American, non-Hispanic",129,449,449,IPEDS_EF2018A,0
2018,yale,1,1,0,0,1,Hispanic/Latino,236,798,798,IPEDS_EF2018A,0
2018,yale,1,1,0,0,1,"Native Hawaiian or other Pacific Islander, non-Hispanic",2,4,4,IPEDS_EF2018A,0
2018,yale,1,1,0,0,1,Nonresident,172,646,646,IPEDS_EF2018A,0
2018,yale,1,1,0,0,1,Race and/or ethnicity unknown,7,26,26,IPEDS_EF2018A,0
2018,yale,1,1,0,0,1,Total,1573,5963,5964,IPEDS_EF2018A,0
2018,yale,1,1,0,0,1,"Two or more races, non-Hispanic",96,367,367,IPEDS_EF2018A,0
2018,yale,1,1,0,0,1,"White, non-Hispanic",619,2523,2524,IPEDS_EF2018A,0
2019,airforce,0,0,0,0,1,"American Indian or Alaska Native, non-Hispanic",0,11,11,IPEDS_EF2019A,0
2019,airforce,0,0,0,0,1,"Asian, non-Hispanic",63,251,251,IPEDS_EF2019A,0
2019,airforce,0,0,0,0,1,"Black or African American, non-Hispanic",69,282,282,IPEDS_EF2019A,0
2019,airforce,0,0,0,0,1,Hispanic/Latino,138,464,464,IPEDS_EF2019A,0
2019,airforce,0,0,0,0,1,"Native Hawaiian or other Pacific Islander, non-Hispanic",3,22,22,IPEDS_EF2019A,0
2019,airforce,0,0,0,0,1,Nonresident,12,58,58,IPEDS_EF2019A,0
2019,airforce,0,0,0,0,1,Race and/or ethnicity unknown,20,134,134,IPEDS_EF2019A,0
2019,airforce,0,0,0,0,1,Total,1132,4304,4304,IPEDS_EF2019A,0
2019,airforce,0,0,0,0,1,"Two or more races, non-Hispanic",84,320,320,IPEDS_EF2019A,0
2019,airforce,0,0,0,0,1,"White, non-Hispanic",743,2762,2762,IPEDS_EF2019A,0
2019,amherst,0,0,1,1,1,"American Indian or Alaska Native, non-Hispanic",2,9,9,IPEDS_EF2019A,0
2019,amherst,0,0,1,1,1,"Asian, non-Hispanic",66,272,272,IPEDS_EF2019A,0
2019,amherst,0,0,1,1,1,"Black or African American, non-Hispanic",49,187,187,IPEDS_EF2019A,0
2019,amherst,0,0,1,1,1,Hispanic/Latino,66,242,242,IPEDS_EF2019A,0
2019,amherst,0,0,1,1,1,"Native Hawaiian or other Pacific Islander, non-Hispanic",2,2,2,IPEDS_EF2019A,0
2019,amherst,0,0,1,1,1,Nonresident,53,162,162,IPEDS_EF2019A,0
2019,amherst,0,0,1,1,1,Race and/or ethnicity unknown,19,49,49,IPEDS_EF2019A,0
2019,amherst,0,0,1,1,1,Total,470,1839,1839,IPEDS_EF2019A,0
2019,amherst,0,0,1,1,1,"Two or more races, non-Hispanic",27,120,120,IPEDS_EF2019A,0
2019,amherst,0,0,1,1,1,"White, non-Hispanic",186,796,796,IPEDS_EF2019A,0
2019,army,0,0,0,0,1,"American Indian or Alaska Native, non-Hispanic",5,37,37,IPEDS_EF2019A,0
2019,army,0,0,0,0,1,"Asian, non-Hispanic",90,357,357,IPEDS_EF2019A,0
2019,army,0,0,0,0,1,"Black or African American, non-Hispanic",145,545,545,IPEDS_EF2019A,0
2019,army,0,0,0,0,1,Hispanic/Latino,114,447,447,IPEDS_EF2019A,0
2019,army,0,0,0,0,1,"Native Hawaiian or other Pacific Islander, non-Hispanic",5,8,8,IPEDS_EF2019A,0
2019,army,0,0,0,0,1,Nonresident,16,59,59,IPEDS_EF2019A,0
2019,army,0,0,0,0,1,Race and/or ethnicity unknown,5,43,43,IPEDS_EF2019A,0
2019,army,0,0,0,0,1,Total,1171,4457,4457,IPEDS_EF2019A,0
2019,army,0,0,0,0,1,"Two or more races, non-Hispanic",26,128,128,IPEDS_EF2019A,0
2019,army,0,0,0,0,1,"White, non-Hispanic",765,2833,2833,IPEDS_EF2019A,0
2019,barnard,0,0,0,1,1,"American Indian or Alaska Native, non-Hispanic",1,3,3,IPEDS_EF2019A,0
2019,barnard,0,0,0,1,1,"Asian, non-Hispanic",117,405,405,IPEDS_EF2019A,0
2019,barnard,0,0,0,1,1,"Black or African American, non-Hispanic",38,140,142,IPEDS_EF2019A,0
2019,barnard,0,0,0,1,1,Hispanic/Latino,63,297,297,IPEDS_EF2019A,0
2019,barnard,0,0,0,1,1,"Native Hawaiian or other Pacific Islander, non-Hispanic",1,3,3,IPEDS_EF2019A,0
2019,barnard,0,0,0,1,1,Nonresident,76,296,302,IPEDS_EF2019A,0
2019,barnard,0,0,0,1,1,Race and/or ethnicity unknown,4,11,11,IPEDS_EF2019A,0
2019,barnard,0,0,0,1,1,Total,632,2622,2631,IPEDS_EF2019A,0
2019,barnard,0,0,0,1,1,"Two or more races, non-Hispanic",46,163,163,IPEDS_EF2019A,0
2019,barnard,0,0,0,1,1,"White, non-Hispanic",286,1304,1305,IPEDS_EF2019A,0
2019,bates,0,0,1,1,1,"American Indian or Alaska Native, non-Hispanic",2,2,2,IPEDS_EF2019A,0
2019,bates,0,0,1,1,1,"Asian, non-Hispanic",33,91,91,IPEDS_EF2019A,0
2019,bates,0,0,1,1,1,"Black or African American, non-Hispanic",32,101,101,IPEDS_EF2019A,0
2019,bates,0,0,1,1,1,Hispanic/Latino,36,139,139,IPEDS_EF2019A,0
2019,bates,0,0,1,1,1,"Native Hawaiian or other Pacific Islander, non-Hispanic",1,2,2,IPEDS_EF2019A,0
2019,bates,0,0,1,1,1,Nonresident,41,150,150,IPEDS_EF2019A,0
2019,bates,0,0,1,1,1,Race and/or ethnicity unknown,2,10,10,IPEDS_EF2019A,0
2019,bates,0,0,1,1,1,Total,499,1820,1820,IPEDS_EF2019A,0
2019,bates,0,0,1,1,1,"Two or more races, non-Hispanic",35,103,103,IPEDS_EF2019A,0
2019,bates,0,0,1,1,1,"White, non-Hispanic",317,1222,1222,IPEDS_EF2019A,0
2019,berkeley,0,0,0,0,1,"American Indian or Alaska Native, non-Hispanic",8,34,34,IPEDS_EF2019A,0
2019,berkeley,0,0,0,0,1,"Asian, non-Hispanic",2521,11137,11138,IPEDS_EF2019A,0
2019,berkeley,0,0,0,0,1,"Black or African American, non-Hispanic",103,600,601,IPEDS_EF2019A,0
2019,berkeley,0,0,0,0,1,Hispanic/Latino,1005,5043,5043,IPEDS_EF2019A,0
2019,berkeley,0,0,0,0,1,"Native Hawaiian or other Pacific Islander, non-Hispanic",12,53,53,IPEDS_EF2019A,0
2019,berkeley,0,0,0,0,1,Nonresident,848,3984,3984,IPEDS_EF2019A,0
2019,berkeley,0,0,0,0,1,Race and/or ethnicity unknown,219,1147,1147,IPEDS_EF2019A,0
2019,berkeley,0,0,0,0,1,Total,6454,31345,31348,IPEDS_EF2019A,0
2019,berkeley,0,0,0,0,1,"Two or more races, non-Hispanic",367,1836,1836,IPEDS_EF2019A,0
2019,berkeley,0,0,0,0,1,"White, non-Hispanic",1371,7511,7512,IPEDS_EF2019A,0
2019,bowdoin,0,0,1,1,1,"American Indian or Alaska Native, non-Hispanic",1,6,6,IPEDS_EF2019A,0
2019,bowdoin,0,0,1,1,1,"Asian, non-Hispanic",33,132,132,IPEDS_EF2019A,0
2019,bowdoin,0,0,1,1,1,"Black or African American, non-Hispanic",33,140,140,IPEDS_EF2019A,0
2019,bowdoin,0,0,1,1,1,Hispanic/Latino,64,208,208,IPEDS_EF2019A,0
2019,bowdoin,0,0,1,1,1,"Native Hawaiian or other Pacific Islander, non-Hispanic",1,3,3,IPEDS_EF2019A,0
2019,bowdoin,0,0,1,1,1,Nonresident,37,120,121,IPEDS_EF2019A,0
2019,bowdoin,0,0,1,1,1,Race and/or ethnicity unknown,0,9,9,IPEDS_EF2019A,0
2019,bowdoin,0,0,1,1,1,Total,498,1832,1835,IPEDS_EF2019A,0
2019,bowdoin,0,0,1,1,1,"Two or more races, non-Hispanic",44,128,128,IPEDS_EF2019A,0
2019,bowdoin,0,0,1,1,1,"White, non-Hispanic",285,1086,1088,IPEDS_EF2019A,0
2019,brown,1,1,0,0,1,"American Indian or Alaska Native, non-Hispanic",3,24,24,IPEDS_EF2019A,0
2019,brown,1,1,0,0,1,"Asian, non-Hispanic",306,1140,1172,IPEDS_EF2019A,0
2019,brown,1,1,0,0,1,"Black or African American, non-Hispanic",126,463,468,IPEDS_EF2019A,0
2019,brown,1,1,0,0,1,Hispanic/Latino,163,759,769,IPEDS_EF2019A,0
2019,brown,1,1,0,0,1,"Native Hawaiian or other Pacific Islander, non-Hispanic",3,12,12,IPEDS_EF2019A,0
2019,brown,1,1,0,0,1,Nonresident,190,782,932,IPEDS_EF2019A,0
2019,brown,1,1,0,0,1,Race and/or ethnicity unknown,78,316,401,IPEDS_EF2019A,0
2019,brown,1,1,0,0,1,Total,1660,6834,7160,IPEDS_EF2019A,0
2019,brown,1,1,0,0,1,"Two or more races, non-Hispanic",118,415,419,IPEDS_EF2019A,0
2019,brown,1,1,0,0,1,"White, non-Hispanic",673,2923,2963,IPEDS_EF2019A,0
2019,brynmawr,0,0,0,1,0,"American Indian or Alaska Native, non-Hispanic",0,0,0,IPEDS_EF2019A,0
2019,brynmawr,0,0,0,1,0,"Asian, non-Hispanic",42,158,158,IPEDS_EF2019A,0
2019,brynmawr,0,0,0,1,0,"Black or African American, non-Hispanic",14,75,75,IPEDS_EF2019A,0
2019,brynmawr,0,0,0,1,0,Hispanic/Latino,31,136,136,IPEDS_EF2019A,0
2019,brynmawr,0,0,0,1,0,"Native Hawaiian or other Pacific Islander, non-Hispanic",0,8,8,IPEDS_EF2019A,0
2019,brynmawr,0,0,0,1,0,Nonresident,65,287,291,IPEDS_EF2019A,0
2019,brynmawr,0,0,0,1,0,Race and/or ethnicity unknown,7,61,64,IPEDS_EF2019A,0
2019,brynmawr,0,0,0,1,0,Total,374,1381,1389,IPEDS_EF2019A,0
2019,brynmawr,0,0,0,1,0,"Two or more races, non-Hispanic",20,74,74,IPEDS_EF2019A,0
2019,brynmawr,0,0,0,1,0,"White, non-Hispanic",195,582,583,IPEDS_EF2019A,0
2019,bucknell,0,0,0,1,0,"American Indian or Alaska Native, non-Hispanic",0,2,2,IPEDS_EF2019A,0
2019,bucknell,0,0,0,1,0,"Asian, non-Hispanic",41,179,181,IPEDS_EF2019A,0
2019,bucknell,0,0,0,1,0,"Black or African American, non-Hispanic",34,123,123,IPEDS_EF2019A,0
2019,bucknell,0,0,0,1,0,Hispanic/Latino,64,235,235,IPEDS_EF2019A,0
2019,bucknell,0,0,0,1,0,"Native Hawaiian or other Pacific Islander, non-Hispanic",1,1,1,IPEDS_EF2019A,0
2019,bucknell,0,0,0,1,0,Nonresident,53,228,235,IPEDS_EF2019A,0
2019,bucknell,0,0,0,1,0,Race and/or ethnicity unknown,0,5,6,IPEDS_EF2019A,0
2019,bucknell,0,0,0,1,0,Total,964,3608,3627,IPEDS_EF2019A,0
2019,bucknell,0,0,0,1,0,"Two or more races, non-Hispanic",25,150,151,IPEDS_EF2019A,0
2019,bucknell,0,0,0,1,0,"White, non-Hispanic",746,2685,2693,IPEDS_EF2019A,0
2019,caltech,0,1,0,0,1,"American Indian or Alaska Native, non-Hispanic",0,0,0,IPEDS_EF2019A,0
2019,caltech,0,1,0,0,1,"Asian, non-Hispanic",75,343,343,IPEDS_EF2019A,0
2019,caltech,0,1,0,0,1,"Black or African American, non-Hispanic",6,16,16,IPEDS_EF2019A,0
2019,caltech,0,1,0,0,1,Hispanic/Latino,57,161,161,IPEDS_EF2019A,0
2019,caltech,0,1,0,0,1,"Native Hawaiian or other Pacific Islander, non-Hispanic",1,1,1,IPEDS_EF2019A,0
2019,caltech,0,1,0,0,1,Nonresident,13,79,79,IPEDS_EF2019A,0
2019,caltech,0,1,0,0,1,Race and/or ethnicity unknown,1,1,1,IPEDS_EF2019A,0
2019,caltech,0,1,0,0,1,Total,235,938,938,IPEDS_EF2019A,0
2019,caltech,0,1,0,0,1,"Two or more races, non-Hispanic",19,84,84,IPEDS_EF2019A,0
2019,caltech,0,1,0,0,1,"White, non-Hispanic",63,253,253,IPEDS_EF2019A,0
2019,carleton,0,0,0,1,1,"American Indian or Alaska Native, non-Hispanic",0,2,2,IPEDS_EF2019A,0
2019,carleton,0,0,0,1,1,"Asian, non-Hispanic",54,188,190,IPEDS_EF2019A,0
2019,carleton,0,0,0,1,1,"Black or African American, non-Hispanic",28,100,101,IPEDS_EF2019A,0
2019,carleton,0,0,0,1,1,Hispanic/Latino,48,172,179,IPEDS_EF2019A,0
2019,carleton,0,0,0,1,1,"Native Hawaiian or other Pacific Islander, non-Hispanic",0,0,0,IPEDS_EF2019A,0
2019,carleton,0,0,0,1,1,Nonresident,56,225,234,IPEDS_EF2019A,0
2019,carleton,0,0,0,1,1,Race and/or ethnicity unknown,15,34,37,IPEDS_EF2019A,0
2019,carleton,0,0,0,1,1,Total,525,2065,2115,IPEDS_EF2019A,0
2019,carleton,0,0,0,1,1,"Two or more races, non-Hispanic",43,151,155,IPEDS_EF2019A,0
2019,carleton,0,0,0,1,1,"White, non-Hispanic",281,1193,1217,IPEDS_EF2019A,0
2019,clark,0,0,0,1,0,"American Indian or Alaska Native, non-Hispanic",0,2,2,IPEDS_EF2019A,0
2019,clark,0,0,0,1,0,"Asian, non-Hispanic",57,179,182,IPEDS_EF2019A,0
2019,clark,0,0,0,1,0,"Black or African American, non-Hispanic",27,92,94,IPEDS_EF2019A,0
2019,clark,0,0,0,1,0,Hispanic/Latino,71,212,221,IPEDS_EF2019A,0
2019,clark,0,0,0,1,0,"Native Hawaiian or other Pacific Islander, non-Hispanic",1,1,1,IPEDS_EF2019A,0
2019,clark,0,0,0,1,0,Nonresident,62,243,271,IPEDS_EF2019A,0
2019,clark,0,0,0,1,0,Race and/or ethnicity unknown,23,109,126,IPEDS_EF2019A,0
2019,clark,0,0,0,1,0,Total,665,2283,2349,IPEDS_EF2019A,0
2019,clark,0,0,0,1,0,"Two or more races, non-Hispanic",20,68,68,IPEDS_EF2019A,0
2019,clark,0,0,0,1,0,"White, non-Hispanic",404,1377,1384,IPEDS_EF2019A,0
2019,cmc,0,0,0,0,1,"American Indian or Alaska Native, non-Hispanic",0,1,1,IPEDS_EF2019A,0
2019,cmc,0,0,0,0,1,"Asian, non-Hispanic",43,154,154,IPEDS_EF2019A,0
2019,cmc,0,0,0,0,1,"Black or African American, non-Hispanic",17,59,59,IPEDS_EF2019A,0
2019,cmc,0,0,0,0,1,Hispanic/Latino,51,205,205,IPEDS_EF2019A,0
2019,cmc,0,0,0,0,1,"Native Hawaiian or other Pacific Islander, non-Hispanic",1,2,2,IPEDS_EF2019A,0
2019,cmc,0,0,0,0,1,Nonresident,54,209,216,IPEDS_EF2019A,0
2019,cmc,0,0,0,0,1,Race and/or ethnicity unknown,14,68,68,IPEDS_EF2019A,0
2019,cmc,0,0,0,0,1,Total,328,1335,1343,IPEDS_EF2019A,0
2019,cmc,0,0,0,0,1,"Two or more races, non-Hispanic",27,87,88,IPEDS_EF2019A,0
2019,cmc,0,0,0,0,1,"White, non-Hispanic",121,550,550,IPEDS_EF2019A,0
2019,cmu,0,0,0,0,1,"American Indian or Alaska Native, non-Hispanic",0,1,1,IPEDS_EF2019A,0
2019,cmu,0,0,0,0,1,"Asian, non-Hispanic",561,2142,2147,IPEDS_EF2019A,0
2019,cmu,0,0,0,0,1,"Black or African American, non-Hispanic",61,243,245,IPEDS_EF2019A,0
2019,cmu,0,0,0,0,1,Hispanic/Latino,150,595,597,IPEDS_EF2019A,0
2019,cmu,0,0,0,0,1,"Native Hawaiian or other Pacific Islander, non-Hispanic",1,2,2,IPEDS_EF2019A,0
2019,cmu,0,0,0,0,1,Nonresident,273,1155,1181,IPEDS_EF2019A,0
2019,cmu,0,0,0,0,1,Race and/or ethnicity unknown,112,419,432,IPEDS_EF2019A,0
2019,cmu,0,0,0,0,1,Total,1585,6535,6618,IPEDS_EF2019A,0
2019,cmu,0,0,0,0,1,"Two or more races, non-Hispanic",67,272,274,IPEDS_EF2019A,0
2019,cmu,0,0,0,0,1,"White, non-Hispanic",360,1706,1739,IPEDS_EF2019A,0
2019,colby,0,0,1,1,1,"American Indian or Alaska Native, non-Hispanic",2,6,6,IPEDS_EF2019A,0
2019,colby,0,0,1,1,1,"Asian, non-Hispanic",48,164,164,IPEDS_EF2019A,0
2019,colby,0,0,1,1,1,"Black or African American, non-Hispanic",31,100,100,IPEDS_EF2019A,0
2019,colby,0,0,1,1,1,Hispanic/Latino,51,167,167,IPEDS_EF2019A,0
2019,colby,0,0,1,1,1,"Native Hawaiian or other Pacific Islander, non-Hispanic",0,4,4,IPEDS_EF2019A,0
2019,colby,0,0,1,1,1,Nonresident,55,192,192,IPEDS_EF2019A,0
2019,colby,0,0,1,1,1,Race and/or ethnicity unknown,14,49,49,IPEDS_EF2019A,0
2019,colby,0,0,1,1,1,Total,522,2003,2003,IPEDS_EF2019A,0
2019,colby,0,0,1,1,1,"Two or more races, non-Hispanic",24,109,109,IPEDS_EF2019A,0
2019,colby,0,0,1,1,1,"White, non-Hispanic",297,1212,1212,IPEDS_EF2019A,0
2019,colgate,0,0,0,0,1,"American Indian or Alaska Native, non-Hispanic",0,2,2,IPEDS_EF2019A,0
2019,colgate,0,0,0,0,1,"Asian, non-Hispanic",38,150,150,IPEDS_EF2019A,0
2019,colgate,0,0,0,0,1,"Black or African American, non-Hispanic",30,116,116,IPEDS_EF2019A,0
2019,colgate,0,0,0,0,1,Hispanic/Latino,65,255,255,IPEDS_EF2019A,0
2019,colgate,0,0,0,0,1,"Native Hawaiian or other Pacific Islander, non-Hispanic",3,5,5,IPEDS_EF2019A,0
2019,colgate,0,0,0,0,1,Nonresident,79,281,287,IPEDS_EF2019A,0
2019,colgate,0,0,0,0,1,Race and/or ethnicity unknown,21,98,98,IPEDS_EF2019A,0
2019,colgate,0,0,0,0,1,Total,786,2964,2980,IPEDS_EF2019A,0
2019,colgate,0,0,0,0,1,"Two or more races, non-Hispanic",36,119,119,IPEDS_EF2019A,0
2019,colgate,0,0,0,0,1,"White, non-Hispanic",514,1938,1948,IPEDS_EF2019A,0
2019,columbia,1,1,0,0,1,"American Indian or Alaska Native, non-Hispanic",5,36,36,IPEDS_EF2019A,0
2019,columbia,1,1,0,0,1,"Asian, non-Hispanic",269,1422,1422,IPEDS_EF2019A,0
2019,columbia,1,1,0,0,1,"Black or African American, non-Hispanic",110,548,548,IPEDS_EF2019A,0
2019,columbia,1,1,0,0,1,Hispanic/Latino,226,1140,1140,IPEDS_EF2019A,0
2019,columbia,1,1,0,0,1,"Native Hawaiian or other Pacific Islander, non-Hispanic",0,9,9,IPEDS_EF2019A,0
2019,columbia,1,1,0,0,1,Nonresident,240,1488,1488,IPEDS_EF2019A,0
2019,columbia,1,1,0,0,1,Race and/or ethnicity unknown,82,280,280,IPEDS_EF2019A,0
2019,columbia,1,1,0,0,1,Total,1465,8221,8221,IPEDS_EF2019A,0
2019,columbia,1,1,0,0,1,"Two or more races, non-Hispanic",85,435,435,IPEDS_EF2019A,0
2019,columbia,1,1,0,0,1,"White, non-Hispanic",448,2863,2863,IPEDS_EF2019A,0
2019,conncoll,0,0,1,1,0,"American Indian or Alaska Native, non-Hispanic",1,2,2,IPEDS_EF2019A,0
2019,conncoll,0,0,1,1,0,"Asian, non-Hispanic",18,74,79,IPEDS_EF2019A,0
2019,conncoll,0,0,1,1,0,"Black or African American, non-Hispanic",17,70,72,IPEDS_EF2019A,0
2019,conncoll,0,0,1,1,0,Hispanic/Latino,57,180,184,IPEDS_EF2019A,0
2019,conncoll,0,0,1,1,0,"Native Hawaiian or other Pacific Islander, non-Hispanic",1,1,1,IPEDS_EF2019A,0
2019,conncoll,0,0,1,1,0,Nonresident,64,161,165,IPEDS_EF2019A,0
2019,conncoll,0,0,1,1,0,Race and/or ethnicity unknown,12,36,44,IPEDS_EF2019A,0
2019,conncoll,0,0,1,1,0,Total,508,1820,1861,IPEDS_EF2019A,0
2019,conncoll,0,0,1,1,0,"Two or more races, non-Hispanic",16,68,68,IPEDS_EF2019A,0
2019,conncoll,0,0,1,1,0,"White, non-Hispanic",322,1228,1246,IPEDS_EF2019A,0
2019,cornell,1,1,0,0,1,"American Indian or Alaska Native, non-Hispanic",8,45,45,IPEDS_EF2019A,0
2019,cornell,1,1,0,0,1,"Asian, non-Hispanic",647,2978,2978,IPEDS_EF2019A,0
2019,cornell,1,1,0,0,1,"Black or African American, non-Hispanic",209,999,999,IPEDS_EF2019A,0
2019,cornell,1,1,0,0,1,Hispanic/Latino,505,2079,2079,IPEDS_EF2019A,0
2019,cornell,1,1,0,0,1,"Native Hawaiian or other Pacific Islander, non-Hispanic",3,15,15,IPEDS_EF2019A,0
2019,cornell,1,1,0,0,1,Nonresident,297,1553,1618,IPEDS_EF2019A,0
2019,cornell,1,1,0,0,1,Race and/or ethnicity unknown,226,1206,1208,IPEDS_EF2019A,0
2019,cornell,1,1,0,0,1,Total,3189,14976,15043,IPEDS_EF2019A,0
2019,cornell,1,1,0,0,1,"Two or more races, non-Hispanic",177,742,742,IPEDS_EF2019A,0
2019,cornell,1,1,0,0,1,"White, non-Hispanic",1117,5359,5359,IPEDS_EF2019A,0
2019,dartmouth,1,1,0,0,1,"American Indian or Alaska Native, non-Hispanic",17,59,59,IPEDS_EF2019A,0
2019,dartmouth,1,1,0,0,1,"Asian, non-Hispanic",169,646,650,IPEDS_EF2019A,0
2019,dartmouth,1,1,0,0,1,"Black or African American, non-Hispanic",67,254,254,IPEDS_EF2019A,0
2019,dartmouth,1,1,0,0,1,Hispanic/Latino,119,459,459,IPEDS_EF2019A,0
2019,dartmouth,1,1,0,0,1,"Native Hawaiian or other Pacific Islander, non-Hispanic",0,8,8,IPEDS_EF2019A,0
2019,dartmouth,1,1,0,0,1,Nonresident,120,428,455,IPEDS_EF2019A,0
2019,dartmouth,1,1,0,0,1,Race and/or ethnicity unknown,20,62,83,IPEDS_EF2019A,0
2019,dartmouth,1,1,0,0,1,Total,1190,4365,4459,IPEDS_EF2019A,0
2019,dartmouth,1,1,0,0,1,"Two or more races, non-Hispanic",73,242,243,IPEDS_EF2019A,0
2019,dartmouth,1,1,0,0,1,"White, non-Hispanic",605,2207,2248,IPEDS_EF2019A,0
2019,davidson,0,0,0,1,1,"American Indian or Alaska Native, non-Hispanic",1,7,7,IPEDS_EF2019A,0
2019,davidson,0,0,0,1,1,"Asian, non-Hispanic",26,95,95,IPEDS_EF2019A,0
2019,davidson,0,0,0,1,1,"Black or African American, non-Hispanic",32,120,120,IPEDS_EF2019A,0
2019,davidson,0,0,0,1,1,Hispanic/Latino,42,146,146,IPEDS_EF2019A,0
2019,davidson,0,0,0,1,1,"Native Hawaiian or other Pacific Islander, non-Hispanic",0,2,2,IPEDS_EF2019A,0
2019,davidson,0,0,0,1,1,Nonresident,46,130,134,IPEDS_EF2019A,0
2019,davidson,0,0,0,1,1,Race and/or ethnicity unknown,7,15,15,IPEDS_EF2019A,0
2019,davidson,0,0,0,1,1,Total,527,1833,1837,IPEDS_EF2019A,0
2019,davidson,0,0,0,1,1,"Two or more races, non-Hispanic",27,88,88,IPEDS_EF2019A,0
2019,davidson,0,0,0,1,1,"White, non-Hispanic",346,1230,1230,IPEDS_EF2019A,0
2019,duke,0,1,0,0,1,"American Indian or Alaska Native, non-Hispanic",4,41,41,IPEDS_EF2019A,0
2019,duke,0,1,0,0,1,"Asian, non-Hispanic",345,1375,1383,IPEDS_EF2019A,0
2019,duke,0,1,0,0,1,"Black or African American, non-Hispanic",139,578,583,IPEDS_EF2019A,0
2019,duke,0,1,0,0,1,Hispanic/Latino,190,634,638,IPEDS_EF2019A,0
2019,duke,0,1,0,0,1,"Native Hawaiian or other Pacific Islander, non-Hispanic",1,2,2,IPEDS_EF2019A,0
2019,duke,0,1,0,0,1,Nonresident,157,631,663,IPEDS_EF2019A,0
2019,duke,0,1,0,0,1,Race and/or ethnicity unknown,84,277,287,IPEDS_EF2019A,0
2019,duke,0,1,0,0,1,Total,1731,6546,6649,IPEDS_EF2019A,0
2019,duke,0,1,0,0,1,"Two or more races, non-Hispanic",131,305,306,IPEDS_EF2019A,0
2019,duke,0,1,0,0,1,"White, non-Hispanic",680,2703,2746,IPEDS_EF2019A,0
2019,emory,0,0,0,0,1,"American Indian or Alaska Native, non-Hispanic",0,4,4,IPEDS_EF2019A,0
2019,emory,0,0,0,0,1,"Asian, non-Hispanic",275,1511,1513,IPEDS_EF2019A,0
2019,emory,0,0,0,0,1,"Black or African American, non-Hispanic",113,573,579,IPEDS_EF2019A,0
2019,emory,0,0,0,0,1,Hispanic/Latino,168,750,750,IPEDS_EF2019A,0
2019,emory,0,0,0,0,1,"Native Hawaiian or other Pacific Islander, non-Hispanic",1,4,4,IPEDS_EF2019A,0
2019,emory,0,0,0,0,1,Nonresident,208,1068,1141,IPEDS_EF2019A,0
2019,emory,0,0,0,0,1,Race and/or ethnicity unknown,11,66,70,IPEDS_EF2019A,0
2019,emory,0,0,0,0,1,Total,1374,7023,7118,IPEDS_EF2019A,0
2019,emory,0,0,0,0,1,"Two or more races, non-Hispanic",68,293,294,IPEDS_EF2019A,0
2019,emory,0,0,0,0,1,"White, non-Hispanic",530,2754,2763,IPEDS_EF2019A,0
2019,fandm,0,0,0,1,0,"American Indian or Alaska Native, non-Hispanic",1,2,2,IPEDS_EF2019A,0
2019,fandm,0,0,0,1,0,"Asian, non-Hispanic",25,107,107,IPEDS_EF2019A,0
2019,fandm,0,0,0,1,0,"Black or African American, non-Hispanic",31,140,143,IPEDS_EF2019A,0
2019,fandm,0,0,0,1,0,Hispanic/Latino,70,243,243,IPEDS_EF2019A,0
2019,fandm,0,0,0,1,0,"Native Hawaiian or other Pacific Islander, non-Hispanic",0,0,0,IPEDS_EF2019A,0
2019,fandm,0,0,0,1,0,Nonresident,137,434,434,IPEDS_EF2019A,0
2019,fandm,0,0,0,1,0,Race and/or ethnicity unknown,8,60,61,IPEDS_EF2019A,0
2019,fandm,0,0,0,1,0,Total,627,2309,2315,IPEDS_EF2019A,0
2019,fandm,0,0,0,1,0,"Two or more races, non-Hispanic",23,62,62,IPEDS_EF2019A,0
2019,fandm,0,0,0,1,0,"White, non-Hispanic",332,1261,1263,IPEDS_EF2019A,0
2019,georgetown,0,0,0,0,1,"American Indian or Alaska Native, non-Hispanic",3,4,4,IPEDS_EF2019A,0
2019,georgetown,0,0,0,0,1,"Asian, non-Hispanic",215,777,780,IPEDS_EF2019A,0
2019,georgetown,0,0,0,0,1,"Black or African American, non-Hispanic",93,464,476,IPEDS_EF2019A,0
2019,georgetown,0,0,0,0,1,Hispanic/Latino,132,709,714,IPEDS_EF2019A,0
2019,georgetown,0,0,0,0,1,"Native Hawaiian or other Pacific Islander, non-Hispanic",1,5,5,IPEDS_EF2019A,0
2019,georgetown,0,0,0,0,1,Nonresident,137,1022,1168,IPEDS_EF2019A,0
2019,georgetown,0,0,0,0,1,Race and/or ethnicity unknown,39,194,354,IPEDS_EF2019A,0
2019,georgetown,0,0,0,0,1,Total,1582,7141,7513,IPEDS_EF2019A,0
2019,georgetown,0,0,0,0,1,"Two or more races, non-Hispanic",97,349,349,IPEDS_EF2019A,0
2019,georgetown,0,0,0,0,1,"White, non-Hispanic",865,3617,3663,IPEDS_EF2019A,0
2019,grinnell,0,0,0,0,1,"American Indian or Alaska Native, non-Hispanic",0,0,0,IPEDS_EF2019A,0
2019,grinnell,0,0,0,0,1,"Asian, non-Hispanic",30,129,131,IPEDS_EF2019A,0
2019,grinnell,0,0,0,0,1,"Black or African American, non-Hispanic",18,78,78,IPEDS_EF2019A,0
2019,grinnell,0,0,0,0,1,Hispanic/Latino,37,135,136,IPEDS_EF2019A,0
2019,grinnell,0,0,0,0,1,"Native Hawaiian or other Pacific Islander, non-Hispanic",0,0,0,IPEDS_EF2019A,0
2019,grinnell,0,0,0,0,1,Nonresident,91,346,346,IPEDS_EF2019A,0
2019,grinnell,0,0,0,0,1,Race and/or ethnicity unknown,24,76,97,IPEDS_EF2019A,0
2019,grinnell,0,0,0,0,1,Total,459,1697,1733,IPEDS_EF2019A,0
2019,grinnell,0,0,0,0,1,"Two or more races, non-Hispanic",18,75,76,IPEDS_EF2019A,0
2019,grinnell,0,0,0,0,1,"White, non-Hispanic",241,858,869,IPEDS_EF2019A,0
2019,hamilton,0,0,1,1,1,"American Indian or Alaska Native, non-Hispanic",1,1,1,IPEDS_EF2019A,0
2019,hamilton,0,0,1,1,1,"Asian, non-Hispanic",39,138,138,IPEDS_EF2019A,0
2019,hamilton,0,0,1,1,1,"Black or African American, non-Hispanic",15,76,76,IPEDS_EF2019A,0
2019,hamilton,0,0,1,1,1,Hispanic/Latino,49,191,191,IPEDS_EF2019A,0
2019,hamilton,0,0,1,1,1,"Native Hawaiian or other Pacific Islander, non-Hispanic",0,0,0,IPEDS_EF2019A,0
2019,hamilton,0,0,1,1,1,Nonresident,39,134,138,IPEDS_EF2019A,0
2019,hamilton,0,0,1,1,1,Race and/or ethnicity unknown,7,83,91,IPEDS_EF2019A,0
2019,hamilton,0,0,1,1,1,Total,473,1998,2012,IPEDS_EF2019A,0
2019,hamilton,0,0,1,1,1,"Two or more races, non-Hispanic",25,94,94,IPEDS_EF2019A,0
2019,hamilton,0,0,1,1,1,"White, non-Hispanic",298,1281,1283,IPEDS_EF2019A,0
2019,hampshire,0,0,0,1,0,"American Indian or Alaska Native, non-Hispanic",0,1,1,IPEDS_EF2019A,0
2019,hampshire,0,0,0,1,0,"Asian, non-Hispanic",2,23,23,IPEDS_EF2019A,0
2019,hampshire,0,0,0,1,0,"Black or African American, non-Hispanic",6,62,62,IPEDS_EF2019A,0
2019,hampshire,0,0,0,1,0,Hispanic/Latino,2,88,88,IPEDS_EF2019A,0
2019,hampshire,0,0,0,1,0,"Native Hawaiian or other Pacific Islander, non-Hispanic",0,0,0,IPEDS_EF2019A,0
2019,hampshire,0,0,0,1,0,Nonresident,0,42,42,IPEDS_EF2019A,0
2019,hampshire,0,0,0,1,0,Race and/or ethnicity unknown,3,45,45,IPEDS_EF2019A,0
2019,hampshire,0,0,0,1,0,Total,19,745,745,IPEDS_EF2019A,0
2019,hampshire,0,0,0,1,0,"Two or more races, non-Hispanic",0,36,36,IPEDS_EF2019A,0
2019,hampshire,0,0,0,1,0,"White, non-Hispanic",6,448,448,IPEDS_EF2019A,0
2019,harvard,1,1,0,0,1,"American Indian or Alaska Native, non-Hispanic",4,18,29,IPEDS_EF2019A,0
2019,harvard,1,1,0,0,1,"Asian, non-Hispanic",370,1504,1771,IPEDS_EF2019A,0
2019,harvard,1,1,0,0,1,"Black or African American, non-Hispanic",146,640,850,IPEDS_EF2019A,0
2019,harvard,1,1,0,0,1,Hispanic/Latino,195,855,1213,IPEDS_EF2019A,0
2019,harvard,1,1,0,0,1,"Native Hawaiian or other Pacific Islander, non-Hispanic",1,7,10,IPEDS_EF2019A,0
2019,harvard,1,1,0,0,1,Nonresident,214,895,1214,IPEDS_EF2019A,0
2019,harvard,1,1,0,0,1,Race and/or ethnicity unknown,28,127,488,IPEDS_EF2019A,0
2019,harvard,1,1,0,0,1,Total,1646,7547,10063,IPEDS_EF2019A,0
2019,harvard,1,1,0,0,1,"Two or more races, non-Hispanic",127,563,648,IPEDS_EF2019A,0
2019,harvard,1,1,0,0,1,"White, non-Hispanic",561,2938,3840,IPEDS_EF2019A,0
2019,haverford,0,0,0,1,0,"American Indian or Alaska Native, non-Hispanic",0,1,1,IPEDS_EF2019A,0
2019,haverford,0,0,0,1,0,"Asian, non-Hispanic",43,154,155,IPEDS_EF2019A,0
2019,haverford,0,0,0,1,0,"Black or African American, non-Hispanic",15,78,78,IPEDS_EF2019A,0
2019,haverford,0,0,0,1,0,Hispanic/Latino,46,117,117,IPEDS_EF2019A,0
2019,haverford,0,0,0,1,0,"Native Hawaiian or other Pacific Islander, non-Hispanic",0,0,0,IPEDS_EF2019A,0
2019,haverford,0,0,0,1,0,Nonresident,46,149,155,IPEDS_EF2019A,0
2019,haverford,0,0,0,1,0,Race and/or ethnicity unknown,1,32,32,IPEDS_EF2019A,0
2019,haverford,0,0,0,1,0,Total,363,1308,1317,IPEDS_EF2019A,0
2019,haverford,0,0,0,1,0,"Two or more races, non-Hispanic",30,86,88,IPEDS_EF2019A,0
2019,haverford,0,0,0,1,0,"White, non-Hispanic",182,691,691,IPEDS_EF2019A,0
2019,hmc,0,0,0,0,1,"American Indian or Alaska Native, non-Hispanic",0,2,2,IPEDS_EF2019A,0
2019,hmc,0,0,0,0,1,"Asian, non-Hispanic",46,176,176,IPEDS_EF2019A,0
2019,hmc,0,0,0,0,1,"Black or African American, non-Hispanic",10,36,36,IPEDS_EF2019A,0
2019,hmc,0,0,0,0,1,Hispanic/Latino,38,175,176,IPEDS_EF2019A,0
2019,hmc,0,0,0,0,1,"Native Hawaiian or other Pacific Islander, non-Hispanic",1,5,5,IPEDS_EF2019A,0
2019,hmc,0,0,0,0,1,Nonresident,22,72,75,IPEDS_EF2019A,0
2019,hmc,0,0,0,0,1,Race and/or ethnicity unknown,13,58,65,IPEDS_EF2019A,0
2019,hmc,0,0,0,0,1,Total,224,893,904,IPEDS_EF2019A,0
2019,hmc,0,0,0,0,1,"Two or more races, non-Hispanic",23,95,95,IPEDS_EF2019A,0
2019,hmc,0,0,0,0,1,"White, non-Hispanic",71,274,274,IPEDS_EF2019A,0
2019,jhu,0,1,0,0,1,"American Indian or Alaska Native, non-Hispanic",2,8,8,IPEDS_EF2019A,0
2019,jhu,0,1,0,0,1,"Asian, non-Hispanic",404,1516,1566,IPEDS_EF2019A,0
2019,jhu,0,1,0,0,1,"Black or African American, non-Hispanic",121,433,481,IPEDS_EF2019A,0
2019,jhu,0,1,0,0,1,Hispanic/Latino,260,877,920,IPEDS_EF2019A,0
2019,jhu,0,1,0,0,1,"Native Hawaiian or other Pacific Islander, non-Hispanic",1,9,10,IPEDS_EF2019A,0
2019,jhu,0,1,0,0,1,Nonresident,212,660,759,IPEDS_EF2019A,0
2019,jhu,0,1,0,0,1,Race and/or ethnicity unknown,24,256,263,IPEDS_EF2019A,0
2019,jhu,0,1,0,0,1,Total,1475,5729,6256,IPEDS_EF2019A,0
2019,jhu,0,1,0,0,1,"Two or more races, non-Hispanic",111,362,378,IPEDS_EF2019A,0
2019,jhu,0,1,0,0,1,"White, non-Hispanic",340,1608,1871,IPEDS_EF2019A,0
2019,macalester,0,0,0,1,0,"American Indian or Alaska Native, non-Hispanic",3,6,6,IPEDS_EF2019A,0
2019,macalester,0,0,0,1,0,"Asian, non-Hispanic",27,164,164,IPEDS_EF2019A,0
2019,macalester,0,0,0,1,0,"Black or African American, non-Hispanic",31,88,88,IPEDS_EF2019A,0
2019,macalester,0,0,0,1,0,Hispanic/Latino,44,183,183,IPEDS_EF2019A,0
2019,macalester,0,0,0,1,0,"Native Hawaiian or other Pacific Islander, non-Hispanic",1,2,2,IPEDS_EF2019A,0
2019,macalester,0,0,0,1,0,Nonresident,68,306,319,IPEDS_EF2019A,0
2019,macalester,0,0,0,1,0,Race and/or ethnicity unknown,4,8,8,IPEDS_EF2019A,0
2019,macalester,0,0,0,1,0,Total,502,2079,2098,IPEDS_EF2019A,0
2019,macalester,0,0,0,1,0,"Two or more races, non-Hispanic",38,140,142,IPEDS_EF2019A,0
2019,macalester,0,0,0,1,0,"White, non-Hispanic",286,1182,1186,IPEDS_EF2019A,0
2019,middlebury,0,0,1,1,1,"American Indian or Alaska Native, non-Hispanic",1,2,2,IPEDS_EF2019A,0
2019,middlebury,0,0,1,1,1,"Asian, non-Hispanic",39,183,184,IPEDS_EF2019A,0
2019,middlebury,0,0,1,1,1,"Black or African American, non-Hispanic",27,98,98,IPEDS_EF2019A,0
2019,middlebury,0,0,1,1,1,Hispanic/Latino,68,260,260,IPEDS_EF2019A,0
2019,middlebury,0,0,1,1,1,"Native Hawaiian or other Pacific Islander, non-Hispanic",0,0,0,IPEDS_EF2019A,0
2019,middlebury,0,0,1,1,1,Nonresident,71,256,278,IPEDS_EF2019A,0
2019,middlebury,0,0,1,1,1,Race and/or ethnicity unknown,4,36,36,IPEDS_EF2019A,0
2019,middlebury,0,0,1,1,1,Total,605,2555,2580,IPEDS_EF2019A,0
2019,middlebury,0,0,1,1,1,"Two or more races, non-Hispanic",40,127,127,IPEDS_EF2019A,0
2019,middlebury,0,0,1,1,1,"White, non-Hispanic",355,1593,1595,IPEDS_EF2019A,0
2019,mit,0,1,0,0,1,"American Indian or Alaska Native, non-Hispanic",2,9,9,IPEDS_EF2019A,0
2019,mit,0,1,0,0,1,"Asian, non-Hispanic",380,1340,1340,IPEDS_EF2019A,0
2019,mit,0,1,0,0,1,"Black or African American, non-Hispanic",66,280,280,IPEDS_EF2019A,0
2019,mit,0,1,0,0,1,Hispanic/Latino,159,699,699,IPEDS_EF2019A,0
2019,mit,0,1,0,0,1,"Native Hawaiian or other Pacific Islander, non-Hispanic",1,3,3,IPEDS_EF2019A,0
2019,mit,0,1,0,0,1,Nonresident,117,458,472,IPEDS_EF2019A,0
2019,mit,0,1,0,0,1,Race and/or ethnicity unknown,12,64,64,IPEDS_EF2019A,0
2019,mit,0,1,0,0,1,Total,1102,4516,4530,IPEDS_EF2019A,0
2019,mit,0,1,0,0,1,"Two or more races, non-Hispanic",102,362,362,IPEDS_EF2019A,0
2019,mit,0,1,0,0,1,"White, non-Hispanic",263,1301,1301,IPEDS_EF2019A,0
2019,mtholyoke,0,0,0,1,0,"American Indian or Alaska Native, non-Hispanic",0,2,2,IPEDS_EF2019A,0
2019,mtholyoke,0,0,0,1,0,"Asian, non-Hispanic",29,183,183,IPEDS_EF2019A,0
2019,mtholyoke,0,0,0,1,0,"Black or African American, non-Hispanic",26,102,102,IPEDS_EF2019A,0
2019,mtholyoke,0,0,0,1,0,Hispanic/Latino,45,160,162,IPEDS_EF2019A,0
2019,mtholyoke,0,0,0,1,0,"Native Hawaiian or other Pacific Islander, non-Hispanic",0,2,2,IPEDS_EF2019A,0
2019,mtholyoke,0,0,0,1,0,Nonresident,142,583,587,IPEDS_EF2019A,0
2019,mtholyoke,0,0,0,1,0,Race and/or ethnicity unknown,4,34,35,IPEDS_EF2019A,0
2019,mtholyoke,0,0,0,1,0,Total,496,2175,2190,IPEDS_EF2019A,0
2019,mtholyoke,0,0,0,1,0,"Two or more races, non-Hispanic",24,96,96,IPEDS_EF2019A,0
2019,mtholyoke,0,0,0,1,0,"White, non-Hispanic",226,1013,1021,IPEDS_EF2019A,0
2019,navy,0,0,0,0,1,"American Indian or Alaska Native, non-Hispanic",1,9,9,IPEDS_EF2019A,0
2019,navy,0,0,0,0,1,"Asian, non-Hispanic",94,334,334,IPEDS_EF2019A,0
2019,navy,0,0,0,0,1,"Black or African American, non-Hispanic",85,307,307,IPEDS_EF2019A,0
2019,navy,0,0,0,0,1,Hispanic/Latino,151,524,524,IPEDS_EF2019A,0
2019,navy,0,0,0,0,1,"Native Hawaiian or other Pacific Islander, non-Hispanic",3,20,20,IPEDS_EF2019A,0
2019,navy,0,0,0,0,1,Nonresident,15,59,59,IPEDS_EF2019A,0
2019,navy,0,0,0,0,1,Race and/or ethnicity unknown,10,47,47,IPEDS_EF2019A,0
2019,navy,0,0,0,0,1,Total,1181,4538,4538,IPEDS_EF2019A,0
2019,navy,0,0,0,0,1,"Two or more races, non-Hispanic",137,448,448,IPEDS_EF2019A,0
2019,navy,0,0,0,0,1,"White, non-Hispanic",685,2790,2790,IPEDS_EF2019A,0
2019,northwestern,0,0,0,0,1,"American Indian or Alaska Native, non-Hispanic",2,6,6,IPEDS_EF2019A,0
2019,northwestern,0,0,0,0,1,"Asian, non-Hispanic",408,1548,1566,IPEDS_EF2019A,0
2019,northwestern,0,0,0,0,1,"Black or African American, non-Hispanic",113,491,501,IPEDS_EF2019A,0
2019,northwestern,0,0,0,0,1,Hispanic/Latino,259,1064,1074,IPEDS_EF2019A,0
2019,northwestern,0,0,0,0,1,"Native Hawaiian or other Pacific Islander, non-Hispanic",1,3,3,IPEDS_EF2019A,0
2019,northwestern,0,0,0,0,1,Nonresident,221,838,842,IPEDS_EF2019A,0
2019,northwestern,0,0,0,0,1,Race and/or ethnicity unknown,21,276,316,IPEDS_EF2019A,0
2019,northwestern,0,0,0,0,1,Total,2006,8530,8682,IPEDS_EF2019A,0
2019,northwestern,0,0,0,0,1,"Two or more races, non-Hispanic",144,537,541,IPEDS_EF2019A,0
2019,northwestern,0,0,0,0,1,"White, non-Hispanic",837,3767,3833,IPEDS_EF2019A,0
2019,notredame,0,0,0,0,1,"American Indian or Alaska Native, non-Hispanic",4,18,18,IPEDS_EF2019A,0
2019,notredame,0,0,0,0,1,"Asian, non-Hispanic",100,400,400,IPEDS_EF2019A,0
2019,notredame,0,0,0,0,1,"Black or African American, non-Hispanic",66,315,315,IPEDS_EF2019A,0
2019,notredame,0,0,0,0,1,Hispanic/Latino,285,1000,1000,IPEDS_EF2019A,0
2019,notredame,0,0,0,0,1,"Native Hawaiian or other Pacific Islander, non-Hispanic",5,9,9,IPEDS_EF2019A,0
2019,notredame,0,0,0,0,1,Nonresident,125,531,572,IPEDS_EF2019A,0
2019,notredame,0,0,0,0,1,Race and/or ethnicity unknown,39,84,86,IPEDS_EF2019A,0
2019,notredame,0,0,0,0,1,Total,2051,8689,8732,IPEDS_EF2019A,0
2019,notredame,0,0,0,0,1,"Two or more races, non-Hispanic",129,477,477,IPEDS_EF2019A,0
2019,notredame,0,0,0,0,1,"White, non-Hispanic",1298,5855,5855,IPEDS_EF2019A,0
2019,oberlin,0,0,0,1,0,"American Indian or Alaska Native, non-Hispanic",0,0,0,IPEDS_EF2019A,0
2019,oberlin,0,0,0,1,0,"Asian, non-Hispanic",42,125,125,IPEDS_EF2019A,0
2019,oberlin,0,0,0,1,0,"Black or African American, non-Hispanic",42,155,155,IPEDS_EF2019A,0
2019,oberlin,0,0,0,1,0,Hispanic/Latino,63,240,240,IPEDS_EF2019A,0
2019,oberlin,0,0,0,1,0,"Native Hawaiian or other Pacific Islander, non-Hispanic",1,1,1,IPEDS_EF2019A,0
2019,oberlin,0,0,0,1,0,Nonresident,98,349,349,IPEDS_EF2019A,0
2019,oberlin,0,0,0,1,0,Race and/or ethnicity unknown,6,27,27,IPEDS_EF2019A,0
2019,oberlin,0,0,0,1,0,Total,798,2846,2846,IPEDS_EF2019A,0
2019,oberlin,0,0,0,1,0,"Two or more races, non-Hispanic",58,224,224,IPEDS_EF2019A,0
2019,oberlin,0,0,0,1,0,"White, non-Hispanic",488,1725,1725,IPEDS_EF2019A,0
2019,penn,1,1,0,0,1,"American Indian or Alaska Native, non-Hispanic",3,12,13,IPEDS_EF2019A,0
2019,penn,1,1,0,0,1,"Asian, non-Hispanic",557,2323,2466,IPEDS_EF2019A,0
2019,penn,1,1,0,0,1,"Black or African American, non-Hispanic",202,861,958,IPEDS_EF2019A,0
2019,penn,1,1,0,0,1,Hispanic/Latino,246,1082,1145,IPEDS_EF2019A,0
2019,penn,1,1,0,0,1,"Native Hawaiian or other Pacific Islander, non-Hispanic",0,5,6,IPEDS_EF2019A,0
2019,penn,1,1,0,0,1,Nonresident,313,1374,1610,IPEDS_EF2019A,0
2019,penn,1,1,0,0,1,Race and/or ethnicity unknown,110,263,424,IPEDS_EF2019A,0
2019,penn,1,1,0,0,1,Total,2389,10774,11872,IPEDS_EF2019A,0
2019,penn,1,1,0,0,1,"Two or more races, non-Hispanic",126,547,579,IPEDS_EF2019A,0
2019,penn,1,1,0,0,1,"White, non-Hispanic",832,4307,4671,IPEDS_EF2019A,0
2019,pomona,0,0,0,1,1,"American Indian or Alaska Native, non-Hispanic",1,8,8,IPEDS_EF2019A,0
2019,pomona,0,0,0,1,1,"Asian, non-Hispanic",78,262,269,IPEDS_EF2019A,0
2019,pomona,0,0,0,1,1,"Black or African American, non-Hispanic",39,159,159,IPEDS_EF2019A,0
2019,pomona,0,0,0,1,1,Hispanic/Latino,71,282,282,IPEDS_EF2019A,0
2019,pomona,0,0,0,1,1,"Native Hawaiian or other Pacific Islander, non-Hispanic",3,6,6,IPEDS_EF2019A,0
2019,pomona,0,0,0,1,1,Nonresident,46,182,189,IPEDS_EF2019A,0
2019,pomona,0,0,0,1,1,Race and/or ethnicity unknown,13,56,56,IPEDS_EF2019A,0
2019,pomona,0,0,0,1,1,Total,416,1610,1637,IPEDS_EF2019A,0
2019,pomona,0,0,0,1,1,"Two or more races, non-Hispanic",25,108,112,IPEDS_EF2019A,0
2019,pomona,0,0,0,1,1,"White, non-Hispanic",140,547,556,IPEDS_EF2019A,0
2019,princeton,1,1,0,0,1,"American Indian or Alaska Native, non-Hispanic",4,10,10,IPEDS_EF2019A,0
2019,princeton,1,1,0,0,1,"Asian, non-Hispanic",332,1184,1188,IPEDS_EF2019A,0
2019,princeton,1,1,0,0,1,"Black or African American, non-Hispanic",97,419,423,IPEDS_EF2019A,0
2019,princeton,1,1,0,0,1,Hispanic/Latino,145,565,569,IPEDS_EF2019A,0
2019,princeton,1,1,0,0,1,"Native Hawaiian or other Pacific Islander, non-Hispanic",1,6,6,IPEDS_EF2019A,0
2019,princeton,1,1,0,0,1,Nonresident,146,638,668,IPEDS_EF2019A,0
2019,princeton,1,1,0,0,1,Race and/or ethnicity unknown,12,70,132,IPEDS_EF2019A,0
2019,princeton,1,1,0,0,1,Total,1335,5308,5422,IPEDS_EF2019A,0
2019,princeton,1,1,0,0,1,"Two or more races, non-Hispanic",78,280,280,IPEDS_EF2019A,0
2019,princeton,1,1,0,0,1,"White, non-Hispanic",520,2136,2146,IPEDS_EF2019A,0
2019,reed,0,0,0,1,0,"American Indian or Alaska Native, non-Hispanic",0,2,2,IPEDS_EF2019A,0
2019,reed,0,0,0,1,0,"Asian, non-Hispanic",24,109,112,IPEDS_EF2019A,0
2019,reed,0,0,0,1,0,"Black or African American, non-Hispanic",2,21,21,IPEDS_EF2019A,0
2019,reed,0,0,0,1,0,Hispanic/Latino,40,140,142,IPEDS_EF2019A,0
2019,reed,0,0,0,1,0,"Native Hawaiian or other Pacific Islander, non-Hispanic",0,0,0,IPEDS_EF2019A,0
2019,reed,0,0,0,1,0,Nonresident,40,160,173,IPEDS_EF2019A,0
2019,reed,0,0,0,1,0,Race and/or ethnicity unknown,5,30,35,IPEDS_EF2019A,0
2019,reed,0,0,0,1,0,Total,394,1429,1457,IPEDS_EF2019A,0
2019,reed,0,0,0,1,0,"Two or more races, non-Hispanic",44,134,135,IPEDS_EF2019A,0
2019,reed,0,0,0,1,0,"White, non-Hispanic",239,833,837,IPEDS_EF2019A,0
2019,rice,0,0,0,0,1,"American Indian or Alaska Native, non-Hispanic",0,4,4,IPEDS_EF2019A,0
2019,rice,0,0,0,0,1,"Asian, non-Hispanic",280,1054,1054,IPEDS_EF2019A,0
2019,rice,0,0,0,0,1,"Black or African American, non-Hispanic",72,293,293,IPEDS_EF2019A,0
2019,rice,0,0,0,0,1,Hispanic/Latino,156,644,644,IPEDS_EF2019A,0
2019,rice,0,0,0,0,1,"Native Hawaiian or other Pacific Islander, non-Hispanic",0,6,6,IPEDS_EF2019A,0
2019,rice,0,0,0,0,1,Nonresident,105,477,487,IPEDS_EF2019A,0
2019,rice,0,0,0,0,1,Race and/or ethnicity unknown,6,54,55,IPEDS_EF2019A,0
2019,rice,0,0,0,0,1,Total,961,3978,3989,IPEDS_EF2019A,0
2019,rice,0,0,0,0,1,"Two or more races, non-Hispanic",46,184,184,IPEDS_EF2019A,0
2019,rice,0,0,0,0,1,"White, non-Hispanic",296,1262,1262,IPEDS_EF2019A,0
2019,richmond,0,0,0,0,1,"American Indian or Alaska Native, non-Hispanic",2,3,3,IPEDS_EF2019A,0
2019,richmond,0,0,0,0,1,"Asian, non-Hispanic",51,224,227,IPEDS_EF2019A,0
2019,richmond,0,0,0,0,1,"Black or African American, non-Hispanic",46,230,235,IPEDS_EF2019A,0
2019,richmond,0,0,0,0,1,Hispanic/Latino,95,282,283,IPEDS_EF2019A,0
2019,richmond,0,0,0,0,1,"Native Hawaiian or other Pacific Islander, non-Hispanic",0,1,1,IPEDS_EF2019A,0
2019,richmond,0,0,0,0,1,Nonresident,67,271,337,IPEDS_EF2019A,0
2019,richmond,0,0,0,0,1,Race and/or ethnicity unknown,36,133,137,IPEDS_EF2019A,0
2019,richmond,0,0,0,0,1,Total,832,3110,3202,IPEDS_EF2019A,0
2019,richmond,0,0,0,0,1,"Two or more races, non-Hispanic",42,141,142,IPEDS_EF2019A,0
2019,richmond,0,0,0,0,1,"White, non-Hispanic",493,1825,1837,IPEDS_EF2019A,0
2019,sarahlawrence,0,0,0,1,0,"American Indian or Alaska Native, non-Hispanic",0,1,1,IPEDS_EF2019A,0
2019,sarahlawrence,0,0,0,1,0,"Asian, non-Hispanic",16,63,63,IPEDS_EF2019A,0
2019,sarahlawrence,0,0,0,1,0,"Black or African American, non-Hispanic",13,57,57,IPEDS_EF2019A,0
2019,sarahlawrence,0,0,0,1,0,Hispanic/Latino,42,124,124,IPEDS_EF2019A,0
2019,sarahlawrence,0,0,0,1,0,"Native Hawaiian or other Pacific Islander, non-Hispanic",0,0,0,IPEDS_EF2019A,0
2019,sarahlawrence,0,0,0,1,0,Nonresident,42,155,155,IPEDS_EF2019A,0
2019,sarahlawrence,0,0,0,1,0,Race and/or ethnicity unknown,14,63,131,IPEDS_EF2019A,0
2019,sarahlawrence,0,0,0,1,0,Total,398,1364,1433,IPEDS_EF2019A,0
2019,sarahlawrence,0,0,0,1,0,"Two or more races, non-Hispanic",14,69,69,IPEDS_EF2019A,0
2019,sarahlawrence,0,0,0,1,0,"White, non-Hispanic",257,832,833,IPEDS_EF2019A,0
2019,smith,0,0,0,1,1,"American Indian or Alaska Native, non-Hispanic",0,1,1,IPEDS_EF2019A,0
2019,smith,0,0,0,1,1,"Asian, non-Hispanic",63,243,243,IPEDS_EF2019A,0
2019,smith,0,0,0,1,1,"Black or African American, non-Hispanic",36,161,161,IPEDS_EF2019A,0
2019,smith,0,0,0,1,1,Hispanic/Latino,86,299,299,IPEDS_EF2019A,0
2019,smith,0,0,0,1,1,"Native Hawaiian or other Pacific Islander, non-Hispanic",0,2,2,IPEDS_EF2019A,0
2019,smith,0,0,0,1,1,Nonresident,98,351,354,IPEDS_EF2019A,0
2019,smith,0,0,0,1,1,Race and/or ethnicity unknown,12,102,102,IPEDS_EF2019A,0
2019,smith,0,0,0,1,1,Total,633,2526,2531,IPEDS_EF2019A,0
2019,smith,0,0,0,1,1,"Two or more races, non-Hispanic",32,119,119,IPEDS_EF2019A,0
2019,smith,0,0,0,1,1,"White, non-Hispanic",306,1248,1250,IPEDS_EF2019A,0
2019,stanford,0,1,0,0,1,"American Indian or Alaska Native, non-Hispanic",16,57,57,IPEDS_EF2019A,0
2019,stanford,0,1,0,0,1,"Asian, non-Hispanic",413,1590,1590,IPEDS_EF2019A,0
2019,stanford,0,1,0,0,1,"Black or African American, non-Hispanic",116,477,477,IPEDS_EF2019A,0
2019,stanford,0,1,0,0,1,Hispanic/Latino,292,1156,1156,IPEDS_EF2019A,0
2019,stanford,0,1,0,0,1,"Native Hawaiian or other Pacific Islander, non-Hispanic",6,25,25,IPEDS_EF2019A,0
2019,stanford,0,1,0,0,1,Nonresident,197,747,748,IPEDS_EF2019A,0
2019,stanford,0,1,0,0,1,Race and/or ethnicity unknown,0,25,26,IPEDS_EF2019A,0
2019,stanford,0,1,0,0,1,Total,1698,6994,6996,IPEDS_EF2019A,0
2019,stanford,0,1,0,0,1,"Two or more races, non-Hispanic",170,653,653,IPEDS_EF2019A,0
2019,stanford,0,1,0,0,1,"White, non-Hispanic",488,2264,2264,IPEDS_EF2019A,0
2019,stolaf,0,0,0,1,0,"American Indian or Alaska Native, non-Hispanic",0,0,0,IPEDS_EF2019A,0
2019,stolaf,0,0,0,1,0,"Asian, non-Hispanic",51,202,204,IPEDS_EF2019A,0
2019,stolaf,0,0,0,1,0,"Black or African American, non-Hispanic",26,84,84,IPEDS_EF2019A,0
2019,stolaf,0,0,0,1,0,Hispanic/Latino,56,214,214,IPEDS_EF2019A,0
2019,stolaf,0,0,0,1,0,"Native Hawaiian or other Pacific Islander, non-Hispanic",0,1,1,IPEDS_EF2019A,0
2019,stolaf,0,0,0,1,0,Nonresident,88,318,334,IPEDS_EF2019A,0
2019,stolaf,0,0,0,1,0,Race and/or ethnicity unknown,0,15,15,IPEDS_EF2019A,0
2019,stolaf,0,0,0,1,0,Total,806,3033,3072,IPEDS_EF2019A,0
2019,stolaf,0,0,0,1,0,"Two or more races, non-Hispanic",43,123,124,IPEDS_EF2019A,0
2019,stolaf,0,0,0,1,0,"White, non-Hispanic",542,2076,2096,IPEDS_EF2019A,0
2019,swarthmore,0,0,0,1,1,"American Indian or Alaska Native, non-Hispanic",2,6,6,IPEDS_EF2019A,0
2019,swarthmore,0,0,0,1,1,"Asian, non-Hispanic",63,249,249,IPEDS_EF2019A,0
2019,swarthmore,0,0,0,1,1,"Black or African American, non-Hispanic",35,122,122,IPEDS_EF2019A,0
2019,swarthmore,0,0,0,1,1,Hispanic/Latino,57,203,204,IPEDS_EF2019A,0
2019,swarthmore,0,0,0,1,1,"Native Hawaiian or other Pacific Islander, non-Hispanic",1,2,2,IPEDS_EF2019A,0
2019,swarthmore,0,0,0,1,1,Nonresident,64,227,231,IPEDS_EF2019A,0
2019,swarthmore,0,0,0,1,1,Race and/or ethnicity unknown,15,64,64,IPEDS_EF2019A,0
2019,swarthmore,0,0,0,1,1,Total,417,1584,1594,IPEDS_EF2019A,0
2019,swarthmore,0,0,0,1,1,"Two or more races, non-Hispanic",35,118,119,IPEDS_EF2019A,0
2019,swarthmore,0,0,0,1,1,"White, non-Hispanic",145,593,597,IPEDS_EF2019A,0
2019,trinity,0,0,1,1,0,"American Indian or Alaska Native, non-Hispanic",2,4,4,IPEDS_EF2019A,0
2019,trinity,0,0,1,1,0,"Asian, non-Hispanic",21,81,81,IPEDS_EF2019A,0
2019,trinity,0,0,1,1,0,"Black or African American, non-Hispanic",42,141,142,IPEDS_EF2019A,0
2019,trinity,0,0,1,1,0,Hispanic/Latino,49,179,179,IPEDS_EF2019A,0
2019,trinity,0,0,1,1,0,"Native Hawaiian or other Pacific Islander, non-Hispanic",1,1,1,IPEDS_EF2019A,0
2019,trinity,0,0,1,1,0,Nonresident,74,287,290,IPEDS_EF2019A,0
2019,trinity,0,0,1,1,0,Race and/or ethnicity unknown,16,51,70,IPEDS_EF2019A,0
2019,trinity,0,0,1,1,0,Total,580,2167,2195,IPEDS_EF2019A,0
2019,trinity,0,0,1,1,0,"Two or more races, non-Hispanic",21,62,62,IPEDS_EF2019A,0
2019,trinity,0,0,1,1,0,"White, non-Hispanic",354,1361,1366,IPEDS_EF2019A,0
2019,tufts,0,0,1,1,0,"American Indian or Alaska Native, non-Hispanic",1,3,3,IPEDS_EF2019A,0
2019,tufts,0,0,1,1,0,"Asian, non-Hispanic",249,841,845,IPEDS_EF2019A,0
2019,tufts,0,0,1,1,0,"Black or African American, non-Hispanic",70,254,254,IPEDS_EF2019A,0
2019,tufts,0,0,1,1,0,Hispanic/Latino,126,431,433,IPEDS_EF2019A,0
2019,tufts,0,0,1,1,0,"Native Hawaiian or other Pacific Islander, non-Hispanic",1,2,2,IPEDS_EF2019A,0
2019,tufts,0,0,1,1,0,Nonresident,193,620,636,IPEDS_EF2019A,0
2019,tufts,0,0,1,1,0,Race and/or ethnicity unknown,62,256,292,IPEDS_EF2019A,0
2019,tufts,0,0,1,1,0,Total,1613,5828,5907,IPEDS_EF2019A,0
2019,tufts,0,0,1,1,0,"Two or more races, non-Hispanic",86,320,324,IPEDS_EF2019A,0
2019,tufts,0,0,1,1,0,"White, non-Hispanic",825,3101,3118,IPEDS_EF2019A,0
2019,uchicago,0,1,0,0,1,"American Indian or Alaska Native, non-Hispanic",1,5,5,IPEDS_EF2019A,0
2019,uchicago,0,1,0,0,1,"Asian, non-Hispanic",307,1284,1287,IPEDS_EF2019A,0
2019,uchicago,0,1,0,0,1,"Black or African American, non-Hispanic",108,380,383,IPEDS_EF2019A,0
2019,uchicago,0,1,0,0,1,Hispanic/Latino,285,974,975,IPEDS_EF2019A,0
2019,uchicago,0,1,0,0,1,"Native Hawaiian or other Pacific Islander, non-Hispanic",1,2,2,IPEDS_EF2019A,0
2019,uchicago,0,1,0,0,1,Nonresident,270,989,1039,IPEDS_EF2019A,0
2019,uchicago,0,1,0,0,1,Race and/or ethnicity unknown,58,148,177,IPEDS_EF2019A,0
2019,uchicago,0,1,0,0,1,Total,1725,6800,6890,IPEDS_EF2019A,0
2019,uchicago,0,1,0,0,1,"Two or more races, non-Hispanic",120,473,474,IPEDS_EF2019A,0
2019,uchicago,0,1,0,0,1,"White, non-Hispanic",575,2545,2548,IPEDS_EF2019A,0
2019,ucla,0,0,0,0,1,"American Indian or Alaska Native, non-Hispanic",17,71,71,IPEDS_EF2019A,0
2019,ucla,0,0,0,0,1,"Asian, non-Hispanic",1807,8788,8788,IPEDS_EF2019A,0
2019,ucla,0,0,0,0,1,"Black or African American, non-Hispanic",214,1063,1063,IPEDS_EF2019A,0
2019,ucla,0,0,0,0,1,Hispanic/Latino,1273,7062,7062,IPEDS_EF2019A,0
2019,ucla,0,0,0,0,1,"Native Hawaiian or other Pacific Islander, non-Hispanic",15,74,74,IPEDS_EF2019A,0
2019,ucla,0,0,0,0,1,Nonresident,527,3481,3487,IPEDS_EF2019A,0
2019,ucla,0,0,0,0,1,Race and/or ethnicity unknown,153,797,797,IPEDS_EF2019A,0
2019,ucla,0,0,0,0,1,Total,5919,31537,31543,IPEDS_EF2019A,0
2019,ucla,0,0,0,0,1,"Two or more races, non-Hispanic",421,1874,1874,IPEDS_EF2019A,0
2019,ucla,0,0,0,0,1,"White, non-Hispanic",1492,8327,8327,IPEDS_EF2019A,0
2019,umich,0,0,0,0,1,"American Indian or Alaska Native, non-Hispanic",13,37,37,IPEDS_EF2019A,0
2019,umich,0,0,0,0,1,"Asian, non-Hispanic",1227,4843,4858,IPEDS_EF2019A,0
2019,umich,0,0,0,0,1,"Black or African American, non-Hispanic",242,1242,1245,IPEDS_EF2019A,0
2019,umich,0,0,0,0,1,Hispanic/Latino,518,2138,2143,IPEDS_EF2019A,0
2019,umich,0,0,0,0,1,"Native Hawaiian or other Pacific Islander, non-Hispanic",2,13,13,IPEDS_EF2019A,0
2019,umich,0,0,0,0,1,Nonresident,305,2298,2426,IPEDS_EF2019A,0
2019,umich,0,0,0,0,1,Race and/or ethnicity unknown,366,1400,1410,IPEDS_EF2019A,0
2019,umich,0,0,0,0,1,Total,6830,31046,31266,IPEDS_EF2019A,0
2019,umich,0,0,0,0,1,"Two or more races, non-Hispanic",346,1472,1475,IPEDS_EF2019A,0
2019,umich,0,0,0,0,1,"White, non-Hispanic",3811,17603,17659,IPEDS_EF2019A,0
2019,union,0,0,0,1,0,"American Indian or Alaska Native, non-Hispanic",0,1,1,IPEDS_EF2019A,0
2019,union,0,0,0,1,0,"Asian, non-Hispanic",32,121,122,IPEDS_EF2019A,0
2019,union,0,0,0,1,0,"Black or African American, non-Hispanic",27,81,82,IPEDS_EF2019A,0
2019,union,0,0,0,1,0,Hispanic/Latino,54,193,194,IPEDS_EF2019A,0
2019,union,0,0,0,1,0,"Native Hawaiian or other Pacific Islander, non-Hispanic",0,0,0,IPEDS_EF2019A,0
2019,union,0,0,0,1,0,Nonresident,67,213,213,IPEDS_EF2019A,0
2019,union,0,0,0,1,0,Race and/or ethnicity unknown,0,3,24,IPEDS_EF2019A,0
2019,union,0,0,0,1,0,Total,550,2161,2189,IPEDS_EF2019A,0
2019,union,0,0,0,1,0,"Two or more races, non-Hispanic",17,71,71,IPEDS_EF2019A,0
2019,union,0,0,0,1,0,"White, non-Hispanic",353,1478,1482,IPEDS_EF2019A,0
2019,vanderbilt,0,0,0,0,1,"American Indian or Alaska Native, non-Hispanic",6,31,31,IPEDS_EF2019A,0
2019,vanderbilt,0,0,0,0,1,"Asian, non-Hispanic",241,983,983,IPEDS_EF2019A,0
2019,vanderbilt,0,0,0,0,1,"Black or African American, non-Hispanic",188,756,756,IPEDS_EF2019A,0
2019,vanderbilt,0,0,0,0,1,Hispanic/Latino,156,691,692,IPEDS_EF2019A,0
2019,vanderbilt,0,0,0,0,1,"Native Hawaiian or other Pacific Islander, non-Hispanic",4,22,22,IPEDS_EF2019A,0
2019,vanderbilt,0,0,0,0,1,Nonresident,190,661,669,IPEDS_EF2019A,0
2019,vanderbilt,0,0,0,0,1,Race and/or ethnicity unknown,72,319,322,IPEDS_EF2019A,0
2019,vanderbilt,0,0,0,0,1,Total,1604,6871,6886,IPEDS_EF2019A,0
2019,vanderbilt,0,0,0,0,1,"Two or more races, non-Hispanic",81,381,382,IPEDS_EF2019A,0
2019,vanderbilt,0,0,0,0,1,"White, non-Hispanic",666,3027,3029,IPEDS_EF2019A,0
2019,vassar,0,0,0,1,1,"American Indian or Alaska Native, non-Hispanic",0,1,1,IPEDS_EF2019A,0
2019,vassar,0,0,0,1,1,"Asian, non-Hispanic",81,287,288,IPEDS_EF2019A,0
2019,vassar,0,0,0,1,1,"Black or African American, non-Hispanic",16,90,91,IPEDS_EF2019A,0
2019,vassar,0,0,0,1,1,Hispanic/Latino,81,268,270,IPEDS_EF2019A,0
2019,vassar,0,0,0,1,1,"Native Hawaiian or other Pacific Islander, non-Hispanic",0,0,0,IPEDS_EF2019A,0
2019,vassar,0,0,0,1,1,Nonresident,61,218,228,IPEDS_EF2019A,0
2019,vassar,0,0,0,1,1,Race and/or ethnicity unknown,2,8,8,IPEDS_EF2019A,0
2019,vassar,0,0,0,1,1,Total,690,2421,2439,IPEDS_EF2019A,0
2019,vassar,0,0,0,1,1,"Two or more races, non-Hispanic",75,216,216,IPEDS_EF2019A,0
2019,vassar,0,0,0,1,1,"White, non-Hispanic",374,1333,1337,IPEDS_EF2019A,0
2019,washandlee,0,0,0,1,1,"American Indian or Alaska Native, non-Hispanic",0,0,0,IPEDS_EF2019A,0
2019,washandlee,0,0,0,1,1,"Asian, non-Hispanic",17,67,67,IPEDS_EF2019A,0
2019,washandlee,0,0,0,1,1,"Black or African American, non-Hispanic",18,56,62,IPEDS_EF2019A,0
2019,washandlee,0,0,0,1,1,Hispanic/Latino,31,102,103,IPEDS_EF2019A,0
2019,washandlee,0,0,0,1,1,"Native Hawaiian or other Pacific Islander, non-Hispanic",0,0,0,IPEDS_EF2019A,0
2019,washandlee,0,0,0,1,1,Nonresident,25,73,75,IPEDS_EF2019A,0
2019,washandlee,0,0,0,1,1,Race and/or ethnicity unknown,3,10,10,IPEDS_EF2019A,0
2019,washandlee,0,0,0,1,1,Total,462,1843,1860,IPEDS_EF2019A,0
2019,washandlee,0,0,0,1,1,"Two or more races, non-Hispanic",19,73,73,IPEDS_EF2019A,0
2019,washandlee,0,0,0,1,1,"White, non-Hispanic",349,1462,1470,IPEDS_EF2019A,0
2019,wellesley,0,0,0,1,1,"American Indian or Alaska Native, non-Hispanic",0,2,2,IPEDS_EF2019A,0
2019,wellesley,0,0,0,1,1,"Asian, non-Hispanic",153,551,554,IPEDS_EF2019A,0
2019,wellesley,0,0,0,1,1,"Black or African American, non-Hispanic",40,159,160,IPEDS_EF2019A,0
2019,wellesley,0,0,0,1,1,Hispanic/Latino,71,313,314,IPEDS_EF2019A,0
2019,wellesley,0,0,0,1,1,"Native Hawaiian or other Pacific Islander, non-Hispanic",0,0,0,IPEDS_EF2019A,0
2019,wellesley,0,0,0,1,1,Nonresident,81,313,330,IPEDS_EF2019A,0
2019,wellesley,0,0,0,1,1,Race and/or ethnicity unknown,8,9,110,IPEDS_EF2019A,0
2019,wellesley,0,0,0,1,1,Total,612,2391,2519,IPEDS_EF2019A,0
2019,wellesley,0,0,0,1,1,"Two or more races, non-Hispanic",52,170,172,IPEDS_EF2019A,0
2019,wellesley,0,0,0,1,1,"White, non-Hispanic",207,874,877,IPEDS_EF2019A,0
2019,wesleyan,0,0,1,1,1,"American Indian or Alaska Native, non-Hispanic",0,1,2,IPEDS_EF2019A,0
2019,wesleyan,0,0,1,1,1,"Asian, non-Hispanic",70,217,220,IPEDS_EF2019A,0
2019,wesleyan,0,0,1,1,1,"Black or African American, non-Hispanic",42,161,195,IPEDS_EF2019A,0
2019,wesleyan,0,0,1,1,1,Hispanic/Latino,80,327,340,IPEDS_EF2019A,0
2019,wesleyan,0,0,1,1,1,"Native Hawaiian or other Pacific Islander, non-Hispanic",2,3,3,IPEDS_EF2019A,0
2019,wesleyan,0,0,1,1,1,Nonresident,103,402,405,IPEDS_EF2019A,0
2019,wesleyan,0,0,1,1,1,Race and/or ethnicity unknown,13,67,76,IPEDS_EF2019A,0
2019,wesleyan,0,0,1,1,1,Total,771,2933,3018,IPEDS_EF2019A,0
2019,wesleyan,0,0,1,1,1,"Two or more races, non-Hispanic",53,177,178,IPEDS_EF2019A,0
2019,wesleyan,0,0,1,1,1,"White, non-Hispanic",408,1578,1599,IPEDS_EF2019A,0
2019,williams,0,0,1,1,1,"American Indian or Alaska Native, non-Hispanic",0,2,3,IPEDS_EF2019A,0
2019,williams,0,0,1,1,1,"Asian, non-Hispanic",65,251,253,IPEDS_EF2019A,0
2019,williams,0,0,1,1,1,"Black or African American, non-Hispanic",30,141,144,IPEDS_EF2019A,0
2019,williams,0,0,1,1,1,Hispanic/Latino,63,272,275,IPEDS_EF2019A,0
2019,williams,0,0,1,1,1,"Native Hawaiian or other Pacific Islander, non-Hispanic",1,1,1,IPEDS_EF2019A,0
2019,williams,0,0,1,1,1,Nonresident,59,173,186,IPEDS_EF2019A,0
2019,williams,0,0,1,1,1,Race and/or ethnicity unknown,25,74,76,IPEDS_EF2019A,0
2019,williams,0,0,1,1,1,Total,546,2028,2094,IPEDS_EF2019A,0
2019,williams,0,0,1,1,1,"Two or more races, non-Hispanic",46,121,122,IPEDS_EF2019A,0
2019,williams,0,0,1,1,1,"White, non-Hispanic",257,993,1034,IPEDS_EF2019A,0
2019,wustl,0,0,0,0,1,"American Indian or Alaska Native, non-Hispanic",2,6,6,IPEDS_EF2019A,0
2019,wustl,0,0,0,0,1,"Asian, non-Hispanic",305,1211,1237,IPEDS_EF2019A,0
2019,wustl,0,0,0,0,1,"Black or African American, non-Hispanic",134,693,763,IPEDS_EF2019A,0
2019,wustl,0,0,0,0,1,Hispanic/Latino,195,733,742,IPEDS_EF2019A,0
2019,wustl,0,0,0,0,1,"Native Hawaiian or other Pacific Islander, non-Hispanic",4,9,9,IPEDS_EF2019A,0
2019,wustl,0,0,0,0,1,Nonresident,134,560,645,IPEDS_EF2019A,0
2019,wustl,0,0,0,0,1,Race and/or ethnicity unknown,46,167,191,IPEDS_EF2019A,0
2019,wustl,0,0,0,0,1,Total,1732,7404,7822,IPEDS_EF2019A,0
2019,wustl,0,0,0,0,1,"Two or more races, non-Hispanic",113,386,391,IPEDS_EF2019A,0
2019,wustl,0,0,0,0,1,"White, non-Hispanic",799,3639,3838,IPEDS_EF2019A,0
2019,yale,1,1,0,0,1,"American Indian or Alaska Native, non-Hispanic",8,29,29,IPEDS_EF2019A,0
2019,yale,1,1,0,0,1,"Asian, non-Hispanic",352,1221,1221,IPEDS_EF2019A,0
2019,yale,1,1,0,0,1,"Black or African American, non-Hispanic",117,463,463,IPEDS_EF2019A,0
2019,yale,1,1,0,0,1,Hispanic/Latino,233,860,860,IPEDS_EF2019A,0
2019,yale,1,1,0,0,1,"Native Hawaiian or other Pacific Islander, non-Hispanic",2,6,6,IPEDS_EF2019A,0
2019,yale,1,1,0,0,1,Nonresident,146,621,621,IPEDS_EF2019A,0
2019,yale,1,1,0,0,1,Race and/or ethnicity unknown,19,32,33,IPEDS_EF2019A,0
2019,yale,1,1,0,0,1,Total,1550,6089,6092,IPEDS_EF2019A,0
2019,yale,1,1,0,0,1,"Two or more races, non-Hispanic",110,397,398,IPEDS_EF2019A,0
2019,yale,1,1,0,0,1,"White, non-Hispanic",563,2460,2461,IPEDS_EF2019A,0
2020,airforce,0,0,0,0,1,"American Indian or Alaska Native, non-Hispanic",0,6,6,IPEDS_EF2020A,0
2020,airforce,0,0,0,0,1,"Asian, non-Hispanic",96,285,285,IPEDS_EF2020A,0
2020,airforce,0,0,0,0,1,"Black or African American, non-Hispanic",76,285,285,IPEDS_EF2020A,0
2020,airforce,0,0,0,0,1,Hispanic/Latino,150,493,493,IPEDS_EF2020A,0
2020,airforce,0,0,0,0,1,"Native Hawaiian or other Pacific Islander, non-Hispanic",8,20,20,IPEDS_EF2020A,0
2020,airforce,0,0,0,0,1,Nonresident,15,59,59,IPEDS_EF2020A,0
2020,airforce,0,0,0,0,1,Race and/or ethnicity unknown,12,102,102,IPEDS_EF2020A,0
2020,airforce,0,0,0,0,1,Total,1132,4307,4307,IPEDS_EF2020A,0
2020,airforce,0,0,0,0,1,"Two or more races, non-Hispanic",76,312,312,IPEDS_EF2020A,0
2020,airforce,0,0,0,0,1,"White, non-Hispanic",699,2745,2745,IPEDS_EF2020A,0
2020,amherst,0,0,1,1,1,"American Indian or Alaska Native, non-Hispanic",0,10,10,IPEDS_EF2020A,0
2020,amherst,0,0,1,1,1,"Asian, non-Hispanic",71,270,270,IPEDS_EF2020A,0
2020,amherst,0,0,1,1,1,"Black or African American, non-Hispanic",47,182,182,IPEDS_EF2020A,0
2020,amherst,0,0,1,1,1,Hispanic/Latino,72,244,244,IPEDS_EF2020A,0
2020,amherst,0,0,1,1,1,"Native Hawaiian or other Pacific Islander, non-Hispanic",1,3,3,IPEDS_EF2020A,0
2020,amherst,0,0,1,1,1,Nonresident,57,178,178,IPEDS_EF2020A,0
2020,amherst,0,0,1,1,1,Race and/or ethnicity unknown,1,30,30,IPEDS_EF2020A,0
2020,amherst,0,0,1,1,1,Total,434,1745,1745,IPEDS_EF2020A,0
2020,amherst,0,0,1,1,1,"Two or more races, non-Hispanic",28,123,123,IPEDS_EF2020A,0
2020,amherst,0,0,1,1,1,"White, non-Hispanic",157,705,705,IPEDS_EF2020A,0
2020,army,0,0,0,0,1,"American Indian or Alaska Native, non-Hispanic",9,34,34,IPEDS_EF2020A,0
2020,army,0,0,0,0,1,"Asian, non-Hispanic",104,350,350,IPEDS_EF2020A,0
2020,army,0,0,0,0,1,"Black or African American, non-Hispanic",171,579,579,IPEDS_EF2020A,0
2020,army,0,0,0,0,1,Hispanic/Latino,133,539,539,IPEDS_EF2020A,0
2020,army,0,0,0,0,1,"Native Hawaiian or other Pacific Islander, non-Hispanic",5,10,10,IPEDS_EF2020A,0
2020,army,0,0,0,0,1,Nonresident,11,58,58,IPEDS_EF2020A,0
2020,army,0,0,0,0,1,Race and/or ethnicity unknown,3,29,29,IPEDS_EF2020A,0
2020,army,0,0,0,0,1,Total,1215,4530,4530,IPEDS_EF2020A,0
2020,army,0,0,0,0,1,"Two or more races, non-Hispanic",21,118,118,IPEDS_EF2020A,0
2020,army,0,0,0,0,1,"White, non-Hispanic",758,2813,2813,IPEDS_EF2020A,0
2020,barnard,0,0,0,1,1,"American Indian or Alaska Native, non-Hispanic",0,3,3,IPEDS_EF2020A,0
2020,barnard,0,0,0,1,1,"Asian, non-Hispanic",159,493,493,IPEDS_EF2020A,0
2020,barnard,0,0,0,1,1,"Black or African American, non-Hispanic",35,143,143,IPEDS_EF2020A,0
2020,barnard,0,0,0,1,1,Hispanic/Latino,105,317,317,IPEDS_EF2020A,0
2020,barnard,0,0,0,1,1,"Native Hawaiian or other Pacific Islander, non-Hispanic",0,3,3,IPEDS_EF2020A,0
2020,barnard,0,0,0,1,1,Nonresident,51,337,337,IPEDS_EF2020A,0
2020,barnard,0,0,0,1,1,Race and/or ethnicity unknown,16,32,32,IPEDS_EF2020A,0
2020,barnard,0,0,0,1,1,Total,690,2744,2744,IPEDS_EF2020A,0
2020,barnard,0,0,0,1,1,"Two or more races, non-Hispanic",51,175,175,IPEDS_EF2020A,0
2020,barnard,0,0,0,1,1,"White, non-Hispanic",273,1241,1241,IPEDS_EF2020A,0
2020,bates,0,0,1,1,1,"American Indian or Alaska Native, non-Hispanic",1,3,3,IPEDS_EF2020A,0
2020,bates,0,0,1,1,1,"Asian, non-Hispanic",22,92,92,IPEDS_EF2020A,0
2020,bates,0,0,1,1,1,"Black or African American, non-Hispanic",23,106,106,IPEDS_EF2020A,0
2020,bates,0,0,1,1,1,Hispanic/Latino,44,133,133,IPEDS_EF2020A,0
2020,bates,0,0,1,1,1,"Native Hawaiian or other Pacific Islander, non-Hispanic",0,1,1,IPEDS_EF2020A,0
2020,bates,0,0,1,1,1,Nonresident,41,149,149,IPEDS_EF2020A,0
2020,bates,0,0,1,1,1,Race and/or ethnicity unknown,1,8,8,IPEDS_EF2020A,0
2020,bates,0,0,1,1,1,Total,479,1876,1876,IPEDS_EF2020A,0
2020,bates,0,0,1,1,1,"Two or more races, non-Hispanic",40,118,118,IPEDS_EF2020A,0
2020,bates,0,0,1,1,1,"White, non-Hispanic",307,1266,1266,IPEDS_EF2020A,0
2020,berkeley,0,0,0,0,1,"American Indian or Alaska Native, non-Hispanic",2,25,25,IPEDS_EF2020A,0
2020,berkeley,0,0,0,0,1,"Asian, non-Hispanic",2279,10884,10884,IPEDS_EF2020A,0
2020,berkeley,0,0,0,0,1,"Black or African American, non-Hispanic",139,657,658,IPEDS_EF2020A,0
2020,berkeley,0,0,0,0,1,Hispanic/Latino,1367,5751,5751,IPEDS_EF2020A,0
2020,berkeley,0,0,0,0,1,"Native Hawaiian or other Pacific Islander, non-Hispanic",7,50,50,IPEDS_EF2020A,0
2020,berkeley,0,0,0,0,1,Nonresident,730,3879,3880,IPEDS_EF2020A,0
2020,berkeley,0,0,0,0,1,Race and/or ethnicity unknown,199,1010,1010,IPEDS_EF2020A,0
2020,berkeley,0,0,0,0,1,Total,6117,30796,30799,IPEDS_EF2020A,0
2020,berkeley,0,0,0,0,1,"Two or more races, non-Hispanic",335,1814,1815,IPEDS_EF2020A,0
2020,berkeley,0,0,0,0,1,"White, non-Hispanic",1059,6726,6726,IPEDS_EF2020A,0
2020,bowdoin,0,0,1,1,1,"American Indian or Alaska Native, non-Hispanic",2,6,6,IPEDS_EF2020A,0
2020,bowdoin,0,0,1,1,1,"Asian, non-Hispanic",49,166,166,IPEDS_EF2020A,0
2020,bowdoin,0,0,1,1,1,"Black or African American, non-Hispanic",27,137,137,IPEDS_EF2020A,0
2020,bowdoin,0,0,1,1,1,Hispanic/Latino,43,189,189,IPEDS_EF2020A,0
2020,bowdoin,0,0,1,1,1,"Native Hawaiian or other Pacific Islander, non-Hispanic",0,1,1,IPEDS_EF2020A,0
2020,bowdoin,0,0,1,1,1,Nonresident,30,128,128,IPEDS_EF2020A,0
2020,bowdoin,0,0,1,1,1,Race and/or ethnicity unknown,1,8,8,IPEDS_EF2020A,0
2020,bowdoin,0,0,1,1,1,Total,463,1776,1777,IPEDS_EF2020A,0
2020,bowdoin,0,0,1,1,1,"Two or more races, non-Hispanic",44,143,143,IPEDS_EF2020A,0
2020,bowdoin,0,0,1,1,1,"White, non-Hispanic",267,998,999,IPEDS_EF2020A,0
2020,brown,1,1,0,0,1,"American Indian or Alaska Native, non-Hispanic",8,23,24,IPEDS_EF2020A,0
2020,brown,1,1,0,0,1,"Asian, non-Hispanic",353,1227,1238,IPEDS_EF2020A,0
2020,brown,1,1,0,0,1,"Black or African American, non-Hispanic",124,480,482,IPEDS_EF2020A,0
2020,brown,1,1,0,0,1,Hispanic/Latino,191,739,745,IPEDS_EF2020A,0
2020,brown,1,1,0,0,1,"Native Hawaiian or other Pacific Islander, non-Hispanic",3,10,10,IPEDS_EF2020A,0
2020,brown,1,1,0,0,1,Nonresident,193,734,807,IPEDS_EF2020A,0
2020,brown,1,1,0,0,1,Race and/or ethnicity unknown,30,242,295,IPEDS_EF2020A,0
2020,brown,1,1,0,0,1,Total,1751,6632,6792,IPEDS_EF2020A,0
2020,brown,1,1,0,0,1,"Two or more races, non-Hispanic",127,417,418,IPEDS_EF2020A,0
2020,brown,1,1,0,0,1,"White, non-Hispanic",722,2760,2773,IPEDS_EF2020A,0
2020,brynmawr,0,0,0,1,0,"American Indian or Alaska Native, non-Hispanic",0,0,0,IPEDS_EF2020A,0
2020,brynmawr,0,0,0,1,0,"Asian, non-Hispanic",44,150,150,IPEDS_EF2020A,0
2020,brynmawr,0,0,0,1,0,"Black or African American, non-Hispanic",24,70,70,IPEDS_EF2020A,0
2020,brynmawr,0,0,0,1,0,Hispanic/Latino,47,136,136,IPEDS_EF2020A,0
2020,brynmawr,0,0,0,1,0,"Native Hawaiian or other Pacific Islander, non-Hispanic",0,0,0,IPEDS_EF2020A,0
2020,brynmawr,0,0,0,1,0,Nonresident,41,241,241,IPEDS_EF2020A,0
2020,brynmawr,0,0,0,1,0,Race and/or ethnicity unknown,13,42,43,IPEDS_EF2020A,0
2020,brynmawr,0,0,0,1,0,Total,359,1298,1299,IPEDS_EF2020A,0
2020,brynmawr,0,0,0,1,0,"Two or more races, non-Hispanic",16,62,62,IPEDS_EF2020A,0
2020,brynmawr,0,0,0,1,0,"White, non-Hispanic",174,597,597,IPEDS_EF2020A,0
2020,bucknell,0,0,0,1,0,"American Indian or Alaska Native, non-Hispanic",0,1,1,IPEDS_EF2020A,0
2020,bucknell,0,0,0,1,0,"Asian, non-Hispanic",46,177,179,IPEDS_EF2020A,0
2020,bucknell,0,0,0,1,0,"Black or African American, non-Hispanic",48,146,146,IPEDS_EF2020A,0
2020,bucknell,0,0,0,1,0,Hispanic/Latino,59,247,247,IPEDS_EF2020A,0
2020,bucknell,0,0,0,1,0,"Native Hawaiian or other Pacific Islander, non-Hispanic",0,1,1,IPEDS_EF2020A,0
2020,bucknell,0,0,0,1,0,Nonresident,43,189,189,IPEDS_EF2020A,0
2020,bucknell,0,0,0,1,0,Race and/or ethnicity unknown,0,3,3,IPEDS_EF2020A,0
2020,bucknell,0,0,0,1,0,Total,986,3684,3695,IPEDS_EF2020A,0
2020,bucknell,0,0,0,1,0,"Two or more races, non-Hispanic",35,156,159,IPEDS_EF2020A,0
2020,bucknell,0,0,0,1,0,"White, non-Hispanic",755,2764,2770,IPEDS_EF2020A,0
2020,caltech,0,1,0,0,1,"American Indian or Alaska Native, non-Hispanic",0,0,0,IPEDS_EF2020A,0
2020,caltech,0,1,0,0,1,"Asian, non-Hispanic",89,358,358,IPEDS_EF2020A,0
2020,caltech,0,1,0,0,1,"Black or African American, non-Hispanic",4,17,17,IPEDS_EF2020A,0
2020,caltech,0,1,0,0,1,Hispanic/Latino,38,163,163,IPEDS_EF2020A,0
2020,caltech,0,1,0,0,1,"Native Hawaiian or other Pacific Islander, non-Hispanic",0,1,1,IPEDS_EF2020A,0
2020,caltech,0,1,0,0,1,Nonresident,21,68,68,IPEDS_EF2020A,0
2020,caltech,0,1,0,0,1,Race and/or ethnicity unknown,4,4,4,IPEDS_EF2020A,0
2020,caltech,0,1,0,0,1,Total,225,901,901,IPEDS_EF2020A,0
2020,caltech,0,1,0,0,1,"Two or more races, non-Hispanic",21,79,79,IPEDS_EF2020A,0
2020,caltech,0,1,0,0,1,"White, non-Hispanic",48,211,211,IPEDS_EF2020A,0
2020,carleton,0,0,0,1,1,"American Indian or Alaska Native, non-Hispanic",0,1,1,IPEDS_EF2020A,0
2020,carleton,0,0,0,1,1,"Asian, non-Hispanic",46,188,190,IPEDS_EF2020A,0
2020,carleton,0,0,0,1,1,"Black or African American, non-Hispanic",43,113,113,IPEDS_EF2020A,0
2020,carleton,0,0,0,1,1,Hispanic/Latino,42,171,173,IPEDS_EF2020A,0
2020,carleton,0,0,0,1,1,"Native Hawaiian or other Pacific Islander, non-Hispanic",0,0,0,IPEDS_EF2020A,0
2020,carleton,0,0,0,1,1,Nonresident,34,191,196,IPEDS_EF2020A,0
2020,carleton,0,0,0,1,1,Race and/or ethnicity unknown,15,38,40,IPEDS_EF2020A,0
2020,carleton,0,0,0,1,1,Total,453,1918,1940,IPEDS_EF2020A,0
2020,carleton,0,0,0,1,1,"Two or more races, non-Hispanic",43,149,150,IPEDS_EF2020A,0
2020,carleton,0,0,0,1,1,"White, non-Hispanic",230,1067,1077,IPEDS_EF2020A,0
2020,clark,0,0,0,1,0,"American Indian or Alaska Native, non-Hispanic",0,1,1,IPEDS_EF2020A,0
2020,clark,0,0,0,1,0,"Asian, non-Hispanic",21,156,157,IPEDS_EF2020A,0
2020,clark,0,0,0,1,0,"Black or African American, non-Hispanic",34,106,106,IPEDS_EF2020A,0
2020,clark,0,0,0,1,0,Hispanic/Latino,41,214,214,IPEDS_EF2020A,0
2020,clark,0,0,0,1,0,"Native Hawaiian or other Pacific Islander, non-Hispanic",0,1,1,IPEDS_EF2020A,0
2020,clark,0,0,0,1,0,Nonresident,20,202,214,IPEDS_EF2020A,0
2020,clark,0,0,0,1,0,Race and/or ethnicity unknown,17,91,100,IPEDS_EF2020A,0
2020,clark,0,0,0,1,0,Total,480,2205,2233,IPEDS_EF2020A,0
2020,clark,0,0,0,1,0,"Two or more races, non-Hispanic",21,72,72,IPEDS_EF2020A,0
2020,clark,0,0,0,1,0,"White, non-Hispanic",326,1362,1368,IPEDS_EF2020A,0
2020,cmc,0,0,0,0,1,"American Indian or Alaska Native, non-Hispanic",0,2,2,IPEDS_EF2020A,0
2020,cmc,0,0,0,0,1,"Asian, non-Hispanic",53,170,170,IPEDS_EF2020A,0
2020,cmc,0,0,0,0,1,"Black or African American, non-Hispanic",23,63,63,IPEDS_EF2020A,0
2020,cmc,0,0,0,0,1,Hispanic/Latino,55,215,215,IPEDS_EF2020A,0
2020,cmc,0,0,0,0,1,"Native Hawaiian or other Pacific Islander, non-Hispanic",1,2,2,IPEDS_EF2020A,0
2020,cmc,0,0,0,0,1,Nonresident,41,179,179,IPEDS_EF2020A,0
2020,cmc,0,0,0,0,1,Race and/or ethnicity unknown,14,63,63,IPEDS_EF2020A,0
2020,cmc,0,0,0,0,1,Total,315,1262,1262,IPEDS_EF2020A,0
2020,cmc,0,0,0,0,1,"Two or more races, non-Hispanic",21,90,90,IPEDS_EF2020A,0
2020,cmc,0,0,0,0,1,"White, non-Hispanic",107,478,478,IPEDS_EF2020A,0
2020,cmu,0,0,0,0,1,"American Indian or Alaska Native, non-Hispanic",0,0,0,IPEDS_EF2020A,0
2020,cmu,0,0,0,0,1,"Asian, non-Hispanic",622,2279,2287,IPEDS_EF2020A,0
2020,cmu,0,0,0,0,1,"Black or African American, non-Hispanic",56,254,255,IPEDS_EF2020A,0
2020,cmu,0,0,0,0,1,Hispanic/Latino,151,607,611,IPEDS_EF2020A,0
2020,cmu,0,0,0,0,1,"Native Hawaiian or other Pacific Islander, non-Hispanic",1,2,2,IPEDS_EF2020A,0
2020,cmu,0,0,0,0,1,Nonresident,260,1054,1068,IPEDS_EF2020A,0
2020,cmu,0,0,0,0,1,Race and/or ethnicity unknown,108,442,458,IPEDS_EF2020A,0
2020,cmu,0,0,0,0,1,Total,1637,6539,6622,IPEDS_EF2020A,0
2020,cmu,0,0,0,0,1,"Two or more races, non-Hispanic",72,277,280,IPEDS_EF2020A,0
2020,cmu,0,0,0,0,1,"White, non-Hispanic",367,1624,1661,IPEDS_EF2020A,0
2020,colby,0,0,1,1,1,"American Indian or Alaska Native, non-Hispanic",1,4,4,IPEDS_EF2020A,0
2020,colby,0,0,1,1,1,"Asian, non-Hispanic",63,199,199,IPEDS_EF2020A,0
2020,colby,0,0,1,1,1,"Black or African American, non-Hispanic",30,101,101,IPEDS_EF2020A,0
2020,colby,0,0,1,1,1,Hispanic/Latino,38,169,169,IPEDS_EF2020A,0
2020,colby,0,0,1,1,1,"Native Hawaiian or other Pacific Islander, non-Hispanic",0,1,1,IPEDS_EF2020A,0
2020,colby,0,0,1,1,1,Nonresident,54,186,186,IPEDS_EF2020A,0
2020,colby,0,0,1,1,1,Race and/or ethnicity unknown,27,66,66,IPEDS_EF2020A,0
2020,colby,0,0,1,1,1,Total,566,2155,2155,IPEDS_EF2020A,0
2020,colby,0,0,1,1,1,"Two or more races, non-Hispanic",32,121,121,IPEDS_EF2020A,0
2020,colby,0,0,1,1,1,"White, non-Hispanic",321,1308,1308,IPEDS_EF2020A,0
2020,colgate,0,0,0,0,1,"American Indian or Alaska Native, non-Hispanic",0,2,2,IPEDS_EF2020A,0
2020,colgate,0,0,0,0,1,"Asian, non-Hispanic",43,160,161,IPEDS_EF2020A,0
2020,colgate,0,0,0,0,1,"Black or African American, non-Hispanic",38,126,126,IPEDS_EF2020A,0
2020,colgate,0,0,0,0,1,Hispanic/Latino,78,280,281,IPEDS_EF2020A,0
2020,colgate,0,0,0,0,1,"Native Hawaiian or other Pacific Islander, non-Hispanic",0,5,5,IPEDS_EF2020A,0
2020,colgate,0,0,0,0,1,Nonresident,70,282,282,IPEDS_EF2020A,0
2020,colgate,0,0,0,0,1,Race and/or ethnicity unknown,9,80,82,IPEDS_EF2020A,0
2020,colgate,0,0,0,0,1,Total,765,3032,3042,IPEDS_EF2020A,0
2020,colgate,0,0,0,0,1,"Two or more races, non-Hispanic",38,126,126,IPEDS_EF2020A,0
2020,colgate,0,0,0,0,1,"White, non-Hispanic",489,1971,1977,IPEDS_EF2020A,0
2020,columbia,1,1,0,0,1,"American Indian or Alaska Native, non-Hispanic",7,38,38,IPEDS_EF2020A,0
2020,columbia,1,1,0,0,1,"Asian, non-Hispanic",312,1388,1388,IPEDS_EF2020A,0
2020,columbia,1,1,0,0,1,"Black or African American, non-Hispanic",127,570,570,IPEDS_EF2020A,0
2020,columbia,1,1,0,0,1,Hispanic/Latino,258,1182,1182,IPEDS_EF2020A,0
2020,columbia,1,1,0,0,1,"Native Hawaiian or other Pacific Islander, non-Hispanic",1,8,8,IPEDS_EF2020A,0
2020,columbia,1,1,0,0,1,Nonresident,187,1477,1477,IPEDS_EF2020A,0
2020,columbia,1,1,0,0,1,Race and/or ethnicity unknown,82,349,349,IPEDS_EF2020A,0
2020,columbia,1,1,0,0,1,Total,1521,8148,8148,IPEDS_EF2020A,0
2020,columbia,1,1,0,0,1,"Two or more races, non-Hispanic",111,470,470,IPEDS_EF2020A,0
2020,columbia,1,1,0,0,1,"White, non-Hispanic",436,2666,2666,IPEDS_EF2020A,0
2020,conncoll,0,0,1,1,0,"American Indian or Alaska Native, non-Hispanic",0,1,2,IPEDS_EF2020A,0
2020,conncoll,0,0,1,1,0,"Asian, non-Hispanic",14,67,73,IPEDS_EF2020A,0
2020,conncoll,0,0,1,1,0,"Black or African American, non-Hispanic",23,77,77,IPEDS_EF2020A,0
2020,conncoll,0,0,1,1,0,Hispanic/Latino,57,178,178,IPEDS_EF2020A,0
2020,conncoll,0,0,1,1,0,"Native Hawaiian or other Pacific Islander, non-Hispanic",0,0,0,IPEDS_EF2020A,0
2020,conncoll,0,0,1,1,0,Nonresident,24,140,142,IPEDS_EF2020A,0
2020,conncoll,0,0,1,1,0,Race and/or ethnicity unknown,4,24,25,IPEDS_EF2020A,0
2020,conncoll,0,0,1,1,0,Total,434,1711,1737,IPEDS_EF2020A,0
2020,conncoll,0,0,1,1,0,"Two or more races, non-Hispanic",18,70,70,IPEDS_EF2020A,0
2020,conncoll,0,0,1,1,0,"White, non-Hispanic",294,1154,1170,IPEDS_EF2020A,0
2020,cornell,1,1,0,0,1,"American Indian or Alaska Native, non-Hispanic",7,35,35,IPEDS_EF2020A,0
2020,cornell,1,1,0,0,1,"Asian, non-Hispanic",731,3071,3071,IPEDS_EF2020A,0
2020,cornell,1,1,0,0,1,"Black or African American, non-Hispanic",258,1057,1057,IPEDS_EF2020A,0
2020,cornell,1,1,0,0,1,Hispanic/Latino,530,2158,2158,IPEDS_EF2020A,0
2020,cornell,1,1,0,0,1,"Native Hawaiian or other Pacific Islander, non-Hispanic",3,16,16,IPEDS_EF2020A,0
2020,cornell,1,1,0,0,1,Nonresident,291,1433,1433,IPEDS_EF2020A,0
2020,cornell,1,1,0,0,1,Race and/or ethnicity unknown,215,1111,1113,IPEDS_EF2020A,0
2020,cornell,1,1,0,0,1,Total,3249,14741,14743,IPEDS_EF2020A,0
2020,cornell,1,1,0,0,1,"Two or more races, non-Hispanic",154,739,739,IPEDS_EF2020A,0
2020,cornell,1,1,0,0,1,"White, non-Hispanic",1060,5121,5121,IPEDS_EF2020A,0
2020,dartmouth,1,1,0,0,1,"American Indian or Alaska Native, non-Hispanic",14,56,56,IPEDS_EF2020A,0
2020,dartmouth,1,1,0,0,1,"Asian, non-Hispanic",162,629,632,IPEDS_EF2020A,0
2020,dartmouth,1,1,0,0,1,"Black or African American, non-Hispanic",62,245,245,IPEDS_EF2020A,0
2020,dartmouth,1,1,0,0,1,Hispanic/Latino,113,430,431,IPEDS_EF2020A,0
2020,dartmouth,1,1,0,0,1,"Native Hawaiian or other Pacific Islander, non-Hispanic",0,4,4,IPEDS_EF2020A,0
2020,dartmouth,1,1,0,0,1,Nonresident,112,439,448,IPEDS_EF2020A,0
2020,dartmouth,1,1,0,0,1,Race and/or ethnicity unknown,16,70,76,IPEDS_EF2020A,0
2020,dartmouth,1,1,0,0,1,Total,1057,4146,4170,IPEDS_EF2020A,0
2020,dartmouth,1,1,0,0,1,"Two or more races, non-Hispanic",70,241,242,IPEDS_EF2020A,0
2020,dartmouth,1,1,0,0,1,"White, non-Hispanic",508,2032,2036,IPEDS_EF2020A,0
2020,davidson,0,0,0,1,1,"American Indian or Alaska Native, non-Hispanic",0,4,4,IPEDS_EF2020A,0
2020,davidson,0,0,0,1,1,"Asian, non-Hispanic",36,116,116,IPEDS_EF2020A,0
2020,davidson,0,0,0,1,1,"Black or African American, non-Hispanic",29,127,127,IPEDS_EF2020A,0
2020,davidson,0,0,0,1,1,Hispanic/Latino,46,164,164,IPEDS_EF2020A,0
2020,davidson,0,0,0,1,1,"Native Hawaiian or other Pacific Islander, non-Hispanic",1,4,4,IPEDS_EF2020A,0
2020,davidson,0,0,0,1,1,Nonresident,39,137,139,IPEDS_EF2020A,0
2020,davidson,0,0,0,1,1,Race and/or ethnicity unknown,7,21,23,IPEDS_EF2020A,0
2020,davidson,0,0,0,1,1,Total,520,1979,1983,IPEDS_EF2020A,0
2020,davidson,0,0,0,1,1,"Two or more races, non-Hispanic",26,88,88,IPEDS_EF2020A,0
2020,davidson,0,0,0,1,1,"White, non-Hispanic",336,1318,1318,IPEDS_EF2020A,0
2020,duke,0,1,0,0,1,"American Indian or Alaska Native, non-Hispanic",4,34,34,IPEDS_EF2020A,0
2020,duke,0,1,0,0,1,"Asian, non-Hispanic",368,1426,1431,IPEDS_EF2020A,0
2020,duke,0,1,0,0,1,"Black or African American, non-Hispanic",125,582,586,IPEDS_EF2020A,0
2020,duke,0,1,0,0,1,Hispanic/Latino,188,771,775,IPEDS_EF2020A,0
2020,duke,0,1,0,0,1,"Native Hawaiian or other Pacific Islander, non-Hispanic",0,3,3,IPEDS_EF2020A,0
2020,duke,0,1,0,0,1,Nonresident,96,538,539,IPEDS_EF2020A,0
2020,duke,0,1,0,0,1,Race and/or ethnicity unknown,81,319,337,IPEDS_EF2020A,0
2020,duke,0,1,0,0,1,Total,1580,6650,6717,IPEDS_EF2020A,0
2020,duke,0,1,0,0,1,"Two or more races, non-Hispanic",82,279,286,IPEDS_EF2020A,0
2020,duke,0,1,0,0,1,"White, non-Hispanic",636,2698,2726,IPEDS_EF2020A,0
2020,emory,0,0,0,0,1,"American Indian or Alaska Native, non-Hispanic",2,4,4,IPEDS_EF2020A,0
2020,emory,0,0,0,0,1,"Asian, non-Hispanic",343,1597,1601,IPEDS_EF2020A,0
2020,emory,0,0,0,0,1,"Black or African American, non-Hispanic",100,603,611,IPEDS_EF2020A,0
2020,emory,0,0,0,0,1,Hispanic/Latino,145,753,754,IPEDS_EF2020A,0
2020,emory,0,0,0,0,1,"Native Hawaiian or other Pacific Islander, non-Hispanic",0,3,3,IPEDS_EF2020A,0
2020,emory,0,0,0,0,1,Nonresident,208,1067,1075,IPEDS_EF2020A,0
2020,emory,0,0,0,0,1,Race and/or ethnicity unknown,15,61,63,IPEDS_EF2020A,0
2020,emory,0,0,0,0,1,Total,1344,6978,7010,IPEDS_EF2020A,0
2020,emory,0,0,0,0,1,"Two or more races, non-Hispanic",62,306,306,IPEDS_EF2020A,0
2020,emory,0,0,0,0,1,"White, non-Hispanic",469,2584,2593,IPEDS_EF2020A,0
2020,fandm,0,0,0,1,0,"American Indian or Alaska Native, non-Hispanic",1,2,2,IPEDS_EF2020A,0
2020,fandm,0,0,0,1,0,"Asian, non-Hispanic",24,97,97,IPEDS_EF2020A,0
2020,fandm,0,0,0,1,0,"Black or African American, non-Hispanic",50,157,159,IPEDS_EF2020A,0
2020,fandm,0,0,0,1,0,Hispanic/Latino,69,256,256,IPEDS_EF2020A,0
2020,fandm,0,0,0,1,0,"Native Hawaiian or other Pacific Islander, non-Hispanic",0,0,0,IPEDS_EF2020A,0
2020,fandm,0,0,0,1,0,Nonresident,83,378,379,IPEDS_EF2020A,0
2020,fandm,0,0,0,1,0,Race and/or ethnicity unknown,7,35,38,IPEDS_EF2020A,0
2020,fandm,0,0,0,1,0,Total,553,2242,2254,IPEDS_EF2020A,0
2020,fandm,0,0,0,1,0,"Two or more races, non-Hispanic",19,66,66,IPEDS_EF2020A,0
2020,fandm,0,0,0,1,0,"White, non-Hispanic",300,1251,1257,IPEDS_EF2020A,0
2020,georgetown,0,0,0,0,1,"American Indian or Alaska Native, non-Hispanic",2,6,6,IPEDS_EF2020A,0
2020,georgetown,0,0,0,0,1,"Asian, non-Hispanic",244,863,863,IPEDS_EF2020A,0
2020,georgetown,0,0,0,0,1,"Black or African American, non-Hispanic",90,472,484,IPEDS_EF2020A,0
2020,georgetown,0,0,0,0,1,Hispanic/Latino,117,677,677,IPEDS_EF2020A,0
2020,georgetown,0,0,0,0,1,"Native Hawaiian or other Pacific Islander, non-Hispanic",2,5,5,IPEDS_EF2020A,0
2020,georgetown,0,0,0,0,1,Nonresident,127,1008,1074,IPEDS_EF2020A,0
2020,georgetown,0,0,0,0,1,Race and/or ethnicity unknown,49,190,312,IPEDS_EF2020A,0
2020,georgetown,0,0,0,0,1,Total,1584,7119,7357,IPEDS_EF2020A,0
2020,georgetown,0,0,0,0,1,"Two or more races, non-Hispanic",111,387,388,IPEDS_EF2020A,0
2020,georgetown,0,0,0,0,1,"White, non-Hispanic",842,3511,3548,IPEDS_EF2020A,0
2020,grinnell,0,0,0,0,1,"American Indian or Alaska Native, non-Hispanic",0,0,0,IPEDS_EF2020A,0
2020,grinnell,0,0,0,0,1,"Asian, non-Hispanic",28,116,116,IPEDS_EF2020A,0
2020,grinnell,0,0,0,0,1,"Black or African American, non-Hispanic",16,70,70,IPEDS_EF2020A,0
2020,grinnell,0,0,0,0,1,Hispanic/Latino,31,135,135,IPEDS_EF2020A,0
2020,grinnell,0,0,0,0,1,"Native Hawaiian or other Pacific Islander, non-Hispanic",0,0,0,IPEDS_EF2020A,0
2020,grinnell,0,0,0,0,1,Nonresident,53,284,284,IPEDS_EF2020A,0
2020,grinnell,0,0,0,0,1,Race and/or ethnicity unknown,15,59,60,IPEDS_EF2020A,0
2020,grinnell,0,0,0,0,1,Total,365,1490,1493,IPEDS_EF2020A,0
2020,grinnell,0,0,0,0,1,"Two or more races, non-Hispanic",17,69,69,IPEDS_EF2020A,0
2020,grinnell,0,0,0,0,1,"White, non-Hispanic",205,757,759,IPEDS_EF2020A,0
2020,hamilton,0,0,1,1,1,"American Indian or Alaska Native, non-Hispanic",0,1,1,IPEDS_EF2020A,0
2020,hamilton,0,0,1,1,1,"Asian, non-Hispanic",36,138,138,IPEDS_EF2020A,0
2020,hamilton,0,0,1,1,1,"Black or African American, non-Hispanic",12,72,72,IPEDS_EF2020A,0
2020,hamilton,0,0,1,1,1,Hispanic/Latino,44,193,193,IPEDS_EF2020A,0
2020,hamilton,0,0,1,1,1,"Native Hawaiian or other Pacific Islander, non-Hispanic",0,0,0,IPEDS_EF2020A,0
2020,hamilton,0,0,1,1,1,Nonresident,9,105,105,IPEDS_EF2020A,0
2020,hamilton,0,0,1,1,1,Race and/or ethnicity unknown,5,52,53,IPEDS_EF2020A,0
2020,hamilton,0,0,1,1,1,Total,438,1901,1902,IPEDS_EF2020A,0
2020,hamilton,0,0,1,1,1,"Two or more races, non-Hispanic",22,100,100,IPEDS_EF2020A,0
2020,hamilton,0,0,1,1,1,"White, non-Hispanic",310,1240,1240,IPEDS_EF2020A,0
2020,hampshire,0,0,0,1,0,"American Indian or Alaska Native, non-Hispanic",1,2,2,IPEDS_EF2020A,0
2020,hampshire,0,0,0,1,0,"Asian, non-Hispanic",2,16,16,IPEDS_EF2020A,0
2020,hampshire,0,0,0,1,0,"Black or African American, non-Hispanic",5,40,42,IPEDS_EF2020A,0
2020,hampshire,0,0,0,1,0,Hispanic/Latino,6,62,65,IPEDS_EF2020A,0
2020,hampshire,0,0,0,1,0,"Native Hawaiian or other Pacific Islander, non-Hispanic",0,0,0,IPEDS_EF2020A,0
2020,hampshire,0,0,0,1,0,Nonresident,2,23,23,IPEDS_EF2020A,0
2020,hampshire,0,0,0,1,0,Race and/or ethnicity unknown,4,31,31,IPEDS_EF2020A,0
2020,hampshire,0,0,0,1,0,Total,67,517,522,IPEDS_EF2020A,0
2020,hampshire,0,0,0,1,0,"Two or more races, non-Hispanic",2,29,29,IPEDS_EF2020A,0
2020,hampshire,0,0,0,1,0,"White, non-Hispanic",45,314,314,IPEDS_EF2020A,0
2020,harvard,1,1,0,0,1,"American Indian or Alaska Native, non-Hispanic",4,15,19,IPEDS_EF2020A,0
2020,harvard,1,1,0,0,1,"Asian, non-Hispanic",337,1260,1521,IPEDS_EF2020A,0
2020,harvard,1,1,0,0,1,"Black or African American, non-Hispanic",155,645,796,IPEDS_EF2020A,0
2020,harvard,1,1,0,0,1,Hispanic/Latino,180,750,1010,IPEDS_EF2020A,0
2020,harvard,1,1,0,0,1,"Native Hawaiian or other Pacific Islander, non-Hispanic",2,10,14,IPEDS_EF2020A,0
2020,harvard,1,1,0,0,1,Nonresident,125,685,1047,IPEDS_EF2020A,0
2020,harvard,1,1,0,0,1,Race and/or ethnicity unknown,19,121,368,IPEDS_EF2020A,0
2020,harvard,1,1,0,0,1,Total,1404,6099,8527,IPEDS_EF2020A,0
2020,harvard,1,1,0,0,1,"Two or more races, non-Hispanic",99,420,529,IPEDS_EF2020A,0
2020,harvard,1,1,0,0,1,"White, non-Hispanic",483,2193,3223,IPEDS_EF2020A,0
2020,haverford,0,0,0,1,0,"American Indian or Alaska Native, non-Hispanic",0,0,0,IPEDS_EF2020A,0
2020,haverford,0,0,0,1,0,"Asian, non-Hispanic",35,147,147,IPEDS_EF2020A,0
2020,haverford,0,0,0,1,0,"Black or African American, non-Hispanic",17,75,75,IPEDS_EF2020A,0
2020,haverford,0,0,0,1,0,Hispanic/Latino,43,165,165,IPEDS_EF2020A,0
2020,haverford,0,0,0,1,0,"Native Hawaiian or other Pacific Islander, non-Hispanic",0,0,0,IPEDS_EF2020A,0
2020,haverford,0,0,0,1,0,Nonresident,32,151,151,IPEDS_EF2020A,0
2020,haverford,0,0,0,1,0,Race and/or ethnicity unknown,1,20,21,IPEDS_EF2020A,0
2020,haverford,0,0,0,1,0,Total,334,1306,1307,IPEDS_EF2020A,0
2020,haverford,0,0,0,1,0,"Two or more races, non-Hispanic",24,80,80,IPEDS_EF2020A,0
2020,haverford,0,0,0,1,0,"White, non-Hispanic",182,668,668,IPEDS_EF2020A,0
2020,hmc,0,0,0,0,1,"American Indian or Alaska Native, non-Hispanic",1,2,2,IPEDS_EF2020A,0
2020,hmc,0,0,0,0,1,"Asian, non-Hispanic",61,190,203,IPEDS_EF2020A,0
2020,hmc,0,0,0,0,1,"Black or African American, non-Hispanic",8,34,34,IPEDS_EF2020A,0
2020,hmc,0,0,0,0,1,Hispanic/Latino,43,168,171,IPEDS_EF2020A,0
2020,hmc,0,0,0,0,1,"Native Hawaiian or other Pacific Islander, non-Hispanic",0,3,3,IPEDS_EF2020A,0
2020,hmc,0,0,0,0,1,Nonresident,13,61,62,IPEDS_EF2020A,0
2020,hmc,0,0,0,0,1,Race and/or ethnicity unknown,15,55,63,IPEDS_EF2020A,0
2020,hmc,0,0,0,0,1,Total,207,827,854,IPEDS_EF2020A,0
2020,hmc,0,0,0,0,1,"Two or more races, non-Hispanic",20,85,85,IPEDS_EF2020A,0
2020,hmc,0,0,0,0,1,"White, non-Hispanic",46,229,231,IPEDS_EF2020A,0
2020,jhu,0,1,0,0,1,"American Indian or Alaska Native, non-Hispanic",0,4,4,IPEDS_EF2020A,0
2020,jhu,0,1,0,0,1,"Asian, non-Hispanic",407,1563,1642,IPEDS_EF2020A,0
2020,jhu,0,1,0,0,1,"Black or African American, non-Hispanic",121,459,511,IPEDS_EF2020A,0
2020,jhu,0,1,0,0,1,Hispanic/Latino,264,952,1013,IPEDS_EF2020A,0
2020,jhu,0,1,0,0,1,"Native Hawaiian or other Pacific Islander, non-Hispanic",1,5,6,IPEDS_EF2020A,0
2020,jhu,0,1,0,0,1,Nonresident,192,698,737,IPEDS_EF2020A,0
2020,jhu,0,1,0,0,1,Race and/or ethnicity unknown,16,189,211,IPEDS_EF2020A,0
2020,jhu,0,1,0,0,1,Total,1405,5752,6331,IPEDS_EF2020A,0
2020,jhu,0,1,0,0,1,"Two or more races, non-Hispanic",86,398,422,IPEDS_EF2020A,0
2020,jhu,0,1,0,0,1,"White, non-Hispanic",318,1484,1785,IPEDS_EF2020A,0
2020,macalester,0,0,0,1,0,"American Indian or Alaska Native, non-Hispanic",1,7,7,IPEDS_EF2020A,0
2020,macalester,0,0,0,1,0,"Asian, non-Hispanic",56,175,175,IPEDS_EF2020A,0
2020,macalester,0,0,0,1,0,"Black or African American, non-Hispanic",26,98,98,IPEDS_EF2020A,0
2020,macalester,0,0,0,1,0,Hispanic/Latino,70,217,217,IPEDS_EF2020A,0
2020,macalester,0,0,0,1,0,"Native Hawaiian or other Pacific Islander, non-Hispanic",1,2,2,IPEDS_EF2020A,0
2020,macalester,0,0,0,1,0,Nonresident,69,294,294,IPEDS_EF2020A,0
2020,macalester,0,0,0,1,0,Race and/or ethnicity unknown,4,8,8,IPEDS_EF2020A,0
2020,macalester,0,0,0,1,0,Total,547,2049,2049,IPEDS_EF2020A,0
2020,macalester,0,0,0,1,0,"Two or more races, non-Hispanic",45,158,158,IPEDS_EF2020A,0
2020,macalester,0,0,0,1,0,"White, non-Hispanic",275,1090,1090,IPEDS_EF2020A,0
2020,middlebury,0,0,1,1,1,"American Indian or Alaska Native, non-Hispanic",0,2,2,IPEDS_EF2020A,0
2020,middlebury,0,0,1,1,1,"Asian, non-Hispanic",57,208,208,IPEDS_EF2020A,0
2020,middlebury,0,0,1,1,1,"Black or African American, non-Hispanic",33,112,112,IPEDS_EF2020A,0
2020,middlebury,0,0,1,1,1,Hispanic/Latino,60,273,273,IPEDS_EF2020A,0
2020,middlebury,0,0,1,1,1,"Native Hawaiian or other Pacific Islander, non-Hispanic",0,1,1,IPEDS_EF2020A,0
2020,middlebury,0,0,1,1,1,Nonresident,54,258,260,IPEDS_EF2020A,0
2020,middlebury,0,0,1,1,1,Race and/or ethnicity unknown,1,29,31,IPEDS_EF2020A,0
2020,middlebury,0,0,1,1,1,Total,602,2571,2580,IPEDS_EF2020A,0
2020,middlebury,0,0,1,1,1,"Two or more races, non-Hispanic",36,142,142,IPEDS_EF2020A,0
2020,middlebury,0,0,1,1,1,"White, non-Hispanic",361,1546,1551,IPEDS_EF2020A,0
2020,mit,0,1,0,0,1,"American Indian or Alaska Native, non-Hispanic",1,8,8,IPEDS_EF2020A,0
2020,mit,0,1,0,0,1,"Asian, non-Hispanic",394,1411,1411,IPEDS_EF2020A,0
2020,mit,0,1,0,0,1,"Black or African American, non-Hispanic",80,292,292,IPEDS_EF2020A,0
2020,mit,0,1,0,0,1,Hispanic/Latino,153,679,679,IPEDS_EF2020A,0
2020,mit,0,1,0,0,1,"Native Hawaiian or other Pacific Islander, non-Hispanic",1,3,3,IPEDS_EF2020A,0
2020,mit,0,1,0,0,1,Nonresident,103,448,448,IPEDS_EF2020A,0
2020,mit,0,1,0,0,1,Race and/or ethnicity unknown,17,69,69,IPEDS_EF2020A,0
2020,mit,0,1,0,0,1,Total,1070,4360,4361,IPEDS_EF2020A,0
2020,mit,0,1,0,0,1,"Two or more races, non-Hispanic",76,333,333,IPEDS_EF2020A,0
2020,mit,0,1,0,0,1,"White, non-Hispanic",245,1117,1118,IPEDS_EF2020A,0
2020,mtholyoke,0,0,0,1,0,"American Indian or Alaska Native, non-Hispanic",0,1,1,IPEDS_EF2020A,0
2020,mtholyoke,0,0,0,1,0,"Asian, non-Hispanic",30,143,143,IPEDS_EF2020A,0
2020,mtholyoke,0,0,0,1,0,"Black or African American, non-Hispanic",36,111,111,IPEDS_EF2020A,0
2020,mtholyoke,0,0,0,1,0,Hispanic/Latino,48,169,170,IPEDS_EF2020A,0
2020,mtholyoke,0,0,0,1,0,"Native Hawaiian or other Pacific Islander, non-Hispanic",0,2,2,IPEDS_EF2020A,0
2020,mtholyoke,0,0,0,1,0,Nonresident,102,532,532,IPEDS_EF2020A,0
2020,mtholyoke,0,0,0,1,0,Race and/or ethnicity unknown,3,26,26,IPEDS_EF2020A,0
2020,mtholyoke,0,0,0,1,0,Total,456,1912,1915,IPEDS_EF2020A,0
2020,mtholyoke,0,0,0,1,0,"Two or more races, non-Hispanic",14,84,84,IPEDS_EF2020A,0
2020,mtholyoke,0,0,0,1,0,"White, non-Hispanic",223,844,846,IPEDS_EF2020A,0
2020,navy,0,0,0,0,1,"American Indian or Alaska Native, non-Hispanic",2,6,6,IPEDS_EF2020A,0
2020,navy,0,0,0,0,1,"Asian, non-Hispanic",92,348,348,IPEDS_EF2020A,0
2020,navy,0,0,0,0,1,"Black or African American, non-Hispanic",67,299,299,IPEDS_EF2020A,0
2020,navy,0,0,0,0,1,Hispanic/Latino,146,543,543,IPEDS_EF2020A,0
2020,navy,0,0,0,0,1,"Native Hawaiian or other Pacific Islander, non-Hispanic",5,22,22,IPEDS_EF2020A,0
2020,navy,0,0,0,0,1,Nonresident,15,58,58,IPEDS_EF2020A,0
2020,navy,0,0,0,0,1,Race and/or ethnicity unknown,10,46,46,IPEDS_EF2020A,0
2020,navy,0,0,0,0,1,Total,1179,4594,4594,IPEDS_EF2020A,0
2020,navy,0,0,0,0,1,"Two or more races, non-Hispanic",106,456,456,IPEDS_EF2020A,0
2020,navy,0,0,0,0,1,"White, non-Hispanic",736,2816,2816,IPEDS_EF2020A,0
2020,northwestern,0,0,0,0,1,"American Indian or Alaska Native, non-Hispanic",2,8,8,IPEDS_EF2020A,0
2020,northwestern,0,0,0,0,1,"Asian, non-Hispanic",420,1628,1636,IPEDS_EF2020A,0
2020,northwestern,0,0,0,0,1,"Black or African American, non-Hispanic",113,515,524,IPEDS_EF2020A,0
2020,northwestern,0,0,0,0,1,Hispanic/Latino,294,1093,1101,IPEDS_EF2020A,0
2020,northwestern,0,0,0,0,1,"Native Hawaiian or other Pacific Islander, non-Hispanic",0,3,3,IPEDS_EF2020A,0
2020,northwestern,0,0,0,0,1,Nonresident,177,832,833,IPEDS_EF2020A,0
2020,northwestern,0,0,0,0,1,Race and/or ethnicity unknown,71,288,358,IPEDS_EF2020A,0
2020,northwestern,0,0,0,0,1,Total,1901,8401,8559,IPEDS_EF2020A,0
2020,northwestern,0,0,0,0,1,"Two or more races, non-Hispanic",107,524,528,IPEDS_EF2020A,0
2020,northwestern,0,0,0,0,1,"White, non-Hispanic",717,3510,3568,IPEDS_EF2020A,0
2020,notredame,0,0,0,0,1,"American Indian or Alaska Native, non-Hispanic",8,24,24,IPEDS_EF2020A,0
2020,notredame,0,0,0,0,1,"Asian, non-Hispanic",152,438,438,IPEDS_EF2020A,0
2020,notredame,0,0,0,0,1,"Black or African American, non-Hispanic",80,305,305,IPEDS_EF2020A,0
2020,notredame,0,0,0,0,1,Hispanic/Latino,234,1018,1018,IPEDS_EF2020A,0
2020,notredame,0,0,0,0,1,"Native Hawaiian or other Pacific Islander, non-Hispanic",5,11,11,IPEDS_EF2020A,0
2020,notredame,0,0,0,0,1,Nonresident,94,486,505,IPEDS_EF2020A,0
2020,notredame,0,0,0,0,1,Race and/or ethnicity unknown,30,77,77,IPEDS_EF2020A,0
2020,notredame,0,0,0,0,1,Total,2193,8854,8874,IPEDS_EF2020A,0
2020,notredame,0,0,0,0,1,"Two or more races, non-Hispanic",111,491,491,IPEDS_EF2020A,0
2020,notredame,0,0,0,0,1,"White, non-Hispanic",1479,6004,6005,IPEDS_EF2020A,0
2020,oberlin,0,0,0,1,0,"American Indian or Alaska Native, non-Hispanic",0,0,0,IPEDS_EF2020A,0
2020,oberlin,0,0,0,1,0,"Asian, non-Hispanic",34,125,125,IPEDS_EF2020A,0
2020,oberlin,0,0,0,1,0,"Black or African American, non-Hispanic",44,162,162,IPEDS_EF2020A,0
2020,oberlin,0,0,0,1,0,Hispanic/Latino,55,220,220,IPEDS_EF2020A,0
2020,oberlin,0,0,0,1,0,"Native Hawaiian or other Pacific Islander, non-Hispanic",0,0,0,IPEDS_EF2020A,0
2020,oberlin,0,0,0,1,0,Nonresident,64,314,314,IPEDS_EF2020A,0
2020,oberlin,0,0,0,1,0,Race and/or ethnicity unknown,9,27,27,IPEDS_EF2020A,0
2020,oberlin,0,0,0,1,0,Total,679,2647,2647,IPEDS_EF2020A,0
2020,oberlin,0,0,0,1,0,"Two or more races, non-Hispanic",66,232,232,IPEDS_EF2020A,0
2020,oberlin,0,0,0,1,0,"White, non-Hispanic",407,1567,1567,IPEDS_EF2020A,0
2020,penn,1,1,0,0,1,"American Indian or Alaska Native, non-Hispanic",5,13,14,IPEDS_EF2020A,0
2020,penn,1,1,0,0,1,"Asian, non-Hispanic",716,2505,2616,IPEDS_EF2020A,0
2020,penn,1,1,0,0,1,"Black or African American, non-Hispanic",169,827,890,IPEDS_EF2020A,0
2020,penn,1,1,0,0,1,Hispanic/Latino,250,1074,1116,IPEDS_EF2020A,0
2020,penn,1,1,0,0,1,"Native Hawaiian or other Pacific Islander, non-Hispanic",1,6,6,IPEDS_EF2020A,0
2020,penn,1,1,0,0,1,Nonresident,261,1301,1324,IPEDS_EF2020A,0
2020,penn,1,1,0,0,1,Race and/or ethnicity unknown,102,333,371,IPEDS_EF2020A,0
2020,penn,1,1,0,0,1,Total,2316,10507,11155,IPEDS_EF2020A,0
2020,penn,1,1,0,0,1,"Two or more races, non-Hispanic",101,525,566,IPEDS_EF2020A,0
2020,penn,1,1,0,0,1,"White, non-Hispanic",711,3923,4252,IPEDS_EF2020A,0
2020,pomona,0,0,0,1,1,"American Indian or Alaska Native, non-Hispanic",0,2,2,IPEDS_EF2020A,0
2020,pomona,0,0,0,1,1,"Asian, non-Hispanic",79,268,269,IPEDS_EF2020A,0
2020,pomona,0,0,0,1,1,"Black or African American, non-Hispanic",43,158,158,IPEDS_EF2020A,0
2020,pomona,0,0,0,1,1,Hispanic/Latino,66,271,271,IPEDS_EF2020A,0
2020,pomona,0,0,0,1,1,"Native Hawaiian or other Pacific Islander, non-Hispanic",0,5,5,IPEDS_EF2020A,0
2020,pomona,0,0,0,1,1,Nonresident,42,160,163,IPEDS_EF2020A,0
2020,pomona,0,0,0,1,1,Race and/or ethnicity unknown,17,56,60,IPEDS_EF2020A,0
2020,pomona,0,0,0,1,1,Total,399,1462,1475,IPEDS_EF2020A,0
2020,pomona,0,0,0,1,1,"Two or more races, non-Hispanic",30,103,103,IPEDS_EF2020A,0
2020,pomona,0,0,0,1,1,"White, non-Hispanic",122,439,444,IPEDS_EF2020A,0
2020,princeton,1,1,0,0,1,"American Indian or Alaska Native, non-Hispanic",0,9,10,IPEDS_EF2020A,0
2020,princeton,1,1,0,0,1,"Asian, non-Hispanic",296,1179,1181,IPEDS_EF2020A,0
2020,princeton,1,1,0,0,1,"Black or African American, non-Hispanic",114,418,421,IPEDS_EF2020A,0
2020,princeton,1,1,0,0,1,Hispanic/Latino,99,499,504,IPEDS_EF2020A,0
2020,princeton,1,1,0,0,1,"Native Hawaiian or other Pacific Islander, non-Hispanic",2,5,5,IPEDS_EF2020A,0
2020,princeton,1,1,0,0,1,Nonresident,129,546,557,IPEDS_EF2020A,0
2020,princeton,1,1,0,0,1,Race and/or ethnicity unknown,13,53,107,IPEDS_EF2020A,0
2020,princeton,1,1,0,0,1,Total,1146,4688,4774,IPEDS_EF2020A,0
2020,princeton,1,1,0,0,1,"Two or more races, non-Hispanic",81,277,278,IPEDS_EF2020A,0
2020,princeton,1,1,0,0,1,"White, non-Hispanic",412,1702,1711,IPEDS_EF2020A,0
2020,reed,0,0,0,1,0,"American Indian or Alaska Native, non-Hispanic",1,1,1,IPEDS_EF2020A,0
2020,reed,0,0,0,1,0,"Asian, non-Hispanic",25,91,93,IPEDS_EF2020A,0
2020,reed,0,0,0,1,0,"Black or African American, non-Hispanic",2,18,18,IPEDS_EF2020A,0
2020,reed,0,0,0,1,0,Hispanic/Latino,54,143,144,IPEDS_EF2020A,0
2020,reed,0,0,0,1,0,"Native Hawaiian or other Pacific Islander, non-Hispanic",0,0,0,IPEDS_EF2020A,0
2020,reed,0,0,0,1,0,Nonresident,33,145,145,IPEDS_EF2020A,0
2020,reed,0,0,0,1,0,Race and/or ethnicity unknown,6,25,31,IPEDS_EF2020A,0
2020,reed,0,0,0,1,0,Total,364,1349,1366,IPEDS_EF2020A,0
2020,reed,0,0,0,1,0,"Two or more races, non-Hispanic",34,136,137,IPEDS_EF2020A,0
2020,reed,0,0,0,1,0,"White, non-Hispanic",209,790,797,IPEDS_EF2020A,0
2020,rice,0,0,0,0,1,"American Indian or Alaska Native, non-Hispanic",0,3,3,IPEDS_EF2020A,0
2020,rice,0,0,0,0,1,"Asian, non-Hispanic",303,1118,1119,IPEDS_EF2020A,0
2020,rice,0,0,0,0,1,"Black or African American, non-Hispanic",77,308,308,IPEDS_EF2020A,0
2020,rice,0,0,0,0,1,Hispanic/Latino,144,650,651,IPEDS_EF2020A,0
2020,rice,0,0,0,0,1,"Native Hawaiian or other Pacific Islander, non-Hispanic",1,5,5,IPEDS_EF2020A,0
2020,rice,0,0,0,0,1,Nonresident,102,479,497,IPEDS_EF2020A,0
2020,rice,0,0,0,0,1,Race and/or ethnicity unknown,9,42,43,IPEDS_EF2020A,0
2020,rice,0,0,0,0,1,Total,993,4052,4076,IPEDS_EF2020A,0
2020,rice,0,0,0,0,1,"Two or more races, non-Hispanic",54,201,201,IPEDS_EF2020A,0
2020,rice,0,0,0,0,1,"White, non-Hispanic",303,1246,1249,IPEDS_EF2020A,0
2020,richmond,0,0,0,0,1,"American Indian or Alaska Native, non-Hispanic",0,3,4,IPEDS_EF2020A,0
2020,richmond,0,0,0,0,1,"Asian, non-Hispanic",50,224,224,IPEDS_EF2020A,0
2020,richmond,0,0,0,0,1,"Black or African American, non-Hispanic",36,227,229,IPEDS_EF2020A,0
2020,richmond,0,0,0,0,1,Hispanic/Latino,95,347,348,IPEDS_EF2020A,0
2020,richmond,0,0,0,0,1,"Native Hawaiian or other Pacific Islander, non-Hispanic",0,1,1,IPEDS_EF2020A,0
2020,richmond,0,0,0,0,1,Nonresident,77,265,266,IPEDS_EF2020A,0
2020,richmond,0,0,0,0,1,Race and/or ethnicity unknown,7,112,112,IPEDS_EF2020A,0
2020,richmond,0,0,0,0,1,Total,811,3304,3323,IPEDS_EF2020A,0
2020,richmond,0,0,0,0,1,"Two or more races, non-Hispanic",42,149,149,IPEDS_EF2020A,0
2020,richmond,0,0,0,0,1,"White, non-Hispanic",504,1976,1990,IPEDS_EF2020A,0
2020,sarahlawrence,0,0,0,1,0,"American Indian or Alaska Native, non-Hispanic",0,0,0,IPEDS_EF2020A,0
2020,sarahlawrence,0,0,0,1,0,"Asian, non-Hispanic",8,56,56,IPEDS_EF2020A,0
2020,sarahlawrence,0,0,0,1,0,"Black or African American, non-Hispanic",19,61,61,IPEDS_EF2020A,0
2020,sarahlawrence,0,0,0,1,0,Hispanic/Latino,39,127,127,IPEDS_EF2020A,0
2020,sarahlawrence,0,0,0,1,0,"Native Hawaiian or other Pacific Islander, non-Hispanic",0,0,0,IPEDS_EF2020A,0
2020,sarahlawrence,0,0,0,1,0,Nonresident,24,115,115,IPEDS_EF2020A,0
2020,sarahlawrence,0,0,0,1,0,Race and/or ethnicity unknown,73,111,113,IPEDS_EF2020A,0
2020,sarahlawrence,0,0,0,1,0,Total,385,1290,1292,IPEDS_EF2020A,0
2020,sarahlawrence,0,0,0,1,0,"Two or more races, non-Hispanic",27,69,69,IPEDS_EF2020A,0
2020,sarahlawrence,0,0,0,1,0,"White, non-Hispanic",195,751,751,IPEDS_EF2020A,0
2020,smith,0,0,0,1,1,"American Indian or Alaska Native, non-Hispanic",1,2,2,IPEDS_EF2020A,0
2020,smith,0,0,0,1,1,"Asian, non-Hispanic",64,222,222,IPEDS_EF2020A,0
2020,smith,0,0,0,1,1,"Black or African American, non-Hispanic",38,156,156,IPEDS_EF2020A,0
2020,smith,0,0,0,1,1,Hispanic/Latino,70,295,295,IPEDS_EF2020A,0
2020,smith,0,0,0,1,1,"Native Hawaiian or other Pacific Islander, non-Hispanic",3,3,3,IPEDS_EF2020A,0
2020,smith,0,0,0,1,1,Nonresident,68,317,317,IPEDS_EF2020A,0
2020,smith,0,0,0,1,1,Race and/or ethnicity unknown,10,58,58,IPEDS_EF2020A,0
2020,smith,0,0,0,1,1,Total,527,2183,2183,IPEDS_EF2020A,0
2020,smith,0,0,0,1,1,"Two or more races, non-Hispanic",31,114,114,IPEDS_EF2020A,0
2020,smith,0,0,0,1,1,"White, non-Hispanic",242,1016,1016,IPEDS_EF2020A,0
2020,stanford,0,1,0,0,1,"American Indian or Alaska Native, non-Hispanic",12,62,62,IPEDS_EF2020A,0
2020,stanford,0,1,0,0,1,"Asian, non-Hispanic",455,1579,1579,IPEDS_EF2020A,0
2020,stanford,0,1,0,0,1,"Black or African American, non-Hispanic",133,473,473,IPEDS_EF2020A,0
2020,stanford,0,1,0,0,1,Hispanic/Latino,287,1082,1082,IPEDS_EF2020A,0
2020,stanford,0,1,0,0,1,"Native Hawaiian or other Pacific Islander, non-Hispanic",3,22,22,IPEDS_EF2020A,0
2020,stanford,0,1,0,0,1,Nonresident,159,679,679,IPEDS_EF2020A,0
2020,stanford,0,1,0,0,1,Race and/or ethnicity unknown,2,14,14,IPEDS_EF2020A,0
2020,stanford,0,1,0,0,1,Total,1606,6366,6366,IPEDS_EF2020A,0
2020,stanford,0,1,0,0,1,"Two or more races, non-Hispanic",153,609,609,IPEDS_EF2020A,0
2020,stanford,0,1,0,0,1,"White, non-Hispanic",402,1846,1846,IPEDS_EF2020A,0
2020,stolaf,0,0,0,1,0,"American Indian or Alaska Native, non-Hispanic",1,1,1,IPEDS_EF2020A,0
2020,stolaf,0,0,0,1,0,"Asian, non-Hispanic",50,199,199,IPEDS_EF2020A,0
2020,stolaf,0,0,0,1,0,"Black or African American, non-Hispanic",24,95,96,IPEDS_EF2020A,0
2020,stolaf,0,0,0,1,0,Hispanic/Latino,69,221,223,IPEDS_EF2020A,0
2020,stolaf,0,0,0,1,0,"Native Hawaiian or other Pacific Islander, non-Hispanic",0,1,1,IPEDS_EF2020A,0
2020,stolaf,0,0,0,1,0,Nonresident,49,291,291,IPEDS_EF2020A,0
2020,stolaf,0,0,0,1,0,Race and/or ethnicity unknown,7,20,20,IPEDS_EF2020A,0
2020,stolaf,0,0,0,1,0,Total,729,2928,2953,IPEDS_EF2020A,0
2020,stolaf,0,0,0,1,0,"Two or more races, non-Hispanic",33,125,125,IPEDS_EF2020A,0
2020,stolaf,0,0,0,1,0,"White, non-Hispanic",496,1975,1997,IPEDS_EF2020A,0
2020,swarthmore,0,0,0,1,1,"American Indian or Alaska Native, non-Hispanic",0,4,4,IPEDS_EF2020A,0
2020,swarthmore,0,0,0,1,1,"Asian, non-Hispanic",83,256,256,IPEDS_EF2020A,0
2020,swarthmore,0,0,0,1,1,"Black or African American, non-Hispanic",30,115,117,IPEDS_EF2020A,0
2020,swarthmore,0,0,0,1,1,Hispanic/Latino,52,188,188,IPEDS_EF2020A,0
2020,swarthmore,0,0,0,1,1,"Native Hawaiian or other Pacific Islander, non-Hispanic",0,2,2,IPEDS_EF2020A,0
2020,swarthmore,0,0,0,1,1,Nonresident,53,216,216,IPEDS_EF2020A,0
2020,swarthmore,0,0,0,1,1,Race and/or ethnicity unknown,10,52,52,IPEDS_EF2020A,0
2020,swarthmore,0,0,0,1,1,Total,373,1435,1437,IPEDS_EF2020A,0
2020,swarthmore,0,0,0,1,1,"Two or more races, non-Hispanic",36,128,128,IPEDS_EF2020A,0
2020,swarthmore,0,0,0,1,1,"White, non-Hispanic",109,474,474,IPEDS_EF2020A,0
2020,trinity,0,0,1,1,0,"American Indian or Alaska Native, non-Hispanic",2,5,5,IPEDS_EF2020A,0
2020,trinity,0,0,1,1,0,"Asian, non-Hispanic",20,84,84,IPEDS_EF2020A,0
2020,trinity,0,0,1,1,0,"Black or African American, non-Hispanic",30,151,151,IPEDS_EF2020A,0
2020,trinity,0,0,1,1,0,Hispanic/Latino,57,201,201,IPEDS_EF2020A,0
2020,trinity,0,0,1,1,0,"Native Hawaiian or other Pacific Islander, non-Hispanic",0,1,1,IPEDS_EF2020A,0
2020,trinity,0,0,1,1,0,Nonresident,73,288,288,IPEDS_EF2020A,0
2020,trinity,0,0,1,1,0,Race and/or ethnicity unknown,6,37,39,IPEDS_EF2020A,0
2020,trinity,0,0,1,1,0,Total,572,2194,2200,IPEDS_EF2020A,0
2020,trinity,0,0,1,1,0,"Two or more races, non-Hispanic",19,67,67,IPEDS_EF2020A,0
2020,trinity,0,0,1,1,0,"White, non-Hispanic",365,1360,1364,IPEDS_EF2020A,0
2020,tufts,0,0,1,1,0,"American Indian or Alaska Native, non-Hispanic",0,4,4,IPEDS_EF2020A,0
2020,tufts,0,0,1,1,0,"Asian, non-Hispanic",266,916,921,IPEDS_EF2020A,0
2020,tufts,0,0,1,1,0,"Black or African American, non-Hispanic",90,275,275,IPEDS_EF2020A,0
2020,tufts,0,0,1,1,0,Hispanic/Latino,171,510,511,IPEDS_EF2020A,0
2020,tufts,0,0,1,1,0,"Native Hawaiian or other Pacific Islander, non-Hispanic",1,2,2,IPEDS_EF2020A,0
2020,tufts,0,0,1,1,0,Nonresident,183,652,655,IPEDS_EF2020A,0
2020,tufts,0,0,1,1,0,Race and/or ethnicity unknown,57,259,283,IPEDS_EF2020A,0
2020,tufts,0,0,1,1,0,Total,1613,6053,6114,IPEDS_EF2020A,0
2020,tufts,0,0,1,1,0,"Two or more races, non-Hispanic",110,362,363,IPEDS_EF2020A,0
2020,tufts,0,0,1,1,0,"White, non-Hispanic",735,3073,3100,IPEDS_EF2020A,0
2020,uchicago,0,1,0,0,1,"American Indian or Alaska Native, non-Hispanic",0,3,3,IPEDS_EF2020A,0
2020,uchicago,0,1,0,0,1,"Asian, non-Hispanic",417,1431,1433,IPEDS_EF2020A,0
2020,uchicago,0,1,0,0,1,"Black or African American, non-Hispanic",102,383,383,IPEDS_EF2020A,0
2020,uchicago,0,1,0,0,1,Hispanic/Latino,269,1026,1026,IPEDS_EF2020A,0
2020,uchicago,0,1,0,0,1,"Native Hawaiian or other Pacific Islander, non-Hispanic",1,2,2,IPEDS_EF2020A,0
2020,uchicago,0,1,0,0,1,Nonresident,259,1044,1059,IPEDS_EF2020A,0
2020,uchicago,0,1,0,0,1,Race and/or ethnicity unknown,35,113,142,IPEDS_EF2020A,0
2020,uchicago,0,1,0,0,1,Total,1848,7010,7056,IPEDS_EF2020A,0
2020,uchicago,0,1,0,0,1,"Two or more races, non-Hispanic",135,508,508,IPEDS_EF2020A,0
2020,uchicago,0,1,0,0,1,"White, non-Hispanic",630,2500,2500,IPEDS_EF2020A,0
2020,ucla,0,0,0,0,1,"American Indian or Alaska Native, non-Hispanic",6,46,46,IPEDS_EF2020A,0
2020,ucla,0,0,0,0,1,"Asian, non-Hispanic",2135,9157,9157,IPEDS_EF2020A,0
2020,ucla,0,0,0,0,1,"Black or African American, non-Hispanic",186,1003,1003,IPEDS_EF2020A,0
2020,ucla,0,0,0,0,1,Hispanic/Latino,1324,6904,6904,IPEDS_EF2020A,0
2020,ucla,0,0,0,0,1,"Native Hawaiian or other Pacific Islander, non-Hispanic",4,61,61,IPEDS_EF2020A,0
2020,ucla,0,0,0,0,1,Nonresident,472,3265,3265,IPEDS_EF2020A,0
2020,ucla,0,0,0,0,1,Race and/or ethnicity unknown,220,1027,1027,IPEDS_EF2020A,0
2020,ucla,0,0,0,0,1,Total,6386,31636,31636,IPEDS_EF2020A,0
2020,ucla,0,0,0,0,1,"Two or more races, non-Hispanic",463,1979,1979,IPEDS_EF2020A,0
2020,ucla,0,0,0,0,1,"White, non-Hispanic",1576,8194,8194,IPEDS_EF2020A,0
2020,umich,0,0,0,0,1,"American Indian or Alaska Native, non-Hispanic",6,36,36,IPEDS_EF2020A,0
2020,umich,0,0,0,0,1,"Asian, non-Hispanic",1334,5083,5111,IPEDS_EF2020A,0
2020,umich,0,0,0,0,1,"Black or African American, non-Hispanic",235,1246,1249,IPEDS_EF2020A,0
2020,umich,0,0,0,0,1,Hispanic/Latino,433,2176,2187,IPEDS_EF2020A,0
2020,umich,0,0,0,0,1,"Native Hawaiian or other Pacific Islander, non-Hispanic",2,14,14,IPEDS_EF2020A,0
2020,umich,0,0,0,0,1,Nonresident,242,2282,2302,IPEDS_EF2020A,0
2020,umich,0,0,0,0,1,Race and/or ethnicity unknown,403,1607,1615,IPEDS_EF2020A,0
2020,umich,0,0,0,0,1,Total,6879,31189,31329,IPEDS_EF2020A,0
2020,umich,0,0,0,0,1,"Two or more races, non-Hispanic",354,1502,1508,IPEDS_EF2020A,0
2020,umich,0,0,0,0,1,"White, non-Hispanic",3870,17243,17307,IPEDS_EF2020A,0
2020,union,0,0,0,1,0,"American Indian or Alaska Native, non-Hispanic",2,4,4,IPEDS_EF2020A,0
2020,union,0,0,0,1,0,"Asian, non-Hispanic",29,121,121,IPEDS_EF2020A,0
2020,union,0,0,0,1,0,"Black or African American, non-Hispanic",28,93,93,IPEDS_EF2020A,0
2020,union,0,0,0,1,0,Hispanic/Latino,51,194,195,IPEDS_EF2020A,0
2020,union,0,0,0,1,0,"Native Hawaiian or other Pacific Islander, non-Hispanic",0,0,0,IPEDS_EF2020A,0
2020,union,0,0,0,1,0,Nonresident,33,165,165,IPEDS_EF2020A,0
2020,union,0,0,0,1,0,Race and/or ethnicity unknown,0,1,8,IPEDS_EF2020A,0
2020,union,0,0,0,1,0,Total,466,2035,2047,IPEDS_EF2020A,0
2020,union,0,0,0,1,0,"Two or more races, non-Hispanic",15,66,66,IPEDS_EF2020A,0
2020,union,0,0,0,1,0,"White, non-Hispanic",308,1391,1395,IPEDS_EF2020A,0
2020,vanderbilt,0,0,0,0,1,"American Indian or Alaska Native, non-Hispanic",7,27,27,IPEDS_EF2020A,0
2020,vanderbilt,0,0,0,0,1,"Asian, non-Hispanic",319,1128,1129,IPEDS_EF2020A,0
2020,vanderbilt,0,0,0,0,1,"Black or African American, non-Hispanic",195,779,779,IPEDS_EF2020A,0
2020,vanderbilt,0,0,0,0,1,Hispanic/Latino,189,710,710,IPEDS_EF2020A,0
2020,vanderbilt,0,0,0,0,1,"Native Hawaiian or other Pacific Islander, non-Hispanic",2,22,22,IPEDS_EF2020A,0
2020,vanderbilt,0,0,0,0,1,Nonresident,148,665,665,IPEDS_EF2020A,0
2020,vanderbilt,0,0,0,0,1,Race and/or ethnicity unknown,68,328,330,IPEDS_EF2020A,0
2020,vanderbilt,0,0,0,0,1,Total,1698,7052,7057,IPEDS_EF2020A,0
2020,vanderbilt,0,0,0,0,1,"Two or more races, non-Hispanic",98,401,401,IPEDS_EF2020A,0
2020,vanderbilt,0,0,0,0,1,"White, non-Hispanic",672,2992,2994,IPEDS_EF2020A,0
2020,vassar,0,0,0,1,1,"American Indian or Alaska Native, non-Hispanic",2,3,3,IPEDS_EF2020A,0
2020,vassar,0,0,0,1,1,"Asian, non-Hispanic",66,286,286,IPEDS_EF2020A,0
2020,vassar,0,0,0,1,1,"Black or African American, non-Hispanic",32,98,99,IPEDS_EF2020A,0
2020,vassar,0,0,0,1,1,Hispanic/Latino,56,254,254,IPEDS_EF2020A,0
2020,vassar,0,0,0,1,1,"Native Hawaiian or other Pacific Islander, non-Hispanic",0,0,0,IPEDS_EF2020A,0
2020,vassar,0,0,0,1,1,Nonresident,48,211,217,IPEDS_EF2020A,0
2020,vassar,0,0,0,1,1,Race and/or ethnicity unknown,6,9,12,IPEDS_EF2020A,0
2020,vassar,0,0,0,1,1,Total,588,2449,2463,IPEDS_EF2020A,0
2020,vassar,0,0,0,1,1,"Two or more races, non-Hispanic",39,214,214,IPEDS_EF2020A,0
2020,vassar,0,0,0,1,1,"White, non-Hispanic",339,1374,1378,IPEDS_EF2020A,0
2020,washandlee,0,0,0,1,1,"American Indian or Alaska Native, non-Hispanic",0,0,0,IPEDS_EF2020A,0
2020,washandlee,0,0,0,1,1,"Asian, non-Hispanic",12,68,68,IPEDS_EF2020A,0
2020,washandlee,0,0,0,1,1,"Black or African American, non-Hispanic",20,62,62,IPEDS_EF2020A,0
2020,washandlee,0,0,0,1,1,Hispanic/Latino,37,117,117,IPEDS_EF2020A,0
2020,washandlee,0,0,0,1,1,"Native Hawaiian or other Pacific Islander, non-Hispanic",1,1,1,IPEDS_EF2020A,0
2020,washandlee,0,0,0,1,1,Nonresident,22,78,78,IPEDS_EF2020A,0
2020,washandlee,0,0,0,1,1,Race and/or ethnicity unknown,4,12,12,IPEDS_EF2020A,0
2020,washandlee,0,0,0,1,1,Total,459,1820,1822,IPEDS_EF2020A,0
2020,washandlee,0,0,0,1,1,"Two or more races, non-Hispanic",21,75,75,IPEDS_EF2020A,0
2020,washandlee,0,0,0,1,1,"White, non-Hispanic",342,1407,1409,IPEDS_EF2020A,0
2020,wellesley,0,0,0,1,1,"American Indian or Alaska Native, non-Hispanic",0,2,2,IPEDS_EF2020A,0
2020,wellesley,0,0,0,1,1,"Asian, non-Hispanic",129,517,519,IPEDS_EF2020A,0
2020,wellesley,0,0,0,1,1,"Black or African American, non-Hispanic",40,161,161,IPEDS_EF2020A,0
2020,wellesley,0,0,0,1,1,Hispanic/Latino,96,317,318,IPEDS_EF2020A,0
2020,wellesley,0,0,0,1,1,"Native Hawaiian or other Pacific Islander, non-Hispanic",1,1,1,IPEDS_EF2020A,0
2020,wellesley,0,0,0,1,1,Nonresident,79,307,307,IPEDS_EF2020A,0
2020,wellesley,0,0,0,1,1,Race and/or ethnicity unknown,4,11,26,IPEDS_EF2020A,0
2020,wellesley,0,0,0,1,1,Total,581,2260,2280,IPEDS_EF2020A,0
2020,wellesley,0,0,0,1,1,"Two or more races, non-Hispanic",29,146,146,IPEDS_EF2020A,0
2020,wellesley,0,0,0,1,1,"White, non-Hispanic",203,798,800,IPEDS_EF2020A,0
2020,wesleyan,0,0,1,1,1,"American Indian or Alaska Native, non-Hispanic",0,1,1,IPEDS_EF2020A,0
2020,wesleyan,0,0,1,1,1,"Asian, non-Hispanic",66,223,228,IPEDS_EF2020A,0
2020,wesleyan,0,0,1,1,1,"Black or African American, non-Hispanic",35,163,163,IPEDS_EF2020A,0
2020,wesleyan,0,0,1,1,1,Hispanic/Latino,90,327,328,IPEDS_EF2020A,0
2020,wesleyan,0,0,1,1,1,"Native Hawaiian or other Pacific Islander, non-Hispanic",1,2,2,IPEDS_EF2020A,0
2020,wesleyan,0,0,1,1,1,Nonresident,47,324,325,IPEDS_EF2020A,0
2020,wesleyan,0,0,1,1,1,Race and/or ethnicity unknown,19,55,56,IPEDS_EF2020A,0
2020,wesleyan,0,0,1,1,1,Total,720,2838,2852,IPEDS_EF2020A,0
2020,wesleyan,0,0,1,1,1,"Two or more races, non-Hispanic",57,193,193,IPEDS_EF2020A,0
2020,wesleyan,0,0,1,1,1,"White, non-Hispanic",405,1550,1556,IPEDS_EF2020A,0
2020,williams,0,0,1,1,1,"American Indian or Alaska Native, non-Hispanic",0,1,1,IPEDS_EF2020A,0
2020,williams,0,0,1,1,1,"Asian, non-Hispanic",90,272,275,IPEDS_EF2020A,0
2020,williams,0,0,1,1,1,"Black or African American, non-Hispanic",15,129,130,IPEDS_EF2020A,0
2020,williams,0,0,1,1,1,Hispanic/Latino,52,252,255,IPEDS_EF2020A,0
2020,williams,0,0,1,1,1,"Native Hawaiian or other Pacific Islander, non-Hispanic",0,1,1,IPEDS_EF2020A,0
2020,williams,0,0,1,1,1,Nonresident,42,166,166,IPEDS_EF2020A,0
2020,williams,0,0,1,1,1,Race and/or ethnicity unknown,23,99,109,IPEDS_EF2020A,0
2020,williams,0,0,1,1,1,Total,482,1917,1962,IPEDS_EF2020A,0
2020,williams,0,0,1,1,1,"Two or more races, non-Hispanic",37,124,125,IPEDS_EF2020A,0
2020,williams,0,0,1,1,1,"White, non-Hispanic",223,873,900,IPEDS_EF2020A,0
2020,wustl,0,0,0,0,1,"American Indian or Alaska Native, non-Hispanic",5,8,8,IPEDS_EF2020A,0
2020,wustl,0,0,0,0,1,"Asian, non-Hispanic",430,1340,1366,IPEDS_EF2020A,0
2020,wustl,0,0,0,0,1,"Black or African American, non-Hispanic",115,646,694,IPEDS_EF2020A,0
2020,wustl,0,0,0,0,1,Hispanic/Latino,202,776,788,IPEDS_EF2020A,0
2020,wustl,0,0,0,0,1,"Native Hawaiian or other Pacific Islander, non-Hispanic",1,10,10,IPEDS_EF2020A,0
2020,wustl,0,0,0,0,1,Nonresident,112,524,549,IPEDS_EF2020A,0
2020,wustl,0,0,0,0,1,Race and/or ethnicity unknown,24,154,170,IPEDS_EF2020A,0
2020,wustl,0,0,0,0,1,Total,1804,7366,7653,IPEDS_EF2020A,0
2020,wustl,0,0,0,0,1,"Two or more races, non-Hispanic",106,399,410,IPEDS_EF2020A,0
2020,wustl,0,0,0,0,1,"White, non-Hispanic",809,3509,3658,IPEDS_EF2020A,0
2020,yale,1,1,0,0,1,"American Indian or Alaska Native, non-Hispanic",3,13,13,IPEDS_EF2020A,0
2020,yale,1,1,0,0,1,"Asian, non-Hispanic",353,1123,1123,IPEDS_EF2020A,0
2020,yale,1,1,0,0,1,"Black or African American, non-Hispanic",112,428,428,IPEDS_EF2020A,0
2020,yale,1,1,0,0,1,Hispanic/Latino,177,707,707,IPEDS_EF2020A,0
2020,yale,1,1,0,0,1,"Native Hawaiian or other Pacific Islander, non-Hispanic",2,5,5,IPEDS_EF2020A,0
2020,yale,1,1,0,0,1,Nonresident,117,472,472,IPEDS_EF2020A,0
2020,yale,1,1,0,0,1,Race and/or ethnicity unknown,8,18,18,IPEDS_EF2020A,0
2020,yale,1,1,0,0,1,Total,1264,4701,4703,IPEDS_EF2020A,0
2020,yale,1,1,0,0,1,"Two or more races, non-Hispanic",76,293,293,IPEDS_EF2020A,0
2020,yale,1,1,0,0,1,"White, non-Hispanic",416,1642,1644,IPEDS_EF2020A,0
2021,airforce,0,0,0,0,1,"American Indian or Alaska Native, non-Hispanic",4,5,5,IPEDS_EF2021A,0
2021,airforce,0,0,0,0,1,"Asian, non-Hispanic",79,294,294,IPEDS_EF2021A,0
2021,airforce,0,0,0,0,1,"Black or African American, non-Hispanic",62,266,266,IPEDS_EF2021A,0
2021,airforce,0,0,0,0,1,Hispanic/Latino,115,475,475,IPEDS_EF2021A,0
2021,airforce,0,0,0,0,1,"Native Hawaiian or other Pacific Islander, non-Hispanic",9,21,21,IPEDS_EF2021A,0
2021,airforce,0,0,0,0,1,Nonresident,17,60,60,IPEDS_EF2021A,0
2021,airforce,0,0,0,0,1,Race and/or ethnicity unknown,12,74,74,IPEDS_EF2021A,0
2021,airforce,0,0,0,0,1,Total,1091,4181,4181,IPEDS_EF2021A,0
2021,airforce,0,0,0,0,1,"Two or more races, non-Hispanic",78,311,311,IPEDS_EF2021A,0
2021,airforce,0,0,0,0,1,"White, non-Hispanic",715,2675,2675,IPEDS_EF2021A,0
2021,amherst,0,0,1,1,1,"American Indian or Alaska Native, non-Hispanic",0,5,5,IPEDS_EF2021A,0
2021,amherst,0,0,1,1,1,"Asian, non-Hispanic",74,299,299,IPEDS_EF2021A,0
2021,amherst,0,0,1,1,1,"Black or African American, non-Hispanic",61,203,203,IPEDS_EF2021A,0
2021,amherst,0,0,1,1,1,Hispanic/Latino,89,304,304,IPEDS_EF2021A,0
2021,amherst,0,0,1,1,1,"Native Hawaiian or other Pacific Islander, non-Hispanic",1,4,4,IPEDS_EF2021A,0
2021,amherst,0,0,1,1,1,Nonresident,60,206,206,IPEDS_EF2021A,0
2021,amherst,0,0,1,1,1,Race and/or ethnicity unknown,4,40,40,IPEDS_EF2021A,0
2021,amherst,0,0,1,1,1,Total,514,1971,1971,IPEDS_EF2021A,0
2021,amherst,0,0,1,1,1,"Two or more races, non-Hispanic",41,146,146,IPEDS_EF2021A,0
2021,amherst,0,0,1,1,1,"White, non-Hispanic",184,764,764,IPEDS_EF2021A,0
2021,army,0,0,0,0,1,"American Indian or Alaska Native, non-Hispanic",11,31,31,IPEDS_EF2021A,0
2021,army,0,0,0,0,1,"Asian, non-Hispanic",118,365,369,IPEDS_EF2021A,0
2021,army,0,0,0,0,1,"Black or African American, non-Hispanic",151,554,554,IPEDS_EF2021A,0
2021,army,0,0,0,0,1,Hispanic/Latino,145,522,522,IPEDS_EF2021A,0
2021,army,0,0,0,0,1,"Native Hawaiian or other Pacific Islander, non-Hispanic",11,19,19,IPEDS_EF2021A,0
2021,army,0,0,0,0,1,Nonresident,16,56,56,IPEDS_EF2021A,0
2021,army,0,0,0,0,1,Race and/or ethnicity unknown,0,12,63,IPEDS_EF2021A,0
2021,army,0,0,0,0,1,Total,1181,4348,4411,IPEDS_EF2021A,0
2021,army,0,0,0,0,1,"Two or more races, non-Hispanic",16,94,94,IPEDS_EF2021A,0
2021,army,0,0,0,0,1,"White, non-Hispanic",713,2695,2703,IPEDS_EF2021A,0
2021,barnard,0,0,0,1,1,"American Indian or Alaska Native, non-Hispanic",0,1,1,IPEDS_EF2021A,0
2021,barnard,0,0,0,1,1,"Asian, non-Hispanic",139,555,556,IPEDS_EF2021A,0
2021,barnard,0,0,0,1,1,"Black or African American, non-Hispanic",60,170,170,IPEDS_EF2021A,0
2021,barnard,0,0,0,1,1,Hispanic/Latino,133,389,391,IPEDS_EF2021A,0
2021,barnard,0,0,0,1,1,"Native Hawaiian or other Pacific Islander, non-Hispanic",0,0,0,IPEDS_EF2021A,0
2021,barnard,0,0,0,1,1,Nonresident,72,381,382,IPEDS_EF2021A,0
2021,barnard,0,0,0,1,1,Race and/or ethnicity unknown,23,63,95,IPEDS_EF2021A,0
2021,barnard,0,0,0,1,1,Total,769,3007,3043,IPEDS_EF2021A,0
2021,barnard,0,0,0,1,1,"Two or more races, non-Hispanic",68,213,213,IPEDS_EF2021A,0
2021,barnard,0,0,0,1,1,"White, non-Hispanic",274,1235,1235,IPEDS_EF2021A,0
2021,bates,0,0,1,1,1,"American Indian or Alaska Native, non-Hispanic",2,4,4,IPEDS_EF2021A,0
2021,bates,0,0,1,1,1,"Asian, non-Hispanic",36,103,103,IPEDS_EF2021A,0
2021,bates,0,0,1,1,1,"Black or African American, non-Hispanic",32,101,101,IPEDS_EF2021A,0
2021,bates,0,0,1,1,1,Hispanic/Latino,45,142,142,IPEDS_EF2021A,0
2021,bates,0,0,1,1,1,"Native Hawaiian or other Pacific Islander, non-Hispanic",1,2,2,IPEDS_EF2021A,0
2021,bates,0,0,1,1,1,Nonresident,54,159,159,IPEDS_EF2021A,0
2021,bates,0,0,1,1,1,Race and/or ethnicity unknown,2,9,9,IPEDS_EF2021A,0
2021,bates,0,0,1,1,1,Total,553,1821,1821,IPEDS_EF2021A,0
2021,bates,0,0,1,1,1,"Two or more races, non-Hispanic",39,125,125,IPEDS_EF2021A,0
2021,bates,0,0,1,1,1,"White, non-Hispanic",342,1176,1176,IPEDS_EF2021A,0
2021,berkeley,0,0,0,0,1,"American Indian or Alaska Native, non-Hispanic",12,36,36,IPEDS_EF2021A,0
2021,berkeley,0,0,0,0,1,"Asian, non-Hispanic",2483,11104,11104,IPEDS_EF2021A,0
2021,berkeley,0,0,0,0,1,"Black or African American, non-Hispanic",137,679,679,IPEDS_EF2021A,0
2021,berkeley,0,0,0,0,1,Hispanic/Latino,1380,6300,6300,IPEDS_EF2021A,0
2021,berkeley,0,0,0,0,1,"Native Hawaiian or other Pacific Islander, non-Hispanic",11,48,48,IPEDS_EF2021A,0
2021,berkeley,0,0,0,0,1,Nonresident,911,4179,4181,IPEDS_EF2021A,0
2021,berkeley,0,0,0,0,1,Race and/or ethnicity unknown,269,1013,1013,IPEDS_EF2021A,0
2021,berkeley,0,0,0,0,1,Total,6931,31811,31814,IPEDS_EF2021A,0
2021,berkeley,0,0,0,0,1,"Two or more races, non-Hispanic",418,1861,1862,IPEDS_EF2021A,0
2021,berkeley,0,0,0,0,1,"White, non-Hispanic",1310,6591,6591,IPEDS_EF2021A,0
2021,bowdoin,0,0,1,1,1,"American Indian or Alaska Native, non-Hispanic",0,4,4,IPEDS_EF2021A,0
2021,bowdoin,0,0,1,1,1,"Asian, non-Hispanic",57,174,174,IPEDS_EF2021A,0
2021,bowdoin,0,0,1,1,1,"Black or African American, non-Hispanic",25,115,115,IPEDS_EF2021A,0
2021,bowdoin,0,0,1,1,1,Hispanic/Latino,72,217,217,IPEDS_EF2021A,0
2021,bowdoin,0,0,1,1,1,"Native Hawaiian or other Pacific Islander, non-Hispanic",1,2,2,IPEDS_EF2021A,0
2021,bowdoin,0,0,1,1,1,Nonresident,38,137,139,IPEDS_EF2021A,0
2021,bowdoin,0,0,1,1,1,Race and/or ethnicity unknown,0,8,8,IPEDS_EF2021A,0
2021,bowdoin,0,0,1,1,1,Total,517,1948,1951,IPEDS_EF2021A,0
2021,bowdoin,0,0,1,1,1,"Two or more races, non-Hispanic",53,172,172,IPEDS_EF2021A,0
2021,bowdoin,0,0,1,1,1,"White, non-Hispanic",271,1119,1120,IPEDS_EF2021A,0
2021,brown,1,1,0,0,1,"American Indian or Alaska Native, non-Hispanic",6,24,24,IPEDS_EF2021A,0
2021,brown,1,1,0,0,1,"Asian, non-Hispanic",301,1295,1304,IPEDS_EF2021A,0
2021,brown,1,1,0,0,1,"Black or African American, non-Hispanic",162,541,545,IPEDS_EF2021A,0
2021,brown,1,1,0,0,1,Hispanic/Latino,224,802,811,IPEDS_EF2021A,0
2021,brown,1,1,0,0,1,"Native Hawaiian or other Pacific Islander, non-Hispanic",2,12,12,IPEDS_EF2021A,0
2021,brown,1,1,0,0,1,Nonresident,192,787,899,IPEDS_EF2021A,0
2021,brown,1,1,0,0,1,Race and/or ethnicity unknown,39,217,292,IPEDS_EF2021A,0
2021,brown,1,1,0,0,1,Total,1705,7125,7349,IPEDS_EF2021A,0
2021,brown,1,1,0,0,1,"Two or more races, non-Hispanic",136,506,510,IPEDS_EF2021A,0
2021,brown,1,1,0,0,1,"White, non-Hispanic",643,2941,2952,IPEDS_EF2021A,0
2021,brynmawr,0,0,0,1,0,"American Indian or Alaska Native, non-Hispanic",0,0,0,IPEDS_EF2021A,0
2021,brynmawr,0,0,0,1,0,"Asian, non-Hispanic",46,167,167,IPEDS_EF2021A,0
2021,brynmawr,0,0,0,1,0,"Black or African American, non-Hispanic",26,77,77,IPEDS_EF2021A,0
2021,brynmawr,0,0,0,1,0,Hispanic/Latino,33,138,138,IPEDS_EF2021A,0
2021,brynmawr,0,0,0,1,0,"Native Hawaiian or other Pacific Islander, non-Hispanic",0,0,0,IPEDS_EF2021A,0
2021,brynmawr,0,0,0,1,0,Nonresident,50,219,219,IPEDS_EF2021A,0
2021,brynmawr,0,0,0,1,0,Race and/or ethnicity unknown,8,29,30,IPEDS_EF2021A,0
2021,brynmawr,0,0,0,1,0,Total,422,1422,1423,IPEDS_EF2021A,0
2021,brynmawr,0,0,0,1,0,"Two or more races, non-Hispanic",19,71,71,IPEDS_EF2021A,0
2021,brynmawr,0,0,0,1,0,"White, non-Hispanic",240,721,721,IPEDS_EF2021A,0
2021,bucknell,0,0,0,1,0,"American Indian or Alaska Native, non-Hispanic",0,1,1,IPEDS_EF2021A,0
2021,bucknell,0,0,0,1,0,"Asian, non-Hispanic",57,179,179,IPEDS_EF2021A,0
2021,bucknell,0,0,0,1,0,"Black or African American, non-Hispanic",36,150,150,IPEDS_EF2021A,0
2021,bucknell,0,0,0,1,0,Hispanic/Latino,84,260,261,IPEDS_EF2021A,0
2021,bucknell,0,0,0,1,0,"Native Hawaiian or other Pacific Islander, non-Hispanic",1,2,2,IPEDS_EF2021A,0
2021,bucknell,0,0,0,1,0,Nonresident,39,183,186,IPEDS_EF2021A,0
2021,bucknell,0,0,0,1,0,Race and/or ethnicity unknown,1,3,3,IPEDS_EF2021A,0
2021,bucknell,0,0,0,1,0,Total,1027,3714,3724,IPEDS_EF2021A,0
2021,bucknell,0,0,0,1,0,"Two or more races, non-Hispanic",37,132,133,IPEDS_EF2021A,0
2021,bucknell,0,0,0,1,0,"White, non-Hispanic",772,2804,2809,IPEDS_EF2021A,0
2021,caltech,0,1,0,0,1,"American Indian or Alaska Native, non-Hispanic",1,1,1,IPEDS_EF2021A,0
2021,caltech,0,1,0,0,1,"Asian, non-Hispanic",75,341,341,IPEDS_EF2021A,0
2021,caltech,0,1,0,0,1,"Black or African American, non-Hispanic",12,25,25,IPEDS_EF2021A,0
2021,caltech,0,1,0,0,1,Hispanic/Latino,80,220,220,IPEDS_EF2021A,0
2021,caltech,0,1,0,0,1,"Native Hawaiian or other Pacific Islander, non-Hispanic",0,1,1,IPEDS_EF2021A,0
2021,caltech,0,1,0,0,1,Nonresident,26,78,78,IPEDS_EF2021A,0
2021,caltech,0,1,0,0,1,Race and/or ethnicity unknown,0,4,4,IPEDS_EF2021A,0
2021,caltech,0,1,0,0,1,Total,270,987,987,IPEDS_EF2021A,0
2021,caltech,0,1,0,0,1,"Two or more races, non-Hispanic",33,93,93,IPEDS_EF2021A,0
2021,caltech,0,1,0,0,1,"White, non-Hispanic",43,224,224,IPEDS_EF2021A,0
2021,carleton,0,0,0,1,1,"American Indian or Alaska Native, non-Hispanic",0,2,2,IPEDS_EF2021A,0
2021,carleton,0,0,0,1,1,"Asian, non-Hispanic",49,199,202,IPEDS_EF2021A,0
2021,carleton,0,0,0,1,1,"Black or African American, non-Hispanic",31,126,128,IPEDS_EF2021A,0
2021,carleton,0,0,0,1,1,Hispanic/Latino,48,180,182,IPEDS_EF2021A,0
2021,carleton,0,0,0,1,1,"Native Hawaiian or other Pacific Islander, non-Hispanic",0,0,0,IPEDS_EF2021A,0
2021,carleton,0,0,0,1,1,Nonresident,64,206,209,IPEDS_EF2021A,0
2021,carleton,0,0,0,1,1,Race and/or ethnicity unknown,15,45,54,IPEDS_EF2021A,0
2021,carleton,0,0,0,1,1,Total,555,2008,2044,IPEDS_EF2021A,0
2021,carleton,0,0,0,1,1,"Two or more races, non-Hispanic",49,164,164,IPEDS_EF2021A,0
2021,carleton,0,0,0,1,1,"White, non-Hispanic",299,1086,1103,IPEDS_EF2021A,0
2021,clark,0,0,0,1,0,"American Indian or Alaska Native, non-Hispanic",0,0,0,IPEDS_EF2021A,0
2021,clark,0,0,0,1,0,"Asian, non-Hispanic",31,151,151,IPEDS_EF2021A,0
2021,clark,0,0,0,1,0,"Black or African American, non-Hispanic",19,109,110,IPEDS_EF2021A,0
2021,clark,0,0,0,1,0,Hispanic/Latino,59,215,216,IPEDS_EF2021A,0
2021,clark,0,0,0,1,0,"Native Hawaiian or other Pacific Islander, non-Hispanic",0,1,1,IPEDS_EF2021A,0
2021,clark,0,0,0,1,0,Nonresident,34,170,176,IPEDS_EF2021A,0
2021,clark,0,0,0,1,0,Race and/or ethnicity unknown,15,174,178,IPEDS_EF2021A,0
2021,clark,0,0,0,1,0,Total,505,2290,2302,IPEDS_EF2021A,0
2021,clark,0,0,0,1,0,"Two or more races, non-Hispanic",20,77,77,IPEDS_EF2021A,0
2021,clark,0,0,0,1,0,"White, non-Hispanic",327,1393,1393,IPEDS_EF2021A,0
2021,cmc,0,0,0,0,1,"American Indian or Alaska Native, non-Hispanic",0,1,1,IPEDS_EF2021A,0
2021,cmc,0,0,0,0,1,"Asian, non-Hispanic",50,205,205,IPEDS_EF2021A,0
2021,cmc,0,0,0,0,1,"Black or African American, non-Hispanic",21,73,73,IPEDS_EF2021A,0
2021,cmc,0,0,0,0,1,Hispanic/Latino,60,221,221,IPEDS_EF2021A,0
2021,cmc,0,0,0,0,1,"Native Hawaiian or other Pacific Islander, non-Hispanic",1,4,4,IPEDS_EF2021A,0
2021,cmc,0,0,0,0,1,Nonresident,63,217,219,IPEDS_EF2021A,0
2021,cmc,0,0,0,0,1,Race and/or ethnicity unknown,22,77,77,IPEDS_EF2021A,0
2021,cmc,0,0,0,0,1,Total,358,1414,1416,IPEDS_EF2021A,0
2021,cmc,0,0,0,0,1,"Two or more races, non-Hispanic",20,95,95,IPEDS_EF2021A,0
2021,cmc,0,0,0,0,1,"White, non-Hispanic",121,521,521,IPEDS_EF2021A,0
2021,cmu,0,0,0,0,1,"American Indian or Alaska Native, non-Hispanic",0,0,0,IPEDS_EF2021A,0
2021,cmu,0,0,0,0,1,"Asian, non-Hispanic",582,2319,2325,IPEDS_EF2021A,0
2021,cmu,0,0,0,0,1,"Black or African American, non-Hispanic",86,270,271,IPEDS_EF2021A,0
2021,cmu,0,0,0,0,1,Hispanic/Latino,206,674,677,IPEDS_EF2021A,0
2021,cmu,0,0,0,0,1,"Native Hawaiian or other Pacific Islander, non-Hispanic",0,3,3,IPEDS_EF2021A,0
2021,cmu,0,0,0,0,1,Nonresident,387,1239,1248,IPEDS_EF2021A,0
2021,cmu,0,0,0,0,1,Race and/or ethnicity unknown,88,428,438,IPEDS_EF2021A,0
2021,cmu,0,0,0,0,1,Total,1896,6880,6932,IPEDS_EF2021A,0
2021,cmu,0,0,0,0,1,"Two or more races, non-Hispanic",128,341,341,IPEDS_EF2021A,0
2021,cmu,0,0,0,0,1,"White, non-Hispanic",419,1606,1629,IPEDS_EF2021A,0
2021,colby,0,0,1,1,1,"American Indian or Alaska Native, non-Hispanic",1,5,5,IPEDS_EF2021A,0
2021,colby,0,0,1,1,1,"Asian, non-Hispanic",86,231,231,IPEDS_EF2021A,0
2021,colby,0,0,1,1,1,"Black or African American, non-Hispanic",33,118,118,IPEDS_EF2021A,0
2021,colby,0,0,1,1,1,Hispanic/Latino,60,185,185,IPEDS_EF2021A,0
2021,colby,0,0,1,1,1,"Native Hawaiian or other Pacific Islander, non-Hispanic",0,1,1,IPEDS_EF2021A,0
2021,colby,0,0,1,1,1,Nonresident,59,214,214,IPEDS_EF2021A,0
2021,colby,0,0,1,1,1,Race and/or ethnicity unknown,26,82,82,IPEDS_EF2021A,0
2021,colby,0,0,1,1,1,Total,667,2262,2262,IPEDS_EF2021A,0
2021,colby,0,0,1,1,1,"Two or more races, non-Hispanic",45,134,134,IPEDS_EF2021A,0
2021,colby,0,0,1,1,1,"White, non-Hispanic",357,1292,1292,IPEDS_EF2021A,0
2021,colgate,0,0,0,0,1,"American Indian or Alaska Native, non-Hispanic",2,2,2,IPEDS_EF2021A,0
2021,colgate,0,0,0,0,1,"Asian, non-Hispanic",49,173,174,IPEDS_EF2021A,0
2021,colgate,0,0,0,0,1,"Black or African American, non-Hispanic",43,138,138,IPEDS_EF2021A,0
2021,colgate,0,0,0,0,1,Hispanic/Latino,82,292,292,IPEDS_EF2021A,0
2021,colgate,0,0,0,0,1,"Native Hawaiian or other Pacific Islander, non-Hispanic",0,4,4,IPEDS_EF2021A,0
2021,colgate,0,0,0,0,1,Nonresident,79,278,279,IPEDS_EF2021A,0
2021,colgate,0,0,0,0,1,Race and/or ethnicity unknown,17,57,58,IPEDS_EF2021A,0
2021,colgate,0,0,0,0,1,Total,887,3153,3164,IPEDS_EF2021A,0
2021,colgate,0,0,0,0,1,"Two or more races, non-Hispanic",43,143,143,IPEDS_EF2021A,0
2021,colgate,0,0,0,0,1,"White, non-Hispanic",572,2066,2074,IPEDS_EF2021A,0
2021,columbia,1,1,0,0,1,"American Indian or Alaska Native, non-Hispanic",6,36,36,IPEDS_EF2021A,0
2021,columbia,1,1,0,0,1,"Asian, non-Hispanic",313,1638,1638,IPEDS_EF2021A,0
2021,columbia,1,1,0,0,1,"Black or African American, non-Hispanic",158,656,656,IPEDS_EF2021A,0
2021,columbia,1,1,0,0,1,Hispanic/Latino,277,1308,1308,IPEDS_EF2021A,0
2021,columbia,1,1,0,0,1,"Native Hawaiian or other Pacific Islander, non-Hispanic",4,13,13,IPEDS_EF2021A,0
2021,columbia,1,1,0,0,1,Nonresident,229,1609,1609,IPEDS_EF2021A,0
2021,columbia,1,1,0,0,1,Race and/or ethnicity unknown,27,141,141,IPEDS_EF2021A,0
2021,columbia,1,1,0,0,1,Total,1641,8833,8833,IPEDS_EF2021A,0
2021,columbia,1,1,0,0,1,"Two or more races, non-Hispanic",110,527,527,IPEDS_EF2021A,0
2021,columbia,1,1,0,0,1,"White, non-Hispanic",517,2905,2905,IPEDS_EF2021A,0
2021,conncoll,0,0,1,1,0,"American Indian or Alaska Native, non-Hispanic",0,0,0,IPEDS_EF2021A,0
2021,conncoll,0,0,1,1,0,"Asian, non-Hispanic",18,67,71,IPEDS_EF2021A,0
2021,conncoll,0,0,1,1,0,"Black or African American, non-Hispanic",26,82,82,IPEDS_EF2021A,0
2021,conncoll,0,0,1,1,0,Hispanic/Latino,52,194,195,IPEDS_EF2021A,0
2021,conncoll,0,0,1,1,0,"Native Hawaiian or other Pacific Islander, non-Hispanic",1,1,1,IPEDS_EF2021A,0
2021,conncoll,0,0,1,1,0,Nonresident,34,159,162,IPEDS_EF2021A,0
2021,conncoll,0,0,1,1,0,Race and/or ethnicity unknown,16,37,37,IPEDS_EF2021A,0
2021,conncoll,0,0,1,1,0,Total,492,1811,1829,IPEDS_EF2021A,0
2021,conncoll,0,0,1,1,0,"Two or more races, non-Hispanic",16,63,63,IPEDS_EF2021A,0
2021,conncoll,0,0,1,1,0,"White, non-Hispanic",329,1208,1218,IPEDS_EF2021A,0
2021,cornell,1,1,0,0,1,"American Indian or Alaska Native, non-Hispanic",14,43,43,IPEDS_EF2021A,0
2021,cornell,1,1,0,0,1,"Asian, non-Hispanic",831,3350,3350,IPEDS_EF2021A,0
2021,cornell,1,1,0,0,1,"Black or African American, non-Hispanic",338,1129,1129,IPEDS_EF2021A,0
2021,cornell,1,1,0,0,1,Hispanic/Latino,583,2285,2285,IPEDS_EF2021A,0
2021,cornell,1,1,0,0,1,"Native Hawaiian or other Pacific Islander, non-Hispanic",7,19,19,IPEDS_EF2021A,0
2021,cornell,1,1,0,0,1,Nonresident,365,1507,1558,IPEDS_EF2021A,0
2021,cornell,1,1,0,0,1,Race and/or ethnicity unknown,203,1032,1033,IPEDS_EF2021A,0
2021,cornell,1,1,0,0,1,Total,3718,15451,15503,IPEDS_EF2021A,0
2021,cornell,1,1,0,0,1,"Two or more races, non-Hispanic",217,821,821,IPEDS_EF2021A,0
2021,cornell,1,1,0,0,1,"White, non-Hispanic",1160,5265,5265,IPEDS_EF2021A,0
2021,dartmouth,1,1,0,0,1,"American Indian or Alaska Native, non-Hispanic",18,53,53,IPEDS_EF2021A,0
2021,dartmouth,1,1,0,0,1,"Asian, non-Hispanic",154,642,643,IPEDS_EF2021A,0
2021,dartmouth,1,1,0,0,1,"Black or African American, non-Hispanic",74,243,243,IPEDS_EF2021A,0
2021,dartmouth,1,1,0,0,1,Hispanic/Latino,128,453,454,IPEDS_EF2021A,0
2021,dartmouth,1,1,0,0,1,"Native Hawaiian or other Pacific Islander, non-Hispanic",0,1,1,IPEDS_EF2021A,0
2021,dartmouth,1,1,0,0,1,Nonresident,166,528,540,IPEDS_EF2021A,0
2021,dartmouth,1,1,0,0,1,Race and/or ethnicity unknown,18,80,83,IPEDS_EF2021A,0
2021,dartmouth,1,1,0,0,1,Total,1221,4533,4556,IPEDS_EF2021A,0
2021,dartmouth,1,1,0,0,1,"Two or more races, non-Hispanic",90,279,279,IPEDS_EF2021A,0
2021,dartmouth,1,1,0,0,1,"White, non-Hispanic",573,2254,2260,IPEDS_EF2021A,0
2021,davidson,0,0,0,1,1,"American Indian or Alaska Native, non-Hispanic",1,5,5,IPEDS_EF2021A,0
2021,davidson,0,0,0,1,1,"Asian, non-Hispanic",30,111,111,IPEDS_EF2021A,0
2021,davidson,0,0,0,1,1,"Black or African American, non-Hispanic",31,124,124,IPEDS_EF2021A,0
2021,davidson,0,0,0,1,1,Hispanic/Latino,53,173,173,IPEDS_EF2021A,0
2021,davidson,0,0,0,1,1,"Native Hawaiian or other Pacific Islander, non-Hispanic",0,3,3,IPEDS_EF2021A,0
2021,davidson,0,0,0,1,1,Nonresident,47,159,162,IPEDS_EF2021A,0
2021,davidson,0,0,0,1,1,Race and/or ethnicity unknown,1,19,19,IPEDS_EF2021A,0
2021,davidson,0,0,0,1,1,Total,547,1970,1973,IPEDS_EF2021A,0
2021,davidson,0,0,0,1,1,"Two or more races, non-Hispanic",28,89,89,IPEDS_EF2021A,0
2021,davidson,0,0,0,1,1,"White, non-Hispanic",356,1287,1287,IPEDS_EF2021A,0
2021,duke,0,1,0,0,1,"American Indian or Alaska Native, non-Hispanic",4,27,27,IPEDS_EF2021A,0
2021,duke,0,1,0,0,1,"Asian, non-Hispanic",329,1464,1469,IPEDS_EF2021A,0
2021,duke,0,1,0,0,1,"Black or African American, non-Hispanic",143,548,555,IPEDS_EF2021A,0
2021,duke,0,1,0,0,1,Hispanic/Latino,226,719,721,IPEDS_EF2021A,0
2021,duke,0,1,0,0,1,"Native Hawaiian or other Pacific Islander, non-Hispanic",0,1,1,IPEDS_EF2021A,0
2021,duke,0,1,0,0,1,Nonresident,172,584,595,IPEDS_EF2021A,0
2021,duke,0,1,0,0,1,Race and/or ethnicity unknown,65,307,333,IPEDS_EF2021A,0
2021,duke,0,1,0,0,1,Total,1744,6815,6883,IPEDS_EF2021A,0
2021,duke,0,1,0,0,1,"Two or more races, non-Hispanic",135,438,441,IPEDS_EF2021A,0
2021,duke,0,1,0,0,1,"White, non-Hispanic",670,2727,2741,IPEDS_EF2021A,0
2021,emory,0,0,0,0,1,"American Indian or Alaska Native, non-Hispanic",0,4,4,IPEDS_EF2021A,0
2021,emory,0,0,0,0,1,"Asian, non-Hispanic",318,1630,1636,IPEDS_EF2021A,0
2021,emory,0,0,0,0,1,"Black or African American, non-Hispanic",148,568,576,IPEDS_EF2021A,0
2021,emory,0,0,0,0,1,Hispanic/Latino,185,789,791,IPEDS_EF2021A,0
2021,emory,0,0,0,0,1,"Native Hawaiian or other Pacific Islander, non-Hispanic",0,1,1,IPEDS_EF2021A,0
2021,emory,0,0,0,0,1,Nonresident,255,1208,1261,IPEDS_EF2021A,0
2021,emory,0,0,0,0,1,Race and/or ethnicity unknown,26,78,81,IPEDS_EF2021A,0
2021,emory,0,0,0,0,1,Total,1494,7050,7130,IPEDS_EF2021A,0
2021,emory,0,0,0,0,1,"Two or more races, non-Hispanic",72,319,320,IPEDS_EF2021A,0
2021,emory,0,0,0,0,1,"White, non-Hispanic",490,2453,2460,IPEDS_EF2021A,0
2021,fandm,0,0,0,1,0,"American Indian or Alaska Native, non-Hispanic",1,3,3,IPEDS_EF2021A,0
2021,fandm,0,0,0,1,0,"Asian, non-Hispanic",32,95,95,IPEDS_EF2021A,0
2021,fandm,0,0,0,1,0,"Black or African American, non-Hispanic",28,134,135,IPEDS_EF2021A,0
2021,fandm,0,0,0,1,0,Hispanic/Latino,49,218,218,IPEDS_EF2021A,0
2021,fandm,0,0,0,1,0,"Native Hawaiian or other Pacific Islander, non-Hispanic",0,0,0,IPEDS_EF2021A,0
2021,fandm,0,0,0,1,0,Nonresident,74,391,391,IPEDS_EF2021A,0
2021,fandm,0,0,0,1,0,Race and/or ethnicity unknown,10,32,35,IPEDS_EF2021A,0
2021,fandm,0,0,0,1,0,Total,509,2137,2145,IPEDS_EF2021A,0
2021,fandm,0,0,0,1,0,"Two or more races, non-Hispanic",15,66,66,IPEDS_EF2021A,0
2021,fandm,0,0,0,1,0,"White, non-Hispanic",300,1198,1202,IPEDS_EF2021A,0
2021,georgetown,0,0,0,0,1,"American Indian or Alaska Native, non-Hispanic",0,8,8,IPEDS_EF2021A,0
2021,georgetown,0,0,0,0,1,"Asian, non-Hispanic",230,965,966,IPEDS_EF2021A,0
2021,georgetown,0,0,0,0,1,"Black or African American, non-Hispanic",89,437,443,IPEDS_EF2021A,0
2021,georgetown,0,0,0,0,1,Hispanic/Latino,100,593,595,IPEDS_EF2021A,0
2021,georgetown,0,0,0,0,1,"Native Hawaiian or other Pacific Islander, non-Hispanic",3,6,6,IPEDS_EF2021A,0
2021,georgetown,0,0,0,0,1,Nonresident,149,1064,1138,IPEDS_EF2021A,0
2021,georgetown,0,0,0,0,1,Race and/or ethnicity unknown,44,198,310,IPEDS_EF2021A,0
2021,georgetown,0,0,0,0,1,Total,1585,7395,7598,IPEDS_EF2021A,0
2021,georgetown,0,0,0,0,1,"Two or more races, non-Hispanic",111,427,427,IPEDS_EF2021A,0
2021,georgetown,0,0,0,0,1,"White, non-Hispanic",859,3697,3705,IPEDS_EF2021A,0
2021,grinnell,0,0,0,0,1,"American Indian or Alaska Native, non-Hispanic",0,0,0,IPEDS_EF2021A,0
2021,grinnell,0,0,0,0,1,"Asian, non-Hispanic",37,132,133,IPEDS_EF2021A,0
2021,grinnell,0,0,0,0,1,"Black or African American, non-Hispanic",24,73,73,IPEDS_EF2021A,0
2021,grinnell,0,0,0,0,1,Hispanic/Latino,37,131,133,IPEDS_EF2021A,0
2021,grinnell,0,0,0,0,1,"Native Hawaiian or other Pacific Islander, non-Hispanic",0,0,0,IPEDS_EF2021A,0
2021,grinnell,0,0,0,0,1,Nonresident,92,340,340,IPEDS_EF2021A,0
2021,grinnell,0,0,0,0,1,Race and/or ethnicity unknown,8,60,82,IPEDS_EF2021A,0
2021,grinnell,0,0,0,0,1,Total,471,1713,1748,IPEDS_EF2021A,0
2021,grinnell,0,0,0,0,1,"Two or more races, non-Hispanic",28,86,86,IPEDS_EF2021A,0
2021,grinnell,0,0,0,0,1,"White, non-Hispanic",245,891,901,IPEDS_EF2021A,0
2021,hamilton,0,0,1,1,1,"American Indian or Alaska Native, non-Hispanic",0,1,1,IPEDS_EF2021A,0
2021,hamilton,0,0,1,1,1,"Asian, non-Hispanic",57,169,169,IPEDS_EF2021A,0
2021,hamilton,0,0,1,1,1,"Black or African American, non-Hispanic",20,64,64,IPEDS_EF2021A,0
2021,hamilton,0,0,1,1,1,Hispanic/Latino,63,204,204,IPEDS_EF2021A,0
2021,hamilton,0,0,1,1,1,"Native Hawaiian or other Pacific Islander, non-Hispanic",0,0,0,IPEDS_EF2021A,0
2021,hamilton,0,0,1,1,1,Nonresident,37,138,139,IPEDS_EF2021A,0
2021,hamilton,0,0,1,1,1,Race and/or ethnicity unknown,8,37,37,IPEDS_EF2021A,0
2021,hamilton,0,0,1,1,1,Total,533,2049,2050,IPEDS_EF2021A,0
2021,hamilton,0,0,1,1,1,"Two or more races, non-Hispanic",34,111,111,IPEDS_EF2021A,0
2021,hamilton,0,0,1,1,1,"White, non-Hispanic",314,1325,1325,IPEDS_EF2021A,0
2021,hampshire,0,0,0,1,0,"American Indian or Alaska Native, non-Hispanic",0,1,1,IPEDS_EF2021A,0
2021,hampshire,0,0,0,1,0,"Asian, non-Hispanic",2,15,15,IPEDS_EF2021A,0
2021,hampshire,0,0,0,1,0,"Black or African American, non-Hispanic",17,37,39,IPEDS_EF2021A,0
2021,hampshire,0,0,0,1,0,Hispanic/Latino,25,52,56,IPEDS_EF2021A,0
2021,hampshire,0,0,0,1,0,"Native Hawaiian or other Pacific Islander, non-Hispanic",0,0,0,IPEDS_EF2021A,0
2021,hampshire,0,0,0,1,0,Nonresident,5,29,30,IPEDS_EF2021A,0
2021,hampshire,0,0,0,1,0,Race and/or ethnicity unknown,3,25,25,IPEDS_EF2021A,0
2021,hampshire,0,0,0,1,0,Total,130,465,472,IPEDS_EF2021A,0
2021,hampshire,0,0,0,1,0,"Two or more races, non-Hispanic",9,30,30,IPEDS_EF2021A,0
2021,hampshire,0,0,0,1,0,"White, non-Hispanic",69,276,276,IPEDS_EF2021A,0
2021,harvard,1,1,0,0,1,"American Indian or Alaska Native, non-Hispanic",5,19,21,IPEDS_EF2021A,0
2021,harvard,1,1,0,0,1,"Asian, non-Hispanic",431,1613,1750,IPEDS_EF2021A,0
2021,harvard,1,1,0,0,1,"Black or African American, non-Hispanic",186,705,776,IPEDS_EF2021A,0
2021,harvard,1,1,0,0,1,Hispanic/Latino,228,922,1077,IPEDS_EF2021A,0
2021,harvard,1,1,0,0,1,"Native Hawaiian or other Pacific Islander, non-Hispanic",4,12,13,IPEDS_EF2021A,0
2021,harvard,1,1,0,0,1,Nonresident,287,970,1290,IPEDS_EF2021A,0
2021,harvard,1,1,0,0,1,Race and/or ethnicity unknown,19,239,736,IPEDS_EF2021A,0
2021,harvard,1,1,0,0,1,Total,1949,7938,9579,IPEDS_EF2021A,0
2021,harvard,1,1,0,0,1,"Two or more races, non-Hispanic",139,573,633,IPEDS_EF2021A,0
2021,harvard,1,1,0,0,1,"White, non-Hispanic",650,2885,3283,IPEDS_EF2021A,0
2021,haverford,0,0,0,1,0,"American Indian or Alaska Native, non-Hispanic",0,1,1,IPEDS_EF2021A,0
2021,haverford,0,0,0,1,0,"Asian, non-Hispanic",52,157,157,IPEDS_EF2021A,0
2021,haverford,0,0,0,1,0,"Black or African American, non-Hispanic",21,79,79,IPEDS_EF2021A,0
2021,haverford,0,0,0,1,0,Hispanic/Latino,47,177,177,IPEDS_EF2021A,0
2021,haverford,0,0,0,1,0,"Native Hawaiian or other Pacific Islander, non-Hispanic",0,0,0,IPEDS_EF2021A,0
2021,haverford,0,0,0,1,0,Nonresident,37,150,150,IPEDS_EF2021A,0
2021,haverford,0,0,0,1,0,Race and/or ethnicity unknown,2,16,16,IPEDS_EF2021A,0
2021,haverford,0,0,0,1,0,Total,411,1420,1420,IPEDS_EF2021A,0
2021,haverford,0,0,0,1,0,"Two or more races, non-Hispanic",40,99,99,IPEDS_EF2021A,0
2021,haverford,0,0,0,1,0,"White, non-Hispanic",212,741,741,IPEDS_EF2021A,0
2021,hmc,0,0,0,0,1,"American Indian or Alaska Native, non-Hispanic",1,4,4,IPEDS_EF2021A,0
2021,hmc,0,0,0,0,1,"Asian, non-Hispanic",41,215,215,IPEDS_EF2021A,0
2021,hmc,0,0,0,0,1,"Black or African American, non-Hispanic",18,41,41,IPEDS_EF2021A,0
2021,hmc,0,0,0,0,1,Hispanic/Latino,53,191,191,IPEDS_EF2021A,0
2021,hmc,0,0,0,0,1,"Native Hawaiian or other Pacific Islander, non-Hispanic",0,2,2,IPEDS_EF2021A,0
2021,hmc,0,0,0,0,1,Nonresident,27,77,77,IPEDS_EF2021A,0
2021,hmc,0,0,0,0,1,Race and/or ethnicity unknown,6,52,52,IPEDS_EF2021A,0
2021,hmc,0,0,0,0,1,Total,225,905,905,IPEDS_EF2021A,0
2021,hmc,0,0,0,0,1,"Two or more races, non-Hispanic",31,89,89,IPEDS_EF2021A,0
2021,hmc,0,0,0,0,1,"White, non-Hispanic",48,234,234,IPEDS_EF2021A,0
2021,jhu,0,1,0,0,1,"American Indian or Alaska Native, non-Hispanic",0,4,5,IPEDS_EF2021A,0
2021,jhu,0,1,0,0,1,"Asian, non-Hispanic",352,1524,1571,IPEDS_EF2021A,0
2021,jhu,0,1,0,0,1,"Black or African American, non-Hispanic",137,479,517,IPEDS_EF2021A,0
2021,jhu,0,1,0,0,1,Hispanic/Latino,304,1056,1103,IPEDS_EF2021A,0
2021,jhu,0,1,0,0,1,"Native Hawaiian or other Pacific Islander, non-Hispanic",0,3,3,IPEDS_EF2021A,0
2021,jhu,0,1,0,0,1,Nonresident,222,785,808,IPEDS_EF2021A,0
2021,jhu,0,1,0,0,1,Race and/or ethnicity unknown,27,117,130,IPEDS_EF2021A,0
2021,jhu,0,1,0,0,1,Total,1420,5727,6132,IPEDS_EF2021A,0
2021,jhu,0,1,0,0,1,"Two or more races, non-Hispanic",93,391,410,IPEDS_EF2021A,0
2021,jhu,0,1,0,0,1,"White, non-Hispanic",285,1368,1585,IPEDS_EF2021A,0
2021,macalester,0,0,0,1,0,"American Indian or Alaska Native, non-Hispanic",1,8,8,IPEDS_EF2021A,0
2021,macalester,0,0,0,1,0,"Asian, non-Hispanic",41,180,180,IPEDS_EF2021A,0
2021,macalester,0,0,0,1,0,"Black or African American, non-Hispanic",36,111,111,IPEDS_EF2021A,0
2021,macalester,0,0,0,1,0,Hispanic/Latino,61,221,221,IPEDS_EF2021A,0
2021,macalester,0,0,0,1,0,"Native Hawaiian or other Pacific Islander, non-Hispanic",1,2,2,IPEDS_EF2021A,0
2021,macalester,0,0,0,1,0,Nonresident,57,298,303,IPEDS_EF2021A,0
2021,macalester,0,0,0,1,0,Race and/or ethnicity unknown,0,9,9,IPEDS_EF2021A,0
2021,macalester,0,0,0,1,0,Total,601,2235,2244,IPEDS_EF2021A,0
2021,macalester,0,0,0,1,0,"Two or more races, non-Hispanic",54,180,181,IPEDS_EF2021A,0
2021,macalester,0,0,0,1,0,"White, non-Hispanic",350,1226,1229,IPEDS_EF2021A,0
2021,middlebury,0,0,1,1,1,"American Indian or Alaska Native, non-Hispanic",0,2,2,IPEDS_EF2021A,0
2021,middlebury,0,0,1,1,1,"Asian, non-Hispanic",52,206,206,IPEDS_EF2021A,0
2021,middlebury,0,0,1,1,1,"Black or African American, non-Hispanic",46,136,136,IPEDS_EF2021A,0
2021,middlebury,0,0,1,1,1,Hispanic/Latino,104,299,300,IPEDS_EF2021A,0
2021,middlebury,0,0,1,1,1,"Native Hawaiian or other Pacific Islander, non-Hispanic",0,0,0,IPEDS_EF2021A,0
2021,middlebury,0,0,1,1,1,Nonresident,94,315,331,IPEDS_EF2021A,0
2021,middlebury,0,0,1,1,1,Race and/or ethnicity unknown,3,22,23,IPEDS_EF2021A,0
2021,middlebury,0,0,1,1,1,Total,680,2837,2858,IPEDS_EF2021A,0
2021,middlebury,0,0,1,1,1,"Two or more races, non-Hispanic",51,166,166,IPEDS_EF2021A,0
2021,middlebury,0,0,1,1,1,"White, non-Hispanic",330,1691,1694,IPEDS_EF2021A,0
2021,mit,0,1,0,0,1,"American Indian or Alaska Native, non-Hispanic",1,6,6,IPEDS_EF2021A,0
2021,mit,0,1,0,0,1,"Asian, non-Hispanic",415,1536,1536,IPEDS_EF2021A,0
2021,mit,0,1,0,0,1,"Black or African American, non-Hispanic",118,336,336,IPEDS_EF2021A,0
2021,mit,0,1,0,0,1,Hispanic/Latino,163,702,702,IPEDS_EF2021A,0
2021,mit,0,1,0,0,1,"Native Hawaiian or other Pacific Islander, non-Hispanic",0,4,4,IPEDS_EF2021A,0
2021,mit,0,1,0,0,1,Nonresident,120,472,481,IPEDS_EF2021A,0
2021,mit,0,1,0,0,1,Race and/or ethnicity unknown,33,92,92,IPEDS_EF2021A,0
2021,mit,0,1,0,0,1,Total,1177,4629,4638,IPEDS_EF2021A,0
2021,mit,0,1,0,0,1,"Two or more races, non-Hispanic",89,365,365,IPEDS_EF2021A,0
2021,mit,0,1,0,0,1,"White, non-Hispanic",238,1116,1116,IPEDS_EF2021A,0
2021,mtholyoke,0,0,0,1,0,"American Indian or Alaska Native, non-Hispanic",1,3,3,IPEDS_EF2021A,0
2021,mtholyoke,0,0,0,1,0,"Asian, non-Hispanic",53,171,172,IPEDS_EF2021A,0
2021,mtholyoke,0,0,0,1,0,"Black or African American, non-Hispanic",19,107,107,IPEDS_EF2021A,0
2021,mtholyoke,0,0,0,1,0,Hispanic/Latino,49,191,191,IPEDS_EF2021A,0
2021,mtholyoke,0,0,0,1,0,"Native Hawaiian or other Pacific Islander, non-Hispanic",2,3,3,IPEDS_EF2021A,0
2021,mtholyoke,0,0,0,1,0,Nonresident,116,502,505,IPEDS_EF2021A,0
2021,mtholyoke,0,0,0,1,0,Race and/or ethnicity unknown,5,26,26,IPEDS_EF2021A,0
2021,mtholyoke,0,0,0,1,0,Total,608,2214,2220,IPEDS_EF2021A,0
2021,mtholyoke,0,0,0,1,0,"Two or more races, non-Hispanic",27,95,95,IPEDS_EF2021A,0
2021,mtholyoke,0,0,0,1,0,"White, non-Hispanic",336,1116,1118,IPEDS_EF2021A,0
2021,navy,0,0,0,0,1,"American Indian or Alaska Native, non-Hispanic",3,7,7,IPEDS_EF2021A,0
2021,navy,0,0,0,0,1,"Asian, non-Hispanic",115,373,373,IPEDS_EF2021A,0
2021,navy,0,0,0,0,1,"Black or African American, non-Hispanic",78,286,286,IPEDS_EF2021A,0
2021,navy,0,0,0,0,1,Hispanic/Latino,173,580,580,IPEDS_EF2021A,0
2021,navy,0,0,0,0,1,"Native Hawaiian or other Pacific Islander, non-Hispanic",4,18,18,IPEDS_EF2021A,0
2021,navy,0,0,0,0,1,Nonresident,16,59,59,IPEDS_EF2021A,0
2021,navy,0,0,0,0,1,Race and/or ethnicity unknown,10,41,41,IPEDS_EF2021A,0
2021,navy,0,0,0,0,1,Total,1161,4528,4528,IPEDS_EF2021A,0
2021,navy,0,0,0,0,1,"Two or more races, non-Hispanic",102,437,437,IPEDS_EF2021A,0
2021,navy,0,0,0,0,1,"White, non-Hispanic",660,2727,2727,IPEDS_EF2021A,0
2021,northwestern,0,0,0,0,1,"American Indian or Alaska Native, non-Hispanic",2,8,8,IPEDS_EF2021A,0
2021,northwestern,0,0,0,0,1,"Asian, non-Hispanic",401,1763,1768,IPEDS_EF2021A,0
2021,northwestern,0,0,0,0,1,"Black or African American, non-Hispanic",154,543,552,IPEDS_EF2021A,0
2021,northwestern,0,0,0,0,1,Hispanic/Latino,351,1200,1209,IPEDS_EF2021A,0
2021,northwestern,0,0,0,0,1,"Native Hawaiian or other Pacific Islander, non-Hispanic",0,4,4,IPEDS_EF2021A,0
2021,northwestern,0,0,0,0,1,Nonresident,216,867,872,IPEDS_EF2021A,0
2021,northwestern,0,0,0,0,1,Race and/or ethnicity unknown,75,267,345,IPEDS_EF2021A,0
2021,northwestern,0,0,0,0,1,Total,2086,8691,8847,IPEDS_EF2021A,0
2021,northwestern,0,0,0,0,1,"Two or more races, non-Hispanic",164,581,583,IPEDS_EF2021A,0
2021,northwestern,0,0,0,0,1,"White, non-Hispanic",723,3458,3506,IPEDS_EF2021A,0
2021,notredame,0,0,0,0,1,"American Indian or Alaska Native, non-Hispanic",0,18,18,IPEDS_EF2021A,0
2021,notredame,0,0,0,0,1,"Asian, non-Hispanic",121,473,473,IPEDS_EF2021A,0
2021,notredame,0,0,0,0,1,"Black or African American, non-Hispanic",99,326,326,IPEDS_EF2021A,0
2021,notredame,0,0,0,0,1,Hispanic/Latino,296,1097,1097,IPEDS_EF2021A,0
2021,notredame,0,0,0,0,1,"Native Hawaiian or other Pacific Islander, non-Hispanic",1,12,12,IPEDS_EF2021A,0
2021,notredame,0,0,0,0,1,Nonresident,147,549,572,IPEDS_EF2021A,0
2021,notredame,0,0,0,0,1,Race and/or ethnicity unknown,24,88,88,IPEDS_EF2021A,0
2021,notredame,0,0,0,0,1,Total,2059,8950,8973,IPEDS_EF2021A,0
2021,notredame,0,0,0,0,1,"Two or more races, non-Hispanic",133,505,505,IPEDS_EF2021A,0
2021,notredame,0,0,0,0,1,"White, non-Hispanic",1238,5882,5882,IPEDS_EF2021A,0
2021,oberlin,0,0,0,1,0,"American Indian or Alaska Native, non-Hispanic",0,0,0,IPEDS_EF2021A,0
2021,oberlin,0,0,0,1,0,"Asian, non-Hispanic",39,133,133,IPEDS_EF2021A,0
2021,oberlin,0,0,0,1,0,"Black or African American, non-Hispanic",39,163,163,IPEDS_EF2021A,0
2021,oberlin,0,0,0,1,0,Hispanic/Latino,75,245,245,IPEDS_EF2021A,0
2021,oberlin,0,0,0,1,0,"Native Hawaiian or other Pacific Islander, non-Hispanic",0,1,1,IPEDS_EF2021A,0
2021,oberlin,0,0,0,1,0,Nonresident,74,320,320,IPEDS_EF2021A,0
2021,oberlin,0,0,0,1,0,Race and/or ethnicity unknown,13,37,37,IPEDS_EF2021A,0
2021,oberlin,0,0,0,1,0,Total,863,2942,2942,IPEDS_EF2021A,0
2021,oberlin,0,0,0,1,0,"Two or more races, non-Hispanic",75,254,254,IPEDS_EF2021A,0
2021,oberlin,0,0,0,1,0,"White, non-Hispanic",548,1789,1789,IPEDS_EF2021A,0
2021,penn,1,1,0,0,1,"American Indian or Alaska Native, non-Hispanic",2,11,11,IPEDS_EF2021A,0
2021,penn,1,1,0,0,1,"Asian, non-Hispanic",659,2700,2785,IPEDS_EF2021A,0
2021,penn,1,1,0,0,1,"Black or African American, non-Hispanic",200,856,913,IPEDS_EF2021A,0
2021,penn,1,1,0,0,1,Hispanic/Latino,264,1096,1130,IPEDS_EF2021A,0
2021,penn,1,1,0,0,1,"Native Hawaiian or other Pacific Islander, non-Hispanic",0,3,3,IPEDS_EF2021A,0
2021,penn,1,1,0,0,1,Nonresident,310,1331,1519,IPEDS_EF2021A,0
2021,penn,1,1,0,0,1,Race and/or ethnicity unknown,118,409,431,IPEDS_EF2021A,0
2021,penn,1,1,0,0,1,Total,2399,10644,11292,IPEDS_EF2021A,0
2021,penn,1,1,0,0,1,"Two or more races, non-Hispanic",114,514,538,IPEDS_EF2021A,0
2021,penn,1,1,0,0,1,"White, non-Hispanic",732,3724,3962,IPEDS_EF2021A,0
2021,pomona,0,0,0,1,1,"American Indian or Alaska Native, non-Hispanic",1,5,5,IPEDS_EF2021A,0
2021,pomona,0,0,0,1,1,"Asian, non-Hispanic",69,302,304,IPEDS_EF2021A,0
2021,pomona,0,0,0,1,1,"Black or African American, non-Hispanic",32,153,153,IPEDS_EF2021A,0
2021,pomona,0,0,0,1,1,Hispanic/Latino,68,280,281,IPEDS_EF2021A,0
2021,pomona,0,0,0,1,1,"Native Hawaiian or other Pacific Islander, non-Hispanic",4,8,8,IPEDS_EF2021A,0
2021,pomona,0,0,0,1,1,Nonresident,65,192,200,IPEDS_EF2021A,0
2021,pomona,0,0,0,1,1,Race and/or ethnicity unknown,16,64,67,IPEDS_EF2021A,0
2021,pomona,0,0,0,1,1,Total,451,1744,1761,IPEDS_EF2021A,0
2021,pomona,0,0,0,1,1,"Two or more races, non-Hispanic",48,142,142,IPEDS_EF2021A,0
2021,pomona,0,0,0,1,1,"White, non-Hispanic",148,598,601,IPEDS_EF2021A,0
2021,princeton,1,1,0,0,1,"American Indian or Alaska Native, non-Hispanic",2,10,10,IPEDS_EF2021A,0
2021,princeton,1,1,0,0,1,"Asian, non-Hispanic",273,1199,1200,IPEDS_EF2021A,0
2021,princeton,1,1,0,0,1,"Black or African American, non-Hispanic",102,436,438,IPEDS_EF2021A,0
2021,princeton,1,1,0,0,1,Hispanic/Latino,146,551,553,IPEDS_EF2021A,0
2021,princeton,1,1,0,0,1,"Native Hawaiian or other Pacific Islander, non-Hispanic",1,5,5,IPEDS_EF2021A,0
2021,princeton,1,1,0,0,1,Nonresident,159,610,630,IPEDS_EF2021A,0
2021,princeton,1,1,0,0,1,Race and/or ethnicity unknown,26,73,126,IPEDS_EF2021A,0
2021,princeton,1,1,0,0,1,Total,1288,5236,5321,IPEDS_EF2021A,0
2021,princeton,1,1,0,0,1,"Two or more races, non-Hispanic",95,336,336,IPEDS_EF2021A,0
2021,princeton,1,1,0,0,1,"White, non-Hispanic",484,2016,2023,IPEDS_EF2021A,0
2021,reed,0,0,0,1,0,"American Indian or Alaska Native, non-Hispanic",1,2,2,IPEDS_EF2021A,0
2021,reed,0,0,0,1,0,"Asian, non-Hispanic",41,121,124,IPEDS_EF2021A,0
2021,reed,0,0,0,1,0,"Black or African American, non-Hispanic",10,20,20,IPEDS_EF2021A,0
2021,reed,0,0,0,1,0,Hispanic/Latino,56,169,171,IPEDS_EF2021A,0
2021,reed,0,0,0,1,0,"Native Hawaiian or other Pacific Islander, non-Hispanic",0,0,0,IPEDS_EF2021A,0
2021,reed,0,0,0,1,0,Nonresident,31,132,137,IPEDS_EF2021A,0
2021,reed,0,0,0,1,0,Race and/or ethnicity unknown,4,21,27,IPEDS_EF2021A,0
2021,reed,0,0,0,1,0,Total,502,1521,1548,IPEDS_EF2021A,0
2021,reed,0,0,0,1,0,"Two or more races, non-Hispanic",47,156,157,IPEDS_EF2021A,0
2021,reed,0,0,0,1,0,"White, non-Hispanic",312,900,910,IPEDS_EF2021A,0
2021,rice,0,0,0,0,1,"American Indian or Alaska Native, non-Hispanic",2,2,2,IPEDS_EF2021A,0
2021,rice,0,0,0,0,1,"Asian, non-Hispanic",371,1203,1203,IPEDS_EF2021A,0
2021,rice,0,0,0,0,1,"Black or African American, non-Hispanic",102,337,337,IPEDS_EF2021A,0
2021,rice,0,0,0,0,1,Hispanic/Latino,183,660,660,IPEDS_EF2021A,0
2021,rice,0,0,0,0,1,"Native Hawaiian or other Pacific Islander, non-Hispanic",2,4,4,IPEDS_EF2021A,0
2021,rice,0,0,0,0,1,Nonresident,156,524,530,IPEDS_EF2021A,0
2021,rice,0,0,0,0,1,Race and/or ethnicity unknown,23,48,48,IPEDS_EF2021A,0
2021,rice,0,0,0,0,1,Total,1217,4240,4247,IPEDS_EF2021A,0
2021,rice,0,0,0,0,1,"Two or more races, non-Hispanic",59,205,205,IPEDS_EF2021A,0
2021,rice,0,0,0,0,1,"White, non-Hispanic",319,1257,1258,IPEDS_EF2021A,0
2021,richmond,0,0,0,0,1,"American Indian or Alaska Native, non-Hispanic",1,4,5,IPEDS_EF2021A,0
2021,richmond,0,0,0,0,1,"Asian, non-Hispanic",75,212,215,IPEDS_EF2021A,0
2021,richmond,0,0,0,0,1,"Black or African American, non-Hispanic",57,224,226,IPEDS_EF2021A,0
2021,richmond,0,0,0,0,1,Hispanic/Latino,87,313,313,IPEDS_EF2021A,0
2021,richmond,0,0,0,0,1,"Native Hawaiian or other Pacific Islander, non-Hispanic",2,2,2,IPEDS_EF2021A,0
2021,richmond,0,0,0,0,1,Nonresident,89,294,351,IPEDS_EF2021A,0
2021,richmond,0,0,0,0,1,Race and/or ethnicity unknown,11,80,80,IPEDS_EF2021A,0
2021,richmond,0,0,0,0,1,Total,874,3098,3166,IPEDS_EF2021A,0
2021,richmond,0,0,0,0,1,"Two or more races, non-Hispanic",36,137,137,IPEDS_EF2021A,0
2021,richmond,0,0,0,0,1,"White, non-Hispanic",516,1832,1837,IPEDS_EF2021A,0
2021,sarahlawrence,0,0,0,1,0,"American Indian or Alaska Native, non-Hispanic",0,1,1,IPEDS_EF2021A,0
2021,sarahlawrence,0,0,0,1,0,"Asian, non-Hispanic",19,62,62,IPEDS_EF2021A,0
2021,sarahlawrence,0,0,0,1,0,"Black or African American, non-Hispanic",23,69,69,IPEDS_EF2021A,0
2021,sarahlawrence,0,0,0,1,0,Hispanic/Latino,44,136,137,IPEDS_EF2021A,0
2021,sarahlawrence,0,0,0,1,0,"Native Hawaiian or other Pacific Islander, non-Hispanic",1,1,1,IPEDS_EF2021A,0
2021,sarahlawrence,0,0,0,1,0,Nonresident,23,112,115,IPEDS_EF2021A,0
2021,sarahlawrence,0,0,0,1,0,Race and/or ethnicity unknown,34,147,173,IPEDS_EF2021A,0
2021,sarahlawrence,0,0,0,1,0,Total,438,1499,1529,IPEDS_EF2021A,0
2021,sarahlawrence,0,0,0,1,0,"Two or more races, non-Hispanic",41,92,92,IPEDS_EF2021A,0
2021,sarahlawrence,0,0,0,1,0,"White, non-Hispanic",253,879,879,IPEDS_EF2021A,0
2021,smith,0,0,0,1,1,"American Indian or Alaska Native, non-Hispanic",0,1,1,IPEDS_EF2021A,0
2021,smith,0,0,0,1,1,"Asian, non-Hispanic",64,254,254,IPEDS_EF2021A,0
2021,smith,0,0,0,1,1,"Black or African American, non-Hispanic",34,143,143,IPEDS_EF2021A,0
2021,smith,0,0,0,1,1,Hispanic/Latino,81,330,330,IPEDS_EF2021A,0
2021,smith,0,0,0,1,1,"Native Hawaiian or other Pacific Islander, non-Hispanic",0,3,3,IPEDS_EF2021A,0
2021,smith,0,0,0,1,1,Nonresident,103,363,363,IPEDS_EF2021A,0
2021,smith,0,0,0,1,1,Race and/or ethnicity unknown,5,53,53,IPEDS_EF2021A,0
2021,smith,0,0,0,1,1,Total,676,2566,2566,IPEDS_EF2021A,0
2021,smith,0,0,0,1,1,"Two or more races, non-Hispanic",44,140,140,IPEDS_EF2021A,0
2021,smith,0,0,0,1,1,"White, non-Hispanic",345,1279,1279,IPEDS_EF2021A,0
2021,stanford,0,1,0,0,1,"American Indian or Alaska Native, non-Hispanic",17,67,67,IPEDS_EF2021A,0
2021,stanford,0,1,0,0,1,"Asian, non-Hispanic",580,1917,1917,IPEDS_EF2021A,0
2021,stanford,0,1,0,0,1,"Black or African American, non-Hispanic",164,547,547,IPEDS_EF2021A,0
2021,stanford,0,1,0,0,1,Hispanic/Latino,387,1339,1339,IPEDS_EF2021A,0
2021,stanford,0,1,0,0,1,"Native Hawaiian or other Pacific Islander, non-Hispanic",6,21,21,IPEDS_EF2021A,0
2021,stanford,0,1,0,0,1,Nonresident,247,818,818,IPEDS_EF2021A,0
2021,stanford,0,1,0,0,1,Race and/or ethnicity unknown,5,19,19,IPEDS_EF2021A,0
2021,stanford,0,1,0,0,1,Total,2125,7645,7645,IPEDS_EF2021A,0
2021,stanford,0,1,0,0,1,"Two or more races, non-Hispanic",215,778,778,IPEDS_EF2021A,0
2021,stanford,0,1,0,0,1,"White, non-Hispanic",504,2139,2139,IPEDS_EF2021A,0
2021,stolaf,0,0,0,1,0,"American Indian or Alaska Native, non-Hispanic",1,2,2,IPEDS_EF2021A,0
2021,stolaf,0,0,0,1,0,"Asian, non-Hispanic",42,185,188,IPEDS_EF2021A,0
2021,stolaf,0,0,0,1,0,"Black or African American, non-Hispanic",26,98,98,IPEDS_EF2021A,0
2021,stolaf,0,0,0,1,0,Hispanic/Latino,75,243,245,IPEDS_EF2021A,0
2021,stolaf,0,0,0,1,0,"Native Hawaiian or other Pacific Islander, non-Hispanic",0,0,0,IPEDS_EF2021A,0
2021,stolaf,0,0,0,1,0,Nonresident,77,301,305,IPEDS_EF2021A,0
2021,stolaf,0,0,0,1,0,Race and/or ethnicity unknown,6,16,17,IPEDS_EF2021A,0
2021,stolaf,0,0,0,1,0,Total,755,2955,2988,IPEDS_EF2021A,0
2021,stolaf,0,0,0,1,0,"Two or more races, non-Hispanic",28,126,128,IPEDS_EF2021A,0
2021,stolaf,0,0,0,1,0,"White, non-Hispanic",500,1984,2005,IPEDS_EF2021A,0
2021,swarthmore,0,0,0,1,1,"American Indian or Alaska Native, non-Hispanic",2,5,5,IPEDS_EF2021A,0
2021,swarthmore,0,0,0,1,1,"Asian, non-Hispanic",73,287,287,IPEDS_EF2021A,0
2021,swarthmore,0,0,0,1,1,"Black or African American, non-Hispanic",43,126,127,IPEDS_EF2021A,0
2021,swarthmore,0,0,0,1,1,Hispanic/Latino,63,224,225,IPEDS_EF2021A,0
2021,swarthmore,0,0,0,1,1,"Native Hawaiian or other Pacific Islander, non-Hispanic",0,2,2,IPEDS_EF2021A,0
2021,swarthmore,0,0,0,1,1,Nonresident,73,255,255,IPEDS_EF2021A,0
2021,swarthmore,0,0,0,1,1,Race and/or ethnicity unknown,12,47,47,IPEDS_EF2021A,0
2021,swarthmore,0,0,0,1,1,Total,454,1643,1651,IPEDS_EF2021A,0
2021,swarthmore,0,0,0,1,1,"Two or more races, non-Hispanic",44,152,153,IPEDS_EF2021A,0
2021,swarthmore,0,0,0,1,1,"White, non-Hispanic",144,545,550,IPEDS_EF2021A,0
2021,trinity,0,0,1,1,0,"American Indian or Alaska Native, non-Hispanic",0,3,3,IPEDS_EF2021A,0
2021,trinity,0,0,1,1,0,"Asian, non-Hispanic",32,90,90,IPEDS_EF2021A,0
2021,trinity,0,0,1,1,0,"Black or African American, non-Hispanic",25,128,128,IPEDS_EF2021A,0
2021,trinity,0,0,1,1,0,Hispanic/Latino,54,202,202,IPEDS_EF2021A,0
2021,trinity,0,0,1,1,0,"Native Hawaiian or other Pacific Islander, non-Hispanic",0,1,1,IPEDS_EF2021A,0
2021,trinity,0,0,1,1,0,Nonresident,64,274,275,IPEDS_EF2021A,0
2021,trinity,0,0,1,1,0,Race and/or ethnicity unknown,10,36,47,IPEDS_EF2021A,0
2021,trinity,0,0,1,1,0,Total,523,2143,2159,IPEDS_EF2021A,0
2021,trinity,0,0,1,1,0,"Two or more races, non-Hispanic",24,74,74,IPEDS_EF2021A,0
2021,trinity,0,0,1,1,0,"White, non-Hispanic",314,1335,1339,IPEDS_EF2021A,0
2021,tufts,0,0,1,1,0,"American Indian or Alaska Native, non-Hispanic",2,4,4,IPEDS_EF2021A,0
2021,tufts,0,0,1,1,0,"Asian, non-Hispanic",276,1028,1031,IPEDS_EF2021A,0
2021,tufts,0,0,1,1,0,"Black or African American, non-Hispanic",122,341,342,IPEDS_EF2021A,0
2021,tufts,0,0,1,1,0,Hispanic/Latino,198,604,608,IPEDS_EF2021A,0
2021,tufts,0,0,1,1,0,"Native Hawaiian or other Pacific Islander, non-Hispanic",4,6,6,IPEDS_EF2021A,0
2021,tufts,0,0,1,1,0,Nonresident,217,757,757,IPEDS_EF2021A,0
2021,tufts,0,0,1,1,0,Race and/or ethnicity unknown,67,264,292,IPEDS_EF2021A,0
2021,tufts,0,0,1,1,0,Total,1800,6628,6676,IPEDS_EF2021A,0
2021,tufts,0,0,1,1,0,"Two or more races, non-Hispanic",154,456,457,IPEDS_EF2021A,0
2021,tufts,0,0,1,1,0,"White, non-Hispanic",760,3168,3179,IPEDS_EF2021A,0
2021,uchicago,0,1,0,0,1,"American Indian or Alaska Native, non-Hispanic",0,1,1,IPEDS_EF2021A,0
2021,uchicago,0,1,0,0,1,"Asian, non-Hispanic",374,1503,1504,IPEDS_EF2021A,0
2021,uchicago,0,1,0,0,1,"Black or African American, non-Hispanic",162,459,459,IPEDS_EF2021A,0
2021,uchicago,0,1,0,0,1,Hispanic/Latino,332,1128,1128,IPEDS_EF2021A,0
2021,uchicago,0,1,0,0,1,"Native Hawaiian or other Pacific Islander, non-Hispanic",0,1,1,IPEDS_EF2021A,0
2021,uchicago,0,1,0,0,1,Nonresident,313,1191,1235,IPEDS_EF2021A,0
2021,uchicago,0,1,0,0,1,Race and/or ethnicity unknown,105,213,246,IPEDS_EF2021A,0
2021,uchicago,0,1,0,0,1,Total,2053,7558,7636,IPEDS_EF2021A,0
2021,uchicago,0,1,0,0,1,"Two or more races, non-Hispanic",141,528,528,IPEDS_EF2021A,0
2021,uchicago,0,1,0,0,1,"White, non-Hispanic",626,2534,2534,IPEDS_EF2021A,0
2021,ucla,0,0,0,0,1,"American Indian or Alaska Native, non-Hispanic",10,52,52,IPEDS_EF2021A,0
2021,ucla,0,0,0,0,1,"Asian, non-Hispanic",1868,9358,9358,IPEDS_EF2021A,0
2021,ucla,0,0,0,0,1,"Black or African American, non-Hispanic",219,1028,1028,IPEDS_EF2021A,0
2021,ucla,0,0,0,0,1,Hispanic/Latino,1385,6966,6966,IPEDS_EF2021A,0
2021,ucla,0,0,0,0,1,"Native Hawaiian or other Pacific Islander, non-Hispanic",8,59,59,IPEDS_EF2021A,0
2021,ucla,0,0,0,0,1,Nonresident,674,3210,3210,IPEDS_EF2021A,0
2021,ucla,0,0,0,0,1,Race and/or ethnicity unknown,221,869,869,IPEDS_EF2021A,0
2021,ucla,0,0,0,0,1,Total,6584,32122,32122,IPEDS_EF2021A,0
2021,ucla,0,0,0,0,1,"Two or more races, non-Hispanic",517,2154,2154,IPEDS_EF2021A,0
2021,ucla,0,0,0,0,1,"White, non-Hispanic",1682,8426,8426,IPEDS_EF2021A,0
2021,umich,0,0,0,0,1,"American Indian or Alaska Native, non-Hispanic",9,36,37,IPEDS_EF2021A,0
2021,umich,0,0,0,0,1,"Asian, non-Hispanic",1339,5481,5499,IPEDS_EF2021A,0
2021,umich,0,0,0,0,1,"Black or African American, non-Hispanic",309,1262,1267,IPEDS_EF2021A,0
2021,umich,0,0,0,0,1,Hispanic/Latino,640,2352,2358,IPEDS_EF2021A,0
2021,umich,0,0,0,0,1,"Native Hawaiian or other Pacific Islander, non-Hispanic",2,11,11,IPEDS_EF2021A,0
2021,umich,0,0,0,0,1,Nonresident,407,2617,2737,IPEDS_EF2021A,0
2021,umich,0,0,0,0,1,Race and/or ethnicity unknown,376,1620,1630,IPEDS_EF2021A,0
2021,umich,0,0,0,0,1,Total,7290,32063,32282,IPEDS_EF2021A,0
2021,umich,0,0,0,0,1,"Two or more races, non-Hispanic",405,1617,1619,IPEDS_EF2021A,0
2021,umich,0,0,0,0,1,"White, non-Hispanic",3803,17067,17124,IPEDS_EF2021A,0
2021,union,0,0,0,1,0,"American Indian or Alaska Native, non-Hispanic",0,2,2,IPEDS_EF2021A,0
2021,union,0,0,0,1,0,"Asian, non-Hispanic",34,126,127,IPEDS_EF2021A,0
2021,union,0,0,0,1,0,"Black or African American, non-Hispanic",23,90,90,IPEDS_EF2021A,0
2021,union,0,0,0,1,0,Hispanic/Latino,56,189,191,IPEDS_EF2021A,0
2021,union,0,0,0,1,0,"Native Hawaiian or other Pacific Islander, non-Hispanic",0,0,0,IPEDS_EF2021A,0
2021,union,0,0,0,1,0,Nonresident,50,204,205,IPEDS_EF2021A,0
2021,union,0,0,0,1,0,Race and/or ethnicity unknown,0,0,15,IPEDS_EF2021A,0
2021,union,0,0,0,1,0,Total,565,2072,2096,IPEDS_EF2021A,0
2021,union,0,0,0,1,0,"Two or more races, non-Hispanic",19,64,64,IPEDS_EF2021A,0
2021,union,0,0,0,1,0,"White, non-Hispanic",383,1397,1402,IPEDS_EF2021A,0
2021,vanderbilt,0,0,0,0,1,"American Indian or Alaska Native, non-Hispanic",6,26,26,IPEDS_EF2021A,0
2021,vanderbilt,0,0,0,0,1,"Asian, non-Hispanic",274,1181,1183,IPEDS_EF2021A,0
2021,vanderbilt,0,0,0,0,1,"Black or African American, non-Hispanic",193,760,760,IPEDS_EF2021A,0
2021,vanderbilt,0,0,0,0,1,Hispanic/Latino,207,758,758,IPEDS_EF2021A,0
2021,vanderbilt,0,0,0,0,1,"Native Hawaiian or other Pacific Islander, non-Hispanic",7,20,20,IPEDS_EF2021A,0
2021,vanderbilt,0,0,0,0,1,Nonresident,169,721,721,IPEDS_EF2021A,0
2021,vanderbilt,0,0,0,0,1,Race and/or ethnicity unknown,65,294,295,IPEDS_EF2021A,0
2021,vanderbilt,0,0,0,0,1,Total,1626,7104,7111,IPEDS_EF2021A,0
2021,vanderbilt,0,0,0,0,1,"Two or more races, non-Hispanic",97,404,404,IPEDS_EF2021A,0
2021,vanderbilt,0,0,0,0,1,"White, non-Hispanic",608,2940,2944,IPEDS_EF2021A,0
2021,vassar,0,0,0,1,1,"American Indian or Alaska Native, non-Hispanic",0,0,0,IPEDS_EF2021A,0
2021,vassar,0,0,0,1,1,"Asian, non-Hispanic",103,316,316,IPEDS_EF2021A,0
2021,vassar,0,0,0,1,1,"Black or African American, non-Hispanic",22,97,97,IPEDS_EF2021A,0
2021,vassar,0,0,0,1,1,Hispanic/Latino,86,283,283,IPEDS_EF2021A,0
2021,vassar,0,0,0,1,1,"Native Hawaiian or other Pacific Islander, non-Hispanic",0,0,0,IPEDS_EF2021A,0
2021,vassar,0,0,0,1,1,Nonresident,38,208,212,IPEDS_EF2021A,0
2021,vassar,0,0,0,1,1,Race and/or ethnicity unknown,26,33,36,IPEDS_EF2021A,0
2021,vassar,0,0,0,1,1,Total,677,2500,2516,IPEDS_EF2021A,0
2021,vassar,0,0,0,1,1,"Two or more races, non-Hispanic",48,197,197,IPEDS_EF2021A,0
2021,vassar,0,0,0,1,1,"White, non-Hispanic",354,1366,1375,IPEDS_EF2021A,0
2021,washandlee,0,0,0,1,1,"American Indian or Alaska Native, non-Hispanic",1,1,1,IPEDS_EF2021A,0
2021,washandlee,0,0,0,1,1,"Asian, non-Hispanic",23,71,71,IPEDS_EF2021A,0
2021,washandlee,0,0,0,1,1,"Black or African American, non-Hispanic",20,72,72,IPEDS_EF2021A,0
2021,washandlee,0,0,0,1,1,Hispanic/Latino,42,130,131,IPEDS_EF2021A,0
2021,washandlee,0,0,0,1,1,"Native Hawaiian or other Pacific Islander, non-Hispanic",0,1,1,IPEDS_EF2021A,0
2021,washandlee,0,0,0,1,1,Nonresident,31,98,103,IPEDS_EF2021A,0
2021,washandlee,0,0,0,1,1,Race and/or ethnicity unknown,4,14,15,IPEDS_EF2021A,0
2021,washandlee,0,0,0,1,1,Total,484,1850,1857,IPEDS_EF2021A,0
2021,washandlee,0,0,0,1,1,"Two or more races, non-Hispanic",27,86,86,IPEDS_EF2021A,0
2021,washandlee,0,0,0,1,1,"White, non-Hispanic",336,1377,1377,IPEDS_EF2021A,0
2021,wellesley,0,0,0,1,1,"American Indian or Alaska Native, non-Hispanic",1,1,1,IPEDS_EF2021A,0
2021,wellesley,0,0,0,1,1,"Asian, non-Hispanic",114,524,524,IPEDS_EF2021A,0
2021,wellesley,0,0,0,1,1,"Black or African American, non-Hispanic",70,188,189,IPEDS_EF2021A,0
2021,wellesley,0,0,0,1,1,Hispanic/Latino,99,354,354,IPEDS_EF2021A,0
2021,wellesley,0,0,0,1,1,"Native Hawaiian or other Pacific Islander, non-Hispanic",3,4,4,IPEDS_EF2021A,0
2021,wellesley,0,0,0,1,1,Nonresident,88,332,340,IPEDS_EF2021A,0
2021,wellesley,0,0,0,1,1,Race and/or ethnicity unknown,1,6,72,IPEDS_EF2021A,0
2021,wellesley,0,0,0,1,1,Total,603,2383,2461,IPEDS_EF2021A,0
2021,wellesley,0,0,0,1,1,"Two or more races, non-Hispanic",37,150,151,IPEDS_EF2021A,0
2021,wellesley,0,0,0,1,1,"White, non-Hispanic",190,824,826,IPEDS_EF2021A,0
2021,wesleyan,0,0,1,1,1,"American Indian or Alaska Native, non-Hispanic",0,0,1,IPEDS_EF2021A,0
2021,wesleyan,0,0,1,1,1,"Asian, non-Hispanic",81,256,262,IPEDS_EF2021A,0
2021,wesleyan,0,0,1,1,1,"Black or African American, non-Hispanic",53,179,213,IPEDS_EF2021A,0
2021,wesleyan,0,0,1,1,1,Hispanic/Latino,99,343,405,IPEDS_EF2021A,0
2021,wesleyan,0,0,1,1,1,"Native Hawaiian or other Pacific Islander, non-Hispanic",0,3,3,IPEDS_EF2021A,0
2021,wesleyan,0,0,1,1,1,Nonresident,69,342,346,IPEDS_EF2021A,0
2021,wesleyan,0,0,1,1,1,Race and/or ethnicity unknown,31,83,85,IPEDS_EF2021A,0
2021,wesleyan,0,0,1,1,1,Total,910,3250,3385,IPEDS_EF2021A,0
2021,wesleyan,0,0,1,1,1,"Two or more races, non-Hispanic",70,225,228,IPEDS_EF2021A,0
2021,wesleyan,0,0,1,1,1,"White, non-Hispanic",507,1819,1842,IPEDS_EF2021A,0
2021,williams,0,0,1,1,1,"American Indian or Alaska Native, non-Hispanic",0,1,1,IPEDS_EF2021A,0
2021,williams,0,0,1,1,1,"Asian, non-Hispanic",67,284,287,IPEDS_EF2021A,0
2021,williams,0,0,1,1,1,"Black or African American, non-Hispanic",20,98,99,IPEDS_EF2021A,0
2021,williams,0,0,1,1,1,Hispanic/Latino,72,254,256,IPEDS_EF2021A,0
2021,williams,0,0,1,1,1,"Native Hawaiian or other Pacific Islander, non-Hispanic",0,0,0,IPEDS_EF2021A,0
2021,williams,0,0,1,1,1,Nonresident,42,176,188,IPEDS_EF2021A,0
2021,williams,0,0,1,1,1,Race and/or ethnicity unknown,29,113,113,IPEDS_EF2021A,0
2021,williams,0,0,1,1,1,Total,574,2129,2174,IPEDS_EF2021A,0
2021,williams,0,0,1,1,1,"Two or more races, non-Hispanic",41,144,144,IPEDS_EF2021A,0
2021,williams,0,0,1,1,1,"White, non-Hispanic",303,1059,1086,IPEDS_EF2021A,0
2021,wustl,0,0,0,0,1,"American Indian or Alaska Native, non-Hispanic",3,10,10,IPEDS_EF2021A,0
2021,wustl,0,0,0,0,1,"Asian, non-Hispanic",409,1475,1487,IPEDS_EF2021A,0
2021,wustl,0,0,0,0,1,"Black or African American, non-Hispanic",175,673,734,IPEDS_EF2021A,0
2021,wustl,0,0,0,0,1,Hispanic/Latino,259,854,873,IPEDS_EF2021A,0
2021,wustl,0,0,0,0,1,"Native Hawaiian or other Pacific Islander, non-Hispanic",1,11,11,IPEDS_EF2021A,0
2021,wustl,0,0,0,0,1,Nonresident,109,503,566,IPEDS_EF2021A,0
2021,wustl,0,0,0,0,1,Race and/or ethnicity unknown,22,148,165,IPEDS_EF2021A,0
2021,wustl,0,0,0,0,1,Total,1980,7713,8034,IPEDS_EF2021A,0
2021,wustl,0,0,0,0,1,"Two or more races, non-Hispanic",133,461,465,IPEDS_EF2021A,0
2021,wustl,0,0,0,0,1,"White, non-Hispanic",869,3578,3723,IPEDS_EF2021A,0
2021,yale,1,1,0,0,1,"American Indian or Alaska Native, non-Hispanic",5,24,24,IPEDS_EF2021A,0
2021,yale,1,1,0,0,1,"Asian, non-Hispanic",352,1399,1399,IPEDS_EF2021A,0
2021,yale,1,1,0,0,1,"Black or African American, non-Hispanic",153,524,524,IPEDS_EF2021A,0
2021,yale,1,1,0,0,1,Hispanic/Latino,277,972,972,IPEDS_EF2021A,0
2021,yale,1,1,0,0,1,"Native Hawaiian or other Pacific Islander, non-Hispanic",3,8,8,IPEDS_EF2021A,0
2021,yale,1,1,0,0,1,Nonresident,206,672,673,IPEDS_EF2021A,0
2021,yale,1,1,0,0,1,Race and/or ethnicity unknown,41,68,68,IPEDS_EF2021A,0
2021,yale,1,1,0,0,1,Total,1786,6535,6536,IPEDS_EF2021A,0
2021,yale,1,1,0,0,1,"Two or more races, non-Hispanic",126,439,439,IPEDS_EF2021A,0
2021,yale,1,1,0,0,1,"White, non-Hispanic",623,2429,2429,IPEDS_EF2021A,0
2022,airforce,0,0,0,0,1,"American Indian or Alaska Native, non-Hispanic",3,7,7,IPEDS_EF2022A,0
2022,airforce,0,0,0,0,1,"Asian, non-Hispanic",80,295,295,IPEDS_EF2022A,0
2022,airforce,0,0,0,0,1,"Black or African American, non-Hispanic",64,238,238,IPEDS_EF2022A,0
2022,airforce,0,0,0,0,1,Hispanic/Latino,130,487,487,IPEDS_EF2022A,0
2022,airforce,0,0,0,0,1,"Native Hawaiian or other Pacific Islander, non-Hispanic",5,24,24,IPEDS_EF2022A,0
2022,airforce,0,0,0,0,1,Nonresident,16,59,59,IPEDS_EF2022A,0
2022,airforce,0,0,0,0,1,Race and/or ethnicity unknown,6,47,47,IPEDS_EF2022A,0
2022,airforce,0,0,0,0,1,Total,1054,4085,4085,IPEDS_EF2022A,0
2022,airforce,0,0,0,0,1,"Two or more races, non-Hispanic",117,336,336,IPEDS_EF2022A,0
2022,airforce,0,0,0,0,1,"White, non-Hispanic",633,2592,2592,IPEDS_EF2022A,0
2022,amherst,0,0,1,1,1,"American Indian or Alaska Native, non-Hispanic",2,4,4,IPEDS_EF2022A,0
2022,amherst,0,0,1,1,1,"Asian, non-Hispanic",57,264,264,IPEDS_EF2022A,0
2022,amherst,0,0,1,1,1,"Black or African American, non-Hispanic",49,205,205,IPEDS_EF2022A,0
2022,amherst,0,0,1,1,1,Hispanic/Latino,75,301,301,IPEDS_EF2022A,0
2022,amherst,0,0,1,1,1,"Native Hawaiian or other Pacific Islander, non-Hispanic",0,4,4,IPEDS_EF2022A,0
2022,amherst,0,0,1,1,1,Nonresident,56,218,218,IPEDS_EF2022A,0
2022,amherst,0,0,1,1,1,Race and/or ethnicity unknown,7,36,36,IPEDS_EF2022A,0
2022,amherst,0,0,1,1,1,Total,467,1898,1898,IPEDS_EF2022A,0
2022,amherst,0,0,1,1,1,"Two or more races, non-Hispanic",46,142,142,IPEDS_EF2022A,0
2022,amherst,0,0,1,1,1,"White, non-Hispanic",175,724,724,IPEDS_EF2022A,0
2022,army,0,0,0,0,1,"American Indian or Alaska Native, non-Hispanic",14,38,38,IPEDS_EF2022A,0
2022,army,0,0,0,0,1,"Asian, non-Hispanic",143,412,414,IPEDS_EF2022A,0
2022,army,0,0,0,0,1,"Black or African American, non-Hispanic",106,482,483,IPEDS_EF2022A,0
2022,army,0,0,0,0,1,Hispanic/Latino,137,545,545,IPEDS_EF2022A,0
2022,army,0,0,0,0,1,"Native Hawaiian or other Pacific Islander, non-Hispanic",9,27,27,IPEDS_EF2022A,0
2022,army,0,0,0,0,1,Nonresident,16,59,59,IPEDS_EF2022A,0
2022,army,0,0,0,0,1,Race and/or ethnicity unknown,1,7,59,IPEDS_EF2022A,0
2022,army,0,0,0,0,1,Total,1173,4328,4393,IPEDS_EF2022A,0
2022,army,0,0,0,0,1,"Two or more races, non-Hispanic",15,75,75,IPEDS_EF2022A,0
2022,army,0,0,0,0,1,"White, non-Hispanic",732,2683,2693,IPEDS_EF2022A,0
2022,barnard,0,0,0,1,1,"American Indian or Alaska Native, non-Hispanic",1,2,2,IPEDS_EF2022A,0
2022,barnard,0,0,0,1,1,"Asian, non-Hispanic",155,623,623,IPEDS_EF2022A,0
2022,barnard,0,0,0,1,1,"Black or African American, non-Hispanic",49,180,180,IPEDS_EF2022A,0
2022,barnard,0,0,0,1,1,Hispanic/Latino,144,454,454,IPEDS_EF2022A,0
2022,barnard,0,0,0,1,1,"Native Hawaiian or other Pacific Islander, non-Hispanic",0,0,0,IPEDS_EF2022A,0
2022,barnard,0,0,0,1,1,Nonresident,59,416,423,IPEDS_EF2022A,0
2022,barnard,0,0,0,1,1,Race and/or ethnicity unknown,10,64,373,IPEDS_EF2022A,0
2022,barnard,0,0,0,1,1,Total,706,3126,3442,IPEDS_EF2022A,0
2022,barnard,0,0,0,1,1,"Two or more races, non-Hispanic",60,235,235,IPEDS_EF2022A,0
2022,barnard,0,0,0,1,1,"White, non-Hispanic",228,1152,1152,IPEDS_EF2022A,0
2022,bates,0,0,1,1,1,"American Indian or Alaska Native, non-Hispanic",1,4,4,IPEDS_EF2022A,0
2022,bates,0,0,1,1,1,"Asian, non-Hispanic",38,114,114,IPEDS_EF2022A,0
2022,bates,0,0,1,1,1,"Black or African American, non-Hispanic",14,91,91,IPEDS_EF2022A,0
2022,bates,0,0,1,1,1,Hispanic/Latino,51,162,162,IPEDS_EF2022A,0
2022,bates,0,0,1,1,1,"Native Hawaiian or other Pacific Islander, non-Hispanic",0,2,2,IPEDS_EF2022A,0
2022,bates,0,0,1,1,1,Nonresident,48,158,158,IPEDS_EF2022A,0
2022,bates,0,0,1,1,1,Race and/or ethnicity unknown,4,8,8,IPEDS_EF2022A,0
2022,bates,0,0,1,1,1,Total,518,1790,1790,IPEDS_EF2022A,0
2022,bates,0,0,1,1,1,"Two or more races, non-Hispanic",44,135,135,IPEDS_EF2022A,0
2022,bates,0,0,1,1,1,"White, non-Hispanic",318,1116,1116,IPEDS_EF2022A,0
2022,berkeley,0,0,0,0,1,"American Indian or Alaska Native, non-Hispanic",8,35,35,IPEDS_EF2022A,0
2022,berkeley,0,0,0,0,1,"Asian, non-Hispanic",2521,11387,11389,IPEDS_EF2022A,0
2022,berkeley,0,0,0,0,1,"Black or African American, non-Hispanic",117,671,671,IPEDS_EF2022A,0
2022,berkeley,0,0,0,0,1,Hispanic/Latino,1401,6608,6608,IPEDS_EF2022A,0
2022,berkeley,0,0,0,0,1,"Native Hawaiian or other Pacific Islander, non-Hispanic",4,45,45,IPEDS_EF2022A,0
2022,berkeley,0,0,0,0,1,Nonresident,686,4161,4163,IPEDS_EF2022A,0
2022,berkeley,0,0,0,0,1,Race and/or ethnicity unknown,228,1042,1042,IPEDS_EF2022A,0
2022,berkeley,0,0,0,0,1,Total,6726,32475,32479,IPEDS_EF2022A,0
2022,berkeley,0,0,0,0,1,"Two or more races, non-Hispanic",448,1946,1946,IPEDS_EF2022A,0
2022,berkeley,0,0,0,0,1,"White, non-Hispanic",1313,6580,6580,IPEDS_EF2022A,0
2022,bowdoin,0,0,1,1,1,"American Indian or Alaska Native, non-Hispanic",1,2,2,IPEDS_EF2022A,0
2022,bowdoin,0,0,1,1,1,"Asian, non-Hispanic",51,178,178,IPEDS_EF2022A,0
2022,bowdoin,0,0,1,1,1,"Black or African American, non-Hispanic",33,115,115,IPEDS_EF2022A,0
2022,bowdoin,0,0,1,1,1,Hispanic/Latino,85,253,253,IPEDS_EF2022A,0
2022,bowdoin,0,0,1,1,1,"Native Hawaiian or other Pacific Islander, non-Hispanic",1,3,3,IPEDS_EF2022A,0
2022,bowdoin,0,0,1,1,1,Nonresident,31,121,126,IPEDS_EF2022A,0
2022,bowdoin,0,0,1,1,1,Race and/or ethnicity unknown,2,6,6,IPEDS_EF2022A,0
2022,bowdoin,0,0,1,1,1,Total,508,1909,1915,IPEDS_EF2022A,0
2022,bowdoin,0,0,1,1,1,"Two or more races, non-Hispanic",49,169,169,IPEDS_EF2022A,0
2022,bowdoin,0,0,1,1,1,"White, non-Hispanic",255,1062,1063,IPEDS_EF2022A,0
2022,brown,1,1,0,0,1,"American Indian or Alaska Native, non-Hispanic",6,27,27,IPEDS_EF2022A,0
2022,brown,1,1,0,0,1,"Asian, non-Hispanic",357,1377,1388,IPEDS_EF2022A,0
2022,brown,1,1,0,0,1,"Black or African American, non-Hispanic",172,594,595,IPEDS_EF2022A,0
2022,brown,1,1,0,0,1,Hispanic/Latino,216,839,862,IPEDS_EF2022A,0
2022,brown,1,1,0,0,1,"Native Hawaiian or other Pacific Islander, non-Hispanic",4,13,13,IPEDS_EF2022A,0
2022,brown,1,1,0,0,1,Nonresident,232,831,1044,IPEDS_EF2022A,0
2022,brown,1,1,0,0,1,Race and/or ethnicity unknown,43,213,365,IPEDS_EF2022A,0
2022,brown,1,1,0,0,1,Total,1717,7222,7639,IPEDS_EF2022A,0
2022,brown,1,1,0,0,1,"Two or more races, non-Hispanic",147,564,566,IPEDS_EF2022A,0
2022,brown,1,1,0,0,1,"White, non-Hispanic",540,2764,2779,IPEDS_EF2022A,0
2022,brynmawr,0,0,0,1,0,"American Indian or Alaska Native, non-Hispanic",1,1,1,IPEDS_EF2022A,0
2022,brynmawr,0,0,0,1,0,"Asian, non-Hispanic",42,155,157,IPEDS_EF2022A,0
2022,brynmawr,0,0,0,1,0,"Black or African American, non-Hispanic",16,71,71,IPEDS_EF2022A,0
2022,brynmawr,0,0,0,1,0,Hispanic/Latino,44,142,142,IPEDS_EF2022A,0
2022,brynmawr,0,0,0,1,0,"Native Hawaiian or other Pacific Islander, non-Hispanic",0,0,0,IPEDS_EF2022A,0
2022,brynmawr,0,0,0,1,0,Nonresident,63,203,203,IPEDS_EF2022A,0
2022,brynmawr,0,0,0,1,0,Race and/or ethnicity unknown,4,36,41,IPEDS_EF2022A,0
2022,brynmawr,0,0,0,1,0,Total,396,1402,1409,IPEDS_EF2022A,0
2022,brynmawr,0,0,0,1,0,"Two or more races, non-Hispanic",35,78,78,IPEDS_EF2022A,0
2022,brynmawr,0,0,0,1,0,"White, non-Hispanic",191,716,716,IPEDS_EF2022A,0
2022,bucknell,0,0,0,1,0,"American Indian or Alaska Native, non-Hispanic",0,1,1,IPEDS_EF2022A,0
2022,bucknell,0,0,0,1,0,"Asian, non-Hispanic",39,168,170,IPEDS_EF2022A,0
2022,bucknell,0,0,0,1,0,"Black or African American, non-Hispanic",45,154,154,IPEDS_EF2022A,0
2022,bucknell,0,0,0,1,0,Hispanic/Latino,86,271,272,IPEDS_EF2022A,0
2022,bucknell,0,0,0,1,0,"Native Hawaiian or other Pacific Islander, non-Hispanic",0,2,2,IPEDS_EF2022A,0
2022,bucknell,0,0,0,1,0,Nonresident,40,172,178,IPEDS_EF2022A,0
2022,bucknell,0,0,0,1,0,Race and/or ethnicity unknown,1,2,3,IPEDS_EF2022A,0
2022,bucknell,0,0,0,1,0,Total,1034,3732,3747,IPEDS_EF2022A,0
2022,bucknell,0,0,0,1,0,"Two or more races, non-Hispanic",53,138,138,IPEDS_EF2022A,0
2022,bucknell,0,0,0,1,0,"White, non-Hispanic",770,2824,2829,IPEDS_EF2022A,0
2022,caltech,0,1,0,0,1,"American Indian or Alaska Native, non-Hispanic",0,1,1,IPEDS_EF2022A,0
2022,caltech,0,1,0,0,1,"Asian, non-Hispanic",82,338,338,IPEDS_EF2022A,0
2022,caltech,0,1,0,0,1,"Black or African American, non-Hispanic",11,34,34,IPEDS_EF2022A,0
2022,caltech,0,1,0,0,1,Hispanic/Latino,41,216,216,IPEDS_EF2022A,0
2022,caltech,0,1,0,0,1,"Native Hawaiian or other Pacific Islander, non-Hispanic",0,1,1,IPEDS_EF2022A,0
2022,caltech,0,1,0,0,1,Nonresident,31,92,92,IPEDS_EF2022A,0
2022,caltech,0,1,0,0,1,Race and/or ethnicity unknown,1,5,5,IPEDS_EF2022A,0
2022,caltech,0,1,0,0,1,Total,224,982,982,IPEDS_EF2022A,0
2022,caltech,0,1,0,0,1,"Two or more races, non-Hispanic",14,87,87,IPEDS_EF2022A,0
2022,caltech,0,1,0,0,1,"White, non-Hispanic",44,208,208,IPEDS_EF2022A,0
2022,carleton,0,0,0,1,1,"American Indian or Alaska Native, non-Hispanic",1,2,2,IPEDS_EF2022A,0
2022,carleton,0,0,0,1,1,"Asian, non-Hispanic",64,201,206,IPEDS_EF2022A,0
2022,carleton,0,0,0,1,1,"Black or African American, non-Hispanic",36,135,136,IPEDS_EF2022A,0
2022,carleton,0,0,0,1,1,Hispanic/Latino,59,192,200,IPEDS_EF2022A,0
2022,carleton,0,0,0,1,1,"Native Hawaiian or other Pacific Islander, non-Hispanic",1,1,1,IPEDS_EF2022A,0
2022,carleton,0,0,0,1,1,Nonresident,52,201,207,IPEDS_EF2022A,0
2022,carleton,0,0,0,1,1,Race and/or ethnicity unknown,10,51,54,IPEDS_EF2022A,0
2022,carleton,0,0,0,1,1,Total,532,2007,2058,IPEDS_EF2022A,0
2022,carleton,0,0,0,1,1,"Two or more races, non-Hispanic",50,173,179,IPEDS_EF2022A,0
2022,carleton,0,0,0,1,1,"White, non-Hispanic",259,1051,1073,IPEDS_EF2022A,0
2022,clark,0,0,0,1,0,"American Indian or Alaska Native, non-Hispanic",1,2,3,IPEDS_EF2022A,0
2022,clark,0,0,0,1,0,"Asian, non-Hispanic",51,160,162,IPEDS_EF2022A,0
2022,clark,0,0,0,1,0,"Black or African American, non-Hispanic",38,111,112,IPEDS_EF2022A,0
2022,clark,0,0,0,1,0,Hispanic/Latino,69,240,241,IPEDS_EF2022A,0
2022,clark,0,0,0,1,0,"Native Hawaiian or other Pacific Islander, non-Hispanic",0,2,2,IPEDS_EF2022A,0
2022,clark,0,0,0,1,0,Nonresident,32,158,164,IPEDS_EF2022A,0
2022,clark,0,0,0,1,0,Race and/or ethnicity unknown,22,115,125,IPEDS_EF2022A,0
2022,clark,0,0,0,1,0,Total,703,2363,2389,IPEDS_EF2022A,0
2022,clark,0,0,0,1,0,"Two or more races, non-Hispanic",39,98,100,IPEDS_EF2022A,0
2022,clark,0,0,0,1,0,"White, non-Hispanic",451,1477,1480,IPEDS_EF2022A,0
2022,cmc,0,0,0,0,1,"American Indian or Alaska Native, non-Hispanic",0,1,1,IPEDS_EF2022A,0
2022,cmc,0,0,0,0,1,"Asian, non-Hispanic",55,215,215,IPEDS_EF2022A,0
2022,cmc,0,0,0,0,1,"Black or African American, non-Hispanic",19,82,82,IPEDS_EF2022A,0
2022,cmc,0,0,0,0,1,Hispanic/Latino,51,226,226,IPEDS_EF2022A,0
2022,cmc,0,0,0,0,1,"Native Hawaiian or other Pacific Islander, non-Hispanic",0,3,3,IPEDS_EF2022A,0
2022,cmc,0,0,0,0,1,Nonresident,48,210,213,IPEDS_EF2022A,0
2022,cmc,0,0,0,0,1,Race and/or ethnicity unknown,12,58,58,IPEDS_EF2022A,0
2022,cmc,0,0,0,0,1,Total,322,1383,1386,IPEDS_EF2022A,0
2022,cmc,0,0,0,0,1,"Two or more races, non-Hispanic",29,98,98,IPEDS_EF2022A,0
2022,cmc,0,0,0,0,1,"White, non-Hispanic",108,490,490,IPEDS_EF2022A,0
2022,cmu,0,0,0,0,1,"American Indian or Alaska Native, non-Hispanic",2,2,2,IPEDS_EF2022A,0
2022,cmu,0,0,0,0,1,"Asian, non-Hispanic",569,2362,2368,IPEDS_EF2022A,0
2022,cmu,0,0,0,0,1,"Black or African American, non-Hispanic",78,285,286,IPEDS_EF2022A,0
2022,cmu,0,0,0,0,1,Hispanic/Latino,211,734,737,IPEDS_EF2022A,0
2022,cmu,0,0,0,0,1,"Native Hawaiian or other Pacific Islander, non-Hispanic",2,4,4,IPEDS_EF2022A,0
2022,cmu,0,0,0,0,1,Nonresident,324,1346,1354,IPEDS_EF2022A,0
2022,cmu,0,0,0,0,1,Race and/or ethnicity unknown,85,389,402,IPEDS_EF2022A,0
2022,cmu,0,0,0,0,1,Total,1716,7005,7059,IPEDS_EF2022A,0
2022,cmu,0,0,0,0,1,"Two or more races, non-Hispanic",89,359,361,IPEDS_EF2022A,0
2022,cmu,0,0,0,0,1,"White, non-Hispanic",356,1524,1545,IPEDS_EF2022A,0
2022,colby,0,0,1,1,1,"American Indian or Alaska Native, non-Hispanic",1,4,4,IPEDS_EF2022A,0
2022,colby,0,0,1,1,1,"Asian, non-Hispanic",54,226,226,IPEDS_EF2022A,0
2022,colby,0,0,1,1,1,"Black or African American, non-Hispanic",40,123,123,IPEDS_EF2022A,0
2022,colby,0,0,1,1,1,Hispanic/Latino,50,184,184,IPEDS_EF2022A,0
2022,colby,0,0,1,1,1,"Native Hawaiian or other Pacific Islander, non-Hispanic",1,1,1,IPEDS_EF2022A,0
2022,colby,0,0,1,1,1,Nonresident,93,237,237,IPEDS_EF2022A,0
2022,colby,0,0,1,1,1,Race and/or ethnicity unknown,22,83,83,IPEDS_EF2022A,0
2022,colby,0,0,1,1,1,Total,673,2299,2299,IPEDS_EF2022A,0
2022,colby,0,0,1,1,1,"Two or more races, non-Hispanic",56,152,152,IPEDS_EF2022A,0
2022,colby,0,0,1,1,1,"White, non-Hispanic",356,1289,1289,IPEDS_EF2022A,0
2022,colgate,0,0,0,0,1,"American Indian or Alaska Native, non-Hispanic",1,3,3,IPEDS_EF2022A,0
2022,colgate,0,0,0,0,1,"Asian, non-Hispanic",51,179,180,IPEDS_EF2022A,0
2022,colgate,0,0,0,0,1,"Black or African American, non-Hispanic",36,146,146,IPEDS_EF2022A,0
2022,colgate,0,0,0,0,1,Hispanic/Latino,85,291,291,IPEDS_EF2022A,0
2022,colgate,0,0,0,0,1,"Native Hawaiian or other Pacific Islander, non-Hispanic",2,5,5,IPEDS_EF2022A,0
2022,colgate,0,0,0,0,1,Nonresident,74,279,279,IPEDS_EF2022A,0
2022,colgate,0,0,0,0,1,Race and/or ethnicity unknown,14,58,58,IPEDS_EF2022A,0
2022,colgate,0,0,0,0,1,Total,812,3124,3130,IPEDS_EF2022A,0
2022,colgate,0,0,0,0,1,"Two or more races, non-Hispanic",43,155,155,IPEDS_EF2022A,0
2022,colgate,0,0,0,0,1,"White, non-Hispanic",506,2008,2013,IPEDS_EF2022A,0
2022,columbia,1,1,0,0,1,"American Indian or Alaska Native, non-Hispanic",6,27,27,IPEDS_EF2022A,0
2022,columbia,1,1,0,0,1,"Asian, non-Hispanic",293,1641,1653,IPEDS_EF2022A,0
2022,columbia,1,1,0,0,1,"Black or African American, non-Hispanic",132,663,670,IPEDS_EF2022A,0
2022,columbia,1,1,0,0,1,Hispanic/Latino,287,1372,1379,IPEDS_EF2022A,0
2022,columbia,1,1,0,0,1,"Native Hawaiian or other Pacific Islander, non-Hispanic",4,13,13,IPEDS_EF2022A,0
2022,columbia,1,1,0,0,1,Nonresident,259,1664,1766,IPEDS_EF2022A,0
2022,columbia,1,1,0,0,1,Race and/or ethnicity unknown,26,136,170,IPEDS_EF2022A,0
2022,columbia,1,1,0,0,1,Total,1540,8902,9094,IPEDS_EF2022A,0
2022,columbia,1,1,0,0,1,"Two or more races, non-Hispanic",123,571,576,IPEDS_EF2022A,0
2022,columbia,1,1,0,0,1,"White, non-Hispanic",410,2815,2840,IPEDS_EF2022A,0
2022,conncoll,0,0,1,1,0,"American Indian or Alaska Native, non-Hispanic",0,0,0,IPEDS_EF2022A,0
2022,conncoll,0,0,1,1,0,"Asian, non-Hispanic",21,64,67,IPEDS_EF2022A,0
2022,conncoll,0,0,1,1,0,"Black or African American, non-Hispanic",23,84,85,IPEDS_EF2022A,0
2022,conncoll,0,0,1,1,0,Hispanic/Latino,83,224,228,IPEDS_EF2022A,0
2022,conncoll,0,0,1,1,0,"Native Hawaiian or other Pacific Islander, non-Hispanic",0,1,1,IPEDS_EF2022A,0
2022,conncoll,0,0,1,1,0,Nonresident,28,147,150,IPEDS_EF2022A,0
2022,conncoll,0,0,1,1,0,Race and/or ethnicity unknown,13,40,42,IPEDS_EF2022A,0
2022,conncoll,0,0,1,1,0,Total,630,1915,1948,IPEDS_EF2022A,0
2022,conncoll,0,0,1,1,0,"Two or more races, non-Hispanic",22,64,64,IPEDS_EF2022A,0
2022,conncoll,0,0,1,1,0,"White, non-Hispanic",440,1291,1311,IPEDS_EF2022A,0
2022,cornell,1,1,0,0,1,"American Indian or Alaska Native, non-Hispanic",5,40,40,IPEDS_EF2022A,0
2022,cornell,1,1,0,0,1,"Asian, non-Hispanic",823,3669,3670,IPEDS_EF2022A,0
2022,cornell,1,1,0,0,1,"Black or African American, non-Hispanic",290,1150,1150,IPEDS_EF2022A,0
2022,cornell,1,1,0,0,1,Hispanic/Latino,538,2311,2311,IPEDS_EF2022A,0
2022,cornell,1,1,0,0,1,"Native Hawaiian or other Pacific Islander, non-Hispanic",5,21,21,IPEDS_EF2022A,0
2022,cornell,1,1,0,0,1,Nonresident,336,1537,1591,IPEDS_EF2022A,0
2022,cornell,1,1,0,0,1,Race and/or ethnicity unknown,210,940,943,IPEDS_EF2022A,0
2022,cornell,1,1,0,0,1,Total,3491,15676,15735,IPEDS_EF2022A,0
2022,cornell,1,1,0,0,1,"Two or more races, non-Hispanic",213,861,862,IPEDS_EF2022A,0
2022,cornell,1,1,0,0,1,"White, non-Hispanic",1071,5147,5147,IPEDS_EF2022A,0
2022,dartmouth,1,1,0,0,1,"American Indian or Alaska Native, non-Hispanic",13,50,50,IPEDS_EF2022A,0
2022,dartmouth,1,1,0,0,1,"Asian, non-Hispanic",154,600,602,IPEDS_EF2022A,0
2022,dartmouth,1,1,0,0,1,"Black or African American, non-Hispanic",68,266,266,IPEDS_EF2022A,0
2022,dartmouth,1,1,0,0,1,Hispanic/Latino,103,429,429,IPEDS_EF2022A,0
2022,dartmouth,1,1,0,0,1,"Native Hawaiian or other Pacific Islander, non-Hispanic",0,0,1,IPEDS_EF2022A,0
2022,dartmouth,1,1,0,0,1,Nonresident,171,586,619,IPEDS_EF2022A,0
2022,dartmouth,1,1,0,0,1,Race and/or ethnicity unknown,23,85,90,IPEDS_EF2022A,0
2022,dartmouth,1,1,0,0,1,Total,1124,4412,4458,IPEDS_EF2022A,0
2022,dartmouth,1,1,0,0,1,"Two or more races, non-Hispanic",83,300,300,IPEDS_EF2022A,0
2022,dartmouth,1,1,0,0,1,"White, non-Hispanic",509,2096,2101,IPEDS_EF2022A,0
2022,davidson,0,0,0,1,1,"American Indian or Alaska Native, non-Hispanic",1,3,3,IPEDS_EF2022A,0
2022,davidson,0,0,0,1,1,"Asian, non-Hispanic",26,102,102,IPEDS_EF2022A,0
2022,davidson,0,0,0,1,1,"Black or African American, non-Hispanic",39,123,123,IPEDS_EF2022A,0
2022,davidson,0,0,0,1,1,Hispanic/Latino,57,187,187,IPEDS_EF2022A,0
2022,davidson,0,0,0,1,1,"Native Hawaiian or other Pacific Islander, non-Hispanic",0,0,0,IPEDS_EF2022A,0
2022,davidson,0,0,0,1,1,Nonresident,60,189,193,IPEDS_EF2022A,0
2022,davidson,0,0,0,1,1,Race and/or ethnicity unknown,8,22,23,IPEDS_EF2022A,0
2022,davidson,0,0,0,1,1,Total,542,1922,1927,IPEDS_EF2022A,0
2022,davidson,0,0,0,1,1,"Two or more races, non-Hispanic",35,103,103,IPEDS_EF2022A,0
2022,davidson,0,0,0,1,1,"White, non-Hispanic",316,1193,1193,IPEDS_EF2022A,0
2022,duke,0,1,0,0,1,"American Indian or Alaska Native, non-Hispanic",3,17,18,IPEDS_EF2022A,0
2022,duke,0,1,0,0,1,"Asian, non-Hispanic",374,1394,1395,IPEDS_EF2022A,0
2022,duke,0,1,0,0,1,"Black or African American, non-Hispanic",154,563,567,IPEDS_EF2022A,0
2022,duke,0,1,0,0,1,Hispanic/Latino,206,724,728,IPEDS_EF2022A,0
2022,duke,0,1,0,0,1,"Native Hawaiian or other Pacific Islander, non-Hispanic",2,4,4,IPEDS_EF2022A,0
2022,duke,0,1,0,0,1,Nonresident,188,656,664,IPEDS_EF2022A,0
2022,duke,0,1,0,0,1,Race and/or ethnicity unknown,80,290,331,IPEDS_EF2022A,0
2022,duke,0,1,0,0,1,Total,1745,6570,6640,IPEDS_EF2022A,0
2022,duke,0,1,0,0,1,"Two or more races, non-Hispanic",136,492,493,IPEDS_EF2022A,0
2022,duke,0,1,0,0,1,"White, non-Hispanic",602,2430,2440,IPEDS_EF2022A,0
2022,emory,0,0,0,0,1,"American Indian or Alaska Native, non-Hispanic",1,3,3,IPEDS_EF2022A,0
2022,emory,0,0,0,0,1,"Asian, non-Hispanic",333,1663,1663,IPEDS_EF2022A,0
2022,emory,0,0,0,0,1,"Black or African American, non-Hispanic",136,598,598,IPEDS_EF2022A,0
2022,emory,0,0,0,0,1,Hispanic/Latino,175,801,802,IPEDS_EF2022A,0
2022,emory,0,0,0,0,1,"Native Hawaiian or other Pacific Islander, non-Hispanic",0,1,1,IPEDS_EF2022A,0
2022,emory,0,0,0,0,1,Nonresident,238,1208,1283,IPEDS_EF2022A,0
2022,emory,0,0,0,0,1,Race and/or ethnicity unknown,26,97,97,IPEDS_EF2022A,0
2022,emory,0,0,0,0,1,Total,1424,7017,7101,IPEDS_EF2022A,0
2022,emory,0,0,0,0,1,"Two or more races, non-Hispanic",61,323,326,IPEDS_EF2022A,0
2022,emory,0,0,0,0,1,"White, non-Hispanic",454,2323,2328,IPEDS_EF2022A,0
2022,fandm,0,0,0,1,0,"American Indian or Alaska Native, non-Hispanic",0,3,3,IPEDS_EF2022A,0
2022,fandm,0,0,0,1,0,"Asian, non-Hispanic",22,88,88,IPEDS_EF2022A,0
2022,fandm,0,0,0,1,0,"Black or African American, non-Hispanic",18,109,109,IPEDS_EF2022A,0
2022,fandm,0,0,0,1,0,Hispanic/Latino,44,205,205,IPEDS_EF2022A,0
2022,fandm,0,0,0,1,0,"Native Hawaiian or other Pacific Islander, non-Hispanic",0,0,0,IPEDS_EF2022A,0
2022,fandm,0,0,0,1,0,Nonresident,102,377,377,IPEDS_EF2022A,0
2022,fandm,0,0,0,1,0,Race and/or ethnicity unknown,3,19,19,IPEDS_EF2022A,0
2022,fandm,0,0,0,1,0,Total,487,1986,1990,IPEDS_EF2022A,0
2022,fandm,0,0,0,1,0,"Two or more races, non-Hispanic",22,69,69,IPEDS_EF2022A,0
2022,fandm,0,0,0,1,0,"White, non-Hispanic",276,1116,1120,IPEDS_EF2022A,0
2022,georgetown,0,0,0,0,1,"American Indian or Alaska Native, non-Hispanic",1,6,6,IPEDS_EF2022A,0
2022,georgetown,0,0,0,0,1,"Asian, non-Hispanic",284,1042,1043,IPEDS_EF2022A,0
2022,georgetown,0,0,0,0,1,"Black or African American, non-Hispanic",79,375,380,IPEDS_EF2022A,0
2022,georgetown,0,0,0,0,1,Hispanic/Latino,96,526,528,IPEDS_EF2022A,0
2022,georgetown,0,0,0,0,1,"Native Hawaiian or other Pacific Islander, non-Hispanic",4,10,10,IPEDS_EF2022A,0
2022,georgetown,0,0,0,0,1,Nonresident,125,1014,1113,IPEDS_EF2022A,0
2022,georgetown,0,0,0,0,1,Race and/or ethnicity unknown,49,254,666,IPEDS_EF2022A,0
2022,georgetown,0,0,0,0,1,Total,1576,7343,7900,IPEDS_EF2022A,0
2022,georgetown,0,0,0,0,1,"Two or more races, non-Hispanic",93,432,434,IPEDS_EF2022A,0
2022,georgetown,0,0,0,0,1,"White, non-Hispanic",845,3684,3720,IPEDS_EF2022A,0
2022,grinnell,0,0,0,0,1,"American Indian or Alaska Native, non-Hispanic",0,0,2,IPEDS_EF2022A,0
2022,grinnell,0,0,0,0,1,"Asian, non-Hispanic",34,129,129,IPEDS_EF2022A,0
2022,grinnell,0,0,0,0,1,"Black or African American, non-Hispanic",25,75,78,IPEDS_EF2022A,0
2022,grinnell,0,0,0,0,1,Hispanic/Latino,45,142,145,IPEDS_EF2022A,0
2022,grinnell,0,0,0,0,1,"Native Hawaiian or other Pacific Islander, non-Hispanic",0,0,0,IPEDS_EF2022A,0
2022,grinnell,0,0,0,0,1,Nonresident,84,334,336,IPEDS_EF2022A,0
2022,grinnell,0,0,0,0,1,Race and/or ethnicity unknown,3,48,57,IPEDS_EF2022A,0
2022,grinnell,0,0,0,0,1,Total,437,1709,1759,IPEDS_EF2022A,0
2022,grinnell,0,0,0,0,1,"Two or more races, non-Hispanic",21,82,84,IPEDS_EF2022A,0
2022,grinnell,0,0,0,0,1,"White, non-Hispanic",225,899,928,IPEDS_EF2022A,0
2022,hamilton,0,0,1,1,1,"American Indian or Alaska Native, non-Hispanic",0,1,1,IPEDS_EF2022A,0
2022,hamilton,0,0,1,1,1,"Asian, non-Hispanic",47,187,187,IPEDS_EF2022A,0
2022,hamilton,0,0,1,1,1,"Black or African American, non-Hispanic",17,65,65,IPEDS_EF2022A,0
2022,hamilton,0,0,1,1,1,Hispanic/Latino,49,197,197,IPEDS_EF2022A,0
2022,hamilton,0,0,1,1,1,"Native Hawaiian or other Pacific Islander, non-Hispanic",0,0,0,IPEDS_EF2022A,0
2022,hamilton,0,0,1,1,1,Nonresident,35,151,151,IPEDS_EF2022A,0
2022,hamilton,0,0,1,1,1,Race and/or ethnicity unknown,5,25,26,IPEDS_EF2022A,0
2022,hamilton,0,0,1,1,1,Total,478,2071,2072,IPEDS_EF2022A,0
2022,hamilton,0,0,1,1,1,"Two or more races, non-Hispanic",27,109,109,IPEDS_EF2022A,0
2022,hamilton,0,0,1,1,1,"White, non-Hispanic",298,1336,1336,IPEDS_EF2022A,0
2022,hampshire,0,0,0,1,0,"American Indian or Alaska Native, non-Hispanic",0,2,2,IPEDS_EF2022A,0
2022,hampshire,0,0,0,1,0,"Asian, non-Hispanic",3,8,8,IPEDS_EF2022A,0
2022,hampshire,0,0,0,1,0,"Black or African American, non-Hispanic",17,37,37,IPEDS_EF2022A,0
2022,hampshire,0,0,0,1,0,Hispanic/Latino,44,74,74,IPEDS_EF2022A,0
2022,hampshire,0,0,0,1,0,"Native Hawaiian or other Pacific Islander, non-Hispanic",0,0,0,IPEDS_EF2022A,0
2022,hampshire,0,0,0,1,0,Nonresident,11,34,37,IPEDS_EF2022A,0
2022,hampshire,0,0,0,1,0,Race and/or ethnicity unknown,12,23,23,IPEDS_EF2022A,0
2022,hampshire,0,0,0,1,0,Total,228,505,508,IPEDS_EF2022A,0
2022,hampshire,0,0,0,1,0,"Two or more races, non-Hispanic",18,41,41,IPEDS_EF2022A,0
2022,hampshire,0,0,0,1,0,"White, non-Hispanic",123,286,286,IPEDS_EF2022A,0
2022,harvard,1,1,0,0,1,"American Indian or Alaska Native, non-Hispanic",7,22,25,IPEDS_EF2022A,0
2022,harvard,1,1,0,0,1,"Asian, non-Hispanic",403,1691,1836,IPEDS_EF2022A,0
2022,harvard,1,1,0,0,1,"Black or African American, non-Hispanic",165,714,781,IPEDS_EF2022A,0
2022,harvard,1,1,0,0,1,Hispanic/Latino,193,936,1064,IPEDS_EF2022A,0
2022,harvard,1,1,0,0,1,"Native Hawaiian or other Pacific Islander, non-Hispanic",5,14,14,IPEDS_EF2022A,0
2022,harvard,1,1,0,0,1,Nonresident,252,1029,1304,IPEDS_EF2022A,0
2022,harvard,1,1,0,0,1,Race and/or ethnicity unknown,20,202,586,IPEDS_EF2022A,0
2022,harvard,1,1,0,0,1,Total,1644,7973,9368,IPEDS_EF2022A,0
2022,harvard,1,1,0,0,1,"Two or more races, non-Hispanic",123,582,638,IPEDS_EF2022A,0
2022,harvard,1,1,0,0,1,"White, non-Hispanic",476,2783,3120,IPEDS_EF2022A,0
2022,haverford,0,0,0,1,0,"American Indian or Alaska Native, non-Hispanic",0,0,0,IPEDS_EF2022A,0
2022,haverford,0,0,0,1,0,"Asian, non-Hispanic",45,175,176,IPEDS_EF2022A,0
2022,haverford,0,0,0,1,0,"Black or African American, non-Hispanic",20,75,75,IPEDS_EF2022A,0
2022,haverford,0,0,0,1,0,Hispanic/Latino,46,182,182,IPEDS_EF2022A,0
2022,haverford,0,0,0,1,0,"Native Hawaiian or other Pacific Islander, non-Hispanic",0,0,0,IPEDS_EF2022A,0
2022,haverford,0,0,0,1,0,Nonresident,45,152,154,IPEDS_EF2022A,0
2022,haverford,0,0,0,1,0,Race and/or ethnicity unknown,4,12,12,IPEDS_EF2022A,0
2022,haverford,0,0,0,1,0,Total,362,1417,1421,IPEDS_EF2022A,0
2022,haverford,0,0,0,1,0,"Two or more races, non-Hispanic",40,121,121,IPEDS_EF2022A,0
2022,haverford,0,0,0,1,0,"White, non-Hispanic",162,700,701,IPEDS_EF2022A,0
2022,hmc,0,0,0,0,1,"American Indian or Alaska Native, non-Hispanic",1,4,4,IPEDS_EF2022A,0
2022,hmc,0,0,0,0,1,"Asian, non-Hispanic",50,203,206,IPEDS_EF2022A,0
2022,hmc,0,0,0,0,1,"Black or African American, non-Hispanic",14,54,54,IPEDS_EF2022A,0
2022,hmc,0,0,0,0,1,Hispanic/Latino,57,190,190,IPEDS_EF2022A,0
2022,hmc,0,0,0,0,1,"Native Hawaiian or other Pacific Islander, non-Hispanic",0,2,2,IPEDS_EF2022A,0
2022,hmc,0,0,0,0,1,Nonresident,24,82,89,IPEDS_EF2022A,0
2022,hmc,0,0,0,0,1,Race and/or ethnicity unknown,9,45,50,IPEDS_EF2022A,0
2022,hmc,0,0,0,0,1,Total,237,906,922,IPEDS_EF2022A,0
2022,hmc,0,0,0,0,1,"Two or more races, non-Hispanic",24,97,97,IPEDS_EF2022A,0
2022,hmc,0,0,0,0,1,"White, non-Hispanic",58,229,230,IPEDS_EF2022A,0
2022,jhu,0,1,0,0,1,"American Indian or Alaska Native, non-Hispanic",3,5,6,IPEDS_EF2022A,0
2022,jhu,0,1,0,0,1,"Asian, non-Hispanic",372,1504,1578,IPEDS_EF2022A,0
2022,jhu,0,1,0,0,1,"Black or African American, non-Hispanic",152,522,567,IPEDS_EF2022A,0
2022,jhu,0,1,0,0,1,Hispanic/Latino,324,1151,1183,IPEDS_EF2022A,0
2022,jhu,0,1,0,0,1,"Native Hawaiian or other Pacific Islander, non-Hispanic",0,1,1,IPEDS_EF2022A,0
2022,jhu,0,1,0,0,1,Nonresident,201,835,876,IPEDS_EF2022A,0
2022,jhu,0,1,0,0,1,Race and/or ethnicity unknown,24,82,94,IPEDS_EF2022A,0
2022,jhu,0,1,0,0,1,Total,1406,5643,6044,IPEDS_EF2022A,0
2022,jhu,0,1,0,0,1,"Two or more races, non-Hispanic",96,379,392,IPEDS_EF2022A,0
2022,jhu,0,1,0,0,1,"White, non-Hispanic",234,1164,1347,IPEDS_EF2022A,0
2022,macalester,0,0,0,1,0,"American Indian or Alaska Native, non-Hispanic",0,5,5,IPEDS_EF2022A,0
2022,macalester,0,0,0,1,0,"Asian, non-Hispanic",40,164,164,IPEDS_EF2022A,0
2022,macalester,0,0,0,1,0,"Black or African American, non-Hispanic",36,127,127,IPEDS_EF2022A,0
2022,macalester,0,0,0,1,0,Hispanic/Latino,62,221,221,IPEDS_EF2022A,0
2022,macalester,0,0,0,1,0,"Native Hawaiian or other Pacific Islander, non-Hispanic",0,18,18,IPEDS_EF2022A,0
2022,macalester,0,0,0,1,0,Nonresident,64,276,284,IPEDS_EF2022A,0
2022,macalester,0,0,0,1,0,Race and/or ethnicity unknown,2,9,9,IPEDS_EF2022A,0
2022,macalester,0,0,0,1,0,Total,552,2164,2175,IPEDS_EF2022A,0
2022,macalester,0,0,0,1,0,"Two or more races, non-Hispanic",51,181,182,IPEDS_EF2022A,0
2022,macalester,0,0,0,1,0,"White, non-Hispanic",297,1163,1165,IPEDS_EF2022A,0
2022,middlebury,0,0,1,1,1,"American Indian or Alaska Native, non-Hispanic",1,3,3,IPEDS_EF2022A,0
2022,middlebury,0,0,1,1,1,"Asian, non-Hispanic",53,200,200,IPEDS_EF2022A,0
2022,middlebury,0,0,1,1,1,"Black or African American, non-Hispanic",50,149,149,IPEDS_EF2022A,0
2022,middlebury,0,0,1,1,1,Hispanic/Latino,107,331,331,IPEDS_EF2022A,0
2022,middlebury,0,0,1,1,1,"Native Hawaiian or other Pacific Islander, non-Hispanic",0,0,0,IPEDS_EF2022A,0
2022,middlebury,0,0,1,1,1,Nonresident,72,313,331,IPEDS_EF2022A,0
2022,middlebury,0,0,1,1,1,Race and/or ethnicity unknown,5,18,18,IPEDS_EF2022A,0
2022,middlebury,0,0,1,1,1,Total,639,2751,2773,IPEDS_EF2022A,0
2022,middlebury,0,0,1,1,1,"Two or more races, non-Hispanic",55,194,194,IPEDS_EF2022A,0
2022,middlebury,0,0,1,1,1,"White, non-Hispanic",296,1543,1547,IPEDS_EF2022A,0
2022,mit,0,1,0,0,1,"American Indian or Alaska Native, non-Hispanic",2,8,8,IPEDS_EF2022A,0
2022,mit,0,1,0,0,1,"Asian, non-Hispanic",400,1581,1581,IPEDS_EF2022A,0
2022,mit,0,1,0,0,1,"Black or African American, non-Hispanic",94,362,362,IPEDS_EF2022A,0
2022,mit,0,1,0,0,1,Hispanic/Latino,163,687,687,IPEDS_EF2022A,0
2022,mit,0,1,0,0,1,"Native Hawaiian or other Pacific Islander, non-Hispanic",0,2,2,IPEDS_EF2022A,0
2022,mit,0,1,0,0,1,Nonresident,124,511,530,IPEDS_EF2022A,0
2022,mit,0,1,0,0,1,Race and/or ethnicity unknown,47,118,118,IPEDS_EF2022A,0
2022,mit,0,1,0,0,1,Total,1136,4638,4657,IPEDS_EF2022A,0
2022,mit,0,1,0,0,1,"Two or more races, non-Hispanic",70,345,345,IPEDS_EF2022A,0
2022,mit,0,1,0,0,1,"White, non-Hispanic",236,1024,1024,IPEDS_EF2022A,0
2022,mtholyoke,0,0,0,1,0,"American Indian or Alaska Native, non-Hispanic",1,2,2,IPEDS_EF2022A,0
2022,mtholyoke,0,0,0,1,0,"Asian, non-Hispanic",25,147,148,IPEDS_EF2022A,0
2022,mtholyoke,0,0,0,1,0,"Black or African American, non-Hispanic",27,109,110,IPEDS_EF2022A,0
2022,mtholyoke,0,0,0,1,0,Hispanic/Latino,43,186,186,IPEDS_EF2022A,0
2022,mtholyoke,0,0,0,1,0,"Native Hawaiian or other Pacific Islander, non-Hispanic",0,2,2,IPEDS_EF2022A,0
2022,mtholyoke,0,0,0,1,0,Nonresident,125,505,510,IPEDS_EF2022A,0
2022,mtholyoke,0,0,0,1,0,Race and/or ethnicity unknown,3,24,25,IPEDS_EF2022A,0
2022,mtholyoke,0,0,0,1,0,Total,544,2183,2193,IPEDS_EF2022A,0
2022,mtholyoke,0,0,0,1,0,"Two or more races, non-Hispanic",38,102,102,IPEDS_EF2022A,0
2022,mtholyoke,0,0,0,1,0,"White, non-Hispanic",282,1106,1108,IPEDS_EF2022A,0
2022,navy,0,0,0,0,1,"American Indian or Alaska Native, non-Hispanic",1,6,6,IPEDS_EF2022A,0
2022,navy,0,0,0,0,1,"Asian, non-Hispanic",115,394,394,IPEDS_EF2022A,0
2022,navy,0,0,0,0,1,"Black or African American, non-Hispanic",74,267,267,IPEDS_EF2022A,0
2022,navy,0,0,0,0,1,Hispanic/Latino,179,608,608,IPEDS_EF2022A,0
2022,navy,0,0,0,0,1,"Native Hawaiian or other Pacific Islander, non-Hispanic",4,13,13,IPEDS_EF2022A,0
2022,navy,0,0,0,0,1,Nonresident,12,58,58,IPEDS_EF2022A,0
2022,navy,0,0,0,0,1,Race and/or ethnicity unknown,18,47,47,IPEDS_EF2022A,0
2022,navy,0,0,0,0,1,Total,1168,4450,4450,IPEDS_EF2022A,0
2022,navy,0,0,0,0,1,"Two or more races, non-Hispanic",100,423,423,IPEDS_EF2022A,0
2022,navy,0,0,0,0,1,"White, non-Hispanic",665,2634,2634,IPEDS_EF2022A,0
2022,northwestern,0,0,0,0,1,"American Indian or Alaska Native, non-Hispanic",3,10,10,IPEDS_EF2022A,0
2022,northwestern,0,0,0,0,1,"Asian, non-Hispanic",437,1844,1859,IPEDS_EF2022A,0
2022,northwestern,0,0,0,0,1,"Black or African American, non-Hispanic",169,592,596,IPEDS_EF2022A,0
2022,northwestern,0,0,0,0,1,Hispanic/Latino,304,1254,1261,IPEDS_EF2022A,0
2022,northwestern,0,0,0,0,1,"Native Hawaiian or other Pacific Islander, non-Hispanic",5,10,10,IPEDS_EF2022A,0
2022,northwestern,0,0,0,0,1,Nonresident,205,904,912,IPEDS_EF2022A,0
2022,northwestern,0,0,0,0,1,Race and/or ethnicity unknown,70,300,373,IPEDS_EF2022A,0
2022,northwestern,0,0,0,0,1,Total,2038,8837,8993,IPEDS_EF2022A,0
2022,northwestern,0,0,0,0,1,"Two or more races, non-Hispanic",167,627,629,IPEDS_EF2022A,0
2022,northwestern,0,0,0,0,1,"White, non-Hispanic",678,3296,3343,IPEDS_EF2022A,0
2022,notredame,0,0,0,0,1,"American Indian or Alaska Native, non-Hispanic",3,14,14,IPEDS_EF2022A,0
2022,notredame,0,0,0,0,1,"Asian, non-Hispanic",118,508,508,IPEDS_EF2022A,0
2022,notredame,0,0,0,0,1,"Black or African American, non-Hispanic",115,350,350,IPEDS_EF2022A,0
2022,notredame,0,0,0,0,1,Hispanic/Latino,296,1163,1163,IPEDS_EF2022A,0
2022,notredame,0,0,0,0,1,"Native Hawaiian or other Pacific Islander, non-Hispanic",4,15,15,IPEDS_EF2022A,0
2022,notredame,0,0,0,0,1,Nonresident,151,556,607,IPEDS_EF2022A,0
2022,notredame,0,0,0,0,1,Race and/or ethnicity unknown,37,112,115,IPEDS_EF2022A,0
2022,notredame,0,0,0,0,1,Total,2037,8917,8971,IPEDS_EF2022A,0
2022,notredame,0,0,0,0,1,"Two or more races, non-Hispanic",128,517,517,IPEDS_EF2022A,0
2022,notredame,0,0,0,0,1,"White, non-Hispanic",1185,5682,5682,IPEDS_EF2022A,0
2022,oberlin,0,0,0,1,0,"American Indian or Alaska Native, non-Hispanic",0,0,0,IPEDS_EF2022A,0
2022,oberlin,0,0,0,1,0,"Asian, non-Hispanic",51,154,154,IPEDS_EF2022A,0
2022,oberlin,0,0,0,1,0,"Black or African American, non-Hispanic",31,136,136,IPEDS_EF2022A,0
2022,oberlin,0,0,0,1,0,Hispanic/Latino,72,245,245,IPEDS_EF2022A,0
2022,oberlin,0,0,0,1,0,"Native Hawaiian or other Pacific Islander, non-Hispanic",0,0,0,IPEDS_EF2022A,0
2022,oberlin,0,0,0,1,0,Nonresident,69,294,294,IPEDS_EF2022A,0
2022,oberlin,0,0,0,1,0,Race and/or ethnicity unknown,12,36,36,IPEDS_EF2022A,0
2022,oberlin,0,0,0,1,0,Total,882,2986,2986,IPEDS_EF2022A,0
2022,oberlin,0,0,0,1,0,"Two or more races, non-Hispanic",96,285,285,IPEDS_EF2022A,0
2022,oberlin,0,0,0,1,0,"White, non-Hispanic",551,1836,1836,IPEDS_EF2022A,0
2022,penn,1,1,0,0,1,"American Indian or Alaska Native, non-Hispanic",3,11,11,IPEDS_EF2022A,0
2022,penn,1,1,0,0,1,"Asian, non-Hispanic",709,2823,2897,IPEDS_EF2022A,0
2022,penn,1,1,0,0,1,"Black or African American, non-Hispanic",219,860,904,IPEDS_EF2022A,0
2022,penn,1,1,0,0,1,Hispanic/Latino,259,1095,1125,IPEDS_EF2022A,0
2022,penn,1,1,0,0,1,"Native Hawaiian or other Pacific Islander, non-Hispanic",0,1,1,IPEDS_EF2022A,0
2022,penn,1,1,0,0,1,Nonresident,318,1333,1532,IPEDS_EF2022A,0
2022,penn,1,1,0,0,1,Race and/or ethnicity unknown,113,478,579,IPEDS_EF2022A,0
2022,penn,1,1,0,0,1,Total,2415,10572,11250,IPEDS_EF2022A,0
2022,penn,1,1,0,0,1,"Two or more races, non-Hispanic",165,545,565,IPEDS_EF2022A,0
2022,penn,1,1,0,0,1,"White, non-Hispanic",629,3426,3636,IPEDS_EF2022A,0
2022,pomona,0,0,0,1,1,"American Indian or Alaska Native, non-Hispanic",0,4,4,IPEDS_EF2022A,0
2022,pomona,0,0,0,1,1,"Asian, non-Hispanic",74,295,299,IPEDS_EF2022A,0
2022,pomona,0,0,0,1,1,"Black or African American, non-Hispanic",58,171,171,IPEDS_EF2022A,0
2022,pomona,0,0,0,1,1,Hispanic/Latino,67,270,271,IPEDS_EF2022A,0
2022,pomona,0,0,0,1,1,"Native Hawaiian or other Pacific Islander, non-Hispanic",2,8,8,IPEDS_EF2022A,0
2022,pomona,0,0,0,1,1,Nonresident,54,204,211,IPEDS_EF2022A,0
2022,pomona,0,0,0,1,1,Race and/or ethnicity unknown,14,66,69,IPEDS_EF2022A,0
2022,pomona,0,0,0,1,1,Total,412,1699,1716,IPEDS_EF2022A,0
2022,pomona,0,0,0,1,1,"Two or more races, non-Hispanic",36,144,144,IPEDS_EF2022A,0
2022,pomona,0,0,0,1,1,"White, non-Hispanic",107,537,539,IPEDS_EF2022A,0
2022,princeton,1,1,0,0,1,"American Indian or Alaska Native, non-Hispanic",2,7,7,IPEDS_EF2022A,0
2022,princeton,1,1,0,0,1,"Asian, non-Hispanic",375,1299,1301,IPEDS_EF2022A,0
2022,princeton,1,1,0,0,1,"Black or African American, non-Hispanic",128,441,442,IPEDS_EF2022A,0
2022,princeton,1,1,0,0,1,Hispanic/Latino,125,554,556,IPEDS_EF2022A,0
2022,princeton,1,1,0,0,1,"Native Hawaiian or other Pacific Islander, non-Hispanic",2,6,6,IPEDS_EF2022A,0
2022,princeton,1,1,0,0,1,Nonresident,222,681,705,IPEDS_EF2022A,0
2022,princeton,1,1,0,0,1,Race and/or ethnicity unknown,30,86,130,IPEDS_EF2022A,0
2022,princeton,1,1,0,0,1,Total,1497,5527,5604,IPEDS_EF2022A,0
2022,princeton,1,1,0,0,1,"Two or more races, non-Hispanic",108,377,378,IPEDS_EF2022A,0
2022,princeton,1,1,0,0,1,"White, non-Hispanic",505,2076,2079,IPEDS_EF2022A,0
2022,reed,0,0,0,1,0,"American Indian or Alaska Native, non-Hispanic",1,3,3,IPEDS_EF2022A,0
2022,reed,0,0,0,1,0,"Asian, non-Hispanic",35,115,115,IPEDS_EF2022A,0
2022,reed,0,0,0,1,0,"Black or African American, non-Hispanic",6,16,16,IPEDS_EF2022A,0
2022,reed,0,0,0,1,0,Hispanic/Latino,55,180,180,IPEDS_EF2022A,0
2022,reed,0,0,0,1,0,"Native Hawaiian or other Pacific Islander, non-Hispanic",0,0,0,IPEDS_EF2022A,0
2022,reed,0,0,0,1,0,Nonresident,21,120,130,IPEDS_EF2022A,0
2022,reed,0,0,0,1,0,Race and/or ethnicity unknown,1,11,16,IPEDS_EF2022A,0
2022,reed,0,0,0,1,0,Total,394,1494,1523,IPEDS_EF2022A,0
2022,reed,0,0,0,1,0,"Two or more races, non-Hispanic",36,150,151,IPEDS_EF2022A,0
2022,reed,0,0,0,1,0,"White, non-Hispanic",239,899,912,IPEDS_EF2022A,0
2022,rice,0,0,0,0,1,"American Indian or Alaska Native, non-Hispanic",4,5,5,IPEDS_EF2022A,0
2022,rice,0,0,0,0,1,"Asian, non-Hispanic",350,1320,1320,IPEDS_EF2022A,0
2022,rice,0,0,0,0,1,"Black or African American, non-Hispanic",100,355,355,IPEDS_EF2022A,0
2022,rice,0,0,0,0,1,Hispanic/Latino,199,693,693,IPEDS_EF2022A,0
2022,rice,0,0,0,0,1,"Native Hawaiian or other Pacific Islander, non-Hispanic",0,3,3,IPEDS_EF2022A,0
2022,rice,0,0,0,0,1,Nonresident,160,560,573,IPEDS_EF2022A,0
2022,rice,0,0,0,0,1,Race and/or ethnicity unknown,21,66,66,IPEDS_EF2022A,0
2022,rice,0,0,0,0,1,Total,1201,4480,4494,IPEDS_EF2022A,0
2022,rice,0,0,0,0,1,"Two or more races, non-Hispanic",60,215,215,IPEDS_EF2022A,0
2022,rice,0,0,0,0,1,"White, non-Hispanic",307,1263,1264,IPEDS_EF2022A,0
2022,richmond,0,0,0,0,1,"American Indian or Alaska Native, non-Hispanic",2,7,7,IPEDS_EF2022A,0
2022,richmond,0,0,0,0,1,"Asian, non-Hispanic",48,200,200,IPEDS_EF2022A,0
2022,richmond,0,0,0,0,1,"Black or African American, non-Hispanic",48,198,200,IPEDS_EF2022A,0
2022,richmond,0,0,0,0,1,Hispanic/Latino,83,311,312,IPEDS_EF2022A,0
2022,richmond,0,0,0,0,1,"Native Hawaiian or other Pacific Islander, non-Hispanic",0,1,1,IPEDS_EF2022A,0
2022,richmond,0,0,0,0,1,Nonresident,80,301,364,IPEDS_EF2022A,0
2022,richmond,0,0,0,0,1,Race and/or ethnicity unknown,14,69,71,IPEDS_EF2022A,0
2022,richmond,0,0,0,0,1,Total,851,3069,3145,IPEDS_EF2022A,0
2022,richmond,0,0,0,0,1,"Two or more races, non-Hispanic",43,138,138,IPEDS_EF2022A,0
2022,richmond,0,0,0,0,1,"White, non-Hispanic",533,1844,1852,IPEDS_EF2022A,0
2022,sarahlawrence,0,0,0,1,0,"American Indian or Alaska Native, non-Hispanic",1,1,1,IPEDS_EF2022A,0
2022,sarahlawrence,0,0,0,1,0,"Asian, non-Hispanic",26,70,70,IPEDS_EF2022A,0
2022,sarahlawrence,0,0,0,1,0,"Black or African American, non-Hispanic",23,62,62,IPEDS_EF2022A,0
2022,sarahlawrence,0,0,0,1,0,Hispanic/Latino,47,151,151,IPEDS_EF2022A,0
2022,sarahlawrence,0,0,0,1,0,"Native Hawaiian or other Pacific Islander, non-Hispanic",0,1,1,IPEDS_EF2022A,0
2022,sarahlawrence,0,0,0,1,0,Nonresident,15,84,87,IPEDS_EF2022A,0
2022,sarahlawrence,0,0,0,1,0,Race and/or ethnicity unknown,14,119,161,IPEDS_EF2022A,0
2022,sarahlawrence,0,0,0,1,0,Total,384,1417,1462,IPEDS_EF2022A,0
2022,sarahlawrence,0,0,0,1,0,"Two or more races, non-Hispanic",19,83,83,IPEDS_EF2022A,0
2022,sarahlawrence,0,0,0,1,0,"White, non-Hispanic",239,846,846,IPEDS_EF2022A,0
2022,smith,0,0,0,1,1,"American Indian or Alaska Native, non-Hispanic",1,2,2,IPEDS_EF2022A,0
2022,smith,0,0,0,1,1,"Asian, non-Hispanic",51,241,241,IPEDS_EF2022A,0
2022,smith,0,0,0,1,1,"Black or African American, non-Hispanic",39,136,136,IPEDS_EF2022A,0
2022,smith,0,0,0,1,1,Hispanic/Latino,75,308,308,IPEDS_EF2022A,0
2022,smith,0,0,0,1,1,"Native Hawaiian or other Pacific Islander, non-Hispanic",2,4,4,IPEDS_EF2022A,0
2022,smith,0,0,0,1,1,Nonresident,79,355,361,IPEDS_EF2022A,0
2022,smith,0,0,0,1,1,Race and/or ethnicity unknown,8,38,40,IPEDS_EF2022A,0
2022,smith,0,0,0,1,1,Total,619,2515,2523,IPEDS_EF2022A,0
2022,smith,0,0,0,1,1,"Two or more races, non-Hispanic",34,146,146,IPEDS_EF2022A,0
2022,smith,0,0,0,1,1,"White, non-Hispanic",330,1285,1285,IPEDS_EF2022A,0
2022,stanford,0,1,0,0,1,"American Indian or Alaska Native, non-Hispanic",17,68,70,IPEDS_EF2022A,0
2022,stanford,0,1,0,0,1,"Asian, non-Hispanic",505,2045,2073,IPEDS_EF2022A,0
2022,stanford,0,1,0,0,1,"Black or African American, non-Hispanic",126,572,653,IPEDS_EF2022A,0
2022,stanford,0,1,0,0,1,Hispanic/Latino,289,1364,1482,IPEDS_EF2022A,0
2022,stanford,0,1,0,0,1,"Native Hawaiian or other Pacific Islander, non-Hispanic",5,18,18,IPEDS_EF2022A,0
2022,stanford,0,1,0,0,1,Nonresident,233,888,888,IPEDS_EF2022A,0
2022,stanford,0,1,0,0,1,Race and/or ethnicity unknown,5,19,19,IPEDS_EF2022A,0
2022,stanford,0,1,0,0,1,Total,1733,7761,8049,IPEDS_EF2022A,0
2022,stanford,0,1,0,0,1,"Two or more races, non-Hispanic",172,778,812,IPEDS_EF2022A,0
2022,stanford,0,1,0,0,1,"White, non-Hispanic",381,2009,2034,IPEDS_EF2022A,0
2022,stolaf,0,0,0,1,0,"American Indian or Alaska Native, non-Hispanic",1,3,3,IPEDS_EF2022A,0
2022,stolaf,0,0,0,1,0,"Asian, non-Hispanic",46,175,177,IPEDS_EF2022A,0
2022,stolaf,0,0,0,1,0,"Black or African American, non-Hispanic",30,102,102,IPEDS_EF2022A,0
2022,stolaf,0,0,0,1,0,Hispanic/Latino,85,265,266,IPEDS_EF2022A,0
2022,stolaf,0,0,0,1,0,"Native Hawaiian or other Pacific Islander, non-Hispanic",0,0,0,IPEDS_EF2022A,0
2022,stolaf,0,0,0,1,0,Nonresident,81,311,315,IPEDS_EF2022A,0
2022,stolaf,0,0,0,1,0,Race and/or ethnicity unknown,5,18,18,IPEDS_EF2022A,0
2022,stolaf,0,0,0,1,0,Total,868,3019,3046,IPEDS_EF2022A,0
2022,stolaf,0,0,0,1,0,"Two or more races, non-Hispanic",31,119,122,IPEDS_EF2022A,0
2022,stolaf,0,0,0,1,0,"White, non-Hispanic",589,2026,2043,IPEDS_EF2022A,0
2022,swarthmore,0,0,0,1,1,"American Indian or Alaska Native, non-Hispanic",3,7,7,IPEDS_EF2022A,0
2022,swarthmore,0,0,0,1,1,"Asian, non-Hispanic",75,286,287,IPEDS_EF2022A,0
2022,swarthmore,0,0,0,1,1,"Black or African American, non-Hispanic",48,146,146,IPEDS_EF2022A,0
2022,swarthmore,0,0,0,1,1,Hispanic/Latino,58,231,234,IPEDS_EF2022A,0
2022,swarthmore,0,0,0,1,1,"Native Hawaiian or other Pacific Islander, non-Hispanic",0,1,1,IPEDS_EF2022A,0
2022,swarthmore,0,0,0,1,1,Nonresident,59,227,227,IPEDS_EF2022A,0
2022,swarthmore,0,0,0,1,1,Race and/or ethnicity unknown,16,51,51,IPEDS_EF2022A,0
2022,swarthmore,0,0,0,1,1,Total,433,1619,1625,IPEDS_EF2022A,0
2022,swarthmore,0,0,0,1,1,"Two or more races, non-Hispanic",46,158,158,IPEDS_EF2022A,0
2022,swarthmore,0,0,0,1,1,"White, non-Hispanic",128,512,514,IPEDS_EF2022A,0
2022,trinity,0,0,1,1,0,"American Indian or Alaska Native, non-Hispanic",0,4,4,IPEDS_EF2022A,0
2022,trinity,0,0,1,1,0,"Asian, non-Hispanic",27,90,90,IPEDS_EF2022A,0
2022,trinity,0,0,1,1,0,"Black or African American, non-Hispanic",35,131,131,IPEDS_EF2022A,0
2022,trinity,0,0,1,1,0,Hispanic/Latino,36,184,184,IPEDS_EF2022A,0
2022,trinity,0,0,1,1,0,"Native Hawaiian or other Pacific Islander, non-Hispanic",0,1,1,IPEDS_EF2022A,0
2022,trinity,0,0,1,1,0,Nonresident,90,295,298,IPEDS_EF2022A,0
2022,trinity,0,0,1,1,0,Race and/or ethnicity unknown,9,39,61,IPEDS_EF2022A,0
2022,trinity,0,0,1,1,0,Total,565,2141,2167,IPEDS_EF2022A,0
2022,trinity,0,0,1,1,0,"Two or more races, non-Hispanic",37,92,92,IPEDS_EF2022A,0
2022,trinity,0,0,1,1,0,"White, non-Hispanic",331,1305,1306,IPEDS_EF2022A,0
2022,tufts,0,0,1,1,0,"American Indian or Alaska Native, non-Hispanic",0,3,3,IPEDS_EF2022A,0
2022,tufts,0,0,1,1,0,"Asian, non-Hispanic",275,1057,1057,IPEDS_EF2022A,0
2022,tufts,0,0,1,1,0,"Black or African American, non-Hispanic",123,408,408,IPEDS_EF2022A,0
2022,tufts,0,0,1,1,0,Hispanic/Latino,164,667,669,IPEDS_EF2022A,0
2022,tufts,0,0,1,1,0,"Native Hawaiian or other Pacific Islander, non-Hispanic",0,5,5,IPEDS_EF2022A,0
2022,tufts,0,0,1,1,0,Nonresident,220,844,847,IPEDS_EF2022A,0
2022,tufts,0,0,1,1,0,Race and/or ethnicity unknown,88,261,305,IPEDS_EF2022A,0
2022,tufts,0,0,1,1,0,Total,1694,6747,6815,IPEDS_EF2022A,0
2022,tufts,0,0,1,1,0,"Two or more races, non-Hispanic",134,493,493,IPEDS_EF2022A,0
2022,tufts,0,0,1,1,0,"White, non-Hispanic",690,3009,3028,IPEDS_EF2022A,0
2022,uchicago,0,1,0,0,1,"American Indian or Alaska Native, non-Hispanic",0,1,1,IPEDS_EF2022A,0
2022,uchicago,0,1,0,0,1,"Asian, non-Hispanic",293,1486,1487,IPEDS_EF2022A,0
2022,uchicago,0,1,0,0,1,"Black or African American, non-Hispanic",153,506,507,IPEDS_EF2022A,0
2022,uchicago,0,1,0,0,1,Hispanic/Latino,369,1225,1225,IPEDS_EF2022A,0
2022,uchicago,0,1,0,0,1,"Native Hawaiian or other Pacific Islander, non-Hispanic",0,1,1,IPEDS_EF2022A,0
2022,uchicago,0,1,0,0,1,Nonresident,266,1197,1253,IPEDS_EF2022A,0
2022,uchicago,0,1,0,0,1,Race and/or ethnicity unknown,32,150,176,IPEDS_EF2022A,0
2022,uchicago,0,1,0,0,1,Total,1729,7511,7595,IPEDS_EF2022A,0
2022,uchicago,0,1,0,0,1,"Two or more races, non-Hispanic",129,530,530,IPEDS_EF2022A,0
2022,uchicago,0,1,0,0,1,"White, non-Hispanic",487,2415,2415,IPEDS_EF2022A,0
2022,ucla,0,0,0,0,1,"American Indian or Alaska Native, non-Hispanic",11,60,60,IPEDS_EF2022A,0
2022,ucla,0,0,0,0,1,"Asian, non-Hispanic",1965,9563,9563,IPEDS_EF2022A,0
2022,ucla,0,0,0,0,1,"Black or African American, non-Hispanic",266,1082,1082,IPEDS_EF2022A,0
2022,ucla,0,0,0,0,1,Hispanic/Latino,1446,7195,7195,IPEDS_EF2022A,0
2022,ucla,0,0,0,0,1,"Native Hawaiian or other Pacific Islander, non-Hispanic",12,56,56,IPEDS_EF2022A,0
2022,ucla,0,0,0,0,1,Nonresident,448,2853,2853,IPEDS_EF2022A,0
2022,ucla,0,0,0,0,1,Race and/or ethnicity unknown,213,982,982,IPEDS_EF2022A,0
2022,ucla,0,0,0,0,1,Total,6462,32423,32423,IPEDS_EF2022A,0
2022,ucla,0,0,0,0,1,"Two or more races, non-Hispanic",487,2291,2291,IPEDS_EF2022A,0
2022,ucla,0,0,0,0,1,"White, non-Hispanic",1614,8341,8341,IPEDS_EF2022A,0
2022,umich,0,0,0,0,1,"American Indian or Alaska Native, non-Hispanic",8,39,40,IPEDS_EF2022A,0
2022,umich,0,0,0,0,1,"Asian, non-Hispanic",1416,5843,5857,IPEDS_EF2022A,0
2022,umich,0,0,0,0,1,"Black or African American, non-Hispanic",338,1330,1334,IPEDS_EF2022A,0
2022,umich,0,0,0,0,1,Hispanic/Latino,846,2696,2705,IPEDS_EF2022A,0
2022,umich,0,0,0,0,1,"Native Hawaiian or other Pacific Islander, non-Hispanic",7,18,18,IPEDS_EF2022A,0
2022,umich,0,0,0,0,1,Nonresident,298,2715,2866,IPEDS_EF2022A,0
2022,umich,0,0,0,0,1,Race and/or ethnicity unknown,332,1568,1577,IPEDS_EF2022A,0
2022,umich,0,0,0,0,1,Total,7050,32448,32695,IPEDS_EF2022A,0
2022,umich,0,0,0,0,1,"Two or more races, non-Hispanic",387,1644,1645,IPEDS_EF2022A,0
2022,umich,0,0,0,0,1,"White, non-Hispanic",3418,16595,16653,IPEDS_EF2022A,0
2022,union,0,0,0,1,0,"American Indian or Alaska Native, non-Hispanic",0,2,2,IPEDS_EF2022A,0
2022,union,0,0,0,1,0,"Asian, non-Hispanic",44,135,136,IPEDS_EF2022A,0
2022,union,0,0,0,1,0,"Black or African American, non-Hispanic",20,91,91,IPEDS_EF2022A,0
2022,union,0,0,0,1,0,Hispanic/Latino,48,181,183,IPEDS_EF2022A,0
2022,union,0,0,0,1,0,"Native Hawaiian or other Pacific Islander, non-Hispanic",1,1,1,IPEDS_EF2022A,0
2022,union,0,0,0,1,0,Nonresident,53,210,212,IPEDS_EF2022A,0
2022,union,0,0,0,1,0,Race and/or ethnicity unknown,1,1,21,IPEDS_EF2022A,0
2022,union,0,0,0,1,0,Total,575,2077,2107,IPEDS_EF2022A,0
2022,union,0,0,0,1,0,"Two or more races, non-Hispanic",24,69,69,IPEDS_EF2022A,0
2022,union,0,0,0,1,0,"White, non-Hispanic",384,1387,1392,IPEDS_EF2022A,0
2022,vanderbilt,0,0,0,0,1,"American Indian or Alaska Native, non-Hispanic",11,29,29,IPEDS_EF2022A,0
2022,vanderbilt,0,0,0,0,1,"Asian, non-Hispanic",292,1250,1250,IPEDS_EF2022A,0
2022,vanderbilt,0,0,0,0,1,"Black or African American, non-Hispanic",178,743,743,IPEDS_EF2022A,0
2022,vanderbilt,0,0,0,0,1,Hispanic/Latino,192,787,787,IPEDS_EF2022A,0
2022,vanderbilt,0,0,0,0,1,"Native Hawaiian or other Pacific Islander, non-Hispanic",7,21,21,IPEDS_EF2022A,0
2022,vanderbilt,0,0,0,0,1,Nonresident,169,725,729,IPEDS_EF2022A,0
2022,vanderbilt,0,0,0,0,1,Race and/or ethnicity unknown,62,276,276,IPEDS_EF2022A,0
2022,vanderbilt,0,0,0,0,1,Total,1619,7144,7151,IPEDS_EF2022A,0
2022,vanderbilt,0,0,0,0,1,"Two or more races, non-Hispanic",100,412,412,IPEDS_EF2022A,0
2022,vanderbilt,0,0,0,0,1,"White, non-Hispanic",608,2901,2904,IPEDS_EF2022A,0
2022,vassar,0,0,0,1,1,"American Indian or Alaska Native, non-Hispanic",1,1,1,IPEDS_EF2022A,0
2022,vassar,0,0,0,1,1,"Asian, non-Hispanic",72,295,296,IPEDS_EF2022A,0
2022,vassar,0,0,0,1,1,"Black or African American, non-Hispanic",33,95,98,IPEDS_EF2022A,0
2022,vassar,0,0,0,1,1,Hispanic/Latino,88,294,294,IPEDS_EF2022A,0
2022,vassar,0,0,0,1,1,"Native Hawaiian or other Pacific Islander, non-Hispanic",0,0,0,IPEDS_EF2022A,0
2022,vassar,0,0,0,1,1,Nonresident,35,176,189,IPEDS_EF2022A,0
2022,vassar,0,0,0,1,1,Race and/or ethnicity unknown,21,55,63,IPEDS_EF2022A,0
2022,vassar,0,0,0,1,1,Total,679,2430,2459,IPEDS_EF2022A,0
2022,vassar,0,0,0,1,1,"Two or more races, non-Hispanic",54,200,200,IPEDS_EF2022A,0
2022,vassar,0,0,0,1,1,"White, non-Hispanic",375,1314,1318,IPEDS_EF2022A,0
2022,washandlee,0,0,0,1,1,"American Indian or Alaska Native, non-Hispanic",1,2,2,IPEDS_EF2022A,0
2022,washandlee,0,0,0,1,1,"Asian, non-Hispanic",23,74,74,IPEDS_EF2022A,0
2022,washandlee,0,0,0,1,1,"Black or African American, non-Hispanic",19,74,74,IPEDS_EF2022A,0
2022,washandlee,0,0,0,1,1,Hispanic/Latino,39,149,149,IPEDS_EF2022A,0
2022,washandlee,0,0,0,1,1,"Native Hawaiian or other Pacific Islander, non-Hispanic",0,2,2,IPEDS_EF2022A,0
2022,washandlee,0,0,0,1,1,Nonresident,41,119,121,IPEDS_EF2022A,0
2022,washandlee,0,0,0,1,1,Race and/or ethnicity unknown,3,10,12,IPEDS_EF2022A,0
2022,washandlee,0,0,0,1,1,Total,476,1861,1867,IPEDS_EF2022A,0
2022,washandlee,0,0,0,1,1,"Two or more races, non-Hispanic",23,85,86,IPEDS_EF2022A,0
2022,washandlee,0,0,0,1,1,"White, non-Hispanic",327,1346,1347,IPEDS_EF2022A,0
2022,wellesley,0,0,0,1,1,"American Indian or Alaska Native, non-Hispanic",2,3,3,IPEDS_EF2022A,0
2022,wellesley,0,0,0,1,1,"Asian, non-Hispanic",137,532,549,IPEDS_EF2022A,0
2022,wellesley,0,0,0,1,1,"Black or African American, non-Hispanic",44,179,182,IPEDS_EF2022A,0
2022,wellesley,0,0,0,1,1,Hispanic/Latino,87,356,357,IPEDS_EF2022A,0
2022,wellesley,0,0,0,1,1,"Native Hawaiian or other Pacific Islander, non-Hispanic",1,5,5,IPEDS_EF2022A,0
2022,wellesley,0,0,0,1,1,Nonresident,92,340,353,IPEDS_EF2022A,0
2022,wellesley,0,0,0,1,1,Race and/or ethnicity unknown,1,6,38,IPEDS_EF2022A,0
2022,wellesley,0,0,0,1,1,Total,586,2353,2447,IPEDS_EF2022A,0
2022,wellesley,0,0,0,1,1,"Two or more races, non-Hispanic",51,166,172,IPEDS_EF2022A,0
2022,wellesley,0,0,0,1,1,"White, non-Hispanic",171,766,788,IPEDS_EF2022A,0
2022,wesleyan,0,0,1,1,1,"American Indian or Alaska Native, non-Hispanic",1,1,1,IPEDS_EF2022A,0
2022,wesleyan,0,0,1,1,1,"Asian, non-Hispanic",72,271,276,IPEDS_EF2022A,0
2022,wesleyan,0,0,1,1,1,"Black or African American, non-Hispanic",43,165,176,IPEDS_EF2022A,0
2022,wesleyan,0,0,1,1,1,Hispanic/Latino,69,318,340,IPEDS_EF2022A,0
2022,wesleyan,0,0,1,1,1,"Native Hawaiian or other Pacific Islander, non-Hispanic",0,2,2,IPEDS_EF2022A,0
2022,wesleyan,0,0,1,1,1,Nonresident,81,311,317,IPEDS_EF2022A,0
2022,wesleyan,0,0,1,1,1,Race and/or ethnicity unknown,28,85,88,IPEDS_EF2022A,0
2022,wesleyan,0,0,1,1,1,Total,743,3006,3069,IPEDS_EF2022A,0
2022,wesleyan,0,0,1,1,1,"Two or more races, non-Hispanic",54,217,219,IPEDS_EF2022A,0
2022,wesleyan,0,0,1,1,1,"White, non-Hispanic",395,1636,1650,IPEDS_EF2022A,0
2022,williams,0,0,1,1,1,"American Indian or Alaska Native, non-Hispanic",0,0,0,IPEDS_EF2022A,0
2022,williams,0,0,1,1,1,"Asian, non-Hispanic",79,290,290,IPEDS_EF2022A,0
2022,williams,0,0,1,1,1,"Black or African American, non-Hispanic",41,107,107,IPEDS_EF2022A,0
2022,williams,0,0,1,1,1,Hispanic/Latino,91,271,271,IPEDS_EF2022A,0
2022,williams,0,0,1,1,1,"Native Hawaiian or other Pacific Islander, non-Hispanic",0,1,1,IPEDS_EF2022A,0
2022,williams,0,0,1,1,1,Nonresident,52,188,191,IPEDS_EF2022A,0
2022,williams,0,0,1,1,1,Race and/or ethnicity unknown,22,95,96,IPEDS_EF2022A,0
2022,williams,0,0,1,1,1,Total,577,2138,2169,IPEDS_EF2022A,0
2022,williams,0,0,1,1,1,"Two or more races, non-Hispanic",47,164,166,IPEDS_EF2022A,0
2022,williams,0,0,1,1,1,"White, non-Hispanic",245,1022,1047,IPEDS_EF2022A,0
2022,wustl,0,0,0,0,1,"American Indian or Alaska Native, non-Hispanic",0,8,9,IPEDS_EF2022A,0
2022,wustl,0,0,0,0,1,"Asian, non-Hispanic",399,1570,1583,IPEDS_EF2022A,0
2022,wustl,0,0,0,0,1,"Black or African American, non-Hispanic",152,676,750,IPEDS_EF2022A,0
2022,wustl,0,0,0,0,1,Hispanic/Latino,252,928,940,IPEDS_EF2022A,0
2022,wustl,0,0,0,0,1,"Native Hawaiian or other Pacific Islander, non-Hispanic",2,8,8,IPEDS_EF2022A,0
2022,wustl,0,0,0,0,1,Nonresident,186,581,639,IPEDS_EF2022A,0
2022,wustl,0,0,0,0,1,Race and/or ethnicity unknown,18,132,141,IPEDS_EF2022A,0
2022,wustl,0,0,0,0,1,Total,1813,7801,8132,IPEDS_EF2022A,0
2022,wustl,0,0,0,0,1,"Two or more races, non-Hispanic",117,484,492,IPEDS_EF2022A,0
2022,wustl,0,0,0,0,1,"White, non-Hispanic",687,3414,3570,IPEDS_EF2022A,0
2022,yale,1,1,0,0,1,"American Indian or Alaska Native, non-Hispanic",6,21,21,IPEDS_EF2022A,0
2022,yale,1,1,0,0,1,"Asian, non-Hispanic",349,1486,1488,IPEDS_EF2022A,0
2022,yale,1,1,0,0,1,"Black or African American, non-Hispanic",145,551,552,IPEDS_EF2022A,0
2022,yale,1,1,0,0,1,Hispanic/Latino,224,983,983,IPEDS_EF2022A,0
2022,yale,1,1,0,0,1,"Native Hawaiian or other Pacific Islander, non-Hispanic",2,10,10,IPEDS_EF2022A,0
2022,yale,1,1,0,0,1,Nonresident,180,690,690,IPEDS_EF2022A,0
2022,yale,1,1,0,0,1,Race and/or ethnicity unknown,45,93,93,IPEDS_EF2022A,0
2022,yale,1,1,0,0,1,Total,1554,6639,6645,IPEDS_EF2022A,0
2022,yale,1,1,0,0,1,"Two or more races, non-Hispanic",117,472,472,IPEDS_EF2022A,0
2022,yale,1,1,0,0,1,"White, non-Hispanic",486,2333,2336,IPEDS_EF2022A,0
2023,airforce,0,0,0,0,1,"American Indian or Alaska Native, non-Hispanic",2,6,6,IPEDS_EF2023A,0
2023,airforce,0,0,0,0,1,"Asian, non-Hispanic",97,315,315,IPEDS_EF2023A,0
2023,airforce,0,0,0,0,1,"Black or African American, non-Hispanic",42,217,217,IPEDS_EF2023A,0
2023,airforce,0,0,0,0,1,Hispanic/Latino,123,485,485,IPEDS_EF2023A,0
2023,airforce,0,0,0,0,1,"Native Hawaiian or other Pacific Islander, non-Hispanic",4,23,23,IPEDS_EF2023A,0
2023,airforce,0,0,0,0,1,Nonresident,14,58,58,IPEDS_EF2023A,0
2023,airforce,0,0,0,0,1,Race and/or ethnicity unknown,6,48,48,IPEDS_EF2023A,0
2023,airforce,0,0,0,0,1,Total,1114,4184,4184,IPEDS_EF2023A,0
2023,airforce,0,0,0,0,1,"Two or more races, non-Hispanic",98,322,322,IPEDS_EF2023A,0
2023,airforce,0,0,0,0,1,"White, non-Hispanic",728,2710,2710,IPEDS_EF2023A,0
2023,amherst,0,0,1,1,1,"American Indian or Alaska Native, non-Hispanic",0,4,4,IPEDS_EF2023A,0
2023,amherst,0,0,1,1,1,"Asian, non-Hispanic",91,297,297,IPEDS_EF2023A,0
2023,amherst,0,0,1,1,1,"Black or African American, non-Hispanic",53,214,214,IPEDS_EF2023A,0
2023,amherst,0,0,1,1,1,Hispanic/Latino,60,288,288,IPEDS_EF2023A,0
2023,amherst,0,0,1,1,1,"Native Hawaiian or other Pacific Islander, non-Hispanic",0,1,1,IPEDS_EF2023A,0
2023,amherst,0,0,1,1,1,Nonresident,62,233,236,IPEDS_EF2023A,0
2023,amherst,0,0,1,1,1,Race and/or ethnicity unknown,9,24,24,IPEDS_EF2023A,0
2023,amherst,0,0,1,1,1,Total,488,1907,1910,IPEDS_EF2023A,0
2023,amherst,0,0,1,1,1,"Two or more races, non-Hispanic",47,161,161,IPEDS_EF2023A,0
2023,amherst,0,0,1,1,1,"White, non-Hispanic",166,685,685,IPEDS_EF2023A,0
2023,army,0,0,0,0,1,"American Indian or Alaska Native, non-Hispanic",8,37,37,IPEDS_EF2023A,0
2023,army,0,0,0,0,1,"Asian, non-Hispanic",151,490,492,IPEDS_EF2023A,0
2023,army,0,0,0,0,1,"Black or African American, non-Hispanic",100,472,472,IPEDS_EF2023A,0
2023,army,0,0,0,0,1,Hispanic/Latino,130,490,491,IPEDS_EF2023A,0
2023,army,0,0,0,0,1,"Native Hawaiian or other Pacific Islander, non-Hispanic",9,31,31,IPEDS_EF2023A,0
2023,army,0,0,0,0,1,Nonresident,13,57,57,IPEDS_EF2023A,0
2023,army,0,0,0,0,1,Race and/or ethnicity unknown,0,3,61,IPEDS_EF2023A,0
2023,army,0,0,0,0,1,Total,1210,4439,4508,IPEDS_EF2023A,0
2023,army,0,0,0,0,1,"Two or more races, non-Hispanic",8,61,61,IPEDS_EF2023A,0
2023,army,0,0,0,0,1,"White, non-Hispanic",791,2798,2806,IPEDS_EF2023A,0
2023,barnard,0,0,0,1,1,"American Indian or Alaska Native, non-Hispanic",1,2,2,IPEDS_EF2023A,0
2023,barnard,0,0,0,1,1,"Asian, non-Hispanic",158,657,667,IPEDS_EF2023A,0
2023,barnard,0,0,0,1,1,"Black or African American, non-Hispanic",42,179,222,IPEDS_EF2023A,0
2023,barnard,0,0,0,1,1,Hispanic/Latino,115,502,561,IPEDS_EF2023A,0
2023,barnard,0,0,0,1,1,"Native Hawaiian or other Pacific Islander, non-Hispanic",0,0,0,IPEDS_EF2023A,0
2023,barnard,0,0,0,1,1,Nonresident,85,451,455,IPEDS_EF2023A,0
2023,barnard,0,0,0,1,1,Race and/or ethnicity unknown,18,73,73,IPEDS_EF2023A,0
2023,barnard,0,0,0,1,1,Total,711,3219,3353,IPEDS_EF2023A,0
2023,barnard,0,0,0,1,1,"Two or more races, non-Hispanic",52,244,250,IPEDS_EF2023A,0
2023,barnard,0,0,0,1,1,"White, non-Hispanic",240,1111,1123,IPEDS_EF2023A,0
2023,bates,0,0,1,1,1,"American Indian or Alaska Native, non-Hispanic",2,4,4,IPEDS_EF2023A,0
2023,bates,0,0,1,1,1,"Asian, non-Hispanic",37,115,115,IPEDS_EF2023A,0
2023,bates,0,0,1,1,1,"Black or African American, non-Hispanic",20,78,78,IPEDS_EF2023A,0
2023,bates,0,0,1,1,1,Hispanic/Latino,37,155,155,IPEDS_EF2023A,0
2023,bates,0,0,1,1,1,"Native Hawaiian or other Pacific Islander, non-Hispanic",0,1,1,IPEDS_EF2023A,0
2023,bates,0,0,1,1,1,Nonresident,53,167,167,IPEDS_EF2023A,0
2023,bates,0,0,1,1,1,Race and/or ethnicity unknown,4,10,10,IPEDS_EF2023A,0
2023,bates,0,0,1,1,1,Total,505,1753,1753,IPEDS_EF2023A,0
2023,bates,0,0,1,1,1,"Two or more races, non-Hispanic",44,147,147,IPEDS_EF2023A,0
2023,bates,0,0,1,1,1,"White, non-Hispanic",308,1076,1076,IPEDS_EF2023A,0
2023,berkeley,0,0,0,0,1,"American Indian or Alaska Native, non-Hispanic",6,38,38,IPEDS_EF2023A,0
2023,berkeley,0,0,0,0,1,"Asian, non-Hispanic",2464,11655,11657,IPEDS_EF2023A,0
2023,berkeley,0,0,0,0,1,"Black or African American, non-Hispanic",129,704,704,IPEDS_EF2023A,0
2023,berkeley,0,0,0,0,1,Hispanic/Latino,1533,7209,7210,IPEDS_EF2023A,0
2023,berkeley,0,0,0,0,1,"Native Hawaiian or other Pacific Islander, non-Hispanic",8,34,34,IPEDS_EF2023A,0
2023,berkeley,0,0,0,0,1,Nonresident,610,3799,3800,IPEDS_EF2023A,0
2023,berkeley,0,0,0,0,1,Race and/or ethnicity unknown,279,1122,1122,IPEDS_EF2023A,0
2023,berkeley,0,0,0,0,1,Total,6641,33073,33078,IPEDS_EF2023A,0
2023,berkeley,0,0,0,0,1,"Two or more races, non-Hispanic",420,2056,2056,IPEDS_EF2023A,0
2023,berkeley,0,0,0,0,1,"White, non-Hispanic",1192,6456,6457,IPEDS_EF2023A,0
2023,bowdoin,0,0,1,1,1,"American Indian or Alaska Native, non-Hispanic",0,2,2,IPEDS_EF2023A,0
2023,bowdoin,0,0,1,1,1,"Asian, non-Hispanic",68,204,204,IPEDS_EF2023A,0
2023,bowdoin,0,0,1,1,1,"Black or African American, non-Hispanic",23,101,101,IPEDS_EF2023A,0
2023,bowdoin,0,0,1,1,1,Hispanic/Latino,68,248,248,IPEDS_EF2023A,0
2023,bowdoin,0,0,1,1,1,"Native Hawaiian or other Pacific Islander, non-Hispanic",1,3,3,IPEDS_EF2023A,0
2023,bowdoin,0,0,1,1,1,Nonresident,41,125,129,IPEDS_EF2023A,0
2023,bowdoin,0,0,1,1,1,Race and/or ethnicity unknown,0,4,4,IPEDS_EF2023A,0
2023,bowdoin,0,0,1,1,1,Total,504,1846,1850,IPEDS_EF2023A,0
2023,bowdoin,0,0,1,1,1,"Two or more races, non-Hispanic",54,188,188,IPEDS_EF2023A,0
2023,bowdoin,0,0,1,1,1,"White, non-Hispanic",249,971,971,IPEDS_EF2023A,0
2023,brown,1,1,0,0,1,"American Indian or Alaska Native, non-Hispanic",3,20,20,IPEDS_EF2023A,0
2023,brown,1,1,0,0,1,"Asian, non-Hispanic",410,1487,1505,IPEDS_EF2023A,0
2023,brown,1,1,0,0,1,"Black or African American, non-Hispanic",158,632,633,IPEDS_EF2023A,0
2023,brown,1,1,0,0,1,Hispanic/Latino,230,886,902,IPEDS_EF2023A,0
2023,brown,1,1,0,0,1,"Native Hawaiian or other Pacific Islander, non-Hispanic",1,10,10,IPEDS_EF2023A,0
2023,brown,1,1,0,0,1,Nonresident,197,886,1022,IPEDS_EF2023A,0
2023,brown,1,1,0,0,1,Race and/or ethnicity unknown,31,157,438,IPEDS_EF2023A,0
2023,brown,1,1,0,0,1,Total,1695,7273,7741,IPEDS_EF2023A,0
2023,brown,1,1,0,0,1,"Two or more races, non-Hispanic",140,588,590,IPEDS_EF2023A,0
2023,brown,1,1,0,0,1,"White, non-Hispanic",525,2607,2621,IPEDS_EF2023A,0
2023,brynmawr,0,0,0,1,0,"American Indian or Alaska Native, non-Hispanic",0,1,1,IPEDS_EF2023A,0
2023,brynmawr,0,0,0,1,0,"Asian, non-Hispanic",41,154,155,IPEDS_EF2023A,0
2023,brynmawr,0,0,0,1,0,"Black or African American, non-Hispanic",14,68,68,IPEDS_EF2023A,0
2023,brynmawr,0,0,0,1,0,Hispanic/Latino,35,137,137,IPEDS_EF2023A,0
2023,brynmawr,0,0,0,1,0,"Native Hawaiian or other Pacific Islander, non-Hispanic",0,0,0,IPEDS_EF2023A,0
2023,brynmawr,0,0,0,1,0,Nonresident,39,177,179,IPEDS_EF2023A,0
2023,brynmawr,0,0,0,1,0,Race and/or ethnicity unknown,9,38,38,IPEDS_EF2023A,0
2023,brynmawr,0,0,0,1,0,Total,361,1346,1349,IPEDS_EF2023A,0
2023,brynmawr,0,0,0,1,0,"Two or more races, non-Hispanic",32,96,96,IPEDS_EF2023A,0
2023,brynmawr,0,0,0,1,0,"White, non-Hispanic",191,675,675,IPEDS_EF2023A,0
2023,bucknell,0,0,0,1,0,"American Indian or Alaska Native, non-Hispanic",1,1,1,IPEDS_EF2023A,0
2023,bucknell,0,0,0,1,0,"Asian, non-Hispanic",50,173,174,IPEDS_EF2023A,0
2023,bucknell,0,0,0,1,0,"Black or African American, non-Hispanic",42,167,167,IPEDS_EF2023A,0
2023,bucknell,0,0,0,1,0,Hispanic/Latino,94,304,306,IPEDS_EF2023A,0
2023,bucknell,0,0,0,1,0,"Native Hawaiian or other Pacific Islander, non-Hispanic",0,1,1,IPEDS_EF2023A,0
2023,bucknell,0,0,0,1,0,Nonresident,47,169,175,IPEDS_EF2023A,0
2023,bucknell,0,0,0,1,0,Race and/or ethnicity unknown,1,2,14,IPEDS_EF2023A,0
2023,bucknell,0,0,0,1,0,Total,1030,3818,3846,IPEDS_EF2023A,0
2023,bucknell,0,0,0,1,0,"Two or more races, non-Hispanic",41,152,152,IPEDS_EF2023A,0
2023,bucknell,0,0,0,1,0,"White, non-Hispanic",754,2849,2856,IPEDS_EF2023A,0
2023,caltech,0,1,0,0,1,"American Indian or Alaska Native, non-Hispanic",1,2,2,IPEDS_EF2023A,0
2023,caltech,0,1,0,0,1,"Asian, non-Hispanic",105,362,362,IPEDS_EF2023A,0
2023,caltech,0,1,0,0,1,"Black or African American, non-Hispanic",11,38,38,IPEDS_EF2023A,0
2023,caltech,0,1,0,0,1,Hispanic/Latino,28,194,194,IPEDS_EF2023A,0
2023,caltech,0,1,0,0,1,"Native Hawaiian or other Pacific Islander, non-Hispanic",0,0,0,IPEDS_EF2023A,0
2023,caltech,0,1,0,0,1,Nonresident,47,126,126,IPEDS_EF2023A,0
2023,caltech,0,1,0,0,1,Race and/or ethnicity unknown,0,5,5,IPEDS_EF2023A,0
2023,caltech,0,1,0,0,1,Total,266,1023,1023,IPEDS_EF2023A,0
2023,caltech,0,1,0,0,1,"Two or more races, non-Hispanic",18,92,92,IPEDS_EF2023A,0
2023,caltech,0,1,0,0,1,"White, non-Hispanic",56,204,204,IPEDS_EF2023A,0
2023,carleton,0,0,0,1,1,"American Indian or Alaska Native, non-Hispanic",1,2,2,IPEDS_EF2023A,0
2023,carleton,0,0,0,1,1,"Asian, non-Hispanic",63,211,214,IPEDS_EF2023A,0
2023,carleton,0,0,0,1,1,"Black or African American, non-Hispanic",37,138,141,IPEDS_EF2023A,0
2023,carleton,0,0,0,1,1,Hispanic/Latino,56,201,205,IPEDS_EF2023A,0
2023,carleton,0,0,0,1,1,"Native Hawaiian or other Pacific Islander, non-Hispanic",0,1,1,IPEDS_EF2023A,0
2023,carleton,0,0,0,1,1,Nonresident,54,198,207,IPEDS_EF2023A,0
2023,carleton,0,0,0,1,1,Race and/or ethnicity unknown,11,46,47,IPEDS_EF2023A,0
2023,carleton,0,0,0,1,1,Total,538,2019,2069,IPEDS_EF2023A,0
2023,carleton,0,0,0,1,1,"Two or more races, non-Hispanic",50,181,186,IPEDS_EF2023A,0
2023,carleton,0,0,0,1,1,"White, non-Hispanic",266,1041,1066,IPEDS_EF2023A,0
2023,clark,0,0,0,1,0,"American Indian or Alaska Native, non-Hispanic",0,0,0,IPEDS_EF2023A,0
2023,clark,0,0,0,1,0,"Asian, non-Hispanic",49,161,165,IPEDS_EF2023A,0
2023,clark,0,0,0,1,0,"Black or African American, non-Hispanic",51,138,138,IPEDS_EF2023A,0
2023,clark,0,0,0,1,0,Hispanic/Latino,100,274,287,IPEDS_EF2023A,0
2023,clark,0,0,0,1,0,"Native Hawaiian or other Pacific Islander, non-Hispanic",0,1,1,IPEDS_EF2023A,0
2023,clark,0,0,0,1,0,Nonresident,24,121,124,IPEDS_EF2023A,0
2023,clark,0,0,0,1,0,Race and/or ethnicity unknown,9,74,80,IPEDS_EF2023A,0
2023,clark,0,0,0,1,0,Total,629,2336,2369,IPEDS_EF2023A,0
2023,clark,0,0,0,1,0,"Two or more races, non-Hispanic",27,102,102,IPEDS_EF2023A,0
2023,clark,0,0,0,1,0,"White, non-Hispanic",369,1465,1472,IPEDS_EF2023A,0
2023,cmc,0,0,0,0,1,"American Indian or Alaska Native, non-Hispanic",0,0,0,IPEDS_EF2023A,0
2023,cmc,0,0,0,0,1,"Asian, non-Hispanic",52,216,216,IPEDS_EF2023A,0
2023,cmc,0,0,0,0,1,"Black or African American, non-Hispanic",5,70,70,IPEDS_EF2023A,0
2023,cmc,0,0,0,0,1,Hispanic/Latino,37,212,212,IPEDS_EF2023A,0
2023,cmc,0,0,0,0,1,"Native Hawaiian or other Pacific Islander, non-Hispanic",0,2,2,IPEDS_EF2023A,0
2023,cmc,0,0,0,0,1,Nonresident,45,199,201,IPEDS_EF2023A,0
2023,cmc,0,0,0,0,1,Race and/or ethnicity unknown,13,62,62,IPEDS_EF2023A,0
2023,cmc,0,0,0,0,1,Total,321,1379,1381,IPEDS_EF2023A,0
2023,cmc,0,0,0,0,1,"Two or more races, non-Hispanic",37,113,113,IPEDS_EF2023A,0
2023,cmc,0,0,0,0,1,"White, non-Hispanic",132,505,505,IPEDS_EF2023A,0
2023,cmu,0,0,0,0,1,"American Indian or Alaska Native, non-Hispanic",0,2,2,IPEDS_EF2023A,0
2023,cmu,0,0,0,0,1,"Asian, non-Hispanic",603,2412,2421,IPEDS_EF2023A,0
2023,cmu,0,0,0,0,1,"Black or African American, non-Hispanic",77,305,308,IPEDS_EF2023A,0
2023,cmu,0,0,0,0,1,Hispanic/Latino,203,776,782,IPEDS_EF2023A,0
2023,cmu,0,0,0,0,1,"Native Hawaiian or other Pacific Islander, non-Hispanic",0,3,3,IPEDS_EF2023A,0
2023,cmu,0,0,0,0,1,Nonresident,276,1375,1393,IPEDS_EF2023A,0
2023,cmu,0,0,0,0,1,Race and/or ethnicity unknown,86,371,410,IPEDS_EF2023A,0
2023,cmu,0,0,0,0,1,Total,1708,7187,7289,IPEDS_EF2023A,0
2023,cmu,0,0,0,0,1,"Two or more races, non-Hispanic",98,389,390,IPEDS_EF2023A,0
2023,cmu,0,0,0,0,1,"White, non-Hispanic",365,1554,1580,IPEDS_EF2023A,0
2023,colby,0,0,1,1,1,"American Indian or Alaska Native, non-Hispanic",0,2,2,IPEDS_EF2023A,0
2023,colby,0,0,1,1,1,"Asian, non-Hispanic",71,245,245,IPEDS_EF2023A,0
2023,colby,0,0,1,1,1,"Black or African American, non-Hispanic",34,124,124,IPEDS_EF2023A,0
2023,colby,0,0,1,1,1,Hispanic/Latino,58,189,189,IPEDS_EF2023A,0
2023,colby,0,0,1,1,1,"Native Hawaiian or other Pacific Islander, non-Hispanic",0,2,2,IPEDS_EF2023A,0
2023,colby,0,0,1,1,1,Nonresident,71,252,252,IPEDS_EF2023A,0
2023,colby,0,0,1,1,1,Race and/or ethnicity unknown,21,83,85,IPEDS_EF2023A,0
2023,colby,0,0,1,1,1,Total,605,2282,2284,IPEDS_EF2023A,0
2023,colby,0,0,1,1,1,"Two or more races, non-Hispanic",48,163,163,IPEDS_EF2023A,0
2023,colby,0,0,1,1,1,"White, non-Hispanic",302,1222,1222,IPEDS_EF2023A,0
2023,colgate,0,0,0,0,1,"American Indian or Alaska Native, non-Hispanic",1,4,4,IPEDS_EF2023A,0
2023,colgate,0,0,0,0,1,"Asian, non-Hispanic",42,171,172,IPEDS_EF2023A,0
2023,colgate,0,0,0,0,1,"Black or African American, non-Hispanic",33,138,139,IPEDS_EF2023A,0
2023,colgate,0,0,0,0,1,Hispanic/Latino,71,295,295,IPEDS_EF2023A,0
2023,colgate,0,0,0,0,1,"Native Hawaiian or other Pacific Islander, non-Hispanic",1,4,4,IPEDS_EF2023A,0
2023,colgate,0,0,0,0,1,Nonresident,71,259,260,IPEDS_EF2023A,0
2023,colgate,0,0,0,0,1,Race and/or ethnicity unknown,13,57,57,IPEDS_EF2023A,0
2023,colgate,0,0,0,0,1,Total,807,3122,3131,IPEDS_EF2023A,0
2023,colgate,0,0,0,0,1,"Two or more races, non-Hispanic",56,174,175,IPEDS_EF2023A,0
2023,colgate,0,0,0,0,1,"White, non-Hispanic",519,2020,2025,IPEDS_EF2023A,0
2023,columbia,1,1,0,0,1,"American Indian or Alaska Native, non-Hispanic",8,27,27,IPEDS_EF2023A,0
2023,columbia,1,1,0,0,1,"Asian, non-Hispanic",299,1639,1647,IPEDS_EF2023A,0
2023,columbia,1,1,0,0,1,"Black or African American, non-Hispanic",146,691,695,IPEDS_EF2023A,0
2023,columbia,1,1,0,0,1,Hispanic/Latino,282,1446,1451,IPEDS_EF2023A,0
2023,columbia,1,1,0,0,1,"Native Hawaiian or other Pacific Islander, non-Hispanic",2,19,19,IPEDS_EF2023A,0
2023,columbia,1,1,0,0,1,Nonresident,266,1632,1756,IPEDS_EF2023A,0
2023,columbia,1,1,0,0,1,Race and/or ethnicity unknown,26,210,261,IPEDS_EF2023A,0
2023,columbia,1,1,0,0,1,Total,1540,8899,9111,IPEDS_EF2023A,0
2023,columbia,1,1,0,0,1,"Two or more races, non-Hispanic",114,577,580,IPEDS_EF2023A,0
2023,columbia,1,1,0,0,1,"White, non-Hispanic",397,2658,2675,IPEDS_EF2023A,0
2023,conncoll,0,0,1,1,0,"American Indian or Alaska Native, non-Hispanic",0,0,0,IPEDS_EF2023A,0
2023,conncoll,0,0,1,1,0,"Asian, non-Hispanic",25,71,73,IPEDS_EF2023A,0
2023,conncoll,0,0,1,1,0,"Black or African American, non-Hispanic",23,86,88,IPEDS_EF2023A,0
2023,conncoll,0,0,1,1,0,Hispanic/Latino,57,227,228,IPEDS_EF2023A,0
2023,conncoll,0,0,1,1,0,"Native Hawaiian or other Pacific Islander, non-Hispanic",0,2,2,IPEDS_EF2023A,0
2023,conncoll,0,0,1,1,0,Nonresident,25,119,119,IPEDS_EF2023A,0
2023,conncoll,0,0,1,1,0,Race and/or ethnicity unknown,6,33,37,IPEDS_EF2023A,0
2023,conncoll,0,0,1,1,0,Total,555,1960,1995,IPEDS_EF2023A,0
2023,conncoll,0,0,1,1,0,"Two or more races, non-Hispanic",28,76,76,IPEDS_EF2023A,0
2023,conncoll,0,0,1,1,0,"White, non-Hispanic",391,1346,1372,IPEDS_EF2023A,0
2023,cornell,1,1,0,0,1,"American Indian or Alaska Native, non-Hispanic",10,35,35,IPEDS_EF2023A,0
2023,cornell,1,1,0,0,1,"Asian, non-Hispanic",962,4006,4006,IPEDS_EF2023A,0
2023,cornell,1,1,0,0,1,"Black or African American, non-Hispanic",261,1192,1192,IPEDS_EF2023A,0
2023,cornell,1,1,0,0,1,Hispanic/Latino,531,2328,2328,IPEDS_EF2023A,0
2023,cornell,1,1,0,0,1,"Native Hawaiian or other Pacific Islander, non-Hispanic",8,24,24,IPEDS_EF2023A,0
2023,cornell,1,1,0,0,1,Nonresident,358,1527,1642,IPEDS_EF2023A,0
2023,cornell,1,1,0,0,1,Race and/or ethnicity unknown,181,937,938,IPEDS_EF2023A,0
2023,cornell,1,1,0,0,1,Total,3537,15935,16051,IPEDS_EF2023A,0
2023,cornell,1,1,0,0,1,"Two or more races, non-Hispanic",212,879,879,IPEDS_EF2023A,0
2023,cornell,1,1,0,0,1,"White, non-Hispanic",1014,5007,5007,IPEDS_EF2023A,0
2023,dartmouth,1,1,0,0,1,"American Indian or Alaska Native, non-Hispanic",13,47,47,IPEDS_EF2023A,0
2023,dartmouth,1,1,0,0,1,"Asian, non-Hispanic",177,611,616,IPEDS_EF2023A,0
2023,dartmouth,1,1,0,0,1,"Black or African American, non-Hispanic",75,272,272,IPEDS_EF2023A,0
2023,dartmouth,1,1,0,0,1,Hispanic/Latino,103,413,416,IPEDS_EF2023A,0
2023,dartmouth,1,1,0,0,1,"Native Hawaiian or other Pacific Islander, non-Hispanic",0,0,0,IPEDS_EF2023A,0
2023,dartmouth,1,1,0,0,1,Nonresident,174,603,637,IPEDS_EF2023A,0
2023,dartmouth,1,1,0,0,1,Race and/or ethnicity unknown,31,88,106,IPEDS_EF2023A,0
2023,dartmouth,1,1,0,0,1,Total,1206,4367,4447,IPEDS_EF2023A,0
2023,dartmouth,1,1,0,0,1,"Two or more races, non-Hispanic",94,308,308,IPEDS_EF2023A,0
2023,dartmouth,1,1,0,0,1,"White, non-Hispanic",539,2025,2045,IPEDS_EF2023A,0
2023,davidson,0,0,0,1,1,"American Indian or Alaska Native, non-Hispanic",2,5,5,IPEDS_EF2023A,0
2023,davidson,0,0,0,1,1,"Asian, non-Hispanic",34,112,112,IPEDS_EF2023A,0
2023,davidson,0,0,0,1,1,"Black or African American, non-Hispanic",35,129,129,IPEDS_EF2023A,0
2023,davidson,0,0,0,1,1,Hispanic/Latino,58,192,192,IPEDS_EF2023A,0
2023,davidson,0,0,0,1,1,"Native Hawaiian or other Pacific Islander, non-Hispanic",0,1,1,IPEDS_EF2023A,0
2023,davidson,0,0,0,1,1,Nonresident,56,184,186,IPEDS_EF2023A,0
2023,davidson,0,0,0,1,1,Race and/or ethnicity unknown,7,23,24,IPEDS_EF2023A,0
2023,davidson,0,0,0,1,1,Total,519,1901,1904,IPEDS_EF2023A,0
2023,davidson,0,0,0,1,1,"Two or more races, non-Hispanic",14,92,92,IPEDS_EF2023A,0
2023,davidson,0,0,0,1,1,"White, non-Hispanic",313,1163,1163,IPEDS_EF2023A,0
2023,duke,0,1,0,0,1,"American Indian or Alaska Native, non-Hispanic",1,11,11,IPEDS_EF2023A,0
2023,duke,0,1,0,0,1,"Asian, non-Hispanic",421,1487,1491,IPEDS_EF2023A,0
2023,duke,0,1,0,0,1,"Black or African American, non-Hispanic",131,545,548,IPEDS_EF2023A,0
2023,duke,0,1,0,0,1,Hispanic/Latino,173,691,698,IPEDS_EF2023A,0
2023,duke,0,1,0,0,1,"Native Hawaiian or other Pacific Islander, non-Hispanic",1,4,4,IPEDS_EF2023A,0
2023,duke,0,1,0,0,1,Nonresident,184,625,635,IPEDS_EF2023A,0
2023,duke,0,1,0,0,1,Race and/or ethnicity unknown,77,256,288,IPEDS_EF2023A,0
2023,duke,0,1,0,0,1,Total,1741,6417,6488,IPEDS_EF2023A,0
2023,duke,0,1,0,0,1,"Two or more races, non-Hispanic",128,481,483,IPEDS_EF2023A,0
2023,duke,0,1,0,0,1,"White, non-Hispanic",625,2317,2330,IPEDS_EF2023A,0
2023,emory,0,0,0,0,1,"American Indian or Alaska Native, non-Hispanic",1,5,5,IPEDS_EF2023A,0
2023,emory,0,0,0,0,1,"Asian, non-Hispanic",365,1832,1841,IPEDS_EF2023A,0
2023,emory,0,0,0,0,1,"Black or African American, non-Hispanic",142,678,684,IPEDS_EF2023A,0
2023,emory,0,0,0,0,1,Hispanic/Latino,186,860,860,IPEDS_EF2023A,0
2023,emory,0,0,0,0,1,"Native Hawaiian or other Pacific Islander, non-Hispanic",0,0,0,IPEDS_EF2023A,0
2023,emory,0,0,0,0,1,Nonresident,248,1180,1242,IPEDS_EF2023A,0
2023,emory,0,0,0,0,1,Race and/or ethnicity unknown,19,107,109,IPEDS_EF2023A,0
2023,emory,0,0,0,0,1,Total,1426,7275,7359,IPEDS_EF2023A,0
2023,emory,0,0,0,0,1,"Two or more races, non-Hispanic",71,347,347,IPEDS_EF2023A,0
2023,emory,0,0,0,0,1,"White, non-Hispanic",394,2266,2271,IPEDS_EF2023A,0
2023,fandm,0,0,0,1,0,"American Indian or Alaska Native, non-Hispanic",2,4,4,IPEDS_EF2023A,0
2023,fandm,0,0,0,1,0,"Asian, non-Hispanic",30,94,95,IPEDS_EF2023A,0
2023,fandm,0,0,0,1,0,"Black or African American, non-Hispanic",20,97,97,IPEDS_EF2023A,0
2023,fandm,0,0,0,1,0,Hispanic/Latino,51,193,194,IPEDS_EF2023A,0
2023,fandm,0,0,0,1,0,"Native Hawaiian or other Pacific Islander, non-Hispanic",0,0,0,IPEDS_EF2023A,0
2023,fandm,0,0,0,1,0,Nonresident,80,327,327,IPEDS_EF2023A,0
2023,fandm,0,0,0,1,0,Race and/or ethnicity unknown,4,14,14,IPEDS_EF2023A,0
2023,fandm,0,0,0,1,0,Total,553,1904,1911,IPEDS_EF2023A,0
2023,fandm,0,0,0,1,0,"Two or more races, non-Hispanic",18,69,70,IPEDS_EF2023A,0
2023,fandm,0,0,0,1,0,"White, non-Hispanic",348,1106,1110,IPEDS_EF2023A,0
2023,georgetown,0,0,0,0,1,"American Indian or Alaska Native, non-Hispanic",1,5,5,IPEDS_EF2023A,0
2023,georgetown,0,0,0,0,1,"Asian, non-Hispanic",297,1130,1133,IPEDS_EF2023A,0
2023,georgetown,0,0,0,0,1,"Black or African American, non-Hispanic",87,377,385,IPEDS_EF2023A,0
2023,georgetown,0,0,0,0,1,Hispanic/Latino,72,464,467,IPEDS_EF2023A,0
2023,georgetown,0,0,0,0,1,"Native Hawaiian or other Pacific Islander, non-Hispanic",2,11,11,IPEDS_EF2023A,0
2023,georgetown,0,0,0,0,1,Nonresident,136,1026,1127,IPEDS_EF2023A,0
2023,georgetown,0,0,0,0,1,Race and/or ethnicity unknown,53,374,724,IPEDS_EF2023A,0
2023,georgetown,0,0,0,0,1,Total,1599,7462,7968,IPEDS_EF2023A,0
2023,georgetown,0,0,0,0,1,"Two or more races, non-Hispanic",114,453,455,IPEDS_EF2023A,0
2023,georgetown,0,0,0,0,1,"White, non-Hispanic",837,3622,3661,IPEDS_EF2023A,0
2023,grinnell,0,0,0,0,1,"American Indian or Alaska Native, non-Hispanic",1,1,3,IPEDS_EF2023A,0
2023,grinnell,0,0,0,0,1,"Asian, non-Hispanic",48,143,147,IPEDS_EF2023A,0
2023,grinnell,0,0,0,0,1,"Black or African American, non-Hispanic",24,85,91,IPEDS_EF2023A,0
2023,grinnell,0,0,0,0,1,Hispanic/Latino,35,141,145,IPEDS_EF2023A,0
2023,grinnell,0,0,0,0,1,"Native Hawaiian or other Pacific Islander, non-Hispanic",0,0,0,IPEDS_EF2023A,0
2023,grinnell,0,0,0,0,1,Nonresident,92,328,329,IPEDS_EF2023A,0
2023,grinnell,0,0,0,0,1,Race and/or ethnicity unknown,3,29,40,IPEDS_EF2023A,0
2023,grinnell,0,0,0,0,1,Total,457,1705,1775,IPEDS_EF2023A,0
2023,grinnell,0,0,0,0,1,"Two or more races, non-Hispanic",33,96,100,IPEDS_EF2023A,0
2023,grinnell,0,0,0,0,1,"White, non-Hispanic",221,882,920,IPEDS_EF2023A,0
2023,hamilton,0,0,1,1,1,"American Indian or Alaska Native, non-Hispanic",0,0,0,IPEDS_EF2023A,0
2023,hamilton,0,0,1,1,1,"Asian, non-Hispanic",45,182,182,IPEDS_EF2023A,0
2023,hamilton,0,0,1,1,1,"Black or African American, non-Hispanic",14,59,59,IPEDS_EF2023A,0
2023,hamilton,0,0,1,1,1,Hispanic/Latino,39,185,185,IPEDS_EF2023A,0
2023,hamilton,0,0,1,1,1,"Native Hawaiian or other Pacific Islander, non-Hispanic",0,0,0,IPEDS_EF2023A,0
2023,hamilton,0,0,1,1,1,Nonresident,39,154,154,IPEDS_EF2023A,0
2023,hamilton,0,0,1,1,1,Race and/or ethnicity unknown,11,28,31,IPEDS_EF2023A,0
2023,hamilton,0,0,1,1,1,Total,462,2045,2048,IPEDS_EF2023A,0
2023,hamilton,0,0,1,1,1,"Two or more races, non-Hispanic",31,113,113,IPEDS_EF2023A,0
2023,hamilton,0,0,1,1,1,"White, non-Hispanic",283,1324,1324,IPEDS_EF2023A,0
2023,hampshire,0,0,0,1,0,"American Indian or Alaska Native, non-Hispanic",0,3,3,IPEDS_EF2023A,0
2023,hampshire,0,0,0,1,0,"Asian, non-Hispanic",13,22,22,IPEDS_EF2023A,0
2023,hampshire,0,0,0,1,0,"Black or African American, non-Hispanic",17,47,47,IPEDS_EF2023A,0
2023,hampshire,0,0,0,1,0,Hispanic/Latino,38,95,95,IPEDS_EF2023A,0
2023,hampshire,0,0,0,1,0,"Native Hawaiian or other Pacific Islander, non-Hispanic",0,0,0,IPEDS_EF2023A,0
2023,hampshire,0,0,0,1,0,Nonresident,16,48,49,IPEDS_EF2023A,0
2023,hampshire,0,0,0,1,0,Race and/or ethnicity unknown,13,31,31,IPEDS_EF2023A,0
2023,hampshire,0,0,0,1,0,Total,259,716,717,IPEDS_EF2023A,0
2023,hampshire,0,0,0,1,0,"Two or more races, non-Hispanic",16,48,48,IPEDS_EF2023A,0
2023,hampshire,0,0,0,1,0,"White, non-Hispanic",146,422,422,IPEDS_EF2023A,0
2023,harvard,1,1,0,0,1,"American Indian or Alaska Native, non-Hispanic",7,25,26,IPEDS_EF2023A,0
2023,harvard,1,1,0,0,1,"Asian, non-Hispanic",411,1741,1874,IPEDS_EF2023A,0
2023,harvard,1,1,0,0,1,"Black or African American, non-Hispanic",169,720,790,IPEDS_EF2023A,0
2023,harvard,1,1,0,0,1,Hispanic/Latino,179,911,1054,IPEDS_EF2023A,0
2023,harvard,1,1,0,0,1,"Native Hawaiian or other Pacific Islander, non-Hispanic",0,12,13,IPEDS_EF2023A,0
2023,harvard,1,1,0,0,1,Nonresident,250,1050,1286,IPEDS_EF2023A,0
2023,harvard,1,1,0,0,1,Race and/or ethnicity unknown,33,182,505,IPEDS_EF2023A,0
2023,harvard,1,1,0,0,1,Total,1644,7755,9095,IPEDS_EF2023A,0
2023,harvard,1,1,0,0,1,"Two or more races, non-Hispanic",137,572,622,IPEDS_EF2023A,0
2023,harvard,1,1,0,0,1,"White, non-Hispanic",458,2542,2925,IPEDS_EF2023A,0
2023,haverford,0,0,0,1,0,"American Indian or Alaska Native, non-Hispanic",0,0,0,IPEDS_EF2023A,0
2023,haverford,0,0,0,1,0,"Asian, non-Hispanic",47,175,176,IPEDS_EF2023A,0
2023,haverford,0,0,0,1,0,"Black or African American, non-Hispanic",16,74,74,IPEDS_EF2023A,0
2023,haverford,0,0,0,1,0,Hispanic/Latino,42,175,175,IPEDS_EF2023A,0
2023,haverford,0,0,0,1,0,"Native Hawaiian or other Pacific Islander, non-Hispanic",0,0,0,IPEDS_EF2023A,0
2023,haverford,0,0,0,1,0,Nonresident,47,154,154,IPEDS_EF2023A,0
2023,haverford,0,0,0,1,0,Race and/or ethnicity unknown,2,11,12,IPEDS_EF2023A,0
2023,haverford,0,0,0,1,0,Total,373,1421,1424,IPEDS_EF2023A,0
2023,haverford,0,0,0,1,0,"Two or more races, non-Hispanic",38,141,141,IPEDS_EF2023A,0
2023,haverford,0,0,0,1,0,"White, non-Hispanic",181,691,692,IPEDS_EF2023A,0
2023,hmc,0,0,0,0,1,"American Indian or Alaska Native, non-Hispanic",0,2,2,IPEDS_EF2023A,0
2023,hmc,0,0,0,0,1,"Asian, non-Hispanic",41,204,219,IPEDS_EF2023A,0
2023,hmc,0,0,0,0,1,"Black or African American, non-Hispanic",8,48,48,IPEDS_EF2023A,0
2023,hmc,0,0,0,0,1,Hispanic/Latino,56,212,213,IPEDS_EF2023A,0
2023,hmc,0,0,0,0,1,"Native Hawaiian or other Pacific Islander, non-Hispanic",1,1,1,IPEDS_EF2023A,0
2023,hmc,0,0,0,0,1,Nonresident,31,95,98,IPEDS_EF2023A,0
2023,hmc,0,0,0,0,1,Race and/or ethnicity unknown,12,43,57,IPEDS_EF2023A,0
2023,hmc,0,0,0,0,1,Total,224,915,949,IPEDS_EF2023A,0
2023,hmc,0,0,0,0,1,"Two or more races, non-Hispanic",28,99,99,IPEDS_EF2023A,0
2023,hmc,0,0,0,0,1,"White, non-Hispanic",47,211,212,IPEDS_EF2023A,0
2023,jhu,0,1,0,0,1,"American Indian or Alaska Native, non-Hispanic",4,8,9,IPEDS_EF2023A,0
2023,jhu,0,1,0,0,1,"Asian, non-Hispanic",363,1496,1551,IPEDS_EF2023A,0
2023,jhu,0,1,0,0,1,"Black or African American, non-Hispanic",139,533,596,IPEDS_EF2023A,0
2023,jhu,0,1,0,0,1,Hispanic/Latino,295,1163,1209,IPEDS_EF2023A,0
2023,jhu,0,1,0,0,1,"Native Hawaiian or other Pacific Islander, non-Hispanic",2,3,4,IPEDS_EF2023A,0
2023,jhu,0,1,0,0,1,Nonresident,222,846,893,IPEDS_EF2023A,0
2023,jhu,0,1,0,0,1,Race and/or ethnicity unknown,23,86,120,IPEDS_EF2023A,0
2023,jhu,0,1,0,0,1,Total,1418,5617,6089,IPEDS_EF2023A,0
2023,jhu,0,1,0,0,1,"Two or more races, non-Hispanic",97,358,378,IPEDS_EF2023A,0
2023,jhu,0,1,0,0,1,"White, non-Hispanic",273,1124,1329,IPEDS_EF2023A,0
2023,macalester,0,0,0,1,0,"American Indian or Alaska Native, non-Hispanic",0,4,4,IPEDS_EF2023A,0
2023,macalester,0,0,0,1,0,"Asian, non-Hispanic",42,182,182,IPEDS_EF2023A,0
2023,macalester,0,0,0,1,0,"Black or African American, non-Hispanic",26,123,123,IPEDS_EF2023A,0
2023,macalester,0,0,0,1,0,Hispanic/Latino,65,241,241,IPEDS_EF2023A,0
2023,macalester,0,0,0,1,0,"Native Hawaiian or other Pacific Islander, non-Hispanic",3,5,5,IPEDS_EF2023A,0
2023,macalester,0,0,0,1,0,Nonresident,93,283,290,IPEDS_EF2023A,0
2023,macalester,0,0,0,1,0,Race and/or ethnicity unknown,6,12,14,IPEDS_EF2023A,0
2023,macalester,0,0,0,1,0,Total,518,2131,2142,IPEDS_EF2023A,0
2023,macalester,0,0,0,1,0,"Two or more races, non-Hispanic",45,179,179,IPEDS_EF2023A,0
2023,macalester,0,0,0,1,0,"White, non-Hispanic",238,1102,1104,IPEDS_EF2023A,0
2023,middlebury,0,0,1,1,1,"American Indian or Alaska Native, non-Hispanic",0,1,1,IPEDS_EF2023A,0
2023,middlebury,0,0,1,1,1,"Asian, non-Hispanic",60,218,218,IPEDS_EF2023A,0
2023,middlebury,0,0,1,1,1,"Black or African American, non-Hispanic",34,157,157,IPEDS_EF2023A,0
2023,middlebury,0,0,1,1,1,Hispanic/Latino,82,327,328,IPEDS_EF2023A,0
2023,middlebury,0,0,1,1,1,"Native Hawaiian or other Pacific Islander, non-Hispanic",0,0,0,IPEDS_EF2023A,0
2023,middlebury,0,0,1,1,1,Nonresident,77,305,319,IPEDS_EF2023A,0
2023,middlebury,0,0,1,1,1,Race and/or ethnicity unknown,8,22,22,IPEDS_EF2023A,0
2023,middlebury,0,0,1,1,1,Total,615,2785,2800,IPEDS_EF2023A,0
2023,middlebury,0,0,1,1,1,"Two or more races, non-Hispanic",52,208,208,IPEDS_EF2023A,0
2023,middlebury,0,0,1,1,1,"White, non-Hispanic",302,1547,1547,IPEDS_EF2023A,0
2023,mit,0,1,0,0,1,"American Indian or Alaska Native, non-Hispanic",2,7,7,IPEDS_EF2023A,0
2023,mit,0,1,0,0,1,"Asian, non-Hispanic",387,1582,1582,IPEDS_EF2023A,0
2023,mit,0,1,0,0,1,"Black or African American, non-Hispanic",98,396,396,IPEDS_EF2023A,0
2023,mit,0,1,0,0,1,Hispanic/Latino,171,664,664,IPEDS_EF2023A,0
2023,mit,0,1,0,0,1,"Native Hawaiian or other Pacific Islander, non-Hispanic",0,1,1,IPEDS_EF2023A,0
2023,mit,0,1,0,0,1,Nonresident,109,500,505,IPEDS_EF2023A,0
2023,mit,0,1,0,0,1,Race and/or ethnicity unknown,26,133,133,IPEDS_EF2023A,0
2023,mit,0,1,0,0,1,Total,1091,4571,4576,IPEDS_EF2023A,0
2023,mit,0,1,0,0,1,"Two or more races, non-Hispanic",82,327,327,IPEDS_EF2023A,0
2023,mit,0,1,0,0,1,"White, non-Hispanic",216,961,961,IPEDS_EF2023A,0
2023,mtholyoke,0,0,0,1,0,"American Indian or Alaska Native, non-Hispanic",0,1,1,IPEDS_EF2023A,0
2023,mtholyoke,0,0,0,1,0,"Asian, non-Hispanic",46,156,157,IPEDS_EF2023A,0
2023,mtholyoke,0,0,0,1,0,"Black or African American, non-Hispanic",38,120,121,IPEDS_EF2023A,0
2023,mtholyoke,0,0,0,1,0,Hispanic/Latino,65,202,202,IPEDS_EF2023A,0
2023,mtholyoke,0,0,0,1,0,"Native Hawaiian or other Pacific Islander, non-Hispanic",0,0,0,IPEDS_EF2023A,0
2023,mtholyoke,0,0,0,1,0,Nonresident,143,485,493,IPEDS_EF2023A,0
2023,mtholyoke,0,0,0,1,0,Race and/or ethnicity unknown,1,14,14,IPEDS_EF2023A,0
2023,mtholyoke,0,0,0,1,0,Total,587,2198,2209,IPEDS_EF2023A,0
2023,mtholyoke,0,0,0,1,0,"Two or more races, non-Hispanic",37,111,111,IPEDS_EF2023A,0
2023,mtholyoke,0,0,0,1,0,"White, non-Hispanic",257,1109,1110,IPEDS_EF2023A,0
2023,navy,0,0,0,0,1,"American Indian or Alaska Native, non-Hispanic",4,9,9,IPEDS_EF2023A,0
2023,navy,0,0,0,0,1,"Asian, non-Hispanic",125,432,432,IPEDS_EF2023A,0
2023,navy,0,0,0,0,1,"Black or African American, non-Hispanic",90,283,283,IPEDS_EF2023A,0
2023,navy,0,0,0,0,1,Hispanic/Latino,175,641,641,IPEDS_EF2023A,0
2023,navy,0,0,0,0,1,"Native Hawaiian or other Pacific Islander, non-Hispanic",6,16,16,IPEDS_EF2023A,0
2023,navy,0,0,0,0,1,Nonresident,15,57,57,IPEDS_EF2023A,0
2023,navy,0,0,0,0,1,Race and/or ethnicity unknown,19,56,56,IPEDS_EF2023A,0
2023,navy,0,0,0,0,1,Total,1157,4465,4465,IPEDS_EF2023A,0
2023,navy,0,0,0,0,1,"Two or more races, non-Hispanic",104,388,388,IPEDS_EF2023A,0
2023,navy,0,0,0,0,1,"White, non-Hispanic",619,2583,2583,IPEDS_EF2023A,0
2023,northwestern,0,0,0,0,1,"American Indian or Alaska Native, non-Hispanic",1,9,9,IPEDS_EF2023A,0
2023,northwestern,0,0,0,0,1,"Asian, non-Hispanic",489,1942,1954,IPEDS_EF2023A,0
2023,northwestern,0,0,0,0,1,"Black or African American, non-Hispanic",181,661,666,IPEDS_EF2023A,0
2023,northwestern,0,0,0,0,1,Hispanic/Latino,365,1349,1356,IPEDS_EF2023A,0
2023,northwestern,0,0,0,0,1,"Native Hawaiian or other Pacific Islander, non-Hispanic",0,8,9,IPEDS_EF2023A,0
2023,northwestern,0,0,0,0,1,Nonresident,219,924,937,IPEDS_EF2023A,0
2023,northwestern,0,0,0,0,1,Race and/or ethnicity unknown,67,328,438,IPEDS_EF2023A,0
2023,northwestern,0,0,0,0,1,Total,2111,8960,9157,IPEDS_EF2023A,0
2023,northwestern,0,0,0,0,1,"Two or more races, non-Hispanic",181,685,689,IPEDS_EF2023A,0
2023,northwestern,0,0,0,0,1,"White, non-Hispanic",608,3054,3099,IPEDS_EF2023A,0
2023,notredame,0,0,0,0,1,"American Indian or Alaska Native, non-Hispanic",4,15,15,IPEDS_EF2023A,0
2023,notredame,0,0,0,0,1,"Asian, non-Hispanic",121,540,540,IPEDS_EF2023A,0
2023,notredame,0,0,0,0,1,"Black or African American, non-Hispanic",132,422,422,IPEDS_EF2023A,0
2023,notredame,0,0,0,0,1,Hispanic/Latino,332,1251,1252,IPEDS_EF2023A,0
2023,notredame,0,0,0,0,1,"Native Hawaiian or other Pacific Islander, non-Hispanic",3,15,15,IPEDS_EF2023A,0
2023,notredame,0,0,0,0,1,Nonresident,157,528,569,IPEDS_EF2023A,0
2023,notredame,0,0,0,0,1,Race and/or ethnicity unknown,56,168,171,IPEDS_EF2023A,0
2023,notredame,0,0,0,0,1,Total,2075,8923,8968,IPEDS_EF2023A,0
2023,notredame,0,0,0,0,1,"Two or more races, non-Hispanic",118,501,501,IPEDS_EF2023A,0
2023,notredame,0,0,0,0,1,"White, non-Hispanic",1152,5483,5483,IPEDS_EF2023A,0
2023,oberlin,0,0,0,1,0,"American Indian or Alaska Native, non-Hispanic",0,0,0,IPEDS_EF2023A,0
2023,oberlin,0,0,0,1,0,"Asian, non-Hispanic",47,156,156,IPEDS_EF2023A,0
2023,oberlin,0,0,0,1,0,"Black or African American, non-Hispanic",28,130,131,IPEDS_EF2023A,0
2023,oberlin,0,0,0,1,0,Hispanic/Latino,58,243,245,IPEDS_EF2023A,0
2023,oberlin,0,0,0,1,0,"Native Hawaiian or other Pacific Islander, non-Hispanic",0,1,1,IPEDS_EF2023A,0
2023,oberlin,0,0,0,1,0,Nonresident,64,280,282,IPEDS_EF2023A,0
2023,oberlin,0,0,0,1,0,Race and/or ethnicity unknown,9,37,39,IPEDS_EF2023A,0
2023,oberlin,0,0,0,1,0,Total,778,2950,2966,IPEDS_EF2023A,0
2023,oberlin,0,0,0,1,0,"Two or more races, non-Hispanic",65,275,277,IPEDS_EF2023A,0
2023,oberlin,0,0,0,1,0,"White, non-Hispanic",507,1828,1835,IPEDS_EF2023A,0
2023,penn,1,1,0,0,1,"American Indian or Alaska Native, non-Hispanic",3,14,14,IPEDS_EF2023A,0
2023,penn,1,1,0,0,1,"Asian, non-Hispanic",724,2993,3117,IPEDS_EF2023A,0
2023,penn,1,1,0,0,1,"Black or African American, non-Hispanic",236,928,980,IPEDS_EF2023A,0
2023,penn,1,1,0,0,1,Hispanic/Latino,298,1175,1227,IPEDS_EF2023A,0
2023,penn,1,1,0,0,1,"Native Hawaiian or other Pacific Islander, non-Hispanic",1,2,2,IPEDS_EF2023A,0
2023,penn,1,1,0,0,1,Nonresident,322,1314,1568,IPEDS_EF2023A,0
2023,penn,1,1,0,0,1,Race and/or ethnicity unknown,114,551,654,IPEDS_EF2023A,0
2023,penn,1,1,0,0,1,Total,2415,10768,11611,IPEDS_EF2023A,0
2023,penn,1,1,0,0,1,"Two or more races, non-Hispanic",138,569,590,IPEDS_EF2023A,0
2023,penn,1,1,0,0,1,"White, non-Hispanic",579,3222,3459,IPEDS_EF2023A,0
2023,pomona,0,0,0,1,1,"American Indian or Alaska Native, non-Hispanic",0,0,0,IPEDS_EF2023A,0
2023,pomona,0,0,0,1,1,"Asian, non-Hispanic",73,291,298,IPEDS_EF2023A,0
2023,pomona,0,0,0,1,1,"Black or African American, non-Hispanic",41,177,177,IPEDS_EF2023A,0
2023,pomona,0,0,0,1,1,Hispanic/Latino,76,271,272,IPEDS_EF2023A,0
2023,pomona,0,0,0,1,1,"Native Hawaiian or other Pacific Islander, non-Hispanic",3,8,8,IPEDS_EF2023A,0
2023,pomona,0,0,0,1,1,Nonresident,55,203,213,IPEDS_EF2023A,0
2023,pomona,0,0,0,1,1,Race and/or ethnicity unknown,8,54,55,IPEDS_EF2023A,0
2023,pomona,0,0,0,1,1,Total,408,1638,1664,IPEDS_EF2023A,0
2023,pomona,0,0,0,1,1,"Two or more races, non-Hispanic",40,155,157,IPEDS_EF2023A,0
2023,pomona,0,0,0,1,1,"White, non-Hispanic",112,479,484,IPEDS_EF2023A,0
2023,princeton,1,1,0,0,1,"American Indian or Alaska Native, non-Hispanic",2,8,8,IPEDS_EF2023A,0
2023,princeton,1,1,0,0,1,"Asian, non-Hispanic",330,1323,1328,IPEDS_EF2023A,0
2023,princeton,1,1,0,0,1,"Black or African American, non-Hispanic",123,479,480,IPEDS_EF2023A,0
2023,princeton,1,1,0,0,1,Hispanic/Latino,134,547,550,IPEDS_EF2023A,0
2023,princeton,1,1,0,0,1,"Native Hawaiian or other Pacific Islander, non-Hispanic",1,6,6,IPEDS_EF2023A,0
2023,princeton,1,1,0,0,1,Nonresident,181,684,706,IPEDS_EF2023A,0
2023,princeton,1,1,0,0,1,Race and/or ethnicity unknown,62,134,189,IPEDS_EF2023A,0
2023,princeton,1,1,0,0,1,Total,1364,5579,5671,IPEDS_EF2023A,0
2023,princeton,1,1,0,0,1,"Two or more races, non-Hispanic",96,391,391,IPEDS_EF2023A,0
2023,princeton,1,1,0,0,1,"White, non-Hispanic",435,2007,2013,IPEDS_EF2023A,0
2023,reed,0,0,0,1,0,"American Indian or Alaska Native, non-Hispanic",2,6,6,IPEDS_EF2023A,0
2023,reed,0,0,0,1,0,"Asian, non-Hispanic",27,119,120,IPEDS_EF2023A,0
2023,reed,0,0,0,1,0,"Black or African American, non-Hispanic",6,19,19,IPEDS_EF2023A,0
2023,reed,0,0,0,1,0,Hispanic/Latino,45,169,170,IPEDS_EF2023A,0
2023,reed,0,0,0,1,0,"Native Hawaiian or other Pacific Islander, non-Hispanic",0,0,0,IPEDS_EF2023A,0
2023,reed,0,0,0,1,0,Nonresident,27,101,115,IPEDS_EF2023A,0
2023,reed,0,0,0,1,0,Race and/or ethnicity unknown,3,11,21,IPEDS_EF2023A,0
2023,reed,0,0,0,1,0,Total,350,1407,1439,IPEDS_EF2023A,0
2023,reed,0,0,0,1,0,"Two or more races, non-Hispanic",36,141,141,IPEDS_EF2023A,0
2023,reed,0,0,0,1,0,"White, non-Hispanic",204,841,847,IPEDS_EF2023A,0
2023,rice,0,0,0,0,1,"American Indian or Alaska Native, non-Hispanic",1,6,6,IPEDS_EF2023A,0
2023,rice,0,0,0,0,1,"Asian, non-Hispanic",335,1346,1346,IPEDS_EF2023A,0
2023,rice,0,0,0,0,1,"Black or African American, non-Hispanic",88,376,376,IPEDS_EF2023A,0
2023,rice,0,0,0,0,1,Hispanic/Latino,202,735,736,IPEDS_EF2023A,0
2023,rice,0,0,0,0,1,"Native Hawaiian or other Pacific Islander, non-Hispanic",0,4,4,IPEDS_EF2023A,0
2023,rice,0,0,0,0,1,Nonresident,143,569,579,IPEDS_EF2023A,0
2023,rice,0,0,0,0,1,Race and/or ethnicity unknown,20,81,81,IPEDS_EF2023A,0
2023,rice,0,0,0,0,1,Total,1121,4562,4574,IPEDS_EF2023A,0
2023,rice,0,0,0,0,1,"Two or more races, non-Hispanic",67,237,237,IPEDS_EF2023A,0
2023,rice,0,0,0,0,1,"White, non-Hispanic",265,1208,1209,IPEDS_EF2023A,0
2023,richmond,0,0,0,0,1,"American Indian or Alaska Native, non-Hispanic",0,3,3,IPEDS_EF2023A,0
2023,richmond,0,0,0,0,1,"Asian, non-Hispanic",47,184,185,IPEDS_EF2023A,0
2023,richmond,0,0,0,0,1,"Black or African American, non-Hispanic",54,188,188,IPEDS_EF2023A,0
2023,richmond,0,0,0,0,1,Hispanic/Latino,91,303,304,IPEDS_EF2023A,0
2023,richmond,0,0,0,0,1,"Native Hawaiian or other Pacific Islander, non-Hispanic",0,1,1,IPEDS_EF2023A,0
2023,richmond,0,0,0,0,1,Nonresident,92,320,365,IPEDS_EF2023A,0
2023,richmond,0,0,0,0,1,Race and/or ethnicity unknown,8,40,41,IPEDS_EF2023A,0
2023,richmond,0,0,0,0,1,Total,833,3002,3054,IPEDS_EF2023A,0
2023,richmond,0,0,0,0,1,"Two or more races, non-Hispanic",32,131,131,IPEDS_EF2023A,0
2023,richmond,0,0,0,0,1,"White, non-Hispanic",509,1832,1836,IPEDS_EF2023A,0
2023,sarahlawrence,0,0,0,1,0,"American Indian or Alaska Native, non-Hispanic",0,1,1,IPEDS_EF2023A,0
2023,sarahlawrence,0,0,0,1,0,"Asian, non-Hispanic",21,72,72,IPEDS_EF2023A,0
2023,sarahlawrence,0,0,0,1,0,"Black or African American, non-Hispanic",16,65,65,IPEDS_EF2023A,0
2023,sarahlawrence,0,0,0,1,0,Hispanic/Latino,51,160,160,IPEDS_EF2023A,0
2023,sarahlawrence,0,0,0,1,0,"Native Hawaiian or other Pacific Islander, non-Hispanic",2,2,2,IPEDS_EF2023A,0
2023,sarahlawrence,0,0,0,1,0,Nonresident,19,73,74,IPEDS_EF2023A,0
2023,sarahlawrence,0,0,0,1,0,Race and/or ethnicity unknown,9,101,153,IPEDS_EF2023A,0
2023,sarahlawrence,0,0,0,1,0,Total,411,1468,1521,IPEDS_EF2023A,0
2023,sarahlawrence,0,0,0,1,0,"Two or more races, non-Hispanic",17,93,93,IPEDS_EF2023A,0
2023,sarahlawrence,0,0,0,1,0,"White, non-Hispanic",276,901,901,IPEDS_EF2023A,0
2023,smith,0,0,0,1,1,"American Indian or Alaska Native, non-Hispanic",0,1,1,IPEDS_EF2023A,0
2023,smith,0,0,0,1,1,"Asian, non-Hispanic",69,245,245,IPEDS_EF2023A,0
2023,smith,0,0,0,1,1,"Black or African American, non-Hispanic",30,128,128,IPEDS_EF2023A,0
2023,smith,0,0,0,1,1,Hispanic/Latino,84,304,304,IPEDS_EF2023A,0
2023,smith,0,0,0,1,1,"Native Hawaiian or other Pacific Islander, non-Hispanic",0,3,3,IPEDS_EF2023A,0
2023,smith,0,0,0,1,1,Nonresident,87,322,322,IPEDS_EF2023A,0
2023,smith,0,0,0,1,1,Race and/or ethnicity unknown,3,34,39,IPEDS_EF2023A,0
2023,smith,0,0,0,1,1,Total,649,2501,2506,IPEDS_EF2023A,0
2023,smith,0,0,0,1,1,"Two or more races, non-Hispanic",49,154,154,IPEDS_EF2023A,0
2023,smith,0,0,0,1,1,"White, non-Hispanic",327,1310,1310,IPEDS_EF2023A,0
2023,stanford,0,1,0,0,1,"American Indian or Alaska Native, non-Hispanic",13,62,63,IPEDS_EF2023A,0
2023,stanford,0,1,0,0,1,"Asian, non-Hispanic",490,2154,2175,IPEDS_EF2023A,0
2023,stanford,0,1,0,0,1,"Black or African American, non-Hispanic",151,620,654,IPEDS_EF2023A,0
2023,stanford,0,1,0,0,1,Hispanic/Latino,283,1385,1486,IPEDS_EF2023A,0
2023,stanford,0,1,0,0,1,"Native Hawaiian or other Pacific Islander, non-Hispanic",5,19,19,IPEDS_EF2023A,0
2023,stanford,0,1,0,0,1,Nonresident,231,924,924,IPEDS_EF2023A,0
2023,stanford,0,1,0,0,1,Race and/or ethnicity unknown,4,32,65,IPEDS_EF2023A,0
2023,stanford,0,1,0,0,1,Total,1699,7841,8054,IPEDS_EF2023A,0
2023,stanford,0,1,0,0,1,"Two or more races, non-Hispanic",150,751,751,IPEDS_EF2023A,0
2023,stanford,0,1,0,0,1,"White, non-Hispanic",372,1894,1917,IPEDS_EF2023A,0
2023,stolaf,0,0,0,1,0,"American Indian or Alaska Native, non-Hispanic",1,3,3,IPEDS_EF2023A,0
2023,stolaf,0,0,0,1,0,"Asian, non-Hispanic",42,176,177,IPEDS_EF2023A,0
2023,stolaf,0,0,0,1,0,"Black or African American, non-Hispanic",30,98,98,IPEDS_EF2023A,0
2023,stolaf,0,0,0,1,0,Hispanic/Latino,83,284,286,IPEDS_EF2023A,0
2023,stolaf,0,0,0,1,0,"Native Hawaiian or other Pacific Islander, non-Hispanic",0,0,0,IPEDS_EF2023A,0
2023,stolaf,0,0,0,1,0,Nonresident,69,303,303,IPEDS_EF2023A,0
2023,stolaf,0,0,0,1,0,Race and/or ethnicity unknown,0,13,14,IPEDS_EF2023A,0
2023,stolaf,0,0,0,1,0,Total,825,3049,3074,IPEDS_EF2023A,0
2023,stolaf,0,0,0,1,0,"Two or more races, non-Hispanic",47,138,139,IPEDS_EF2023A,0
2023,stolaf,0,0,0,1,0,"White, non-Hispanic",553,2034,2054,IPEDS_EF2023A,0
2023,swarthmore,0,0,0,1,1,"American Indian or Alaska Native, non-Hispanic",1,7,7,IPEDS_EF2023A,0
2023,swarthmore,0,0,0,1,1,"Asian, non-Hispanic",65,286,288,IPEDS_EF2023A,0
2023,swarthmore,0,0,0,1,1,"Black or African American, non-Hispanic",37,153,155,IPEDS_EF2023A,0
2023,swarthmore,0,0,0,1,1,Hispanic/Latino,75,246,248,IPEDS_EF2023A,0
2023,swarthmore,0,0,0,1,1,"Native Hawaiian or other Pacific Islander, non-Hispanic",1,1,1,IPEDS_EF2023A,0
2023,swarthmore,0,0,0,1,1,Nonresident,56,231,235,IPEDS_EF2023A,0
2023,swarthmore,0,0,0,1,1,Race and/or ethnicity unknown,7,43,43,IPEDS_EF2023A,0
2023,swarthmore,0,0,0,1,1,Total,415,1627,1644,IPEDS_EF2023A,0
2023,swarthmore,0,0,0,1,1,"Two or more races, non-Hispanic",58,180,181,IPEDS_EF2023A,0
2023,swarthmore,0,0,0,1,1,"White, non-Hispanic",115,480,486,IPEDS_EF2023A,0
2023,trinity,0,0,1,1,0,"American Indian or Alaska Native, non-Hispanic",2,5,5,IPEDS_EF2023A,0
2023,trinity,0,0,1,1,0,"Asian, non-Hispanic",26,99,99,IPEDS_EF2023A,0
2023,trinity,0,0,1,1,0,"Black or African American, non-Hispanic",32,123,123,IPEDS_EF2023A,0
2023,trinity,0,0,1,1,0,Hispanic/Latino,53,199,199,IPEDS_EF2023A,0
2023,trinity,0,0,1,1,0,"Native Hawaiian or other Pacific Islander, non-Hispanic",0,0,0,IPEDS_EF2023A,0
2023,trinity,0,0,1,1,0,Nonresident,71,302,302,IPEDS_EF2023A,0
2023,trinity,0,0,1,1,0,Race and/or ethnicity unknown,9,42,86,IPEDS_EF2023A,0
2023,trinity,0,0,1,1,0,Total,579,2193,2237,IPEDS_EF2023A,0
2023,trinity,0,0,1,1,0,"Two or more races, non-Hispanic",19,86,86,IPEDS_EF2023A,0
2023,trinity,0,0,1,1,0,"White, non-Hispanic",367,1337,1337,IPEDS_EF2023A,0
2023,tufts,0,0,1,1,0,"American Indian or Alaska Native, non-Hispanic",0,2,2,IPEDS_EF2023A,0
2023,tufts,0,0,1,1,0,"Asian, non-Hispanic",308,1132,1134,IPEDS_EF2023A,0
2023,tufts,0,0,1,1,0,"Black or African American, non-Hispanic",111,446,449,IPEDS_EF2023A,0
2023,tufts,0,0,1,1,0,Hispanic/Latino,161,690,691,IPEDS_EF2023A,0
2023,tufts,0,0,1,1,0,"Native Hawaiian or other Pacific Islander, non-Hispanic",4,9,9,IPEDS_EF2023A,0
2023,tufts,0,0,1,1,0,Nonresident,206,834,839,IPEDS_EF2023A,0
2023,tufts,0,0,1,1,0,Race and/or ethnicity unknown,76,295,336,IPEDS_EF2023A,0
2023,tufts,0,0,1,1,0,Total,1735,6804,6877,IPEDS_EF2023A,0
2023,tufts,0,0,1,1,0,"Two or more races, non-Hispanic",160,539,540,IPEDS_EF2023A,0
2023,tufts,0,0,1,1,0,"White, non-Hispanic",709,2857,2877,IPEDS_EF2023A,0
2023,uchicago,0,1,0,0,1,"American Indian or Alaska Native, non-Hispanic",1,2,2,IPEDS_EF2023A,0
2023,uchicago,0,1,0,0,1,"Asian, non-Hispanic",295,1485,1486,IPEDS_EF2023A,0
2023,uchicago,0,1,0,0,1,"Black or African American, non-Hispanic",115,525,525,IPEDS_EF2023A,0
2023,uchicago,0,1,0,0,1,Hispanic/Latino,309,1290,1290,IPEDS_EF2023A,0
2023,uchicago,0,1,0,0,1,"Native Hawaiian or other Pacific Islander, non-Hispanic",0,1,1,IPEDS_EF2023A,0
2023,uchicago,0,1,0,0,1,Nonresident,262,1205,1280,IPEDS_EF2023A,0
2023,uchicago,0,1,0,0,1,Race and/or ethnicity unknown,43,166,193,IPEDS_EF2023A,0
2023,uchicago,0,1,0,0,1,Total,1625,7540,7643,IPEDS_EF2023A,0
2023,uchicago,0,1,0,0,1,"Two or more races, non-Hispanic",114,534,534,IPEDS_EF2023A,0
2023,uchicago,0,1,0,0,1,"White, non-Hispanic",486,2332,2332,IPEDS_EF2023A,0
2023,ucla,0,0,0,0,1,"American Indian or Alaska Native, non-Hispanic",9,48,48,IPEDS_EF2023A,0
2023,ucla,0,0,0,0,1,"Asian, non-Hispanic",2008,9875,9875,IPEDS_EF2023A,0
2023,ucla,0,0,0,0,1,"Black or African American, non-Hispanic",235,1090,1090,IPEDS_EF2023A,0
2023,ucla,0,0,0,0,1,Hispanic/Latino,1636,7669,7669,IPEDS_EF2023A,0
2023,ucla,0,0,0,0,1,"Native Hawaiian or other Pacific Islander, non-Hispanic",17,52,52,IPEDS_EF2023A,0
2023,ucla,0,0,0,0,1,Nonresident,448,2542,2542,IPEDS_EF2023A,0
2023,ucla,0,0,0,0,1,Race and/or ethnicity unknown,208,983,983,IPEDS_EF2023A,0
2023,ucla,0,0,0,0,1,Total,6585,33040,33040,IPEDS_EF2023A,0
2023,ucla,0,0,0,0,1,"Two or more races, non-Hispanic",546,2486,2486,IPEDS_EF2023A,0
2023,ucla,0,0,0,0,1,"White, non-Hispanic",1478,8295,8295,IPEDS_EF2023A,0
2023,umich,0,0,0,0,1,"American Indian or Alaska Native, non-Hispanic",18,47,47,IPEDS_EF2023A,0
2023,umich,0,0,0,0,1,"Asian, non-Hispanic",1511,6240,6255,IPEDS_EF2023A,0
2023,umich,0,0,0,0,1,"Black or African American, non-Hispanic",432,1519,1526,IPEDS_EF2023A,0
2023,umich,0,0,0,0,1,Hispanic/Latino,1099,3360,3367,IPEDS_EF2023A,0
2023,umich,0,0,0,0,1,"Native Hawaiian or other Pacific Islander, non-Hispanic",12,28,29,IPEDS_EF2023A,0
2023,umich,0,0,0,0,1,Nonresident,343,2653,2801,IPEDS_EF2023A,0
2023,umich,0,0,0,0,1,Race and/or ethnicity unknown,271,1495,1509,IPEDS_EF2023A,0
2023,umich,0,0,0,0,1,Total,7466,33488,33730,IPEDS_EF2023A,0
2023,umich,0,0,0,0,1,"Two or more races, non-Hispanic",434,1790,1792,IPEDS_EF2023A,0
2023,umich,0,0,0,0,1,"White, non-Hispanic",3346,16356,16404,IPEDS_EF2023A,0
2023,union,0,0,0,1,0,"American Indian or Alaska Native, non-Hispanic",1,3,3,IPEDS_EF2023A,0
2023,union,0,0,0,1,0,"Asian, non-Hispanic",43,142,142,IPEDS_EF2023A,0
2023,union,0,0,0,1,0,"Black or African American, non-Hispanic",20,83,83,IPEDS_EF2023A,0
2023,union,0,0,0,1,0,Hispanic/Latino,55,188,188,IPEDS_EF2023A,0
2023,union,0,0,0,1,0,"Native Hawaiian or other Pacific Islander, non-Hispanic",1,2,2,IPEDS_EF2023A,0
2023,union,0,0,0,1,0,Nonresident,61,209,209,IPEDS_EF2023A,0
2023,union,0,0,0,1,0,Race and/or ethnicity unknown,0,4,16,IPEDS_EF2023A,0
2023,union,0,0,0,1,0,Total,550,2070,2082,IPEDS_EF2023A,0
2023,union,0,0,0,1,0,"Two or more races, non-Hispanic",22,70,70,IPEDS_EF2023A,0
2023,union,0,0,0,1,0,"White, non-Hispanic",347,1369,1369,IPEDS_EF2023A,0
2023,vanderbilt,0,0,0,0,1,"American Indian or Alaska Native, non-Hispanic",8,32,32,IPEDS_EF2023A,0
2023,vanderbilt,0,0,0,0,1,"Asian, non-Hispanic",303,1326,1327,IPEDS_EF2023A,0
2023,vanderbilt,0,0,0,0,1,"Black or African American, non-Hispanic",186,745,746,IPEDS_EF2023A,0
2023,vanderbilt,0,0,0,0,1,Hispanic/Latino,209,854,854,IPEDS_EF2023A,0
2023,vanderbilt,0,0,0,0,1,"Native Hawaiian or other Pacific Islander, non-Hispanic",5,22,22,IPEDS_EF2023A,0
2023,vanderbilt,0,0,0,0,1,Nonresident,173,716,717,IPEDS_EF2023A,0
2023,vanderbilt,0,0,0,0,1,Race and/or ethnicity unknown,48,251,255,IPEDS_EF2023A,0
2023,vanderbilt,0,0,0,0,1,Total,1622,7143,7152,IPEDS_EF2023A,0
2023,vanderbilt,0,0,0,0,1,"Two or more races, non-Hispanic",101,420,420,IPEDS_EF2023A,0
2023,vanderbilt,0,0,0,0,1,"White, non-Hispanic",589,2777,2779,IPEDS_EF2023A,0
2023,vassar,0,0,0,1,1,"American Indian or Alaska Native, non-Hispanic",0,1,1,IPEDS_EF2023A,0
2023,vassar,0,0,0,1,1,"Asian, non-Hispanic",69,287,288,IPEDS_EF2023A,0
2023,vassar,0,0,0,1,1,"Black or African American, non-Hispanic",25,94,95,IPEDS_EF2023A,0
2023,vassar,0,0,0,1,1,Hispanic/Latino,83,289,289,IPEDS_EF2023A,0
2023,vassar,0,0,0,1,1,"Native Hawaiian or other Pacific Islander, non-Hispanic",0,0,0,IPEDS_EF2023A,0
2023,vassar,0,0,0,1,1,Nonresident,43,163,175,IPEDS_EF2023A,0
2023,vassar,0,0,0,1,1,Race and/or ethnicity unknown,15,56,57,IPEDS_EF2023A,0
2023,vassar,0,0,0,1,1,Total,686,2430,2456,IPEDS_EF2023A,0
2023,vassar,0,0,0,1,1,"Two or more races, non-Hispanic",68,202,203,IPEDS_EF2023A,0
2023,vassar,0,0,0,1,1,"White, non-Hispanic",383,1338,1348,IPEDS_EF2023A,0
2023,washandlee,0,0,0,1,1,"American Indian or Alaska Native, non-Hispanic",1,3,3,IPEDS_EF2023A,0
2023,washandlee,0,0,0,1,1,"Asian, non-Hispanic",25,81,81,IPEDS_EF2023A,0
2023,washandlee,0,0,0,1,1,"Black or African American, non-Hispanic",25,83,84,IPEDS_EF2023A,0
2023,washandlee,0,0,0,1,1,Hispanic/Latino,49,159,159,IPEDS_EF2023A,0
2023,washandlee,0,0,0,1,1,"Native Hawaiian or other Pacific Islander, non-Hispanic",2,3,3,IPEDS_EF2023A,0
2023,washandlee,0,0,0,1,1,Nonresident,39,133,136,IPEDS_EF2023A,0
2023,washandlee,0,0,0,1,1,Race and/or ethnicity unknown,9,17,27,IPEDS_EF2023A,0
2023,washandlee,0,0,0,1,1,Total,502,1884,1898,IPEDS_EF2023A,0
2023,washandlee,0,0,0,1,1,"Two or more races, non-Hispanic",16,85,85,IPEDS_EF2023A,0
2023,washandlee,0,0,0,1,1,"White, non-Hispanic",336,1320,1320,IPEDS_EF2023A,0
2023,wellesley,0,0,0,1,1,"American Indian or Alaska Native, non-Hispanic",0,3,3,IPEDS_EF2023A,0
2023,wellesley,0,0,0,1,1,"Asian, non-Hispanic",161,547,561,IPEDS_EF2023A,0
2023,wellesley,0,0,0,1,1,"Black or African American, non-Hispanic",52,196,200,IPEDS_EF2023A,0
2023,wellesley,0,0,0,1,1,Hispanic/Latino,82,368,368,IPEDS_EF2023A,0
2023,wellesley,0,0,0,1,1,"Native Hawaiian or other Pacific Islander, non-Hispanic",0,4,4,IPEDS_EF2023A,0
2023,wellesley,0,0,0,1,1,Nonresident,74,322,342,IPEDS_EF2023A,0
2023,wellesley,0,0,0,1,1,Race and/or ethnicity unknown,0,7,32,IPEDS_EF2023A,0
2023,wellesley,0,0,0,1,1,Total,571,2318,2418,IPEDS_EF2023A,0
2023,wellesley,0,0,0,1,1,"Two or more races, non-Hispanic",42,163,174,IPEDS_EF2023A,0
2023,wellesley,0,0,0,1,1,"White, non-Hispanic",160,708,734,IPEDS_EF2023A,0
2023,wesleyan,0,0,1,1,1,"American Indian or Alaska Native, non-Hispanic",0,1,2,IPEDS_EF2023A,0
2023,wesleyan,0,0,1,1,1,"Asian, non-Hispanic",72,276,287,IPEDS_EF2023A,0
2023,wesleyan,0,0,1,1,1,"Black or African American, non-Hispanic",47,174,194,IPEDS_EF2023A,0
2023,wesleyan,0,0,1,1,1,Hispanic/Latino,76,305,340,IPEDS_EF2023A,0
2023,wesleyan,0,0,1,1,1,"Native Hawaiian or other Pacific Islander, non-Hispanic",0,2,2,IPEDS_EF2023A,0
2023,wesleyan,0,0,1,1,1,Nonresident,91,308,313,IPEDS_EF2023A,0
2023,wesleyan,0,0,1,1,1,Race and/or ethnicity unknown,16,84,87,IPEDS_EF2023A,0
2023,wesleyan,0,0,1,1,1,Total,782,2973,3066,IPEDS_EF2023A,0
2023,wesleyan,0,0,1,1,1,"Two or more races, non-Hispanic",55,217,218,IPEDS_EF2023A,0
2023,wesleyan,0,0,1,1,1,"White, non-Hispanic",425,1606,1623,IPEDS_EF2023A,0
2023,williams,0,0,1,1,1,"American Indian or Alaska Native, non-Hispanic",1,1,1,IPEDS_EF2023A,0
2023,williams,0,0,1,1,1,"Asian, non-Hispanic",68,286,290,IPEDS_EF2023A,0
2023,williams,0,0,1,1,1,"Black or African American, non-Hispanic",37,105,105,IPEDS_EF2023A,0
2023,williams,0,0,1,1,1,Hispanic/Latino,80,282,287,IPEDS_EF2023A,0
2023,williams,0,0,1,1,1,"Native Hawaiian or other Pacific Islander, non-Hispanic",0,0,0,IPEDS_EF2023A,0
2023,williams,0,0,1,1,1,Nonresident,49,167,173,IPEDS_EF2023A,0
2023,williams,0,0,1,1,1,Race and/or ethnicity unknown,18,81,82,IPEDS_EF2023A,0
2023,williams,0,0,1,1,1,Total,541,2060,2112,IPEDS_EF2023A,0
2023,williams,0,0,1,1,1,"Two or more races, non-Hispanic",43,168,168,IPEDS_EF2023A,0
2023,williams,0,0,1,1,1,"White, non-Hispanic",245,970,1006,IPEDS_EF2023A,0
2023,wustl,0,0,0,0,1,"American Indian or Alaska Native, non-Hispanic",1,8,8,IPEDS_EF2023A,0
2023,wustl,0,0,0,0,1,"Asian, non-Hispanic",424,1670,1683,IPEDS_EF2023A,0
2023,wustl,0,0,0,0,1,"Black or African American, non-Hispanic",146,704,777,IPEDS_EF2023A,0
2023,wustl,0,0,0,0,1,Hispanic/Latino,258,992,1017,IPEDS_EF2023A,0
2023,wustl,0,0,0,0,1,"Native Hawaiian or other Pacific Islander, non-Hispanic",1,5,5,IPEDS_EF2023A,0
2023,wustl,0,0,0,0,1,Nonresident,198,648,715,IPEDS_EF2023A,0
2023,wustl,0,0,0,0,1,Race and/or ethnicity unknown,18,98,121,IPEDS_EF2023A,0
2023,wustl,0,0,0,0,1,Total,1828,7897,8267,IPEDS_EF2023A,0
2023,wustl,0,0,0,0,1,"Two or more races, non-Hispanic",130,497,510,IPEDS_EF2023A,0
2023,wustl,0,0,0,0,1,"White, non-Hispanic",652,3275,3431,IPEDS_EF2023A,0
2023,yale,1,1,0,0,1,"American Indian or Alaska Native, non-Hispanic",8,28,28,IPEDS_EF2023A,0
2023,yale,1,1,0,0,1,"Asian, non-Hispanic",407,1555,1557,IPEDS_EF2023A,0
2023,yale,1,1,0,0,1,"Black or African American, non-Hispanic",156,600,602,IPEDS_EF2023A,0
2023,yale,1,1,0,0,1,Hispanic/Latino,292,1070,1072,IPEDS_EF2023A,0
2023,yale,1,1,0,0,1,"Native Hawaiian or other Pacific Islander, non-Hispanic",3,10,10,IPEDS_EF2023A,0
2023,yale,1,1,0,0,1,Nonresident,188,724,724,IPEDS_EF2023A,0
2023,yale,1,1,0,0,1,Race and/or ethnicity unknown,56,126,126,IPEDS_EF2023A,0
2023,yale,1,1,0,0,1,Total,1641,6811,6818,IPEDS_EF2023A,0
2023,yale,1,1,0,0,1,"Two or more races, non-Hispanic",111,492,492,IPEDS_EF2023A,0
2023,yale,1,1,0,0,1,"White, non-Hispanic",420,2206,2207,IPEDS_EF2023A,0
2024,airforce,0,0,0,0,1,"American Indian or Alaska Native, non-Hispanic",8,16,16,IPEDS_EF2024A,0
2024,airforce,0,0,0,0,1,"Asian, non-Hispanic",104,347,347,IPEDS_EF2024A,0
2024,airforce,0,0,0,0,1,"Black or African American, non-Hispanic",68,215,215,IPEDS_EF2024A,0
2024,airforce,0,0,0,0,1,Hispanic/Latino,133,470,470,IPEDS_EF2024A,0
2024,airforce,0,0,0,0,1,"Native Hawaiian or other Pacific Islander, non-Hispanic",5,19,19,IPEDS_EF2024A,0
2024,airforce,0,0,0,0,1,Nonresident,16,59,59,IPEDS_EF2024A,0
2024,airforce,0,0,0,0,1,Race and/or ethnicity unknown,6,29,29,IPEDS_EF2024A,0
2024,airforce,0,0,0,0,1,Total,1120,4114,4114,IPEDS_EF2024A,0
2024,airforce,0,0,0,0,1,"Two or more races, non-Hispanic",102,369,369,IPEDS_EF2024A,0
2024,airforce,0,0,0,0,1,"White, non-Hispanic",678,2590,2590,IPEDS_EF2024A,0
2024,amherst,0,0,1,1,1,"American Indian or Alaska Native, non-Hispanic",1,2,2,IPEDS_EF2024A,0
2024,amherst,0,0,1,1,1,"Asian, non-Hispanic",98,315,315,IPEDS_EF2024A,0
2024,amherst,0,0,1,1,1,"Black or African American, non-Hispanic",14,170,170,IPEDS_EF2024A,0
2024,amherst,0,0,1,1,1,Hispanic/Latino,50,264,264,IPEDS_EF2024A,0
2024,amherst,0,0,1,1,1,"Native Hawaiian or other Pacific Islander, non-Hispanic",0,1,1,IPEDS_EF2024A,0
2024,amherst,0,0,1,1,1,Nonresident,76,251,254,IPEDS_EF2024A,0
2024,amherst,0,0,1,1,1,Race and/or ethnicity unknown,24,47,47,IPEDS_EF2024A,0
2024,amherst,0,0,1,1,1,Total,480,1911,1914,IPEDS_EF2024A,0
2024,amherst,0,0,1,1,1,"Two or more races, non-Hispanic",37,165,165,IPEDS_EF2024A,0
2024,amherst,0,0,1,1,1,"White, non-Hispanic",180,696,696,IPEDS_EF2024A,0
2024,army,0,0,0,0,1,"American Indian or Alaska Native, non-Hispanic",9,40,40,IPEDS_EF2024A,0
2024,army,0,0,0,0,1,"Asian, non-Hispanic",147,518,520,IPEDS_EF2024A,0
2024,army,0,0,0,0,1,"Black or African American, non-Hispanic",86,396,396,IPEDS_EF2024A,0
2024,army,0,0,0,0,1,Hispanic/Latino,161,514,514,IPEDS_EF2024A,0
2024,army,0,0,0,0,1,"Native Hawaiian or other Pacific Islander, non-Hispanic",6,29,29,IPEDS_EF2024A,0
2024,army,0,0,0,0,1,Nonresident,16,60,60,IPEDS_EF2024A,0
2024,army,0,0,0,0,1,Race and/or ethnicity unknown,0,2,57,IPEDS_EF2024A,0
2024,army,0,0,0,0,1,Total,1195,4408,4473,IPEDS_EF2024A,0
2024,army,0,0,0,0,1,"Two or more races, non-Hispanic",14,48,49,IPEDS_EF2024A,0
2024,army,0,0,0,0,1,"White, non-Hispanic",756,2801,2808,IPEDS_EF2024A,0
2024,barnard,0,0,0,1,1,"American Indian or Alaska Native, non-Hispanic",1,2,3,IPEDS_EF2024A,0
2024,barnard,0,0,0,1,1,"Asian, non-Hispanic",200,714,743,IPEDS_EF2024A,0
2024,barnard,0,0,0,1,1,"Black or African American, non-Hispanic",38,181,213,IPEDS_EF2024A,0
2024,barnard,0,0,0,1,1,Hispanic/Latino,76,468,604,IPEDS_EF2024A,0
2024,barnard,0,0,0,1,1,"Native Hawaiian or other Pacific Islander, non-Hispanic",0,0,0,IPEDS_EF2024A,0
2024,barnard,0,0,0,1,1,Nonresident,99,508,513,IPEDS_EF2024A,0
2024,barnard,0,0,0,1,1,Race and/or ethnicity unknown,18,75,75,IPEDS_EF2024A,0
2024,barnard,0,0,0,1,1,Total,718,3264,3487,IPEDS_EF2024A,0
2024,barnard,0,0,0,1,1,"Two or more races, non-Hispanic",51,260,270,IPEDS_EF2024A,0
2024,barnard,0,0,0,1,1,"White, non-Hispanic",235,1056,1066,IPEDS_EF2024A,0
2024,bates,0,0,1,1,1,"American Indian or Alaska Native, non-Hispanic",0,3,3,IPEDS_EF2024A,0
2024,bates,0,0,1,1,1,"Asian, non-Hispanic",32,116,116,IPEDS_EF2024A,0
2024,bates,0,0,1,1,1,"Black or African American, non-Hispanic",22,79,79,IPEDS_EF2024A,0
2024,bates,0,0,1,1,1,Hispanic/Latino,58,171,171,IPEDS_EF2024A,0
2024,bates,0,0,1,1,1,"Native Hawaiian or other Pacific Islander, non-Hispanic",0,1,1,IPEDS_EF2024A,0
2024,bates,0,0,1,1,1,Nonresident,46,172,172,IPEDS_EF2024A,0
2024,bates,0,0,1,1,1,Race and/or ethnicity unknown,1,9,9,IPEDS_EF2024A,0
2024,bates,0,0,1,1,1,Total,488,1760,1760,IPEDS_EF2024A,0
2024,bates,0,0,1,1,1,"Two or more races, non-Hispanic",46,149,149,IPEDS_EF2024A,0
2024,bates,0,0,1,1,1,"White, non-Hispanic",283,1060,1060,IPEDS_EF2024A,0
2024,berkeley,0,0,0,0,1,"American Indian or Alaska Native, non-Hispanic",13,44,44,IPEDS_EF2024A,0
2024,berkeley,0,0,0,0,1,"Asian, non-Hispanic",2396,11721,11722,IPEDS_EF2024A,0
2024,berkeley,0,0,0,0,1,"Black or African American, non-Hispanic",127,679,679,IPEDS_EF2024A,0
2024,berkeley,0,0,0,0,1,Hispanic/Latino,1399,7308,7308,IPEDS_EF2024A,0
2024,berkeley,0,0,0,0,1,"Native Hawaiian or other Pacific Islander, non-Hispanic",7,33,33,IPEDS_EF2024A,0
2024,berkeley,0,0,0,0,1,Nonresident,381,3255,3255,IPEDS_EF2024A,0
2024,berkeley,0,0,0,0,1,Race and/or ethnicity unknown,315,1243,1243,IPEDS_EF2024A,0
2024,berkeley,0,0,0,0,1,Total,6272,33068,33070,IPEDS_EF2024A,0
2024,berkeley,0,0,0,0,1,"Two or more races, non-Hispanic",473,2241,2242,IPEDS_EF2024A,0
2024,berkeley,0,0,0,0,1,"White, non-Hispanic",1161,6544,6544,IPEDS_EF2024A,0
2024,bowdoin,0,0,1,1,1,"American Indian or Alaska Native, non-Hispanic",0,1,1,IPEDS_EF2024A,0
2024,bowdoin,0,0,1,1,1,"Asian, non-Hispanic",48,209,209,IPEDS_EF2024A,0
2024,bowdoin,0,0,1,1,1,"Black or African American, non-Hispanic",29,101,101,IPEDS_EF2024A,0
2024,bowdoin,0,0,1,1,1,Hispanic/Latino,81,272,272,IPEDS_EF2024A,0
2024,bowdoin,0,0,1,1,1,"Native Hawaiian or other Pacific Islander, non-Hispanic",0,3,3,IPEDS_EF2024A,0
2024,bowdoin,0,0,1,1,1,Nonresident,35,128,130,IPEDS_EF2024A,0
2024,bowdoin,0,0,1,1,1,Race and/or ethnicity unknown,2,5,5,IPEDS_EF2024A,0
2024,bowdoin,0,0,1,1,1,Total,507,1873,1881,IPEDS_EF2024A,0
2024,bowdoin,0,0,1,1,1,"Two or more races, non-Hispanic",39,167,167,IPEDS_EF2024A,0
2024,bowdoin,0,0,1,1,1,"White, non-Hispanic",273,987,993,IPEDS_EF2024A,0
2024,brown,1,1,0,0,1,"American Indian or Alaska Native, non-Hispanic",1,15,15,IPEDS_EF2024A,0
2024,brown,1,1,0,0,1,"Asian, non-Hispanic",470,1653,1678,IPEDS_EF2024A,0
2024,brown,1,1,0,0,1,"Black or African American, non-Hispanic",94,591,596,IPEDS_EF2024A,0
2024,brown,1,1,0,0,1,Hispanic/Latino,173,876,890,IPEDS_EF2024A,0
2024,brown,1,1,0,0,1,"Native Hawaiian or other Pacific Islander, non-Hispanic",0,8,8,IPEDS_EF2024A,0
2024,brown,1,1,0,0,1,Nonresident,242,917,1069,IPEDS_EF2024A,0
2024,brown,1,1,0,0,1,Race and/or ethnicity unknown,94,213,670,IPEDS_EF2024A,0
2024,brown,1,1,0,0,1,Total,1719,7226,7910,IPEDS_EF2024A,0
2024,brown,1,1,0,0,1,"Two or more races, non-Hispanic",119,574,583,IPEDS_EF2024A,0
2024,brown,1,1,0,0,1,"White, non-Hispanic",526,2379,2401,IPEDS_EF2024A,0
2024,brynmawr,0,0,0,1,0,"American Indian or Alaska Native, non-Hispanic",0,1,1,IPEDS_EF2024A,0
2024,brynmawr,0,0,0,1,0,"Asian, non-Hispanic",42,161,162,IPEDS_EF2024A,0
2024,brynmawr,0,0,0,1,0,"Black or African American, non-Hispanic",19,66,66,IPEDS_EF2024A,0
2024,brynmawr,0,0,0,1,0,Hispanic/Latino,35,124,124,IPEDS_EF2024A,0
2024,brynmawr,0,0,0,1,0,"Native Hawaiian or other Pacific Islander, non-Hispanic",1,1,1,IPEDS_EF2024A,0
2024,brynmawr,0,0,0,1,0,Nonresident,45,178,178,IPEDS_EF2024A,0
2024,brynmawr,0,0,0,1,0,Race and/or ethnicity unknown,20,44,44,IPEDS_EF2024A,0
2024,brynmawr,0,0,0,1,0,Total,380,1359,1360,IPEDS_EF2024A,0
2024,brynmawr,0,0,0,1,0,"Two or more races, non-Hispanic",28,94,94,IPEDS_EF2024A,0
2024,brynmawr,0,0,0,1,0,"White, non-Hispanic",190,690,690,IPEDS_EF2024A,0
2024,bucknell,0,0,0,1,0,"American Indian or Alaska Native, non-Hispanic",0,1,1,IPEDS_EF2024A,0
2024,bucknell,0,0,0,1,0,"Asian, non-Hispanic",38,170,172,IPEDS_EF2024A,0
2024,bucknell,0,0,0,1,0,"Black or African American, non-Hispanic",47,163,163,IPEDS_EF2024A,0
2024,bucknell,0,0,0,1,0,Hispanic/Latino,104,350,353,IPEDS_EF2024A,0
2024,bucknell,0,0,0,1,0,"Native Hawaiian or other Pacific Islander, non-Hispanic",2,3,3,IPEDS_EF2024A,0
2024,bucknell,0,0,0,1,0,Nonresident,41,174,181,IPEDS_EF2024A,0
2024,bucknell,0,0,0,1,0,Race and/or ethnicity unknown,4,5,23,IPEDS_EF2024A,0
2024,bucknell,0,0,0,1,0,Total,991,3876,3920,IPEDS_EF2024A,0
2024,bucknell,0,0,0,1,0,"Two or more races, non-Hispanic",43,162,164,IPEDS_EF2024A,0
2024,bucknell,0,0,0,1,0,"White, non-Hispanic",712,2848,2860,IPEDS_EF2024A,0
2024,caltech,0,1,0,0,1,"American Indian or Alaska Native, non-Hispanic",0,1,1,IPEDS_EF2024A,0
2024,caltech,0,1,0,0,1,"Asian, non-Hispanic",90,354,354,IPEDS_EF2024A,0
2024,caltech,0,1,0,0,1,"Black or African American, non-Hispanic",12,46,46,IPEDS_EF2024A,0
2024,caltech,0,1,0,0,1,Hispanic/Latino,22,172,172,IPEDS_EF2024A,0
2024,caltech,0,1,0,0,1,"Native Hawaiian or other Pacific Islander, non-Hispanic",1,1,1,IPEDS_EF2024A,0
2024,caltech,0,1,0,0,1,Nonresident,33,139,139,IPEDS_EF2024A,0
2024,caltech,0,1,0,0,1,Race and/or ethnicity unknown,0,1,1,IPEDS_EF2024A,0
2024,caltech,0,1,0,0,1,Total,218,987,987,IPEDS_EF2024A,0
2024,caltech,0,1,0,0,1,"Two or more races, non-Hispanic",17,88,88,IPEDS_EF2024A,0
2024,caltech,0,1,0,0,1,"White, non-Hispanic",43,185,185,IPEDS_EF2024A,0
2024,carleton,0,0,0,1,1,"American Indian or Alaska Native, non-Hispanic",1,2,2,IPEDS_EF2024A,0
2024,carleton,0,0,0,1,1,"Asian, non-Hispanic",53,214,220,IPEDS_EF2024A,0
2024,carleton,0,0,0,1,1,"Black or African American, non-Hispanic",21,123,123,IPEDS_EF2024A,0
2024,carleton,0,0,0,1,1,Hispanic/Latino,46,210,215,IPEDS_EF2024A,0
2024,carleton,0,0,0,1,1,"Native Hawaiian or other Pacific Islander, non-Hispanic",1,1,1,IPEDS_EF2024A,0
2024,carleton,0,0,0,1,1,Nonresident,54,217,224,IPEDS_EF2024A,0
2024,carleton,0,0,0,1,1,Race and/or ethnicity unknown,29,72,73,IPEDS_EF2024A,0
2024,carleton,0,0,0,1,1,Total,507,2086,2128,IPEDS_EF2024A,0
2024,carleton,0,0,0,1,1,"Two or more races, non-Hispanic",46,184,184,IPEDS_EF2024A,0
2024,carleton,0,0,0,1,1,"White, non-Hispanic",256,1063,1086,IPEDS_EF2024A,0
2024,clark,0,0,0,1,0,"American Indian or Alaska Native, non-Hispanic",0,0,0,IPEDS_EF2024A,0
2024,clark,0,0,0,1,0,"Asian, non-Hispanic",27,153,161,IPEDS_EF2024A,0
2024,clark,0,0,0,1,0,"Black or African American, non-Hispanic",28,121,128,IPEDS_EF2024A,0
2024,clark,0,0,0,1,0,Hispanic/Latino,71,288,307,IPEDS_EF2024A,0
2024,clark,0,0,0,1,0,"Native Hawaiian or other Pacific Islander, non-Hispanic",0,1,1,IPEDS_EF2024A,0
2024,clark,0,0,0,1,0,Nonresident,38,127,135,IPEDS_EF2024A,0
2024,clark,0,0,0,1,0,Race and/or ethnicity unknown,15,51,55,IPEDS_EF2024A,0
2024,clark,0,0,0,1,0,Total,486,2214,2266,IPEDS_EF2024A,0
2024,clark,0,0,0,1,0,"Two or more races, non-Hispanic",23,100,100,IPEDS_EF2024A,0
2024,clark,0,0,0,1,0,"White, non-Hispanic",284,1373,1379,IPEDS_EF2024A,0
2024,cmc,0,0,0,0,1,"American Indian or Alaska Native, non-Hispanic",0,0,0,IPEDS_EF2024A,0
2024,cmc,0,0,0,0,1,"Asian, non-Hispanic",68,237,237,IPEDS_EF2024A,0
2024,cmc,0,0,0,0,1,"Black or African American, non-Hispanic",12,57,57,IPEDS_EF2024A,0
2024,cmc,0,0,0,0,1,Hispanic/Latino,55,206,206,IPEDS_EF2024A,0
2024,cmc,0,0,0,0,1,"Native Hawaiian or other Pacific Islander, non-Hispanic",0,1,1,IPEDS_EF2024A,0
2024,cmc,0,0,0,0,1,Nonresident,48,206,208,IPEDS_EF2024A,0
2024,cmc,0,0,0,0,1,Race and/or ethnicity unknown,15,64,64,IPEDS_EF2024A,0
2024,cmc,0,0,0,0,1,Total,337,1388,1390,IPEDS_EF2024A,0
2024,cmc,0,0,0,0,1,"Two or more races, non-Hispanic",27,121,121,IPEDS_EF2024A,0
2024,cmc,0,0,0,0,1,"White, non-Hispanic",112,496,496,IPEDS_EF2024A,0
2024,cmu,0,0,0,0,1,"American Indian or Alaska Native, non-Hispanic",0,1,1,IPEDS_EF2024A,0
2024,cmu,0,0,0,0,1,"Asian, non-Hispanic",711,2519,2525,IPEDS_EF2024A,0
2024,cmu,0,0,0,0,1,"Black or African American, non-Hispanic",39,292,297,IPEDS_EF2024A,0
2024,cmu,0,0,0,0,1,Hispanic/Latino,115,729,733,IPEDS_EF2024A,0
2024,cmu,0,0,0,0,1,"Native Hawaiian or other Pacific Islander, non-Hispanic",0,2,2,IPEDS_EF2024A,0
2024,cmu,0,0,0,0,1,Nonresident,362,1392,1405,IPEDS_EF2024A,0
2024,cmu,0,0,0,0,1,Race and/or ethnicity unknown,127,401,425,IPEDS_EF2024A,0
2024,cmu,0,0,0,0,1,Total,1808,7304,7377,IPEDS_EF2024A,0
2024,cmu,0,0,0,0,1,"Two or more races, non-Hispanic",75,391,392,IPEDS_EF2024A,0
2024,cmu,0,0,0,0,1,"White, non-Hispanic",379,1577,1597,IPEDS_EF2024A,0
2024,colby,0,0,1,1,1,"American Indian or Alaska Native, non-Hispanic",2,4,4,IPEDS_EF2024A,0
2024,colby,0,0,1,1,1,"Asian, non-Hispanic",59,246,246,IPEDS_EF2024A,0
2024,colby,0,0,1,1,1,"Black or African American, non-Hispanic",19,115,115,IPEDS_EF2024A,0
2024,colby,0,0,1,1,1,Hispanic/Latino,51,202,202,IPEDS_EF2024A,0
2024,colby,0,0,1,1,1,"Native Hawaiian or other Pacific Islander, non-Hispanic",0,2,2,IPEDS_EF2024A,0
2024,colby,0,0,1,1,1,Nonresident,86,269,269,IPEDS_EF2024A,0
2024,colby,0,0,1,1,1,Race and/or ethnicity unknown,19,77,82,IPEDS_EF2024A,0
2024,colby,0,0,1,1,1,Total,628,2407,2412,IPEDS_EF2024A,0
2024,colby,0,0,1,1,1,"Two or more races, non-Hispanic",43,171,171,IPEDS_EF2024A,0
2024,colby,0,0,1,1,1,"White, non-Hispanic",349,1321,1321,IPEDS_EF2024A,0
2024,colgate,0,0,0,0,1,"American Indian or Alaska Native, non-Hispanic",1,4,4,IPEDS_EF2024A,0
2024,colgate,0,0,0,0,1,"Asian, non-Hispanic",46,169,169,IPEDS_EF2024A,0
2024,colgate,0,0,0,0,1,"Black or African American, non-Hispanic",28,137,137,IPEDS_EF2024A,0
2024,colgate,0,0,0,0,1,Hispanic/Latino,81,306,307,IPEDS_EF2024A,0
2024,colgate,0,0,0,0,1,"Native Hawaiian or other Pacific Islander, non-Hispanic",0,4,4,IPEDS_EF2024A,0
2024,colgate,0,0,0,0,1,Nonresident,65,257,257,IPEDS_EF2024A,0
2024,colgate,0,0,0,0,1,Race and/or ethnicity unknown,26,69,72,IPEDS_EF2024A,0
2024,colgate,0,0,0,0,1,Total,825,3180,3193,IPEDS_EF2024A,0
2024,colgate,0,0,0,0,1,"Two or more races, non-Hispanic",52,191,191,IPEDS_EF2024A,0
2024,colgate,0,0,0,0,1,"White, non-Hispanic",526,2043,2052,IPEDS_EF2024A,0
2024,columbia,1,1,0,0,1,"American Indian or Alaska Native, non-Hispanic",4,23,23,IPEDS_EF2024A,0
2024,columbia,1,1,0,0,1,"Asian, non-Hispanic",392,1679,1681,IPEDS_EF2024A,0
2024,columbia,1,1,0,0,1,"Black or African American, non-Hispanic",92,674,674,IPEDS_EF2024A,0
2024,columbia,1,1,0,0,1,Hispanic/Latino,241,1381,1381,IPEDS_EF2024A,0
2024,columbia,1,1,0,0,1,"Native Hawaiian or other Pacific Islander, non-Hispanic",4,17,17,IPEDS_EF2024A,0
2024,columbia,1,1,0,0,1,Nonresident,278,1770,1879,IPEDS_EF2024A,0
2024,columbia,1,1,0,0,1,Race and/or ethnicity unknown,30,293,371,IPEDS_EF2024A,0
2024,columbia,1,1,0,0,1,Total,1558,8973,9164,IPEDS_EF2024A,0
2024,columbia,1,1,0,0,1,"Two or more races, non-Hispanic",100,561,562,IPEDS_EF2024A,0
2024,columbia,1,1,0,0,1,"White, non-Hispanic",417,2575,2576,IPEDS_EF2024A,0
2024,conncoll,0,0,1,1,0,"American Indian or Alaska Native, non-Hispanic",0,0,0,IPEDS_EF2024A,0
2024,conncoll,0,0,1,1,0,"Asian, non-Hispanic",15,63,73,IPEDS_EF2024A,0
2024,conncoll,0,0,1,1,0,"Black or African American, non-Hispanic",29,93,98,IPEDS_EF2024A,0
2024,conncoll,0,0,1,1,0,Hispanic/Latino,57,223,227,IPEDS_EF2024A,0
2024,conncoll,0,0,1,1,0,"Native Hawaiian or other Pacific Islander, non-Hispanic",0,2,2,IPEDS_EF2024A,0
2024,conncoll,0,0,1,1,0,Nonresident,24,113,117,IPEDS_EF2024A,0
2024,conncoll,0,0,1,1,0,Race and/or ethnicity unknown,15,45,49,IPEDS_EF2024A,0
2024,conncoll,0,0,1,1,0,Total,451,1937,1990,IPEDS_EF2024A,0
2024,conncoll,0,0,1,1,0,"Two or more races, non-Hispanic",24,79,79,IPEDS_EF2024A,0
2024,conncoll,0,0,1,1,0,"White, non-Hispanic",287,1319,1345,IPEDS_EF2024A,0
2024,cornell,1,1,0,0,1,"American Indian or Alaska Native, non-Hispanic",2,29,29,IPEDS_EF2024A,0
2024,cornell,1,1,0,0,1,"Asian, non-Hispanic",1020,4280,4280,IPEDS_EF2024A,0
2024,cornell,1,1,0,0,1,"Black or African American, non-Hispanic",150,1094,1094,IPEDS_EF2024A,0
2024,cornell,1,1,0,0,1,Hispanic/Latino,335,2105,2106,IPEDS_EF2024A,0
2024,cornell,1,1,0,0,1,"Native Hawaiian or other Pacific Islander, non-Hispanic",5,25,25,IPEDS_EF2024A,0
2024,cornell,1,1,0,0,1,Nonresident,355,1527,1656,IPEDS_EF2024A,0
2024,cornell,1,1,0,0,1,Race and/or ethnicity unknown,307,1025,1028,IPEDS_EF2024A,0
2024,cornell,1,1,0,0,1,Total,3525,15995,16128,IPEDS_EF2024A,0
2024,cornell,1,1,0,0,1,"Two or more races, non-Hispanic",221,950,950,IPEDS_EF2024A,0
2024,cornell,1,1,0,0,1,"White, non-Hispanic",1130,4960,4960,IPEDS_EF2024A,0
2024,dartmouth,1,1,0,0,1,"American Indian or Alaska Native, non-Hispanic",13,51,52,IPEDS_EF2024A,0
2024,dartmouth,1,1,0,0,1,"Asian, non-Hispanic",150,593,597,IPEDS_EF2024A,0
2024,dartmouth,1,1,0,0,1,"Black or African American, non-Hispanic",70,283,283,IPEDS_EF2024A,0
2024,dartmouth,1,1,0,0,1,Hispanic/Latino,130,450,455,IPEDS_EF2024A,0
2024,dartmouth,1,1,0,0,1,"Native Hawaiian or other Pacific Islander, non-Hispanic",0,0,0,IPEDS_EF2024A,0
2024,dartmouth,1,1,0,0,1,Nonresident,170,685,726,IPEDS_EF2024A,0
2024,dartmouth,1,1,0,0,1,Race and/or ethnicity unknown,67,134,153,IPEDS_EF2024A,0
2024,dartmouth,1,1,0,0,1,Total,1182,4541,4637,IPEDS_EF2024A,0
2024,dartmouth,1,1,0,0,1,"Two or more races, non-Hispanic",98,345,345,IPEDS_EF2024A,0
2024,dartmouth,1,1,0,0,1,"White, non-Hispanic",484,2000,2026,IPEDS_EF2024A,0
2024,davidson,0,0,0,1,1,"American Indian or Alaska Native, non-Hispanic",1,6,6,IPEDS_EF2024A,0
2024,davidson,0,0,0,1,1,"Asian, non-Hispanic",23,99,99,IPEDS_EF2024A,0
2024,davidson,0,0,0,1,1,"Black or African American, non-Hispanic",36,128,128,IPEDS_EF2024A,0
2024,davidson,0,0,0,1,1,Hispanic/Latino,67,208,208,IPEDS_EF2024A,0
2024,davidson,0,0,0,1,1,"Native Hawaiian or other Pacific Islander, non-Hispanic",0,1,1,IPEDS_EF2024A,0
2024,davidson,0,0,0,1,1,Nonresident,63,200,201,IPEDS_EF2024A,0
2024,davidson,0,0,0,1,1,Race and/or ethnicity unknown,8,19,20,IPEDS_EF2024A,0
2024,davidson,0,0,0,1,1,Total,520,1867,1869,IPEDS_EF2024A,0
2024,davidson,0,0,0,1,1,"Two or more races, non-Hispanic",18,78,78,IPEDS_EF2024A,0
2024,davidson,0,0,0,1,1,"White, non-Hispanic",304,1128,1128,IPEDS_EF2024A,0
2024,duke,0,1,0,0,1,"American Indian or Alaska Native, non-Hispanic",3,13,13,IPEDS_EF2024A,0
2024,duke,0,1,0,0,1,"Asian, non-Hispanic",337,1403,1409,IPEDS_EF2024A,0
2024,duke,0,1,0,0,1,"Black or African American, non-Hispanic",154,562,562,IPEDS_EF2024A,0
2024,duke,0,1,0,0,1,Hispanic/Latino,179,691,696,IPEDS_EF2024A,0
2024,duke,0,1,0,0,1,"Native Hawaiian or other Pacific Islander, non-Hispanic",0,5,5,IPEDS_EF2024A,0
2024,duke,0,1,0,0,1,Nonresident,160,679,693,IPEDS_EF2024A,0
2024,duke,0,1,0,0,1,Race and/or ethnicity unknown,185,348,383,IPEDS_EF2024A,0
2024,duke,0,1,0,0,1,Total,1740,6442,6523,IPEDS_EF2024A,0
2024,duke,0,1,0,0,1,"Two or more races, non-Hispanic",124,475,477,IPEDS_EF2024A,0
2024,duke,0,1,0,0,1,"White, non-Hispanic",598,2266,2285,IPEDS_EF2024A,0
2024,emory,0,0,0,0,1,"American Indian or Alaska Native, non-Hispanic",2,4,4,IPEDS_EF2024A,0
2024,emory,0,0,0,0,1,"Asian, non-Hispanic",351,1830,1834,IPEDS_EF2024A,0
2024,emory,0,0,0,0,1,"Black or African American, non-Hispanic",143,758,762,IPEDS_EF2024A,0
2024,emory,0,0,0,0,1,Hispanic/Latino,173,884,885,IPEDS_EF2024A,0
2024,emory,0,0,0,0,1,"Native Hawaiian or other Pacific Islander, non-Hispanic",0,1,1,IPEDS_EF2024A,0
2024,emory,0,0,0,0,1,Nonresident,238,1154,1238,IPEDS_EF2024A,0
2024,emory,0,0,0,0,1,Race and/or ethnicity unknown,81,176,181,IPEDS_EF2024A,0
2024,emory,0,0,0,0,1,Total,1438,7298,7407,IPEDS_EF2024A,0
2024,emory,0,0,0,0,1,"Two or more races, non-Hispanic",50,306,306,IPEDS_EF2024A,0
2024,emory,0,0,0,0,1,"White, non-Hispanic",400,2185,2196,IPEDS_EF2024A,0
2024,fandm,0,0,0,1,0,"American Indian or Alaska Native, non-Hispanic",0,3,3,IPEDS_EF2024A,0
2024,fandm,0,0,0,1,0,"Asian, non-Hispanic",30,98,101,IPEDS_EF2024A,0
2024,fandm,0,0,0,1,0,"Black or African American, non-Hispanic",24,87,87,IPEDS_EF2024A,0
2024,fandm,0,0,0,1,0,Hispanic/Latino,46,165,165,IPEDS_EF2024A,0
2024,fandm,0,0,0,1,0,"Native Hawaiian or other Pacific Islander, non-Hispanic",0,0,0,IPEDS_EF2024A,0
2024,fandm,0,0,0,1,0,Nonresident,79,306,306,IPEDS_EF2024A,0
2024,fandm,0,0,0,1,0,Race and/or ethnicity unknown,4,13,14,IPEDS_EF2024A,0
2024,fandm,0,0,0,1,0,Total,477,1799,1808,IPEDS_EF2024A,0
2024,fandm,0,0,0,1,0,"Two or more races, non-Hispanic",18,64,64,IPEDS_EF2024A,0
2024,fandm,0,0,0,1,0,"White, non-Hispanic",276,1063,1068,IPEDS_EF2024A,0
2024,georgetown,0,0,0,0,1,"American Indian or Alaska Native, non-Hispanic",0,6,7,IPEDS_EF2024A,0
2024,georgetown,0,0,0,0,1,"Asian, non-Hispanic",276,1169,1171,IPEDS_EF2024A,0
2024,georgetown,0,0,0,0,1,"Black or African American, non-Hispanic",87,371,375,IPEDS_EF2024A,0
2024,georgetown,0,0,0,0,1,Hispanic/Latino,60,448,448,IPEDS_EF2024A,0
2024,georgetown,0,0,0,0,1,"Native Hawaiian or other Pacific Islander, non-Hispanic",0,10,11,IPEDS_EF2024A,0
2024,georgetown,0,0,0,0,1,Nonresident,111,1010,1121,IPEDS_EF2024A,0
2024,georgetown,0,0,0,0,1,Race and/or ethnicity unknown,150,581,679,IPEDS_EF2024A,0
2024,georgetown,0,0,0,0,1,Total,1575,7569,7833,IPEDS_EF2024A,0
2024,georgetown,0,0,0,0,1,"Two or more races, non-Hispanic",140,484,488,IPEDS_EF2024A,0
2024,georgetown,0,0,0,0,1,"White, non-Hispanic",751,3490,3533,IPEDS_EF2024A,0
2024,grinnell,0,0,0,0,1,"American Indian or Alaska Native, non-Hispanic",0,1,1,IPEDS_EF2024A,0
2024,grinnell,0,0,0,0,1,"Asian, non-Hispanic",55,168,169,IPEDS_EF2024A,0
2024,grinnell,0,0,0,0,1,"Black or African American, non-Hispanic",20,81,85,IPEDS_EF2024A,0
2024,grinnell,0,0,0,0,1,Hispanic/Latino,43,151,152,IPEDS_EF2024A,0
2024,grinnell,0,0,0,0,1,"Native Hawaiian or other Pacific Islander, non-Hispanic",1,1,1,IPEDS_EF2024A,0
2024,grinnell,0,0,0,0,1,Nonresident,98,363,366,IPEDS_EF2024A,0
2024,grinnell,0,0,0,0,1,Race and/or ethnicity unknown,1,16,40,IPEDS_EF2024A,0
2024,grinnell,0,0,0,0,1,Total,438,1729,1788,IPEDS_EF2024A,0
2024,grinnell,0,0,0,0,1,"Two or more races, non-Hispanic",31,111,116,IPEDS_EF2024A,0
2024,grinnell,0,0,0,0,1,"White, non-Hispanic",189,837,858,IPEDS_EF2024A,0
2024,hamilton,0,0,1,1,1,"American Indian or Alaska Native, non-Hispanic",1,1,1,IPEDS_EF2024A,0
2024,hamilton,0,0,1,1,1,"Asian, non-Hispanic",40,183,183,IPEDS_EF2024A,0
2024,hamilton,0,0,1,1,1,"Black or African American, non-Hispanic",13,64,64,IPEDS_EF2024A,0
2024,hamilton,0,0,1,1,1,Hispanic/Latino,49,197,197,IPEDS_EF2024A,0
2024,hamilton,0,0,1,1,1,"Native Hawaiian or other Pacific Islander, non-Hispanic",0,0,0,IPEDS_EF2024A,0
2024,hamilton,0,0,1,1,1,Nonresident,37,167,168,IPEDS_EF2024A,0
2024,hamilton,0,0,1,1,1,Race and/or ethnicity unknown,12,35,35,IPEDS_EF2024A,0
2024,hamilton,0,0,1,1,1,Total,453,2030,2031,IPEDS_EF2024A,0
2024,hamilton,0,0,1,1,1,"Two or more races, non-Hispanic",25,120,120,IPEDS_EF2024A,0
2024,hamilton,0,0,1,1,1,"White, non-Hispanic",276,1263,1263,IPEDS_EF2024A,0
2024,hampshire,0,0,0,1,0,"American Indian or Alaska Native, non-Hispanic",0,1,1,IPEDS_EF2024A,0
2024,hampshire,0,0,0,1,0,"Asian, non-Hispanic",4,18,18,IPEDS_EF2024A,0
2024,hampshire,0,0,0,1,0,"Black or African American, non-Hispanic",22,61,61,IPEDS_EF2024A,0
2024,hampshire,0,0,0,1,0,Hispanic/Latino,29,109,109,IPEDS_EF2024A,0
2024,hampshire,0,0,0,1,0,"Native Hawaiian or other Pacific Islander, non-Hispanic",0,0,0,IPEDS_EF2024A,0
2024,hampshire,0,0,0,1,0,Nonresident,10,43,48,IPEDS_EF2024A,0
2024,hampshire,0,0,0,1,0,Race and/or ethnicity unknown,8,38,38,IPEDS_EF2024A,0
2024,hampshire,0,0,0,1,0,Total,231,839,844,IPEDS_EF2024A,0
2024,hampshire,0,0,0,1,0,"Two or more races, non-Hispanic",7,47,47,IPEDS_EF2024A,0
2024,hampshire,0,0,0,1,0,"White, non-Hispanic",151,522,522,IPEDS_EF2024A,0
2024,harvard,1,1,0,0,1,"American Indian or Alaska Native, non-Hispanic",3,25,30,IPEDS_EF2024A,0
2024,harvard,1,1,0,0,1,"Asian, non-Hispanic",375,1703,1861,IPEDS_EF2024A,0
2024,harvard,1,1,0,0,1,"Black or African American, non-Hispanic",112,674,737,IPEDS_EF2024A,0
2024,harvard,1,1,0,0,1,Hispanic/Latino,183,902,1014,IPEDS_EF2024A,0
2024,harvard,1,1,0,0,1,"Native Hawaiian or other Pacific Islander, non-Hispanic",2,15,17,IPEDS_EF2024A,0
2024,harvard,1,1,0,0,1,Nonresident,265,1109,1346,IPEDS_EF2024A,0
2024,harvard,1,1,0,0,1,Race and/or ethnicity unknown,117,262,497,IPEDS_EF2024A,0
2024,harvard,1,1,0,0,1,Total,1641,7601,8844,IPEDS_EF2024A,0
2024,harvard,1,1,0,0,1,"Two or more races, non-Hispanic",127,566,604,IPEDS_EF2024A,0
2024,harvard,1,1,0,0,1,"White, non-Hispanic",457,2345,2738,IPEDS_EF2024A,0
2024,haverford,0,0,0,1,0,"American Indian or Alaska Native, non-Hispanic",0,0,0,IPEDS_EF2024A,0
2024,haverford,0,0,0,1,0,"Asian, non-Hispanic",49,185,185,IPEDS_EF2024A,0
2024,haverford,0,0,0,1,0,"Black or African American, non-Hispanic",14,63,63,IPEDS_EF2024A,0
2024,haverford,0,0,0,1,0,Hispanic/Latino,41,164,164,IPEDS_EF2024A,0
2024,haverford,0,0,0,1,0,"Native Hawaiian or other Pacific Islander, non-Hispanic",3,3,3,IPEDS_EF2024A,0
2024,haverford,0,0,0,1,0,Nonresident,37,156,157,IPEDS_EF2024A,0
2024,haverford,0,0,0,1,0,Race and/or ethnicity unknown,2,9,9,IPEDS_EF2024A,0
2024,haverford,0,0,0,1,0,Total,387,1430,1431,IPEDS_EF2024A,0
2024,haverford,0,0,0,1,0,"Two or more races, non-Hispanic",34,147,147,IPEDS_EF2024A,0
2024,haverford,0,0,0,1,0,"White, non-Hispanic",207,703,703,IPEDS_EF2024A,0
2024,hmc,0,0,0,0,1,"American Indian or Alaska Native, non-Hispanic",1,3,3,IPEDS_EF2024A,0
2024,hmc,0,0,0,0,1,"Asian, non-Hispanic",49,186,202,IPEDS_EF2024A,0
2024,hmc,0,0,0,0,1,"Black or African American, non-Hispanic",8,48,49,IPEDS_EF2024A,0
2024,hmc,0,0,0,0,1,Hispanic/Latino,43,203,204,IPEDS_EF2024A,0
2024,hmc,0,0,0,0,1,"Native Hawaiian or other Pacific Islander, non-Hispanic",0,1,1,IPEDS_EF2024A,0
2024,hmc,0,0,0,0,1,Nonresident,23,101,101,IPEDS_EF2024A,0
2024,hmc,0,0,0,0,1,Race and/or ethnicity unknown,15,44,53,IPEDS_EF2024A,0
2024,hmc,0,0,0,0,1,Total,231,921,951,IPEDS_EF2024A,0
2024,hmc,0,0,0,0,1,"Two or more races, non-Hispanic",26,110,111,IPEDS_EF2024A,0
2024,hmc,0,0,0,0,1,"White, non-Hispanic",66,225,227,IPEDS_EF2024A,0
2024,jhu,0,1,0,0,1,"American Indian or Alaska Native, non-Hispanic",1,9,10,IPEDS_EF2024A,0
2024,jhu,0,1,0,0,1,"Asian, non-Hispanic",567,1672,1755,IPEDS_EF2024A,0
2024,jhu,0,1,0,0,1,"Black or African American, non-Hispanic",48,474,562,IPEDS_EF2024A,0
2024,jhu,0,1,0,0,1,Hispanic/Latino,148,1063,1131,IPEDS_EF2024A,0
2024,jhu,0,1,0,0,1,"Native Hawaiian or other Pacific Islander, non-Hispanic",2,5,5,IPEDS_EF2024A,0
2024,jhu,0,1,0,0,1,Nonresident,209,866,934,IPEDS_EF2024A,0
2024,jhu,0,1,0,0,1,Race and/or ethnicity unknown,42,117,154,IPEDS_EF2024A,0
2024,jhu,0,1,0,0,1,Total,1389,5693,6356,IPEDS_EF2024A,0
2024,jhu,0,1,0,0,1,"Two or more races, non-Hispanic",80,377,407,IPEDS_EF2024A,0
2024,jhu,0,1,0,0,1,"White, non-Hispanic",292,1110,1398,IPEDS_EF2024A,0
2024,macalester,0,0,0,1,0,"American Indian or Alaska Native, non-Hispanic",1,2,2,IPEDS_EF2024A,0
2024,macalester,0,0,0,1,0,"Asian, non-Hispanic",46,169,169,IPEDS_EF2024A,0
2024,macalester,0,0,0,1,0,"Black or African American, non-Hispanic",34,133,133,IPEDS_EF2024A,0
2024,macalester,0,0,0,1,0,Hispanic/Latino,48,232,232,IPEDS_EF2024A,0
2024,macalester,0,0,0,1,0,"Native Hawaiian or other Pacific Islander, non-Hispanic",2,6,6,IPEDS_EF2024A,0
2024,macalester,0,0,0,1,0,Nonresident,117,314,321,IPEDS_EF2024A,0
2024,macalester,0,0,0,1,0,Race and/or ethnicity unknown,12,20,20,IPEDS_EF2024A,0
2024,macalester,0,0,0,1,0,Total,560,2131,2138,IPEDS_EF2024A,0
2024,macalester,0,0,0,1,0,"Two or more races, non-Hispanic",46,188,188,IPEDS_EF2024A,0
2024,macalester,0,0,0,1,0,"White, non-Hispanic",254,1067,1067,IPEDS_EF2024A,0
2024,middlebury,0,0,1,1,1,"American Indian or Alaska Native, non-Hispanic",0,1,1,IPEDS_EF2024A,0
2024,middlebury,0,0,1,1,1,"Asian, non-Hispanic",39,202,202,IPEDS_EF2024A,0
2024,middlebury,0,0,1,1,1,"Black or African American, non-Hispanic",20,143,143,IPEDS_EF2024A,0
2024,middlebury,0,0,1,1,1,Hispanic/Latino,71,342,342,IPEDS_EF2024A,0
2024,middlebury,0,0,1,1,1,"Native Hawaiian or other Pacific Islander, non-Hispanic",0,0,0,IPEDS_EF2024A,0
2024,middlebury,0,0,1,1,1,Nonresident,91,337,357,IPEDS_EF2024A,0
2024,middlebury,0,0,1,1,1,Race and/or ethnicity unknown,6,26,26,IPEDS_EF2024A,0
2024,middlebury,0,0,1,1,1,Total,598,2738,2760,IPEDS_EF2024A,0
2024,middlebury,0,0,1,1,1,"Two or more races, non-Hispanic",37,203,203,IPEDS_EF2024A,0
2024,middlebury,0,0,1,1,1,"White, non-Hispanic",334,1484,1486,IPEDS_EF2024A,0
2024,mit,0,1,0,0,1,"American Indian or Alaska Native, non-Hispanic",3,9,9,IPEDS_EF2024A,0
2024,mit,0,1,0,0,1,"Asian, non-Hispanic",462,1595,1595,IPEDS_EF2024A,0
2024,mit,0,1,0,0,1,"Black or African American, non-Hispanic",41,349,349,IPEDS_EF2024A,0
2024,mit,0,1,0,0,1,Hispanic/Latino,118,639,639,IPEDS_EF2024A,0
2024,mit,0,1,0,0,1,"Native Hawaiian or other Pacific Islander, non-Hispanic",1,2,2,IPEDS_EF2024A,0
2024,mit,0,1,0,0,1,Nonresident,125,529,529,IPEDS_EF2024A,0
2024,mit,0,1,0,0,1,Race and/or ethnicity unknown,25,138,138,IPEDS_EF2024A,0
2024,mit,0,1,0,0,1,Total,1098,4535,4535,IPEDS_EF2024A,0
2024,mit,0,1,0,0,1,"Two or more races, non-Hispanic",60,310,310,IPEDS_EF2024A,0
2024,mit,0,1,0,0,1,"White, non-Hispanic",263,964,964,IPEDS_EF2024A,0
2024,mtholyoke,0,0,0,1,0,"American Indian or Alaska Native, non-Hispanic",1,2,2,IPEDS_EF2024A,0
2024,mtholyoke,0,0,0,1,0,"Asian, non-Hispanic",25,146,146,IPEDS_EF2024A,0
2024,mtholyoke,0,0,0,1,0,"Black or African American, non-Hispanic",25,115,115,IPEDS_EF2024A,0
2024,mtholyoke,0,0,0,1,0,Hispanic/Latino,64,222,222,IPEDS_EF2024A,0
2024,mtholyoke,0,0,0,1,0,"Native Hawaiian or other Pacific Islander, non-Hispanic",0,2,2,IPEDS_EF2024A,0
2024,mtholyoke,0,0,0,1,0,Nonresident,85,423,428,IPEDS_EF2024A,0
2024,mtholyoke,0,0,0,1,0,Race and/or ethnicity unknown,5,15,16,IPEDS_EF2024A,0
2024,mtholyoke,0,0,0,1,0,Total,512,2169,2178,IPEDS_EF2024A,0
2024,mtholyoke,0,0,0,1,0,"Two or more races, non-Hispanic",33,119,121,IPEDS_EF2024A,0
2024,mtholyoke,0,0,0,1,0,"White, non-Hispanic",274,1125,1126,IPEDS_EF2024A,0
2024,navy,0,0,0,0,1,"American Indian or Alaska Native, non-Hispanic",3,10,10,IPEDS_EF2024A,0
2024,navy,0,0,0,0,1,"Asian, non-Hispanic",132,469,469,IPEDS_EF2024A,0
2024,navy,0,0,0,0,1,"Black or African American, non-Hispanic",70,293,293,IPEDS_EF2024A,0
2024,navy,0,0,0,0,1,Hispanic/Latino,175,664,664,IPEDS_EF2024A,0
2024,navy,0,0,0,0,1,"Native Hawaiian or other Pacific Islander, non-Hispanic",1,13,13,IPEDS_EF2024A,0
2024,navy,0,0,0,0,1,Nonresident,17,58,58,IPEDS_EF2024A,0
2024,navy,0,0,0,0,1,Race and/or ethnicity unknown,17,63,63,IPEDS_EF2024A,0
2024,navy,0,0,0,0,1,Total,1170,4474,4474,IPEDS_EF2024A,0
2024,navy,0,0,0,0,1,"Two or more races, non-Hispanic",122,407,407,IPEDS_EF2024A,0
2024,navy,0,0,0,0,1,"White, non-Hispanic",633,2497,2497,IPEDS_EF2024A,0
2024,northwestern,0,0,0,0,1,"American Indian or Alaska Native, non-Hispanic",7,14,14,IPEDS_EF2024A,0
2024,northwestern,0,0,0,0,1,"Asian, non-Hispanic",415,1952,1968,IPEDS_EF2024A,0
2024,northwestern,0,0,0,0,1,"Black or African American, non-Hispanic",230,771,779,IPEDS_EF2024A,0
2024,northwestern,0,0,0,0,1,Hispanic/Latino,382,1449,1459,IPEDS_EF2024A,0
2024,northwestern,0,0,0,0,1,"Native Hawaiian or other Pacific Islander, non-Hispanic",2,6,6,IPEDS_EF2024A,0
2024,northwestern,0,0,0,0,1,Nonresident,275,1065,1070,IPEDS_EF2024A,0
2024,northwestern,0,0,0,0,1,Race and/or ethnicity unknown,108,408,519,IPEDS_EF2024A,0
2024,northwestern,0,0,0,0,1,Total,2105,9201,9399,IPEDS_EF2024A,0
2024,northwestern,0,0,0,0,1,"Two or more races, non-Hispanic",158,724,728,IPEDS_EF2024A,0
2024,northwestern,0,0,0,0,1,"White, non-Hispanic",528,2812,2856,IPEDS_EF2024A,0
2024,notredame,0,0,0,0,1,"American Indian or Alaska Native, non-Hispanic",2,10,10,IPEDS_EF2024A,0
2024,notredame,0,0,0,0,1,"Asian, non-Hispanic",117,504,506,IPEDS_EF2024A,0
2024,notredame,0,0,0,0,1,"Black or African American, non-Hispanic",70,416,416,IPEDS_EF2024A,0
2024,notredame,0,0,0,0,1,Hispanic/Latino,366,1351,1351,IPEDS_EF2024A,0
2024,notredame,0,0,0,0,1,"Native Hawaiian or other Pacific Islander, non-Hispanic",2,13,13,IPEDS_EF2024A,0
2024,notredame,0,0,0,0,1,Nonresident,159,605,664,IPEDS_EF2024A,0
2024,notredame,0,0,0,0,1,Race and/or ethnicity unknown,45,190,191,IPEDS_EF2024A,0
2024,notredame,0,0,0,0,1,Total,2082,8818,8880,IPEDS_EF2024A,0
2024,notredame,0,0,0,0,1,"Two or more races, non-Hispanic",89,492,492,IPEDS_EF2024A,0
2024,notredame,0,0,0,0,1,"White, non-Hispanic",1232,5237,5237,IPEDS_EF2024A,0
2024,oberlin,0,0,0,1,0,"American Indian or Alaska Native, non-Hispanic",1,1,1,IPEDS_EF2024A,0
2024,oberlin,0,0,0,1,0,"Asian, non-Hispanic",26,147,147,IPEDS_EF2024A,0
2024,oberlin,0,0,0,1,0,"Black or African American, non-Hispanic",38,125,125,IPEDS_EF2024A,0
2024,oberlin,0,0,0,1,0,Hispanic/Latino,79,265,266,IPEDS_EF2024A,0
2024,oberlin,0,0,0,1,0,"Native Hawaiian or other Pacific Islander, non-Hispanic",1,1,1,IPEDS_EF2024A,0
2024,oberlin,0,0,0,1,0,Nonresident,83,275,278,IPEDS_EF2024A,0
2024,oberlin,0,0,0,1,0,Race and/or ethnicity unknown,16,50,51,IPEDS_EF2024A,0
2024,oberlin,0,0,0,1,0,Total,700,2887,2896,IPEDS_EF2024A,0
2024,oberlin,0,0,0,1,0,"Two or more races, non-Hispanic",65,264,265,IPEDS_EF2024A,0
2024,oberlin,0,0,0,1,0,"White, non-Hispanic",391,1759,1762,IPEDS_EF2024A,0
2024,penn,1,1,0,0,1,"American Indian or Alaska Native, non-Hispanic",8,17,17,IPEDS_EF2024A,0
2024,penn,1,1,0,0,1,"Asian, non-Hispanic",753,3024,3176,IPEDS_EF2024A,0
2024,penn,1,1,0,0,1,"Black or African American, non-Hispanic",206,963,1019,IPEDS_EF2024A,0
2024,penn,1,1,0,0,1,Hispanic/Latino,271,1208,1249,IPEDS_EF2024A,0
2024,penn,1,1,0,0,1,"Native Hawaiian or other Pacific Islander, non-Hispanic",1,3,3,IPEDS_EF2024A,0
2024,penn,1,1,0,0,1,Nonresident,309,1341,1591,IPEDS_EF2024A,0
2024,penn,1,1,0,0,1,Race and/or ethnicity unknown,194,617,701,IPEDS_EF2024A,0
2024,penn,1,1,0,0,1,Total,2393,10650,11478,IPEDS_EF2024A,0
2024,penn,1,1,0,0,1,"Two or more races, non-Hispanic",126,561,586,IPEDS_EF2024A,0
2024,penn,1,1,0,0,1,"White, non-Hispanic",525,2916,3136,IPEDS_EF2024A,0
2024,pomona,0,0,0,1,1,"American Indian or Alaska Native, non-Hispanic",0,1,1,IPEDS_EF2024A,0
2024,pomona,0,0,0,1,1,"Asian, non-Hispanic",93,311,321,IPEDS_EF2024A,0
2024,pomona,0,0,0,1,1,"Black or African American, non-Hispanic",22,153,154,IPEDS_EF2024A,0
2024,pomona,0,0,0,1,1,Hispanic/Latino,78,287,288,IPEDS_EF2024A,0
2024,pomona,0,0,0,1,1,"Native Hawaiian or other Pacific Islander, non-Hispanic",0,9,9,IPEDS_EF2024A,0
2024,pomona,0,0,0,1,1,Nonresident,63,228,235,IPEDS_EF2024A,0
2024,pomona,0,0,0,1,1,Race and/or ethnicity unknown,23,56,57,IPEDS_EF2024A,0
2024,pomona,0,0,0,1,1,Total,436,1666,1700,IPEDS_EF2024A,0
2024,pomona,0,0,0,1,1,"Two or more races, non-Hispanic",30,150,153,IPEDS_EF2024A,0
2024,pomona,0,0,0,1,1,"White, non-Hispanic",127,471,482,IPEDS_EF2024A,0
2024,princeton,1,1,0,0,1,"American Indian or Alaska Native, non-Hispanic",1,9,9,IPEDS_EF2024A,0
2024,princeton,1,1,0,0,1,"Asian, non-Hispanic",334,1339,1343,IPEDS_EF2024A,0
2024,princeton,1,1,0,0,1,"Black or African American, non-Hispanic",125,499,499,IPEDS_EF2024A,0
2024,princeton,1,1,0,0,1,Hispanic/Latino,126,574,577,IPEDS_EF2024A,0
2024,princeton,1,1,0,0,1,"Native Hawaiian or other Pacific Islander, non-Hispanic",0,3,3,IPEDS_EF2024A,0
2024,princeton,1,1,0,0,1,Nonresident,171,721,751,IPEDS_EF2024A,0
2024,princeton,1,1,0,0,1,Race and/or ethnicity unknown,108,232,293,IPEDS_EF2024A,0
2024,princeton,1,1,0,0,1,Total,1407,5709,5813,IPEDS_EF2024A,0
2024,princeton,1,1,0,0,1,"Two or more races, non-Hispanic",101,411,413,IPEDS_EF2024A,0
2024,princeton,1,1,0,0,1,"White, non-Hispanic",441,1921,1925,IPEDS_EF2024A,0
2024,reed,0,0,0,1,0,"American Indian or Alaska Native, non-Hispanic",0,4,4,IPEDS_EF2024A,0
2024,reed,0,0,0,1,0,"Asian, non-Hispanic",22,107,110,IPEDS_EF2024A,0
2024,reed,0,0,0,1,0,"Black or African American, non-Hispanic",10,22,22,IPEDS_EF2024A,0
2024,reed,0,0,0,1,0,Hispanic/Latino,43,162,163,IPEDS_EF2024A,0
2024,reed,0,0,0,1,0,"Native Hawaiian or other Pacific Islander, non-Hispanic",0,0,0,IPEDS_EF2024A,0
2024,reed,0,0,0,1,0,Nonresident,30,111,124,IPEDS_EF2024A,0
2024,reed,0,0,0,1,0,Race and/or ethnicity unknown,0,8,13,IPEDS_EF2024A,0
2024,reed,0,0,0,1,0,Total,303,1320,1346,IPEDS_EF2024A,0
2024,reed,0,0,0,1,0,"Two or more races, non-Hispanic",41,137,137,IPEDS_EF2024A,0
2024,reed,0,0,0,1,0,"White, non-Hispanic",157,769,773,IPEDS_EF2024A,0
2024,rice,0,0,0,0,1,"American Indian or Alaska Native, non-Hispanic",1,7,7,IPEDS_EF2024A,0
2024,rice,0,0,0,0,1,"Asian, non-Hispanic",333,1390,1390,IPEDS_EF2024A,0
2024,rice,0,0,0,0,1,"Black or African American, non-Hispanic",67,377,377,IPEDS_EF2024A,0
2024,rice,0,0,0,0,1,Hispanic/Latino,192,797,797,IPEDS_EF2024A,0
2024,rice,0,0,0,0,1,"Native Hawaiian or other Pacific Islander, non-Hispanic",1,3,3,IPEDS_EF2024A,0
2024,rice,0,0,0,0,1,Nonresident,156,611,622,IPEDS_EF2024A,0
2024,rice,0,0,0,0,1,Race and/or ethnicity unknown,34,105,105,IPEDS_EF2024A,0
2024,rice,0,0,0,0,1,Total,1147,4776,4789,IPEDS_EF2024A,0
2024,rice,0,0,0,0,1,"Two or more races, non-Hispanic",69,265,265,IPEDS_EF2024A,0
2024,rice,0,0,0,0,1,"White, non-Hispanic",294,1221,1223,IPEDS_EF2024A,0
2024,richmond,0,0,0,0,1,"American Indian or Alaska Native, non-Hispanic",0,0,0,IPEDS_EF2024A,0
2024,richmond,0,0,0,0,1,"Asian, non-Hispanic",40,185,187,IPEDS_EF2024A,0
2024,richmond,0,0,0,0,1,"Black or African American, non-Hispanic",40,193,196,IPEDS_EF2024A,0
2024,richmond,0,0,0,0,1,Hispanic/Latino,66,273,274,IPEDS_EF2024A,0
2024,richmond,0,0,0,0,1,"Native Hawaiian or other Pacific Islander, non-Hispanic",0,0,0,IPEDS_EF2024A,0
2024,richmond,0,0,0,0,1,Nonresident,90,319,376,IPEDS_EF2024A,0
2024,richmond,0,0,0,0,1,Race and/or ethnicity unknown,7,42,43,IPEDS_EF2024A,0
2024,richmond,0,0,0,0,1,Total,841,2980,3055,IPEDS_EF2024A,0
2024,richmond,0,0,0,0,1,"Two or more races, non-Hispanic",42,124,125,IPEDS_EF2024A,0
2024,richmond,0,0,0,0,1,"White, non-Hispanic",556,1844,1854,IPEDS_EF2024A,0
2024,sarahlawrence,0,0,0,1,0,"American Indian or Alaska Native, non-Hispanic",1,2,2,IPEDS_EF2024A,0
2024,sarahlawrence,0,0,0,1,0,"Asian, non-Hispanic",18,78,78,IPEDS_EF2024A,0
2024,sarahlawrence,0,0,0,1,0,"Black or African American, non-Hispanic",26,80,80,IPEDS_EF2024A,0
2024,sarahlawrence,0,0,0,1,0,Hispanic/Latino,57,187,187,IPEDS_EF2024A,0
2024,sarahlawrence,0,0,0,1,0,"Native Hawaiian or other Pacific Islander, non-Hispanic",0,4,4,IPEDS_EF2024A,0
2024,sarahlawrence,0,0,0,1,0,Nonresident,25,75,83,IPEDS_EF2024A,0
2024,sarahlawrence,0,0,0,1,0,Race and/or ethnicity unknown,5,58,100,IPEDS_EF2024A,0
2024,sarahlawrence,0,0,0,1,0,Total,417,1530,1582,IPEDS_EF2024A,0
2024,sarahlawrence,0,0,0,1,0,"Two or more races, non-Hispanic",27,107,107,IPEDS_EF2024A,0
2024,sarahlawrence,0,0,0,1,0,"White, non-Hispanic",258,939,941,IPEDS_EF2024A,0
2024,smith,0,0,0,1,1,"American Indian or Alaska Native, non-Hispanic",0,1,1,IPEDS_EF2024A,0
2024,smith,0,0,0,1,1,"Asian, non-Hispanic",59,234,234,IPEDS_EF2024A,0
2024,smith,0,0,0,1,1,"Black or African American, non-Hispanic",29,131,131,IPEDS_EF2024A,0
2024,smith,0,0,0,1,1,Hispanic/Latino,83,309,309,IPEDS_EF2024A,0
2024,smith,0,0,0,1,1,"Native Hawaiian or other Pacific Islander, non-Hispanic",1,3,3,IPEDS_EF2024A,0
2024,smith,0,0,0,1,1,Nonresident,101,349,351,IPEDS_EF2024A,0
2024,smith,0,0,0,1,1,Race and/or ethnicity unknown,29,70,72,IPEDS_EF2024A,0
2024,smith,0,0,0,1,1,Total,645,2544,2549,IPEDS_EF2024A,0
2024,smith,0,0,0,1,1,"Two or more races, non-Hispanic",50,165,165,IPEDS_EF2024A,0
2024,smith,0,0,0,1,1,"White, non-Hispanic",293,1282,1283,IPEDS_EF2024A,0
2024,stanford,0,1,0,0,1,"American Indian or Alaska Native, non-Hispanic",12,60,62,IPEDS_EF2024A,0
2024,stanford,0,1,0,0,1,"Asian, non-Hispanic",559,2170,2199,IPEDS_EF2024A,0
2024,stanford,0,1,0,0,1,"Black or African American, non-Hispanic",76,560,644,IPEDS_EF2024A,0
2024,stanford,0,1,0,0,1,Hispanic/Latino,248,1289,1501,IPEDS_EF2024A,0
2024,stanford,0,1,0,0,1,"Native Hawaiian or other Pacific Islander, non-Hispanic",2,14,16,IPEDS_EF2024A,0
2024,stanford,0,1,0,0,1,Nonresident,242,965,965,IPEDS_EF2024A,0
2024,stanford,0,1,0,0,1,Race and/or ethnicity unknown,5,35,39,IPEDS_EF2024A,0
2024,stanford,0,1,0,0,1,Total,1693,7554,7904,IPEDS_EF2024A,0
2024,stanford,0,1,0,0,1,"Two or more races, non-Hispanic",141,724,724,IPEDS_EF2024A,0
2024,stanford,0,1,0,0,1,"White, non-Hispanic",408,1737,1754,IPEDS_EF2024A,0
2024,stolaf,0,0,0,1,0,"American Indian or Alaska Native, non-Hispanic",1,3,3,IPEDS_EF2024A,0
2024,stolaf,0,0,0,1,0,"Asian, non-Hispanic",37,152,154,IPEDS_EF2024A,0
2024,stolaf,0,0,0,1,0,"Black or African American, non-Hispanic",25,97,97,IPEDS_EF2024A,0
2024,stolaf,0,0,0,1,0,Hispanic/Latino,96,299,301,IPEDS_EF2024A,0
2024,stolaf,0,0,0,1,0,"Native Hawaiian or other Pacific Islander, non-Hispanic",0,0,0,IPEDS_EF2024A,0
2024,stolaf,0,0,0,1,0,Nonresident,109,326,330,IPEDS_EF2024A,0
2024,stolaf,0,0,0,1,0,Race and/or ethnicity unknown,3,11,11,IPEDS_EF2024A,0
2024,stolaf,0,0,0,1,0,Total,859,3093,3124,IPEDS_EF2024A,0
2024,stolaf,0,0,0,1,0,"Two or more races, non-Hispanic",34,142,146,IPEDS_EF2024A,0
2024,stolaf,0,0,0,1,0,"White, non-Hispanic",554,2063,2082,IPEDS_EF2024A,0
2024,swarthmore,0,0,0,1,1,"American Indian or Alaska Native, non-Hispanic",2,8,8,IPEDS_EF2024A,0
2024,swarthmore,0,0,0,1,1,"Asian, non-Hispanic",74,268,268,IPEDS_EF2024A,0
2024,swarthmore,0,0,0,1,1,"Black or African American, non-Hispanic",34,153,153,IPEDS_EF2024A,0
2024,swarthmore,0,0,0,1,1,Hispanic/Latino,70,250,251,IPEDS_EF2024A,0
2024,swarthmore,0,0,0,1,1,"Native Hawaiian or other Pacific Islander, non-Hispanic",1,2,2,IPEDS_EF2024A,0
2024,swarthmore,0,0,0,1,1,Nonresident,49,216,219,IPEDS_EF2024A,0
2024,swarthmore,0,0,0,1,1,Race and/or ethnicity unknown,15,45,47,IPEDS_EF2024A,0
2024,swarthmore,0,0,0,1,1,Total,427,1613,1623,IPEDS_EF2024A,0
2024,swarthmore,0,0,0,1,1,"Two or more races, non-Hispanic",43,183,185,IPEDS_EF2024A,0
2024,swarthmore,0,0,0,1,1,"White, non-Hispanic",139,488,490,IPEDS_EF2024A,0
2024,trinity,0,0,1,1,0,"American Indian or Alaska Native, non-Hispanic",1,2,2,IPEDS_EF2024A,0
2024,trinity,0,0,1,1,0,"Asian, non-Hispanic",20,94,95,IPEDS_EF2024A,0
2024,trinity,0,0,1,1,0,"Black or African American, non-Hispanic",40,130,130,IPEDS_EF2024A,0
2024,trinity,0,0,1,1,0,Hispanic/Latino,74,220,220,IPEDS_EF2024A,0
2024,trinity,0,0,1,1,0,"Native Hawaiian or other Pacific Islander, non-Hispanic",0,0,0,IPEDS_EF2024A,0
2024,trinity,0,0,1,1,0,Nonresident,62,295,295,IPEDS_EF2024A,0
2024,trinity,0,0,1,1,0,Race and/or ethnicity unknown,15,48,104,IPEDS_EF2024A,0
2024,trinity,0,0,1,1,0,Total,542,2146,2204,IPEDS_EF2024A,0
2024,trinity,0,0,1,1,0,"Two or more races, non-Hispanic",32,98,98,IPEDS_EF2024A,0
2024,trinity,0,0,1,1,0,"White, non-Hispanic",298,1259,1260,IPEDS_EF2024A,0
2024,tufts,0,0,1,1,0,"American Indian or Alaska Native, non-Hispanic",0,3,3,IPEDS_EF2024A,0
2024,tufts,0,0,1,1,0,"Asian, non-Hispanic",312,1189,1192,IPEDS_EF2024A,0
2024,tufts,0,0,1,1,0,"Black or African American, non-Hispanic",73,428,438,IPEDS_EF2024A,0
2024,tufts,0,0,1,1,0,Hispanic/Latino,181,714,724,IPEDS_EF2024A,0
2024,tufts,0,0,1,1,0,"Native Hawaiian or other Pacific Islander, non-Hispanic",0,8,8,IPEDS_EF2024A,0
2024,tufts,0,0,1,1,0,Nonresident,238,887,890,IPEDS_EF2024A,0
2024,tufts,0,0,1,1,0,Race and/or ethnicity unknown,123,413,428,IPEDS_EF2024A,0
2024,tufts,0,0,1,1,0,Total,1799,7061,7126,IPEDS_EF2024A,0
2024,tufts,0,0,1,1,0,"Two or more races, non-Hispanic",121,550,553,IPEDS_EF2024A,0
2024,tufts,0,0,1,1,0,"White, non-Hispanic",751,2869,2890,IPEDS_EF2024A,0
2024,uchicago,0,1,0,0,1,"American Indian or Alaska Native, non-Hispanic",2,3,3,IPEDS_EF2024A,0
2024,uchicago,0,1,0,0,1,"Asian, non-Hispanic",364,1462,1462,IPEDS_EF2024A,0
2024,uchicago,0,1,0,0,1,"Black or African American, non-Hispanic",97,520,522,IPEDS_EF2024A,0
2024,uchicago,0,1,0,0,1,Hispanic/Latino,246,1282,1282,IPEDS_EF2024A,0
2024,uchicago,0,1,0,0,1,"Native Hawaiian or other Pacific Islander, non-Hispanic",1,2,2,IPEDS_EF2024A,0
2024,uchicago,0,1,0,0,1,Nonresident,318,1335,1348,IPEDS_EF2024A,0
2024,uchicago,0,1,0,0,1,Race and/or ethnicity unknown,52,205,218,IPEDS_EF2024A,0
2024,uchicago,0,1,0,0,1,Total,1726,7569,7598,IPEDS_EF2024A,0
2024,uchicago,0,1,0,0,1,"Two or more races, non-Hispanic",117,527,527,IPEDS_EF2024A,0
2024,uchicago,0,1,0,0,1,"White, non-Hispanic",529,2233,2234,IPEDS_EF2024A,0
2024,ucla,0,0,0,0,1,"American Indian or Alaska Native, non-Hispanic",9,44,44,IPEDS_EF2024A,0
2024,ucla,0,0,0,0,1,"Asian, non-Hispanic",2023,9888,9888,IPEDS_EF2024A,0
2024,ucla,0,0,0,0,1,"Black or African American, non-Hispanic",218,1128,1128,IPEDS_EF2024A,0
2024,ucla,0,0,0,0,1,Hispanic/Latino,1701,8114,8114,IPEDS_EF2024A,0
2024,ucla,0,0,0,0,1,"Native Hawaiian or other Pacific Islander, non-Hispanic",13,56,56,IPEDS_EF2024A,0
2024,ucla,0,0,0,0,1,Nonresident,490,2574,2574,IPEDS_EF2024A,0
2024,ucla,0,0,0,0,1,Race and/or ethnicity unknown,237,1065,1065,IPEDS_EF2024A,0
2024,ucla,0,0,0,0,1,Total,6610,33475,33475,IPEDS_EF2024A,0
2024,ucla,0,0,0,0,1,"Two or more races, non-Hispanic",572,2602,2602,IPEDS_EF2024A,0
2024,ucla,0,0,0,0,1,"White, non-Hispanic",1347,8004,8004,IPEDS_EF2024A,0
2024,umich,0,0,0,0,1,"American Indian or Alaska Native, non-Hispanic",13,53,53,IPEDS_EF2024A,0
2024,umich,0,0,0,0,1,"Asian, non-Hispanic",1322,6306,6326,IPEDS_EF2024A,0
2024,umich,0,0,0,0,1,"Black or African American, non-Hispanic",459,1788,1796,IPEDS_EF2024A,0
2024,umich,0,0,0,0,1,Hispanic/Latino,1074,3995,4002,IPEDS_EF2024A,0
2024,umich,0,0,0,0,1,"Native Hawaiian or other Pacific Islander, non-Hispanic",11,35,35,IPEDS_EF2024A,0
2024,umich,0,0,0,0,1,Nonresident,305,2598,2762,IPEDS_EF2024A,0
2024,umich,0,0,0,0,1,Race and/or ethnicity unknown,344,1479,1501,IPEDS_EF2024A,0
2024,umich,0,0,0,0,1,Total,7278,34177,34454,IPEDS_EF2024A,0
2024,umich,0,0,0,0,1,"Two or more races, non-Hispanic",488,1960,1962,IPEDS_EF2024A,0
2024,umich,0,0,0,0,1,"White, non-Hispanic",3262,15963,16017,IPEDS_EF2024A,0
2024,union,0,0,0,1,0,"American Indian or Alaska Native, non-Hispanic",0,0,0,IPEDS_EF2024A,0
2024,union,0,0,0,1,0,"Asian, non-Hispanic",47,151,152,IPEDS_EF2024A,0
2024,union,0,0,0,1,0,"Black or African American, non-Hispanic",31,89,89,IPEDS_EF2024A,0
2024,union,0,0,0,1,0,Hispanic/Latino,84,224,225,IPEDS_EF2024A,0
2024,union,0,0,0,1,0,"Native Hawaiian or other Pacific Islander, non-Hispanic",0,2,2,IPEDS_EF2024A,0
2024,union,0,0,0,1,0,Nonresident,64,217,218,IPEDS_EF2024A,0
2024,union,0,0,0,1,0,Race and/or ethnicity unknown,0,3,19,IPEDS_EF2024A,0
2024,union,0,0,0,1,0,Total,500,2046,2065,IPEDS_EF2024A,0
2024,union,0,0,0,1,0,"Two or more races, non-Hispanic",25,77,77,IPEDS_EF2024A,0
2024,union,0,0,0,1,0,"White, non-Hispanic",249,1283,1283,IPEDS_EF2024A,0
2024,vanderbilt,0,0,0,0,1,"American Indian or Alaska Native, non-Hispanic",2,28,28,IPEDS_EF2024A,0
2024,vanderbilt,0,0,0,0,1,"Asian, non-Hispanic",302,1339,1339,IPEDS_EF2024A,0
2024,vanderbilt,0,0,0,0,1,"Black or African American, non-Hispanic",100,665,665,IPEDS_EF2024A,0
2024,vanderbilt,0,0,0,0,1,Hispanic/Latino,154,819,820,IPEDS_EF2024A,0
2024,vanderbilt,0,0,0,0,1,"Native Hawaiian or other Pacific Islander, non-Hispanic",0,19,19,IPEDS_EF2024A,0
2024,vanderbilt,0,0,0,0,1,Nonresident,201,806,807,IPEDS_EF2024A,0
2024,vanderbilt,0,0,0,0,1,Race and/or ethnicity unknown,107,307,317,IPEDS_EF2024A,0
2024,vanderbilt,0,0,0,0,1,Total,1630,7208,7221,IPEDS_EF2024A,0
2024,vanderbilt,0,0,0,0,1,"Two or more races, non-Hispanic",91,410,410,IPEDS_EF2024A,0
2024,vanderbilt,0,0,0,0,1,"White, non-Hispanic",673,2815,2816,IPEDS_EF2024A,0
2024,vassar,0,0,0,1,1,"American Indian or Alaska Native, non-Hispanic",0,2,2,IPEDS_EF2024A,0
2024,vassar,0,0,0,1,1,"Asian, non-Hispanic",72,286,286,IPEDS_EF2024A,0
2024,vassar,0,0,0,1,1,"Black or African American, non-Hispanic",23,92,92,IPEDS_EF2024A,0
2024,vassar,0,0,0,1,1,Hispanic/Latino,101,332,333,IPEDS_EF2024A,0
2024,vassar,0,0,0,1,1,"Native Hawaiian or other Pacific Islander, non-Hispanic",0,0,0,IPEDS_EF2024A,0
2024,vassar,0,0,0,1,1,Nonresident,44,148,150,IPEDS_EF2024A,0
2024,vassar,0,0,0,1,1,Race and/or ethnicity unknown,14,64,71,IPEDS_EF2024A,0
2024,vassar,0,0,0,1,1,Total,661,2444,2462,IPEDS_EF2024A,0
2024,vassar,0,0,0,1,1,"Two or more races, non-Hispanic",50,199,199,IPEDS_EF2024A,0
2024,vassar,0,0,0,1,1,"White, non-Hispanic",357,1321,1329,IPEDS_EF2024A,0
2024,washandlee,0,0,0,1,1,"American Indian or Alaska Native, non-Hispanic",0,3,3,IPEDS_EF2024A,0
2024,washandlee,0,0,0,1,1,"Asian, non-Hispanic",24,89,90,IPEDS_EF2024A,0
2024,washandlee,0,0,0,1,1,"Black or African American, non-Hispanic",23,86,86,IPEDS_EF2024A,0
2024,washandlee,0,0,0,1,1,Hispanic/Latino,39,162,162,IPEDS_EF2024A,0
2024,washandlee,0,0,0,1,1,"Native Hawaiian or other Pacific Islander, non-Hispanic",0,3,3,IPEDS_EF2024A,0
2024,washandlee,0,0,0,1,1,Nonresident,44,155,158,IPEDS_EF2024A,0
2024,washandlee,0,0,0,1,1,Race and/or ethnicity unknown,10,22,23,IPEDS_EF2024A,0
2024,washandlee,0,0,0,1,1,Total,472,1881,1886,IPEDS_EF2024A,0
2024,washandlee,0,0,0,1,1,"Two or more races, non-Hispanic",19,82,82,IPEDS_EF2024A,0
2024,washandlee,0,0,0,1,1,"White, non-Hispanic",313,1279,1279,IPEDS_EF2024A,0
2024,wellesley,0,0,0,1,1,"American Indian or Alaska Native, non-Hispanic",0,2,2,IPEDS_EF2024A,0
2024,wellesley,0,0,0,1,1,"Asian, non-Hispanic",176,591,607,IPEDS_EF2024A,0
2024,wellesley,0,0,0,1,1,"Black or African American, non-Hispanic",30,194,199,IPEDS_EF2024A,0
2024,wellesley,0,0,0,1,1,Hispanic/Latino,61,331,332,IPEDS_EF2024A,0
2024,wellesley,0,0,0,1,1,"Native Hawaiian or other Pacific Islander, non-Hispanic",2,5,5,IPEDS_EF2024A,0
2024,wellesley,0,0,0,1,1,Nonresident,78,307,316,IPEDS_EF2024A,0
2024,wellesley,0,0,0,1,1,Race and/or ethnicity unknown,3,7,46,IPEDS_EF2024A,0
2024,wellesley,0,0,0,1,1,Total,583,2300,2407,IPEDS_EF2024A,0
2024,wellesley,0,0,0,1,1,"Two or more races, non-Hispanic",48,177,186,IPEDS_EF2024A,0
2024,wellesley,0,0,0,1,1,"White, non-Hispanic",185,686,714,IPEDS_EF2024A,0
2024,wesleyan,0,0,1,1,1,"American Indian or Alaska Native, non-Hispanic",1,2,11,IPEDS_EF2024A,0
2024,wesleyan,0,0,1,1,1,"Asian, non-Hispanic",66,277,370,IPEDS_EF2024A,0
2024,wesleyan,0,0,1,1,1,"Black or African American, non-Hispanic",49,185,381,IPEDS_EF2024A,0
2024,wesleyan,0,0,1,1,1,Hispanic/Latino,94,331,675,IPEDS_EF2024A,0
2024,wesleyan,0,0,1,1,1,"Native Hawaiian or other Pacific Islander, non-Hispanic",0,0,1,IPEDS_EF2024A,0
2024,wesleyan,0,0,1,1,1,Nonresident,95,304,304,IPEDS_EF2024A,0
2024,wesleyan,0,0,1,1,1,Race and/or ethnicity unknown,39,105,106,IPEDS_EF2024A,0
2024,wesleyan,0,0,1,1,1,Total,825,3067,3805,IPEDS_EF2024A,0
2024,wesleyan,0,0,1,1,1,"Two or more races, non-Hispanic",58,220,240,IPEDS_EF2024A,0
2024,wesleyan,0,0,1,1,1,"White, non-Hispanic",423,1643,1717,IPEDS_EF2024A,0
2024,williams,0,0,1,1,1,"American Indian or Alaska Native, non-Hispanic",0,2,2,IPEDS_EF2024A,0
2024,williams,0,0,1,1,1,"Asian, non-Hispanic",63,259,261,IPEDS_EF2024A,0
2024,williams,0,0,1,1,1,"Black or African American, non-Hispanic",40,126,128,IPEDS_EF2024A,0
2024,williams,0,0,1,1,1,Hispanic/Latino,85,293,295,IPEDS_EF2024A,0
2024,williams,0,0,1,1,1,"Native Hawaiian or other Pacific Islander, non-Hispanic",0,0,0,IPEDS_EF2024A,0
2024,williams,0,0,1,1,1,Nonresident,60,183,191,IPEDS_EF2024A,0
2024,williams,0,0,1,1,1,Race and/or ethnicity unknown,23,90,93,IPEDS_EF2024A,0
2024,williams,0,0,1,1,1,Total,547,2076,2115,IPEDS_EF2024A,0
2024,williams,0,0,1,1,1,"Two or more races, non-Hispanic",43,155,161,IPEDS_EF2024A,0
2024,williams,0,0,1,1,1,"White, non-Hispanic",233,968,984,IPEDS_EF2024A,0
2024,wustl,0,0,0,0,1,"American Indian or Alaska Native, non-Hispanic",5,8,8,IPEDS_EF2024A,0
2024,wustl,0,0,0,0,1,"Asian, non-Hispanic",412,1640,1665,IPEDS_EF2024A,0
2024,wustl,0,0,0,0,1,"Black or African American, non-Hispanic",106,684,762,IPEDS_EF2024A,0
2024,wustl,0,0,0,0,1,Hispanic/Latino,239,1035,1059,IPEDS_EF2024A,0
2024,wustl,0,0,0,0,1,"Native Hawaiian or other Pacific Islander, non-Hispanic",0,4,4,IPEDS_EF2024A,0
2024,wustl,0,0,0,0,1,Nonresident,210,711,774,IPEDS_EF2024A,0
2024,wustl,0,0,0,0,1,Race and/or ethnicity unknown,96,172,193,IPEDS_EF2024A,0
2024,wustl,0,0,0,0,1,Total,1847,7857,8220,IPEDS_EF2024A,0
2024,wustl,0,0,0,0,1,"Two or more races, non-Hispanic",93,486,497,IPEDS_EF2024A,0
2024,wustl,0,0,0,0,1,"White, non-Hispanic",686,3117,3258,IPEDS_EF2024A,0
2024,yale,1,1,0,0,1,"American Indian or Alaska Native, non-Hispanic",7,27,27,IPEDS_EF2024A,0
2024,yale,1,1,0,0,1,"Asian, non-Hispanic",320,1483,1483,IPEDS_EF2024A,0
2024,yale,1,1,0,0,1,"Black or African American, non-Hispanic",149,628,628,IPEDS_EF2024A,0
2024,yale,1,1,0,0,1,Hispanic/Latino,289,1121,1121,IPEDS_EF2024A,0
2024,yale,1,1,0,0,1,"Native Hawaiian or other Pacific Islander, non-Hispanic",2,11,11,IPEDS_EF2024A,0
2024,yale,1,1,0,0,1,Nonresident,169,754,756,IPEDS_EF2024A,0
2024,yale,1,1,0,0,1,Race and/or ethnicity unknown,55,145,198,IPEDS_EF2024A,0
2024,yale,1,1,0,0,1,Total,1554,6758,6814,IPEDS_EF2024A,0
2024,yale,1,1,0,0,1,"Two or more races, non-Hispanic",100,479,479,IPEDS_EF2024A,0
2024,yale,1,1,0,0,1,"White, non-Hispanic",463,2110,2111,IPEDS_EF2024A,0
