year,school,ivy,ivy.plus,nescac,SFFA.brief,us.news,category,first_time_first_year,undergraduates,total_undergraduates,source_file,legacy_combined
1998,mtholyoke,0,0,0,1,0,Nonresident,54,211,,mtholyoke_cds_1998-1999.pdf,0
1998,mtholyoke,0,0,0,1,0,Hispanic/Latino,25,95,,mtholyoke_cds_1998-1999.pdf,0
1998,mtholyoke,0,0,0,1,0,"Black or African American, non-Hispanic",22,81,,mtholyoke_cds_1998-1999.pdf,0
1998,mtholyoke,0,0,0,1,0,"White, non-Hispanic",320,1286,,mtholyoke_cds_1998-1999.pdf,0
1998,mtholyoke,0,0,0,1,0,"American Indian or Alaska Native, non-Hispanic",2,9,,mtholyoke_cds_1998-1999.pdf,0
1998,mtholyoke,0,0,0,1,0,"Asian, non-Hispanic",43,144,,mtholyoke_cds_1998-1999.pdf,1
1998,mtholyoke,0,0,0,1,0,Race and/or ethnicity unknown,0,0,,mtholyoke_cds_1998-1999.pdf,0
1998,mtholyoke,0,0,0,1,0,Total,466,1826,,mtholyoke_cds_1998-1999.pdf,0
1998,umich,0,0,0,0,1,Nonresident,217,983,,cds_1998-1999.pdf,0
1998,umich,0,0,0,0,1,Hispanic/Latino,229,1009,,cds_1998-1999.pdf,0
1998,umich,0,0,0,0,1,"Black or African American, non-Hispanic",443,2070,,cds_1998-1999.pdf,0
1998,umich,0,0,0,0,1,"White, non-Hispanic",3351,15805,,cds_1998-1999.pdf,0
1998,umich,0,0,0,0,1,"American Indian or Alaska Native, non-Hispanic",34,172,,cds_1998-1999.pdf,0
1998,umich,0,0,0,0,1,"Asian, non-Hispanic",628,2704,,cds_1998-1999.pdf,1
1998,umich,0,0,0,0,1,Race and/or ethnicity unknown,351,1272,,cds_1998-1999.pdf,0
1998,williams,0,0,1,1,1,Nonresident,28,90,,1998-1999_williams_common_data_set.pdf,0
1998,williams,0,0,1,1,1,Hispanic/Latino,36,131,,1998-1999_williams_common_data_set.pdf,0
1998,williams,0,0,1,1,1,"Black or African American, non-Hispanic",35,130,,1998-1999_williams_common_data_set.pdf,0
1998,williams,0,0,1,1,1,"White, non-Hispanic",385,1466,,1998-1999_williams_common_data_set.pdf,0
1998,williams,0,0,1,1,1,"American Indian or Alaska Native, non-Hispanic",4,8,,1998-1999_williams_common_data_set.pdf,0
1998,williams,0,0,1,1,1,"Asian, non-Hispanic",49,185,,1998-1999_williams_common_data_set.pdf,1
1998,williams,0,0,1,1,1,Race and/or ethnicity unknown,0,0,,1998-1999_williams_common_data_set.pdf,0
1998,williams,0,0,1,1,1,Total,537,2034,,1998-1999_williams_common_data_set.pdf,0
1999,bates,0,0,1,1,1,Nonresident,38,73,,CDS_1999-2000.pdf,0
1999,bates,0,0,1,1,1,Hispanic/Latino,3,24,,CDS_1999-2000.pdf,0
1999,bates,0,0,1,1,1,"Black or African American, non-Hispanic",16,37,,CDS_1999-2000.pdf,0
1999,bates,0,0,1,1,1,"White, non-Hispanic",389,1433,,CDS_1999-2000.pdf,0
1999,bates,0,0,1,1,1,"American Indian or Alaska Native, non-Hispanic",1,2,,CDS_1999-2000.pdf,0
1999,bates,0,0,1,1,1,"Asian, non-Hispanic",18,69,,CDS_1999-2000.pdf,1
1999,bates,0,0,1,1,1,Race and/or ethnicity unknown,14,68,,CDS_1999-2000.pdf,0
1999,bates,0,0,1,1,1,Total,479,1706,,CDS_1999-2000.pdf,0
1999,berkeley,0,0,0,0,1,Nonresident,94,846,846,cds_1999-00.pdf,0
1999,berkeley,0,0,0,0,1,Hispanic/Latino,328,2343,2343,cds_1999-00.pdf,0
1999,berkeley,0,0,0,0,1,"Black or African American, non-Hispanic",125,1065,1065,cds_1999-00.pdf,0
1999,berkeley,0,0,0,0,1,"White, non-Hispanic",1107,6847,6847,cds_1999-00.pdf,0
1999,berkeley,0,0,0,0,1,"American Indian or Alaska Native, non-Hispanic",22,185,185,cds_1999-00.pdf,0
1999,berkeley,0,0,0,0,1,"Asian, non-Hispanic",1578,8909,8909,cds_1999-00.pdf,1
1999,berkeley,0,0,0,0,1,Race and/or ethnicity unknown,355,2398,2398,cds_1999-00.pdf,0
1999,berkeley,0,0,0,0,1,Total,3609,22593,22593,cds_1999-00.pdf,0
1999,carleton,0,0,0,1,1,Nonresident,7,29,,Carleton_CDS_1999-00.pdf,0
1999,carleton,0,0,0,1,1,Hispanic/Latino,20,64,,Carleton_CDS_1999-00.pdf,0
1999,carleton,0,0,0,1,1,"Black or African American, non-Hispanic",16,54,,Carleton_CDS_1999-00.pdf,0
1999,carleton,0,0,0,1,1,"White, non-Hispanic",425,1560,,Carleton_CDS_1999-00.pdf,0
1999,carleton,0,0,0,1,1,"American Indian or Alaska Native, non-Hispanic",1,7,,Carleton_CDS_1999-00.pdf,0
1999,carleton,0,0,0,1,1,"Asian, non-Hispanic",41,168,,Carleton_CDS_1999-00.pdf,1
1999,carleton,0,0,0,1,1,Race and/or ethnicity unknown,0,0,,Carleton_CDS_1999-00.pdf,0
1999,carleton,0,0,0,1,1,Total,510,1882,,Carleton_CDS_1999-00.pdf,0
1999,cornell,1,1,0,0,1,Nonresident,223,978,,CDS_1999-2000.pdf,0
1999,cornell,1,1,0,0,1,Hispanic/Latino,183,811,,CDS_1999-2000.pdf,0
1999,cornell,1,1,0,0,1,"Black or African American, non-Hispanic",148,608,,CDS_1999-2000.pdf,0
1999,cornell,1,1,0,0,1,"White, non-Hispanic",1917,8344,,CDS_1999-2000.pdf,0
1999,cornell,1,1,0,0,1,"American Indian or Alaska Native, non-Hispanic",18,74,,CDS_1999-2000.pdf,0
1999,cornell,1,1,0,0,1,"Asian, non-Hispanic",546,2244,,CDS_1999-2000.pdf,1
1999,cornell,1,1,0,0,1,Race and/or ethnicity unknown,99,580,,CDS_1999-2000.pdf,0
1999,cornell,1,1,0,0,1,Total,3134,13639,,CDS_1999-2000.pdf,0
1999,mit,0,1,0,0,1,Nonresident,80,355,,cds_1999-2000.pdf,0
1999,mit,0,1,0,0,1,Hispanic/Latino,119,451,,cds_1999-2000.pdf,0
1999,mit,0,1,0,0,1,"Black or African American, non-Hispanic",70,270,,cds_1999-2000.pdf,0
1999,mit,0,1,0,0,1,"White, non-Hispanic",353,1473,,cds_1999-2000.pdf,0
1999,mit,0,1,0,0,1,"American Indian or Alaska Native, non-Hispanic",29,87,,cds_1999-2000.pdf,0
1999,mit,0,1,0,0,1,"Asian, non-Hispanic",270,1187,,cds_1999-2000.pdf,1
1999,mit,0,1,0,0,1,Race and/or ethnicity unknown,127,469,,cds_1999-2000.pdf,0
1999,mit,0,1,0,0,1,Total,1048,4292,,cds_1999-2000.pdf,0
1999,mtholyoke,0,0,0,1,0,Nonresident,70,227,,mtholyoke_cds_1999-2000.pdf,0
1999,mtholyoke,0,0,0,1,0,Hispanic/Latino,21,96,,mtholyoke_cds_1999-2000.pdf,0
1999,mtholyoke,0,0,0,1,0,"Black or African American, non-Hispanic",24,99,,mtholyoke_cds_1999-2000.pdf,0
1999,mtholyoke,0,0,0,1,0,"White, non-Hispanic",324,1007,,mtholyoke_cds_1999-2000.pdf,0
1999,mtholyoke,0,0,0,1,0,"American Indian or Alaska Native, non-Hispanic",5,14,,mtholyoke_cds_1999-2000.pdf,0
1999,mtholyoke,0,0,0,1,0,"Asian, non-Hispanic",53,168,,mtholyoke_cds_1999-2000.pdf,1
1999,mtholyoke,0,0,0,1,0,Race and/or ethnicity unknown,57,304,,mtholyoke_cds_1999-2000.pdf,0
1999,mtholyoke,0,0,0,1,0,Total,554,1915,,mtholyoke_cds_1999-2000.pdf,0
1999,umich,0,0,0,0,1,Nonresident,264,1085,,cds_1999-2000.pdf,0
1999,umich,0,0,0,0,1,Hispanic/Latino,203,988,,cds_1999-2000.pdf,0
1999,umich,0,0,0,0,1,"Black or African American, non-Hispanic",397,1974,,cds_1999-2000.pdf,0
1999,umich,0,0,0,0,1,"White, non-Hispanic",3614,15982,,cds_1999-2000.pdf,0
1999,umich,0,0,0,0,1,"American Indian or Alaska Native, non-Hispanic",36,148,,cds_1999-2000.pdf,0
1999,umich,0,0,0,0,1,"Asian, non-Hispanic",726,2873,,cds_1999-2000.pdf,1
1999,umich,0,0,0,0,1,Race and/or ethnicity unknown,319,1443,,cds_1999-2000.pdf,0
1999,washandlee,0,0,0,1,1,Hispanic/Latino,6,17,,wlu_cds_1999-00.pdf,0
1999,washandlee,0,0,0,1,1,"White, non-Hispanic",422,1575,,wlu_cds_1999-00.pdf,0
1999,washandlee,0,0,0,1,1,"American Indian or Alaska Native, non-Hispanic",0,1,,wlu_cds_1999-00.pdf,0
1999,washandlee,0,0,0,1,1,"Asian, non-Hispanic",3,19,,wlu_cds_1999-00.pdf,1
1999,washandlee,0,0,0,1,1,Total,467,1729,,wlu_cds_1999-00.pdf,0
1999,williams,0,0,1,1,1,Nonresident,35,115,,1999-2000_williams_common_data_set.pdf,0
1999,williams,0,0,1,1,1,Hispanic/Latino,36,131,,1999-2000_williams_common_data_set.pdf,0
1999,williams,0,0,1,1,1,"Black or African American, non-Hispanic",35,138,,1999-2000_williams_common_data_set.pdf,0
1999,williams,0,0,1,1,1,"White, non-Hispanic",383,1474,,1999-2000_williams_common_data_set.pdf,0
1999,williams,0,0,1,1,1,"American Indian or Alaska Native, non-Hispanic",1,8,,1999-2000_williams_common_data_set.pdf,0
1999,williams,0,0,1,1,1,"Asian, non-Hispanic",54,186,,1999-2000_williams_common_data_set.pdf,1
1999,williams,0,0,1,1,1,Race and/or ethnicity unknown,0,0,,1999-2000_williams_common_data_set.pdf,0
1999,williams,0,0,1,1,1,Total,544,2052,,1999-2000_williams_common_data_set.pdf,0
2000,bates,0,0,1,1,1,Nonresident,13,80,80,CDS_2000-2001.pdf,0
2000,bates,0,0,1,1,1,Hispanic/Latino,3,21,21,CDS_2000-2001.pdf,0
2000,bates,0,0,1,1,1,"Black or African American, non-Hispanic",7,37,37,CDS_2000-2001.pdf,0
2000,bates,0,0,1,1,1,"White, non-Hispanic",409,1427,1427,CDS_2000-2001.pdf,0
2000,bates,0,0,1,1,1,"American Indian or Alaska Native, non-Hispanic",0,1,1,CDS_2000-2001.pdf,0
2000,bates,0,0,1,1,1,"Asian, non-Hispanic",15,69,69,CDS_2000-2001.pdf,1
2000,bates,0,0,1,1,1,Race and/or ethnicity unknown,24,59,59,CDS_2000-2001.pdf,0
2000,bates,0,0,1,1,1,Total,471,1694,1694,CDS_2000-2001.pdf,0
2000,berkeley,0,0,0,0,1,Nonresident,92,841,842,cds_2000-01.pdf,0
2000,berkeley,0,0,0,0,1,Hispanic/Latino,320,2188,2188,cds_2000-01.pdf,0
2000,berkeley,0,0,0,0,1,"Black or African American, non-Hispanic",148,980,980,cds_2000-01.pdf,0
2000,berkeley,0,0,0,0,1,"White, non-Hispanic",1122,6906,6906,cds_2000-01.pdf,0
2000,berkeley,0,0,0,0,1,"American Indian or Alaska Native, non-Hispanic",20,133,133,cds_2000-01.pdf,0
2000,berkeley,0,0,0,0,1,"Asian, non-Hispanic",1630,9110,9110,cds_2000-01.pdf,1
2000,berkeley,0,0,0,0,1,Race and/or ethnicity unknown,416,2519,2519,cds_2000-01.pdf,0
2000,berkeley,0,0,0,0,1,Total,3748,22677,22678,cds_2000-01.pdf,0
2000,carleton,0,0,0,1,1,Nonresident,14,33,35,Carleton_CDS_2000-01.pdf,0
2000,carleton,0,0,0,1,1,Hispanic/Latino,19,69,70,Carleton_CDS_2000-01.pdf,0
2000,carleton,0,0,0,1,1,"Black or African American, non-Hispanic",13,56,57,Carleton_CDS_2000-01.pdf,0
2000,carleton,0,0,0,1,1,"White, non-Hispanic",385,1582,1609,Carleton_CDS_2000-01.pdf,0
2000,carleton,0,0,0,1,1,"American Indian or Alaska Native, non-Hispanic",3,6,6,Carleton_CDS_2000-01.pdf,0
2000,carleton,0,0,0,1,1,"Asian, non-Hispanic",38,156,159,Carleton_CDS_2000-01.pdf,1
2000,carleton,0,0,0,1,1,Race and/or ethnicity unknown,0,0,0,Carleton_CDS_2000-01.pdf,0
2000,carleton,0,0,0,1,1,Total,472,1902,1936,Carleton_CDS_2000-01.pdf,0
2000,cornell,1,1,0,0,1,Nonresident,234,998,1022,CDS_2000-2001.pdf,0
2000,cornell,1,1,0,0,1,Hispanic/Latino,173,764,765,CDS_2000-2001.pdf,0
2000,cornell,1,1,0,0,1,"Black or African American, non-Hispanic",166,606,606,CDS_2000-2001.pdf,0
2000,cornell,1,1,0,0,1,"American Indian or Alaska Native, non-Hispanic",18,71,71,CDS_2000-2001.pdf,0
2000,cornell,1,1,0,0,1,"Asian, non-Hispanic",516,2235,2235,CDS_2000-2001.pdf,1
2000,cornell,1,1,0,0,1,Race and/or ethnicity unknown,135,595,598,CDS_2000-2001.pdf,0
2000,cornell,1,1,0,0,1,Total,3054,13552,13590,CDS_2000-2001.pdf,0
2000,mtholyoke,0,0,0,1,0,Nonresident,73,275,301,mtholyoke_cds_2000-2001.pdf,0
2000,mtholyoke,0,0,0,1,0,Hispanic/Latino,15,87,91,mtholyoke_cds_2000-2001.pdf,0
2000,mtholyoke,0,0,0,1,0,"Black or African American, non-Hispanic",18,90,95,mtholyoke_cds_2000-2001.pdf,0
2000,mtholyoke,0,0,0,1,0,"White, non-Hispanic",344,1080,1316,mtholyoke_cds_2000-2001.pdf,0
2000,mtholyoke,0,0,0,1,0,"American Indian or Alaska Native, non-Hispanic",3,9,12,mtholyoke_cds_2000-2001.pdf,0
2000,mtholyoke,0,0,0,1,0,"Asian, non-Hispanic",55,180,187,mtholyoke_cds_2000-2001.pdf,1
2000,mtholyoke,0,0,0,1,0,Race and/or ethnicity unknown,19,294,63,mtholyoke_cds_2000-2001.pdf,0
2000,mtholyoke,0,0,0,1,0,Total,527,2015,2065,mtholyoke_cds_2000-2001.pdf,0
2000,northwestern,0,0,0,0,1,Nonresident,85,268,273,cds_2000-01.pdf,0
2000,northwestern,0,0,0,0,1,Hispanic/Latino,77,321,321,cds_2000-01.pdf,0
2000,northwestern,0,0,0,0,1,"Black or African American, non-Hispanic",113,501,501,cds_2000-01.pdf,0
2000,northwestern,0,0,0,0,1,"White, non-Hispanic",1151,4854,4861,cds_2000-01.pdf,0
2000,northwestern,0,0,0,0,1,"American Indian or Alaska Native, non-Hispanic",6,18,18,cds_2000-01.pdf,0
2000,northwestern,0,0,0,0,1,"Asian, non-Hispanic",307,1282,1282,cds_2000-01.pdf,1
2000,northwestern,0,0,0,0,1,Race and/or ethnicity unknown,146,448,468,cds_2000-01.pdf,0
2000,northwestern,0,0,0,0,1,Total,1885,7692,7724,cds_2000-01.pdf,0
2000,swarthmore,0,0,0,1,1,Nonresident,16,89,89,cds-2000-2001.pdf,0
2000,swarthmore,0,0,0,1,1,Hispanic/Latino,39,136,137,cds-2000-2001.pdf,0
2000,swarthmore,0,0,0,1,1,"Black or African American, non-Hispanic",30,120,123,cds-2000-2001.pdf,0
2000,swarthmore,0,0,0,1,1,"White, non-Hispanic",227,863,867,cds-2000-2001.pdf,0
2000,swarthmore,0,0,0,1,1,"American Indian or Alaska Native, non-Hispanic",0,9,9,cds-2000-2001.pdf,0
2000,swarthmore,0,0,0,1,1,"Asian, non-Hispanic",55,202,203,cds-2000-2001.pdf,1
2000,swarthmore,0,0,0,1,1,Total,367,1419,1428,cds-2000-2001.pdf,0
2000,ucla,0,0,0,0,1,Nonresident,79,698,698,cds_2000-01.pdf,0
2000,ucla,0,0,0,0,1,Hispanic/Latino,525,3499,3499,cds_2000-01.pdf,0
2000,ucla,0,0,0,0,1,"Black or African American, non-Hispanic",156,1068,1068,cds_2000-01.pdf,0
2000,ucla,0,0,0,0,1,"White, non-Hispanic",1387,8481,8481,cds_2000-01.pdf,0
2000,ucla,0,0,0,0,1,"American Indian or Alaska Native, non-Hispanic",16,130,130,cds_2000-01.pdf,0
2000,ucla,0,0,0,0,1,"Asian, non-Hispanic",1688,9291,9291,cds_2000-01.pdf,1
2000,ucla,0,0,0,0,1,Race and/or ethnicity unknown,352,1844,1844,cds_2000-01.pdf,0
2000,ucla,0,0,0,0,1,Total,4203,25011,25011,cds_2000-01.pdf,0
2000,umich,0,0,0,0,1,Nonresident,207,1049,1049,cds_2000-2001.pdf,0
2000,umich,0,0,0,0,1,Hispanic/Latino,276,1002,1002,cds_2000-2001.pdf,0
2000,umich,0,0,0,0,1,"Black or African American, non-Hispanic",472,1905,1905,cds_2000-2001.pdf,0
2000,umich,0,0,0,0,1,"White, non-Hispanic",3305,15789,15789,cds_2000-2001.pdf,0
2000,umich,0,0,0,0,1,"American Indian or Alaska Native, non-Hispanic",39,145,145,cds_2000-2001.pdf,0
2000,umich,0,0,0,0,1,"Asian, non-Hispanic",724,2924,2924,cds_2000-2001.pdf,1
2000,umich,0,0,0,0,1,Race and/or ethnicity unknown,395,1598,1598,cds_2000-2001.pdf,0
2000,umich,0,0,0,0,1,Total,5418,24412,24412,cds_2000-2001.pdf,0
2000,washandlee,0,0,0,1,1,Nonresident,22,61,,wlu_cds_2000-01.pdf,0
2000,washandlee,0,0,0,1,1,Hispanic/Latino,4,20,,wlu_cds_2000-01.pdf,0
2000,washandlee,0,0,0,1,1,"Black or African American, non-Hispanic",17,59,,wlu_cds_2000-01.pdf,0
2000,washandlee,0,0,0,1,1,"White, non-Hispanic",397,1555,,wlu_cds_2000-01.pdf,0
2000,washandlee,0,0,0,1,1,"American Indian or Alaska Native, non-Hispanic",0,1,,wlu_cds_2000-01.pdf,0
2000,washandlee,0,0,0,1,1,"Asian, non-Hispanic",5,17,,wlu_cds_2000-01.pdf,1
2000,washandlee,0,0,0,1,1,Total,451,1733,,wlu_cds_2000-01.pdf,0
2001,bates,0,0,1,1,1,Nonresident,28,90,90,CDS_2001-2002.pdf,0
2001,bates,0,0,1,1,1,Hispanic/Latino,17,28,28,CDS_2001-2002.pdf,0
2001,bates,0,0,1,1,1,"Black or African American, non-Hispanic",7,34,34,CDS_2001-2002.pdf,0
2001,bates,0,0,1,1,1,"White, non-Hispanic",486,1478,1478,CDS_2001-2002.pdf,0
2001,bates,0,0,1,1,1,"American Indian or Alaska Native, non-Hispanic",2,3,3,CDS_2001-2002.pdf,0
2001,bates,0,0,1,1,1,"Asian, non-Hispanic",17,57,57,CDS_2001-2002.pdf,1
2001,bates,0,0,1,1,1,Race and/or ethnicity unknown,25,77,77,CDS_2001-2002.pdf,0
2001,bates,0,0,1,1,1,Total,582,1767,1767,CDS_2001-2002.pdf,0
2001,berkeley,0,0,0,0,1,Nonresident,70,768,769,cds_2001-02.pdf,0
2001,berkeley,0,0,0,0,1,Hispanic/Latino,379,2175,2175,cds_2001-02.pdf,0
2001,berkeley,0,0,0,0,1,"Black or African American, non-Hispanic",138,871,871,cds_2001-02.pdf,0
2001,berkeley,0,0,0,0,1,"White, non-Hispanic",1113,7136,7137,cds_2001-02.pdf,0
2001,berkeley,0,0,0,0,1,"American Indian or Alaska Native, non-Hispanic",19,131,131,cds_2001-02.pdf,0
2001,berkeley,0,0,0,0,1,"Asian, non-Hispanic",1673,9451,9451,cds_2001-02.pdf,1
2001,berkeley,0,0,0,0,1,Race and/or ethnicity unknown,382,2735,2735,cds_2001-02.pdf,0
2001,berkeley,0,0,0,0,1,Total,3774,23267,23269,cds_2001-02.pdf,0
2001,bowdoin,0,0,1,1,1,Nonresident,15,55,55,common-data-elements-2001---2002.pdf,0
2001,bowdoin,0,0,1,1,1,Hispanic/Latino,13,50,50,common-data-elements-2001---2002.pdf,0
2001,bowdoin,0,0,1,1,1,"Black or African American, non-Hispanic",25,50,50,common-data-elements-2001---2002.pdf,0
2001,bowdoin,0,0,1,1,1,"White, non-Hispanic",344,1287,1295,common-data-elements-2001---2002.pdf,0
2001,bowdoin,0,0,1,1,1,"American Indian or Alaska Native, non-Hispanic",2,9,9,common-data-elements-2001---2002.pdf,0
2001,bowdoin,0,0,1,1,1,"Asian, non-Hispanic",35,113,113,common-data-elements-2001---2002.pdf,1
2001,bowdoin,0,0,1,1,1,Race and/or ethnicity unknown,18,59,63,common-data-elements-2001---2002.pdf,0
2001,bowdoin,0,0,1,1,1,Total,452,1623,1635,common-data-elements-2001---2002.pdf,0
2001,carleton,0,0,0,1,1,Nonresident,16,45,49,Carleton_CDS_2001-02.pdf,0
2001,carleton,0,0,0,1,1,Hispanic/Latino,24,70,72,Carleton_CDS_2001-02.pdf,0
2001,carleton,0,0,0,1,1,"Black or African American, non-Hispanic",30,74,74,Carleton_CDS_2001-02.pdf,0
2001,carleton,0,0,0,1,1,"White, non-Hispanic",397,1561,1576,Carleton_CDS_2001-02.pdf,0
2001,carleton,0,0,0,1,1,"American Indian or Alaska Native, non-Hispanic",2,7,7,Carleton_CDS_2001-02.pdf,0
2001,carleton,0,0,0,1,1,"Asian, non-Hispanic",47,165,170,Carleton_CDS_2001-02.pdf,1
2001,carleton,0,0,0,1,1,Race and/or ethnicity unknown,0,0,0,Carleton_CDS_2001-02.pdf,0
2001,carleton,0,0,0,1,1,Total,516,1922,1948,Carleton_CDS_2001-02.pdf,0
2001,colby,0,0,1,1,1,Race and/or ethnicity unknown,0,0,0,cds2001.pdf,0
2001,colby,0,0,1,1,1,Total,488,1809,1809,cds2001.pdf,0
2001,cornell,1,1,0,0,1,Hispanic/Latino,177,752,752,CDS_2001-2002.pdf,0
2001,cornell,1,1,0,0,1,"White, non-Hispanic",1809,8442,8447,CDS_2001-2002.pdf,0
2001,cornell,1,1,0,0,1,"American Indian or Alaska Native, non-Hispanic",13,69,69,CDS_2001-2002.pdf,0
2001,cornell,1,1,0,0,1,"Asian, non-Hispanic",530,2252,2252,CDS_2001-2002.pdf,1
2001,cornell,1,1,0,0,1,Race and/or ethnicity unknown,103,596,598,CDS_2001-2002.pdf,0
2001,cornell,1,1,0,0,1,Total,2988,13769,13801,CDS_2001-2002.pdf,0
2001,georgetown,0,0,0,0,1,Nonresident,62,318,504,georgetown_cds_2001-2002.pdf,0
2001,georgetown,0,0,0,0,1,Hispanic/Latino,84,317,324,georgetown_cds_2001-2002.pdf,0
2001,georgetown,0,0,0,0,1,"Black or African American, non-Hispanic",101,401,406,georgetown_cds_2001-2002.pdf,0
2001,georgetown,0,0,0,0,1,"White, non-Hispanic",1072,4366,4387,georgetown_cds_2001-2002.pdf,0
2001,georgetown,0,0,0,0,1,"American Indian or Alaska Native, non-Hispanic",1,13,13,georgetown_cds_2001-2002.pdf,0
2001,georgetown,0,0,0,0,1,"Asian, non-Hispanic",137,588,590,georgetown_cds_2001-2002.pdf,1
2001,georgetown,0,0,0,0,1,Race and/or ethnicity unknown,58,167,198,georgetown_cds_2001-2002.pdf,0
2001,georgetown,0,0,0,0,1,Total,1515,6170,6422,georgetown_cds_2001-2002.pdf,0
2001,mtholyoke,0,0,0,1,0,Nonresident,78,318,348,mtholyoke_cds_2001-2002.pdf,0
2001,mtholyoke,0,0,0,1,0,Hispanic/Latino,24,85,85,mtholyoke_cds_2001-2002.pdf,0
2001,mtholyoke,0,0,0,1,0,"Black or African American, non-Hispanic",25,92,93,mtholyoke_cds_2001-2002.pdf,0
2001,mtholyoke,0,0,0,1,0,"White, non-Hispanic",262,1158,1177,mtholyoke_cds_2001-2002.pdf,0
2001,mtholyoke,0,0,0,1,0,"American Indian or Alaska Native, non-Hispanic",4,10,10,mtholyoke_cds_2001-2002.pdf,0
2001,mtholyoke,0,0,0,1,0,"Asian, non-Hispanic",47,193,197,mtholyoke_cds_2001-2002.pdf,1
2001,mtholyoke,0,0,0,1,0,Race and/or ethnicity unknown,48,111,127,mtholyoke_cds_2001-2002.pdf,0
2001,mtholyoke,0,0,0,1,0,Total,488,1967,2037,mtholyoke_cds_2001-2002.pdf,0
2001,northwestern,0,0,0,0,1,Nonresident,97,309,,cds_2001-02.pdf,0
2001,northwestern,0,0,0,0,1,Hispanic/Latino,88,350,,cds_2001-02.pdf,0
2001,northwestern,0,0,0,0,1,"Black or African American, non-Hispanic",102,470,,cds_2001-02.pdf,0
2001,northwestern,0,0,0,0,1,"White, non-Hispanic",1139,4775,,cds_2001-02.pdf,0
2001,northwestern,0,0,0,0,1,"American Indian or Alaska Native, non-Hispanic",8,18,,cds_2001-02.pdf,0
2001,northwestern,0,0,0,0,1,"Asian, non-Hispanic",336,1293,,cds_2001-02.pdf,1
2001,northwestern,0,0,0,0,1,Race and/or ethnicity unknown,182,565,,cds_2001-02.pdf,0
2001,northwestern,0,0,0,0,1,Total,1952,7780,,cds_2001-02.pdf,0
2001,princeton,1,1,0,0,1,Nonresident,92,318,,cds_0102_princeton.pdf,0
2001,princeton,1,1,0,0,1,Hispanic/Latino,77,293,,cds_0102_princeton.pdf,0
2001,princeton,1,1,0,0,1,"Black or African American, non-Hispanic",110,366,,cds_0102_princeton.pdf,0
2001,princeton,1,1,0,0,1,"White, non-Hispanic",752,3054,,cds_0102_princeton.pdf,0
2001,princeton,1,1,0,0,1,"American Indian or Alaska Native, non-Hispanic",6,24,,cds_0102_princeton.pdf,0
2001,princeton,1,1,0,0,1,"Asian, non-Hispanic",148,558,,cds_0102_princeton.pdf,1
2001,princeton,1,1,0,0,1,Race and/or ethnicity unknown,0,0,,cds_0102_princeton.pdf,0
2001,princeton,1,1,0,0,1,Total,1185,4613,,cds_0102_princeton.pdf,0
2001,stanford,0,1,0,0,1,Hispanic/Latino,190,684,718,cds_2001-2002.pdf,0
2001,stanford,0,1,0,0,1,Total,1615,6443,7279,cds_2001-2002.pdf,0
2001,swarthmore,0,0,0,1,1,Nonresident,22,92,93,cds-2001-2002.pdf,0
2001,swarthmore,0,0,0,1,1,Hispanic/Latino,30,118,121,cds-2001-2002.pdf,0
2001,swarthmore,0,0,0,1,1,"Black or African American, non-Hispanic",18,112,117,cds-2001-2002.pdf,0
2001,swarthmore,0,0,0,1,1,"White, non-Hispanic",243,886,895,cds-2001-2002.pdf,0
2001,swarthmore,0,0,0,1,1,"American Indian or Alaska Native, non-Hispanic",3,11,11,cds-2001-2002.pdf,0
2001,swarthmore,0,0,0,1,1,"Asian, non-Hispanic",65,229,230,cds-2001-2002.pdf,1
2001,swarthmore,0,0,0,1,1,Total,381,1448,1467,cds-2001-2002.pdf,0
2001,ucla,0,0,0,0,1,Nonresident,69,726,726,cds_2001-02.pdf,0
2001,ucla,0,0,0,0,1,Hispanic/Latino,582,3545,3545,cds_2001-02.pdf,0
2001,ucla,0,0,0,0,1,"Black or African American, non-Hispanic",137,948,948,cds_2001-02.pdf,0
2001,ucla,0,0,0,0,1,"White, non-Hispanic",1362,8565,8565,cds_2001-02.pdf,0
2001,ucla,0,0,0,0,1,"American Indian or Alaska Native, non-Hispanic",13,120,120,cds_2001-02.pdf,0
2001,ucla,0,0,0,0,1,"Asian, non-Hispanic",1755,9496,9496,cds_2001-02.pdf,1
2001,ucla,0,0,0,0,1,Race and/or ethnicity unknown,328,1928,1928,cds_2001-02.pdf,0
2001,ucla,0,0,0,0,1,Total,4246,25328,25328,cds_2001-02.pdf,0
2001,umich,0,0,0,0,1,Nonresident,220,1031,,cds_2001-2002.pdf,0
2001,umich,0,0,0,0,1,Hispanic/Latino,263,1031,,cds_2001-2002.pdf,0
2001,umich,0,0,0,0,1,"Black or African American, non-Hispanic",499,1903,,cds_2001-2002.pdf,0
2001,umich,0,0,0,0,1,"White, non-Hispanic",3456,15630,,cds_2001-2002.pdf,0
2001,umich,0,0,0,0,1,"American Indian or Alaska Native, non-Hispanic",50,160,,cds_2001-2002.pdf,0
2001,umich,0,0,0,0,1,"Asian, non-Hispanic",692,3009,,cds_2001-2002.pdf,1
2001,umich,0,0,0,0,1,Race and/or ethnicity unknown,360,1540,,cds_2001-2002.pdf,0
2001,umich,0,0,0,0,1,Total,5540,24304,,cds_2001-2002.pdf,0
2001,washandlee,0,0,0,1,1,Nonresident,25,70,72,wlu_cds_2001-02.pdf,0
2001,washandlee,0,0,0,1,1,Hispanic/Latino,2,17,17,wlu_cds_2001-02.pdf,0
2001,washandlee,0,0,0,1,1,"Black or African American, non-Hispanic",16,60,61,wlu_cds_2001-02.pdf,0
2001,washandlee,0,0,0,1,1,"White, non-Hispanic",427,1570,1574,wlu_cds_2001-02.pdf,0
2001,washandlee,0,0,0,1,1,"American Indian or Alaska Native, non-Hispanic",1,1,1,wlu_cds_2001-02.pdf,0
2001,washandlee,0,0,0,1,1,"Asian, non-Hispanic",13,27,27,wlu_cds_2001-02.pdf,1
2001,washandlee,0,0,0,1,1,Total,488,1761,1768,wlu_cds_2001-02.pdf,0
2001,wesleyan,0,0,1,1,1,Nonresident,38,154,159,cds2001-02.pdf,0
2001,wesleyan,0,0,1,1,1,Hispanic/Latino,50,172,172,cds2001-02.pdf,0
2001,wesleyan,0,0,1,1,1,"Black or African American, non-Hispanic",63,239,239,cds2001-02.pdf,0
2001,wesleyan,0,0,1,1,1,"White, non-Hispanic",465,1798,1812,cds2001-02.pdf,0
2001,wesleyan,0,0,1,1,1,"American Indian or Alaska Native, non-Hispanic",4,7,7,cds2001-02.pdf,0
2001,wesleyan,0,0,1,1,1,"Asian, non-Hispanic",42,186,188,cds2001-02.pdf,1
2001,wesleyan,0,0,1,1,1,Race and/or ethnicity unknown,60,213,215,cds2001-02.pdf,0
2001,wesleyan,0,0,1,1,1,Total,722,2769,2792,cds2001-02.pdf,0
2002,bates,0,0,1,1,1,Nonresident,32,111,111,CDS_2002-2003.pdf,0
2002,bates,0,0,1,1,1,Hispanic/Latino,7,30,30,CDS_2002-2003.pdf,0
2002,bates,0,0,1,1,1,"Black or African American, non-Hispanic",7,34,34,CDS_2002-2003.pdf,0
2002,bates,0,0,1,1,1,"White, non-Hispanic",340,1441,1441,CDS_2002-2003.pdf,0
2002,bates,0,0,1,1,1,"American Indian or Alaska Native, non-Hispanic",3,5,5,CDS_2002-2003.pdf,0
2002,bates,0,0,1,1,1,"Asian, non-Hispanic",16,57,57,CDS_2002-2003.pdf,1
2002,bates,0,0,1,1,1,Race and/or ethnicity unknown,10,60,60,CDS_2002-2003.pdf,0
2002,bates,0,0,1,1,1,Total,415,1738,1738,CDS_2002-2003.pdf,0
2002,berkeley,0,0,0,0,1,Nonresident,90,704,704,cds_2002-03.pdf,0
2002,berkeley,0,0,0,0,1,Hispanic/Latino,401,2351,2351,cds_2002-03.pdf,0
2002,berkeley,0,0,0,0,1,"Black or African American, non-Hispanic",141,879,879,cds_2002-03.pdf,0
2002,berkeley,0,0,0,0,1,"White, non-Hispanic",1061,7173,7174,cds_2002-03.pdf,0
2002,berkeley,0,0,0,0,1,"American Indian or Alaska Native, non-Hispanic",14,145,145,cds_2002-03.pdf,0
2002,berkeley,0,0,0,0,1,"Asian, non-Hispanic",1638,9925,9925,cds_2002-03.pdf,1
2002,berkeley,0,0,0,0,1,Race and/or ethnicity unknown,308,2657,2657,cds_2002-03.pdf,0
2002,berkeley,0,0,0,0,1,Total,3653,23834,23835,cds_2002-03.pdf,0
2002,bowdoin,0,0,1,1,1,Nonresident,15,54,54,common-data-elements-2002---2003.pdf,0
2002,bowdoin,0,0,1,1,1,Hispanic/Latino,26,62,62,common-data-elements-2002---2003.pdf,0
2002,bowdoin,0,0,1,1,1,"Black or African American, non-Hispanic",31,69,69,common-data-elements-2002---2003.pdf,0
2002,bowdoin,0,0,1,1,1,"White, non-Hispanic",321,1265,1269,common-data-elements-2002---2003.pdf,0
2002,bowdoin,0,0,1,1,1,"American Indian or Alaska Native, non-Hispanic",4,11,11,common-data-elements-2002---2003.pdf,0
2002,bowdoin,0,0,1,1,1,"Asian, non-Hispanic",56,139,139,common-data-elements-2002---2003.pdf,1
2002,bowdoin,0,0,1,1,1,Race and/or ethnicity unknown,5,48,53,common-data-elements-2002---2003.pdf,0
2002,bowdoin,0,0,1,1,1,Total,458,1648,1657,common-data-elements-2002---2003.pdf,0
2002,caltech,0,1,0,0,1,Nonresident,6,72,72,cds_2002-03.pdf,0
2002,caltech,0,1,0,0,1,Hispanic/Latino,19,61,61,cds_2002-03.pdf,0
2002,caltech,0,1,0,0,1,"Black or African American, non-Hispanic",3,12,12,cds_2002-03.pdf,0
2002,caltech,0,1,0,0,1,"White, non-Hispanic",146,526,526,cds_2002-03.pdf,0
2002,caltech,0,1,0,0,1,"American Indian or Alaska Native, non-Hispanic",3,5,5,cds_2002-03.pdf,0
2002,caltech,0,1,0,0,1,"Asian, non-Hispanic",68,255,255,cds_2002-03.pdf,1
2002,caltech,0,1,0,0,1,Race and/or ethnicity unknown,7,8,8,cds_2002-03.pdf,0
2002,caltech,0,1,0,0,1,Total,252,939,939,cds_2002-03.pdf,0
2002,carleton,0,0,0,1,1,Nonresident,32,64,65,Carleton_CDS_2002-03.pdf,0
2002,carleton,0,0,0,1,1,Hispanic/Latino,20,76,77,Carleton_CDS_2002-03.pdf,0
2002,carleton,0,0,0,1,1,"Black or African American, non-Hispanic",28,80,82,Carleton_CDS_2002-03.pdf,0
2002,carleton,0,0,0,1,1,"White, non-Hispanic",374,1518,1531,Carleton_CDS_2002-03.pdf,0
2002,carleton,0,0,0,1,1,"American Indian or Alaska Native, non-Hispanic",5,8,8,Carleton_CDS_2002-03.pdf,0
2002,carleton,0,0,0,1,1,"Asian, non-Hispanic",43,162,166,Carleton_CDS_2002-03.pdf,1
2002,carleton,0,0,0,1,1,Race and/or ethnicity unknown,0,0,3,Carleton_CDS_2002-03.pdf,0
2002,carleton,0,0,0,1,1,Total,502,1908,1932,Carleton_CDS_2002-03.pdf,0
2002,colby,0,0,1,1,1,Nonresident,39,108,109,cds2002.pdf,0
2002,colby,0,0,1,1,1,Hispanic/Latino,17,42,42,cds2002.pdf,0
2002,colby,0,0,1,1,1,"Black or African American, non-Hispanic",11,45,45,cds2002.pdf,0
2002,colby,0,0,1,1,1,"White, non-Hispanic",374,1531,1531,cds2002.pdf,0
2002,colby,0,0,1,1,1,"American Indian or Alaska Native, non-Hispanic",1,7,7,cds2002.pdf,0
2002,colby,0,0,1,1,1,"Asian, non-Hispanic",29,96,96,cds2002.pdf,1
2002,colby,0,0,1,1,1,Race and/or ethnicity unknown,0,0,0,cds2002.pdf,0
2002,colby,0,0,1,1,1,Total,471,1829,1830,cds2002.pdf,0
2002,cornell,1,1,0,0,1,Nonresident,199,969,1001,CDS_2002-2003.pdf,0
2002,cornell,1,1,0,0,1,Hispanic/Latino,166,718,718,CDS_2002-2003.pdf,0
2002,cornell,1,1,0,0,1,"Black or African American, non-Hispanic",152,643,643,CDS_2002-2003.pdf,0
2002,cornell,1,1,0,0,1,"White, non-Hispanic",1847,8391,8399,CDS_2002-2003.pdf,0
2002,cornell,1,1,0,0,1,"American Indian or Alaska Native, non-Hispanic",9,67,67,CDS_2002-2003.pdf,0
2002,cornell,1,1,0,0,1,"Asian, non-Hispanic",510,2258,2258,CDS_2002-2003.pdf,1
2002,cornell,1,1,0,0,1,Race and/or ethnicity unknown,86,598,605,CDS_2002-2003.pdf,0
2002,cornell,1,1,0,0,1,Total,3003,13678,13725,CDS_2002-2003.pdf,0
2002,georgetown,0,0,0,0,1,Nonresident,56,277,412,georgetown_cds_2002-2003.pdf,0
2002,georgetown,0,0,0,0,1,Hispanic/Latino,79,306,311,georgetown_cds_2002-2003.pdf,0
2002,georgetown,0,0,0,0,1,"Black or African American, non-Hispanic",96,419,426,georgetown_cds_2002-2003.pdf,0
2002,georgetown,0,0,0,0,1,"White, non-Hispanic",1046,4329,4359,georgetown_cds_2002-2003.pdf,0
2002,georgetown,0,0,0,0,1,"American Indian or Alaska Native, non-Hispanic",0,6,6,georgetown_cds_2002-2003.pdf,0
2002,georgetown,0,0,0,0,1,"Asian, non-Hispanic",148,588,594,georgetown_cds_2002-2003.pdf,1
2002,georgetown,0,0,0,0,1,Race and/or ethnicity unknown,72,197,224,georgetown_cds_2002-2003.pdf,0
2002,georgetown,0,0,0,0,1,Total,1497,6122,6332,georgetown_cds_2002-2003.pdf,0
2002,mtholyoke,0,0,0,1,0,Nonresident,51,331,355,mtholyoke_cds_2002-2003.pdf,0
2002,mtholyoke,0,0,0,1,0,Hispanic/Latino,30,88,89,mtholyoke_cds_2002-2003.pdf,0
2002,mtholyoke,0,0,0,1,0,"Black or African American, non-Hispanic",27,96,98,mtholyoke_cds_2002-2003.pdf,0
2002,mtholyoke,0,0,0,1,0,"White, non-Hispanic",327,1214,1227,mtholyoke_cds_2002-2003.pdf,0
2002,mtholyoke,0,0,0,1,0,"American Indian or Alaska Native, non-Hispanic",6,13,13,mtholyoke_cds_2002-2003.pdf,0
2002,mtholyoke,0,0,0,1,0,"Asian, non-Hispanic",81,222,223,mtholyoke_cds_2002-2003.pdf,1
2002,mtholyoke,0,0,0,1,0,Race and/or ethnicity unknown,51,166,186,mtholyoke_cds_2002-2003.pdf,0
2002,mtholyoke,0,0,0,1,0,Total,573,2130,2191,mtholyoke_cds_2002-2003.pdf,0
2002,northwestern,0,0,0,0,1,Nonresident,110,368,,cds_2002-03.pdf,0
2002,northwestern,0,0,0,0,1,Hispanic/Latino,116,405,,cds_2002-03.pdf,0
2002,northwestern,0,0,0,0,1,"Black or African American, non-Hispanic",103,488,,cds_2002-03.pdf,0
2002,northwestern,0,0,0,0,1,"White, non-Hispanic",1202,4925,,cds_2002-03.pdf,0
2002,northwestern,0,0,0,0,1,"American Indian or Alaska Native, non-Hispanic",3,25,,cds_2002-03.pdf,0
2002,northwestern,0,0,0,0,1,"Asian, non-Hispanic",360,1030,,cds_2002-03.pdf,1
2002,northwestern,0,0,0,0,1,Race and/or ethnicity unknown,111,634,,cds_2002-03.pdf,0
2002,northwestern,0,0,0,0,1,Total,2005,7875,,cds_2002-03.pdf,0
2002,princeton,1,1,0,0,1,Nonresident,94,347,361,cds_0203_princeton.pdf,0
2002,princeton,1,1,0,0,1,Hispanic/Latino,76,289,295,cds_0203_princeton.pdf,0
2002,princeton,1,1,0,0,1,"Black or African American, non-Hispanic",97,380,384,cds_0203_princeton.pdf,0
2002,princeton,1,1,0,0,1,"White, non-Hispanic",733,3022,3125,cds_0203_princeton.pdf,0
2002,princeton,1,1,0,0,1,"American Indian or Alaska Native, non-Hispanic",8,33,33,cds_0203_princeton.pdf,0
2002,princeton,1,1,0,0,1,"Asian, non-Hispanic",156,564,581,cds_0203_princeton.pdf,1
2002,princeton,1,1,0,0,1,Race and/or ethnicity unknown,0,0,0,cds_0203_princeton.pdf,0
2002,princeton,1,1,0,0,1,Total,1164,4635,4779,cds_0203_princeton.pdf,0
2002,stanford,0,1,0,0,1,Hispanic/Latino,217,726,772,cds_2002-2003.pdf,0
2002,stanford,0,1,0,0,1,Total,1636,6545,7360,cds_2002-2003.pdf,0
2002,swarthmore,0,0,0,1,1,Total,371,1472,,cds-2002-2003.pdf,0
2002,ucla,0,0,0,0,1,Nonresident,72,702,702,cds_2002-03.pdf,0
2002,ucla,0,0,0,0,1,Hispanic/Latino,622,3633,3633,cds_2002-03.pdf,0
2002,ucla,0,0,0,0,1,"Black or African American, non-Hispanic",165,921,921,cds_2002-03.pdf,0
2002,ucla,0,0,0,0,1,"White, non-Hispanic",1364,8267,8267,cds_2002-03.pdf,0
2002,ucla,0,0,0,0,1,"American Indian or Alaska Native, non-Hispanic",18,115,115,cds_2002-03.pdf,0
2002,ucla,0,0,0,0,1,"Asian, non-Hispanic",1810,9454,9454,cds_2002-03.pdf,1
2002,ucla,0,0,0,0,1,Race and/or ethnicity unknown,206,1807,1807,cds_2002-03.pdf,0
2002,ucla,0,0,0,0,1,Total,4257,24899,24899,cds_2002-03.pdf,0
2002,umich,0,0,0,0,1,Nonresident,189,1071,,cds_2002-2003.pdf,0
2002,umich,0,0,0,0,1,Hispanic/Latino,305,1099,,cds_2002-2003.pdf,0
2002,umich,0,0,0,0,1,"Black or African American, non-Hispanic",443,1962,,cds_2002-2003.pdf,0
2002,umich,0,0,0,0,1,"White, non-Hispanic",3262,15655,,cds_2002-2003.pdf,0
2002,umich,0,0,0,0,1,"American Indian or Alaska Native, non-Hispanic",53,187,,cds_2002-2003.pdf,0
2002,umich,0,0,0,0,1,"Asian, non-Hispanic",588,3004,,cds_2002-2003.pdf,1
2002,umich,0,0,0,0,1,Race and/or ethnicity unknown,347,1309,,cds_2002-2003.pdf,0
2002,umich,0,0,0,0,1,Total,5187,24287,,cds_2002-2003.pdf,0
2002,washandlee,0,0,0,1,1,Nonresident,16,67,70,wlu_cds_2002-03.pdf,0
2002,washandlee,0,0,0,1,1,Hispanic/Latino,1,12,12,wlu_cds_2002-03.pdf,0
2002,washandlee,0,0,0,1,1,"Black or African American, non-Hispanic",22,62,62,wlu_cds_2002-03.pdf,0
2002,washandlee,0,0,0,1,1,"White, non-Hispanic",400,1550,1550,wlu_cds_2002-03.pdf,0
2002,washandlee,0,0,0,1,1,"American Indian or Alaska Native, non-Hispanic",1,2,2,wlu_cds_2002-03.pdf,0
2002,washandlee,0,0,0,1,1,"Asian, non-Hispanic",15,35,36,wlu_cds_2002-03.pdf,1
2002,washandlee,0,0,0,1,1,Total,457,1744,1748,wlu_cds_2002-03.pdf,0
2002,wesleyan,0,0,1,1,1,Nonresident,39,154,162,cds2002-03.pdf,0
2002,wesleyan,0,0,1,1,1,Hispanic/Latino,41,168,168,cds2002-03.pdf,0
2002,wesleyan,0,0,1,1,1,"Black or African American, non-Hispanic",53,229,229,cds2002-03.pdf,0
2002,wesleyan,0,0,1,1,1,"White, non-Hispanic",444,1725,1730,cds2002-03.pdf,0
2002,wesleyan,0,0,1,1,1,"American Indian or Alaska Native, non-Hispanic",3,8,8,cds2002-03.pdf,0
2002,wesleyan,0,0,1,1,1,"Asian, non-Hispanic",66,203,204,cds2002-03.pdf,1
2002,wesleyan,0,0,1,1,1,Race and/or ethnicity unknown,71,217,223,cds2002-03.pdf,0
2002,wesleyan,0,0,1,1,1,Total,717,2704,2724,cds2002-03.pdf,0
2003,amherst,0,0,1,1,1,Nonresident,26,95,95,amherst_cds_2003_enrollment_and_persistence.pdf,0
2003,amherst,0,0,1,1,1,Hispanic/Latino,26,122,122,amherst_cds_2003_enrollment_and_persistence.pdf,0
2003,amherst,0,0,1,1,1,"Black or African American, non-Hispanic",49,167,167,amherst_cds_2003_enrollment_and_persistence.pdf,0
2003,amherst,0,0,1,1,1,"White, non-Hispanic",182,735,735,amherst_cds_2003_enrollment_and_persistence.pdf,0
2003,amherst,0,0,1,1,1,"American Indian or Alaska Native, non-Hispanic",2,3,3,amherst_cds_2003_enrollment_and_persistence.pdf,0
2003,amherst,0,0,1,1,1,"Asian, non-Hispanic",52,200,200,amherst_cds_2003_enrollment_and_persistence.pdf,1
2003,amherst,0,0,1,1,1,Race and/or ethnicity unknown,76,295,295,amherst_cds_2003_enrollment_and_persistence.pdf,0
2003,amherst,0,0,1,1,1,Total,413,1617,1617,amherst_cds_2003_enrollment_and_persistence.pdf,0
2003,bates,0,0,1,1,1,Nonresident,34,102,102,CDS_2003-2004.pdf,0
2003,bates,0,0,1,1,1,Hispanic/Latino,12,33,33,CDS_2003-2004.pdf,0
2003,bates,0,0,1,1,1,"Black or African American, non-Hispanic",21,39,39,CDS_2003-2004.pdf,0
2003,bates,0,0,1,1,1,"White, non-Hispanic",384,1442,1442,CDS_2003-2004.pdf,0
2003,bates,0,0,1,1,1,"American Indian or Alaska Native, non-Hispanic",1,6,6,CDS_2003-2004.pdf,0
2003,bates,0,0,1,1,1,"Asian, non-Hispanic",22,60,60,CDS_2003-2004.pdf,1
2003,bates,0,0,1,1,1,Race and/or ethnicity unknown,13,64,64,CDS_2003-2004.pdf,0
2003,bates,0,0,1,1,1,Total,487,1746,1746,CDS_2003-2004.pdf,0
2003,berkeley,0,0,0,0,1,Nonresident,102,693,694,cds_2003-04.pdf,0
2003,berkeley,0,0,0,0,1,Hispanic/Latino,393,2450,2450,cds_2003-04.pdf,0
2003,berkeley,0,0,0,0,1,"Black or African American, non-Hispanic",149,924,924,cds_2003-04.pdf,0
2003,berkeley,0,0,0,0,1,"White, non-Hispanic",1050,6951,6951,cds_2003-04.pdf,0
2003,berkeley,0,0,0,0,1,"American Indian or Alaska Native, non-Hispanic",16,130,130,cds_2003-04.pdf,0
2003,berkeley,0,0,0,0,1,"Asian, non-Hispanic",1598,9557,9557,cds_2003-04.pdf,1
2003,berkeley,0,0,0,0,1,Race and/or ethnicity unknown,344,2500,2500,cds_2003-04.pdf,0
2003,berkeley,0,0,0,0,1,Total,3653,23206,23207,cds_2003-04.pdf,0
2003,bowdoin,0,0,1,1,1,Nonresident,15,52,54,common-data-elements-2003---2004.pdf,0
2003,bowdoin,0,0,1,1,1,Hispanic/Latino,31,83,83,common-data-elements-2003---2004.pdf,0
2003,bowdoin,0,0,1,1,1,"Black or African American, non-Hispanic",25,79,79,common-data-elements-2003---2004.pdf,0
2003,bowdoin,0,0,1,1,1,"White, non-Hispanic",334,1216,1224,common-data-elements-2003---2004.pdf,0
2003,bowdoin,0,0,1,1,1,"American Indian or Alaska Native, non-Hispanic",2,13,13,common-data-elements-2003---2004.pdf,0
2003,bowdoin,0,0,1,1,1,"Asian, non-Hispanic",55,167,167,common-data-elements-2003---2004.pdf,1
2003,bowdoin,0,0,1,1,1,Race and/or ethnicity unknown,3,26,27,common-data-elements-2003---2004.pdf,0
2003,bowdoin,0,0,1,1,1,Total,465,1636,1647,common-data-elements-2003---2004.pdf,0
2003,caltech,0,1,0,0,1,Nonresident,10,67,67,cds_2003-04.pdf,0
2003,caltech,0,1,0,0,1,Hispanic/Latino,18,65,65,cds_2003-04.pdf,0
2003,caltech,0,1,0,0,1,"Black or African American, non-Hispanic",0,12,12,cds_2003-04.pdf,0
2003,caltech,0,1,0,0,1,"White, non-Hispanic",89,458,458,cds_2003-04.pdf,0
2003,caltech,0,1,0,0,1,"American Indian or Alaska Native, non-Hispanic",0,5,5,cds_2003-04.pdf,0
2003,caltech,0,1,0,0,1,"Asian, non-Hispanic",72,277,277,cds_2003-04.pdf,1
2003,caltech,0,1,0,0,1,Race and/or ethnicity unknown,2,7,7,cds_2003-04.pdf,0
2003,caltech,0,1,0,0,1,Total,191,891,891,cds_2003-04.pdf,0
2003,carleton,0,0,0,1,1,Nonresident,28,89,91,Carleton_CDS_2003-04.pdf,0
2003,carleton,0,0,0,1,1,Hispanic/Latino,17,76,77,Carleton_CDS_2003-04.pdf,0
2003,carleton,0,0,0,1,1,"Black or African American, non-Hispanic",35,98,98,Carleton_CDS_2003-04.pdf,0
2003,carleton,0,0,0,1,1,"White, non-Hispanic",359,1481,1495,Carleton_CDS_2003-04.pdf,0
2003,carleton,0,0,0,1,1,"American Indian or Alaska Native, non-Hispanic",4,11,11,Carleton_CDS_2003-04.pdf,0
2003,carleton,0,0,0,1,1,"Asian, non-Hispanic",45,172,174,Carleton_CDS_2003-04.pdf,1
2003,carleton,0,0,0,1,1,Race and/or ethnicity unknown,0,0,0,Carleton_CDS_2003-04.pdf,0
2003,carleton,0,0,0,1,1,Total,488,1927,1946,Carleton_CDS_2003-04.pdf,0
2003,colby,0,0,1,1,1,Nonresident,41,120,121,cds2003.pdf,0
2003,colby,0,0,1,1,1,Hispanic/Latino,15,51,51,cds2003.pdf,0
2003,colby,0,0,1,1,1,"Black or African American, non-Hispanic",6,34,34,cds2003.pdf,0
2003,colby,0,0,1,1,1,"White, non-Hispanic",381,1473,1474,cds2003.pdf,0
2003,colby,0,0,1,1,1,"American Indian or Alaska Native, non-Hispanic",2,5,5,cds2003.pdf,0
2003,colby,0,0,1,1,1,"Asian, non-Hispanic",29,83,83,cds2003.pdf,1
2003,colby,0,0,1,1,1,Race and/or ethnicity unknown,0,0,0,cds2003.pdf,0
2003,colby,0,0,1,1,1,Total,474,1766,1768,cds2003.pdf,0
2003,cornell,1,1,0,0,1,Nonresident,230,965,965,CDS_2003-2004.pdf,0
2003,cornell,1,1,0,0,1,Hispanic/Latino,172,708,708,CDS_2003-2004.pdf,0
2003,cornell,1,1,0,0,1,"Black or African American, non-Hispanic",146,635,635,CDS_2003-2004.pdf,0
2003,cornell,1,1,0,0,1,"White, non-Hispanic",1745,8108,8108,CDS_2003-2004.pdf,0
2003,cornell,1,1,0,0,1,"American Indian or Alaska Native, non-Hispanic",18,64,64,CDS_2003-2004.pdf,0
2003,cornell,1,1,0,0,1,"Asian, non-Hispanic",504,2238,2239,CDS_2003-2004.pdf,1
2003,cornell,1,1,0,0,1,Race and/or ethnicity unknown,320,898,904,CDS_2003-2004.pdf,0
2003,cornell,1,1,0,0,1,Total,3135,13616,13655,CDS_2003-2004.pdf,0
2003,dartmouth,1,1,0,0,1,Nonresident,61,206,216,cds2003-2004.pdf,0
2003,dartmouth,1,1,0,0,1,Hispanic/Latino,68,259,259,cds2003-2004.pdf,0
2003,dartmouth,1,1,0,0,1,"Black or African American, non-Hispanic",83,256,256,cds2003-2004.pdf,0
2003,dartmouth,1,1,0,0,1,"White, non-Hispanic",597,2346,2361,cds2003-2004.pdf,0
2003,dartmouth,1,1,0,0,1,"American Indian or Alaska Native, non-Hispanic",41,119,120,cds2003-2004.pdf,0
2003,dartmouth,1,1,0,0,1,"Asian, non-Hispanic",151,491,492,cds2003-2004.pdf,1
2003,dartmouth,1,1,0,0,1,Race and/or ethnicity unknown,76,329,394,cds2003-2004.pdf,0
2003,dartmouth,1,1,0,0,1,Total,1077,4006,4098,cds2003-2004.pdf,0
2003,georgetown,0,0,0,0,1,Nonresident,111,316,494,georgetown_cds_2003-2004.pdf,0
2003,georgetown,0,0,0,0,1,Hispanic/Latino,74,307,313,georgetown_cds_2003-2004.pdf,0
2003,georgetown,0,0,0,0,1,"Black or African American, non-Hispanic",116,415,423,georgetown_cds_2003-2004.pdf,0
2003,georgetown,0,0,0,0,1,"White, non-Hispanic",977,4361,4393,georgetown_cds_2003-2004.pdf,0
2003,georgetown,0,0,0,0,1,"American Indian or Alaska Native, non-Hispanic",0,5,7,georgetown_cds_2003-2004.pdf,0
2003,georgetown,0,0,0,0,1,"Asian, non-Hispanic",148,606,611,georgetown_cds_2003-2004.pdf,1
2003,georgetown,0,0,0,0,1,Race and/or ethnicity unknown,102,258,309,georgetown_cds_2003-2004.pdf,0
2003,georgetown,0,0,0,0,1,Total,1528,6268,6550,georgetown_cds_2003-2004.pdf,0
2003,haverford,0,0,0,1,0,Nonresident,72,6,,cds_2003-2004.pdf,0
2003,haverford,0,0,0,1,0,Hispanic/Latino,16,66,,cds_2003-2004.pdf,0
2003,haverford,0,0,0,1,0,"Black or African American, non-Hispanic",14,57,,cds_2003-2004.pdf,0
2003,haverford,0,0,0,1,0,"White, non-Hispanic",232,836,,cds_2003-2004.pdf,0
2003,haverford,0,0,0,1,0,"American Indian or Alaska Native, non-Hispanic",31,0,,cds_2003-2004.pdf,0
2003,haverford,0,0,0,1,0,"Asian, non-Hispanic",41,168,,cds_2003-2004.pdf,1
2003,haverford,0,0,0,1,0,Total,313,1163,0,cds_2003-2004.pdf,0
2003,mtholyoke,0,0,0,1,0,Nonresident,59,312,335,mtholyoke_cds_2003-2004.pdf,0
2003,mtholyoke,0,0,0,1,0,Hispanic/Latino,19,93,93,mtholyoke_cds_2003-2004.pdf,0
2003,mtholyoke,0,0,0,1,0,"Black or African American, non-Hispanic",15,80,82,mtholyoke_cds_2003-2004.pdf,0
2003,mtholyoke,0,0,0,1,0,"White, non-Hispanic",302,1168,1184,mtholyoke_cds_2003-2004.pdf,0
2003,mtholyoke,0,0,0,1,0,"American Indian or Alaska Native, non-Hispanic",3,13,13,mtholyoke_cds_2003-2004.pdf,0
2003,mtholyoke,0,0,0,1,0,"Asian, non-Hispanic",54,206,208,mtholyoke_cds_2003-2004.pdf,1
2003,mtholyoke,0,0,0,1,0,Race and/or ethnicity unknown,56,225,233,mtholyoke_cds_2003-2004.pdf,0
2003,mtholyoke,0,0,0,1,0,Total,508,2097,2148,mtholyoke_cds_2003-2004.pdf,0
2003,northwestern,0,0,0,0,1,Nonresident,103,415,,cds_2003-04.pdf,0
2003,northwestern,0,0,0,0,1,Hispanic/Latino,104,396,,cds_2003-04.pdf,0
2003,northwestern,0,0,0,0,1,"Black or African American, non-Hispanic",89,424,,cds_2003-04.pdf,0
2003,northwestern,0,0,0,0,1,"White, non-Hispanic",1199,4742,,cds_2003-04.pdf,0
2003,northwestern,0,0,0,0,1,"American Indian or Alaska Native, non-Hispanic",2,18,,cds_2003-04.pdf,0
2003,northwestern,0,0,0,0,1,"Asian, non-Hispanic",320,1331,,cds_2003-04.pdf,1
2003,northwestern,0,0,0,0,1,Race and/or ethnicity unknown,124,570,,cds_2003-04.pdf,0
2003,northwestern,0,0,0,0,1,Total,1941,7896,,cds_2003-04.pdf,0
2003,princeton,1,1,0,0,1,Nonresident,96,390,404,cds_0304_princeton.pdf,0
2003,princeton,1,1,0,0,1,Hispanic/Latino,76,294,298,cds_0304_princeton.pdf,0
2003,princeton,1,1,0,0,1,"Black or African American, non-Hispanic",97,382,387,cds_0304_princeton.pdf,0
2003,princeton,1,1,0,0,1,"White, non-Hispanic",736,2974,3076,cds_0304_princeton.pdf,0
2003,princeton,1,1,0,0,1,"American Indian or Alaska Native, non-Hispanic",8,35,35,cds_0304_princeton.pdf,0
2003,princeton,1,1,0,0,1,"Asian, non-Hispanic",155,601,629,cds_0304_princeton.pdf,1
2003,princeton,1,1,0,0,1,Race and/or ethnicity unknown,0,0,8,cds_0304_princeton.pdf,0
2003,princeton,1,1,0,0,1,Total,1168,4676,4837,cds_0304_princeton.pdf,0
2003,stanford,0,1,0,0,1,Hispanic/Latino,197,770,,cds_2003-2004.pdf,0
2003,stanford,0,1,0,0,1,Total,1640,6436,,cds_2003-2004.pdf,0
2003,swarthmore,0,0,0,1,1,Total,368,1477,1500,cds-2003-2004.pdf,0
2003,ucla,0,0,0,0,1,Nonresident,80,877,877,cds_2003-04.pdf,0
2003,ucla,0,0,0,0,1,Hispanic/Latino,638,3956,3956,cds_2003-04.pdf,0
2003,ucla,0,0,0,0,1,"Black or African American, non-Hispanic",130,895,895,cds_2003-04.pdf,0
2003,ucla,0,0,0,0,1,"White, non-Hispanic",1410,8467,8467,cds_2003-04.pdf,0
2003,ucla,0,0,0,0,1,"American Indian or Alaska Native, non-Hispanic",15,115,115,cds_2003-04.pdf,0
2003,ucla,0,0,0,0,1,"Asian, non-Hispanic",1797,9657,9657,cds_2003-04.pdf,1
2003,ucla,0,0,0,0,1,Race and/or ethnicity unknown,198,1748,1748,cds_2003-04.pdf,0
2003,ucla,0,0,0,0,1,Total,4268,25715,25715,cds_2003-04.pdf,0
2003,umich,0,0,0,0,1,Nonresident,220,1120,,cds_2003-2004.pdf,0
2003,umich,0,0,0,0,1,Hispanic/Latino,255,1160,,cds_2003-2004.pdf,0
2003,umich,0,0,0,0,1,"Black or African American, non-Hispanic",410,1956,,cds_2003-2004.pdf,0
2003,umich,0,0,0,0,1,"White, non-Hispanic",3534,15579,,cds_2003-2004.pdf,0
2003,umich,0,0,0,0,1,"American Indian or Alaska Native, non-Hispanic",38,194,,cds_2003-2004.pdf,0
2003,umich,0,0,0,0,1,"Asian, non-Hispanic",730,3065,,cds_2003-2004.pdf,1
2003,umich,0,0,0,0,1,Race and/or ethnicity unknown,363,1274,,cds_2003-2004.pdf,0
2003,umich,0,0,0,0,1,Total,5550,24348,,cds_2003-2004.pdf,0
2003,vassar,0,0,0,1,1,Nonresident,32,103,108,vassar-cds-2003-2004.pdf,0
2003,vassar,0,0,0,1,1,Hispanic/Latino,33,117,118,vassar-cds-2003-2004.pdf,0
2003,vassar,0,0,0,1,1,"Black or African American, non-Hispanic",24,115,116,vassar-cds-2003-2004.pdf,0
2003,vassar,0,0,0,1,1,"White, non-Hispanic",478,1806,1825,vassar-cds-2003-2004.pdf,0
2003,vassar,0,0,0,1,1,"American Indian or Alaska Native, non-Hispanic",2,10,10,vassar-cds-2003-2004.pdf,0
2003,vassar,0,0,0,1,1,"Asian, non-Hispanic",56,211,212,vassar-cds-2003-2004.pdf,1
2003,vassar,0,0,0,1,1,Race and/or ethnicity unknown,7,54,55,vassar-cds-2003-2004.pdf,0
2003,vassar,0,0,0,1,1,Total,632,2416,2444,vassar-cds-2003-2004.pdf,0
2003,washandlee,0,0,0,1,1,Nonresident,20,75,79,wlu_cds_2003-04.pdf,0
2003,washandlee,0,0,0,1,1,Hispanic/Latino,7,15,15,wlu_cds_2003-04.pdf,0
2003,washandlee,0,0,0,1,1,"Black or African American, non-Hispanic",25,70,70,wlu_cds_2003-04.pdf,0
2003,washandlee,0,0,0,1,1,"White, non-Hispanic",393,1522,1523,wlu_cds_2003-04.pdf,0
2003,washandlee,0,0,0,1,1,"American Indian or Alaska Native, non-Hispanic",0,2,2,wlu_cds_2003-04.pdf,0
2003,washandlee,0,0,0,1,1,"Asian, non-Hispanic",8,40,41,wlu_cds_2003-04.pdf,1
2003,washandlee,0,0,0,1,1,Total,453,1734,1740,wlu_cds_2003-04.pdf,0
2003,wesleyan,0,0,1,1,1,Nonresident,44,165,171,cds2003-04.pdf,0
2003,wesleyan,0,0,1,1,1,Hispanic/Latino,60,174,174,cds2003-04.pdf,0
2003,wesleyan,0,0,1,1,1,"Black or African American, non-Hispanic",51,209,209,cds2003-04.pdf,0
2003,wesleyan,0,0,1,1,1,"White, non-Hispanic",432,1678,1679,cds2003-04.pdf,0
2003,wesleyan,0,0,1,1,1,"American Indian or Alaska Native, non-Hispanic",2,7,7,cds2003-04.pdf,0
2003,wesleyan,0,0,1,1,1,"Asian, non-Hispanic",69,223,223,cds2003-04.pdf,1
2003,wesleyan,0,0,1,1,1,Race and/or ethnicity unknown,57,236,241,cds2003-04.pdf,0
2003,wesleyan,0,0,1,1,1,Total,715,2692,2704,cds2003-04.pdf,0
2003,yale,1,1,0,0,1,Nonresident,126,465,471,cds_2003-04.pdf,0
2003,yale,1,1,0,0,1,Hispanic/Latino,87,320,321,cds_2003-04.pdf,0
2003,yale,1,1,0,0,1,"Black or African American, non-Hispanic",91,402,402,cds_2003-04.pdf,0
2003,yale,1,1,0,0,1,"White, non-Hispanic",696,2728,2740,cds_2003-04.pdf,0
2003,yale,1,1,0,0,1,"American Indian or Alaska Native, non-Hispanic",7,34,35,cds_2003-04.pdf,0
2003,yale,1,1,0,0,1,"Asian, non-Hispanic",181,707,711,cds_2003-04.pdf,1
2003,yale,1,1,0,0,1,Race and/or ethnicity unknown,164,631,674,cds_2003-04.pdf,0
2003,yale,1,1,0,0,1,Total,1352,5287,5354,cds_2003-04.pdf,0
2004,amherst,0,0,1,1,1,Nonresident,26,101,101,amherst_cds_2004_ENROLLMENT+AND+PERSISTENCE.pdf,0
2004,amherst,0,0,1,1,1,Hispanic/Latino,31,116,116,amherst_cds_2004_ENROLLMENT+AND+PERSISTENCE.pdf,0
2004,amherst,0,0,1,1,1,"Black or African American, non-Hispanic",22,148,148,amherst_cds_2004_ENROLLMENT+AND+PERSISTENCE.pdf,0
2004,amherst,0,0,1,1,1,"White, non-Hispanic",203,758,758,amherst_cds_2004_ENROLLMENT+AND+PERSISTENCE.pdf,0
2004,amherst,0,0,1,1,1,"American Indian or Alaska Native, non-Hispanic",2,4,4,amherst_cds_2004_ENROLLMENT+AND+PERSISTENCE.pdf,0
2004,amherst,0,0,1,1,1,"Asian, non-Hispanic",68,212,212,amherst_cds_2004_ENROLLMENT+AND+PERSISTENCE.pdf,1
2004,amherst,0,0,1,1,1,Race and/or ethnicity unknown,75,299,299,amherst_cds_2004_ENROLLMENT+AND+PERSISTENCE.pdf,0
2004,amherst,0,0,1,1,1,Total,427,1638,1638,amherst_cds_2004_ENROLLMENT+AND+PERSISTENCE.pdf,0
2004,bates,0,0,1,1,1,Nonresident,16,98,98,CDS_2004-2005.pdf,0
2004,bates,0,0,1,1,1,Hispanic/Latino,15,49,49,CDS_2004-2005.pdf,0
2004,bates,0,0,1,1,1,"Black or African American, non-Hispanic",11,39,39,CDS_2004-2005.pdf,0
2004,bates,0,0,1,1,1,"White, non-Hispanic",401,1440,1440,CDS_2004-2005.pdf,0
2004,bates,0,0,1,1,1,"American Indian or Alaska Native, non-Hispanic",2,3,3,CDS_2004-2005.pdf,0
2004,bates,0,0,1,1,1,"Asian, non-Hispanic",13,63,63,CDS_2004-2005.pdf,1
2004,bates,0,0,1,1,1,Race and/or ethnicity unknown,9,51,51,CDS_2004-2005.pdf,0
2004,bates,0,0,1,1,1,Total,467,1743,1743,CDS_2004-2005.pdf,0
2004,berkeley,0,0,0,0,1,Nonresident,97,736,736,cds_2004-05.pdf,0
2004,berkeley,0,0,0,0,1,Hispanic/Latino,341,2410,2410,cds_2004-05.pdf,0
2004,berkeley,0,0,0,0,1,"Black or African American, non-Hispanic",108,833,833,cds_2004-05.pdf,0
2004,berkeley,0,0,0,0,1,"White, non-Hispanic",1170,6980,6980,cds_2004-05.pdf,0
2004,berkeley,0,0,0,0,1,"American Indian or Alaska Native, non-Hispanic",16,131,131,cds_2004-05.pdf,0
2004,berkeley,0,0,0,0,1,"Asian, non-Hispanic",1610,9390,9390,cds_2004-05.pdf,1
2004,berkeley,0,0,0,0,1,Race and/or ethnicity unknown,330,2400,2400,cds_2004-05.pdf,0
2004,berkeley,0,0,0,0,1,Total,3672,22880,22880,cds_2004-05.pdf,0
2004,bowdoin,0,0,1,1,1,Nonresident,15,52,56,common-data-elements-2004---2005.pdf,0
2004,bowdoin,0,0,1,1,1,Hispanic/Latino,31,95,96,common-data-elements-2004---2005.pdf,0
2004,bowdoin,0,0,1,1,1,"Black or African American, non-Hispanic",26,90,90,common-data-elements-2004---2005.pdf,0
2004,bowdoin,0,0,1,1,1,"White, non-Hispanic",312,1195,1201,common-data-elements-2004---2005.pdf,0
2004,bowdoin,0,0,1,1,1,"American Indian or Alaska Native, non-Hispanic",8,13,13,common-data-elements-2004---2005.pdf,0
2004,bowdoin,0,0,1,1,1,"Asian, non-Hispanic",63,184,185,common-data-elements-2004---2005.pdf,1
2004,bowdoin,0,0,1,1,1,Race and/or ethnicity unknown,15,36,36,common-data-elements-2004---2005.pdf,0
2004,bowdoin,0,0,1,1,1,Total,470,1665,1677,common-data-elements-2004---2005.pdf,0
2004,brown,1,1,0,0,1,Nonresident,85,353,358,CDS_0405.pdf,0
2004,brown,1,1,0,0,1,Hispanic/Latino,115,397,398,CDS_0405.pdf,0
2004,brown,1,1,0,0,1,"Black or African American, non-Hispanic",99,373,373,CDS_0405.pdf,0
2004,brown,1,1,0,0,1,"White, non-Hispanic",769,2925,2925,CDS_0405.pdf,0
2004,brown,1,1,0,0,1,"American Indian or Alaska Native, non-Hispanic",12,34,34,CDS_0405.pdf,0
2004,brown,1,1,0,0,1,"Asian, non-Hispanic",199,771,772,CDS_0405.pdf,1
2004,brown,1,1,0,0,1,Race and/or ethnicity unknown,150,848,848,CDS_0405.pdf,0
2004,brown,1,1,0,0,1,Total,1429,5701,5708,CDS_0405.pdf,0
2004,caltech,0,1,0,0,1,Nonresident,10,62,62,cds_2004-05.pdf,0
2004,caltech,0,1,0,0,1,Hispanic/Latino,12,62,62,cds_2004-05.pdf,0
2004,caltech,0,1,0,0,1,"Black or African American, non-Hispanic",1,10,10,cds_2004-05.pdf,0
2004,caltech,0,1,0,0,1,"White, non-Hispanic",113,464,464,cds_2004-05.pdf,0
2004,caltech,0,1,0,0,1,"American Indian or Alaska Native, non-Hispanic",1,6,6,cds_2004-05.pdf,0
2004,caltech,0,1,0,0,1,"Asian, non-Hispanic",65,279,279,cds_2004-05.pdf,1
2004,caltech,0,1,0,0,1,Race and/or ethnicity unknown,5,13,13,cds_2004-05.pdf,0
2004,caltech,0,1,0,0,1,Total,207,896,896,cds_2004-05.pdf,0
2004,carleton,0,0,0,1,1,Nonresident,25,95,97,Carleton_CDS_2004-05.pdf,0
2004,carleton,0,0,0,1,1,Hispanic/Latino,28,85,86,Carleton_CDS_2004-05.pdf,0
2004,carleton,0,0,0,1,1,"Black or African American, non-Hispanic",27,108,109,Carleton_CDS_2004-05.pdf,0
2004,carleton,0,0,0,1,1,"White, non-Hispanic",355,1453,1465,Carleton_CDS_2004-05.pdf,0
2004,carleton,0,0,0,1,1,"American Indian or Alaska Native, non-Hispanic",3,11,11,Carleton_CDS_2004-05.pdf,0
2004,carleton,0,0,0,1,1,"Asian, non-Hispanic",49,180,183,Carleton_CDS_2004-05.pdf,1
2004,carleton,0,0,0,1,1,Race and/or ethnicity unknown,0,0,0,Carleton_CDS_2004-05.pdf,0
2004,carleton,0,0,0,1,1,Total,487,1932,1951,Carleton_CDS_2004-05.pdf,0
2004,colby,0,0,1,1,1,Nonresident,31,105,137,cds2004.pdf,0
2004,colby,0,0,1,1,1,Hispanic/Latino,13,35,48,cds2004.pdf,0
2004,colby,0,0,1,1,1,"Black or African American, non-Hispanic",9,17,26,cds2004.pdf,0
2004,colby,0,0,1,1,1,"White, non-Hispanic",423,1079,1502,cds2004.pdf,0
2004,colby,0,0,1,1,1,"American Indian or Alaska Native, non-Hispanic",4,7,11,cds2004.pdf,0
2004,colby,0,0,1,1,1,"Asian, non-Hispanic",27,70,97,cds2004.pdf,1
2004,colby,0,0,1,1,1,Race and/or ethnicity unknown,0,0,0,cds2004.pdf,0
2004,colby,0,0,1,1,1,Total,507,1313,1821,cds2004.pdf,0
2004,cornell,1,1,0,0,1,Nonresident,215,943,971,CDS_2004-2005.pdf,0
2004,cornell,1,1,0,0,1,Hispanic/Latino,173,703,703,CDS_2004-2005.pdf,0
2004,cornell,1,1,0,0,1,"Black or African American, non-Hispanic",151,633,634,CDS_2004-2005.pdf,0
2004,cornell,1,1,0,0,1,"White, non-Hispanic",1688,7880,7886,CDS_2004-2005.pdf,0
2004,cornell,1,1,0,0,1,"American Indian or Alaska Native, non-Hispanic",17,61,61,CDS_2004-2005.pdf,0
2004,cornell,1,1,0,0,1,"Asian, non-Hispanic",523,2212,2214,CDS_2004-2005.pdf,1
2004,cornell,1,1,0,0,1,Race and/or ethnicity unknown,287,1145,1156,CDS_2004-2005.pdf,0
2004,cornell,1,1,0,0,1,Total,3054,13577,13625,CDS_2004-2005.pdf,0
2004,dartmouth,1,1,0,0,1,Nonresident,54,209,219,cds2004-2005.pdf,0
2004,dartmouth,1,1,0,0,1,Hispanic/Latino,72,258,258,cds2004-2005.pdf,0
2004,dartmouth,1,1,0,0,1,"Black or African American, non-Hispanic",79,274,274,cds2004-2005.pdf,0
2004,dartmouth,1,1,0,0,1,"White, non-Hispanic",630,2302,2316,cds2004-2005.pdf,0
2004,dartmouth,1,1,0,0,1,"American Indian or Alaska Native, non-Hispanic",38,140,140,cds2004-2005.pdf,0
2004,dartmouth,1,1,0,0,1,"Asian, non-Hispanic",147,539,540,cds2004-2005.pdf,1
2004,dartmouth,1,1,0,0,1,Race and/or ethnicity unknown,61,276,332,cds2004-2005.pdf,0
2004,dartmouth,1,1,0,0,1,Total,1081,3998,4079,cds2004-2005.pdf,0
2004,georgetown,0,0,0,0,1,Nonresident,52,242,403,georgetown_cds_2004-2005.pdf,0
2004,georgetown,0,0,0,0,1,Hispanic/Latino,101,354,360,georgetown_cds_2004-2005.pdf,0
2004,georgetown,0,0,0,0,1,"Black or African American, non-Hispanic",102,423,424,georgetown_cds_2004-2005.pdf,0
2004,georgetown,0,0,0,0,1,"White, non-Hispanic",1058,4356,4375,georgetown_cds_2004-2005.pdf,0
2004,georgetown,0,0,0,0,1,"American Indian or Alaska Native, non-Hispanic",4,4,4,georgetown_cds_2004-2005.pdf,0
2004,georgetown,0,0,0,0,1,"Asian, non-Hispanic",149,606,612,georgetown_cds_2004-2005.pdf,1
2004,georgetown,0,0,0,0,1,Race and/or ethnicity unknown,76,297,344,georgetown_cds_2004-2005.pdf,0
2004,georgetown,0,0,0,0,1,Total,1542,6282,6522,georgetown_cds_2004-2005.pdf,0
2004,grinnell,0,0,0,0,1,Nonresident,47,165,165,GC_CDS_2004-05.pdf,0
2004,grinnell,0,0,0,0,1,Hispanic/Latino,17,54,55,GC_CDS_2004-05.pdf,0
2004,grinnell,0,0,0,0,1,"Black or African American, non-Hispanic",17,60,61,GC_CDS_2004-05.pdf,0
2004,grinnell,0,0,0,0,1,"White, non-Hispanic",301,1045,1060,GC_CDS_2004-05.pdf,0
2004,grinnell,0,0,0,0,1,"American Indian or Alaska Native, non-Hispanic",1,11,11,GC_CDS_2004-05.pdf,0
2004,grinnell,0,0,0,0,1,"Asian, non-Hispanic",25,76,76,GC_CDS_2004-05.pdf,1
2004,grinnell,0,0,0,0,1,Race and/or ethnicity unknown,26,107,128,GC_CDS_2004-05.pdf,0
2004,grinnell,0,0,0,0,1,Total,434,1518,1556,GC_CDS_2004-05.pdf,0
2004,hampshire,0,0,0,1,0,Nonresident,11,40,,hampshire-cds-2004-2005.pdf,0
2004,hampshire,0,0,0,1,0,Hispanic/Latino,19,67,,hampshire-cds-2004-2005.pdf,0
2004,hampshire,0,0,0,1,0,"Black or African American, non-Hispanic",17,42,,hampshire-cds-2004-2005.pdf,0
2004,hampshire,0,0,0,1,0,"White, non-Hispanic",230,971,,hampshire-cds-2004-2005.pdf,0
2004,hampshire,0,0,0,1,0,"American Indian or Alaska Native, non-Hispanic",1,5,,hampshire-cds-2004-2005.pdf,0
2004,hampshire,0,0,0,1,0,"Asian, non-Hispanic",12,49,,hampshire-cds-2004-2005.pdf,1
2004,hampshire,0,0,0,1,0,Race and/or ethnicity unknown,80,170,,hampshire-cds-2004-2005.pdf,0
2004,hampshire,0,0,0,1,0,Total,370,1344,0,hampshire-cds-2004-2005.pdf,0
2004,haverford,0,0,0,1,0,Nonresident,14,38,,cds_2004-2005.pdf,0
2004,haverford,0,0,0,1,0,Hispanic/Latino,27,75,,cds_2004-2005.pdf,0
2004,haverford,0,0,0,1,0,"Black or African American, non-Hispanic",30,67,,cds_2004-2005.pdf,0
2004,haverford,0,0,0,1,0,"White, non-Hispanic",226,827,,cds_2004-2005.pdf,0
2004,haverford,0,0,0,1,0,"American Indian or Alaska Native, non-Hispanic",07,,,cds_2004-2005.pdf,0
2004,haverford,0,0,0,1,0,"Asian, non-Hispanic",33,158,,cds_2004-2005.pdf,1
2004,haverford,0,0,0,1,0,Race and/or ethnicity unknown,00,,,cds_2004-2005.pdf,0
2004,haverford,0,0,0,1,0,Total,330,1172,0,cds_2004-2005.pdf,0
2004,mtholyoke,0,0,0,1,0,Nonresident,72,303,327,mtholyoke_cds_2004-2005.pdf,0
2004,mtholyoke,0,0,0,1,0,Hispanic/Latino,28,107,107,mtholyoke_cds_2004-2005.pdf,0
2004,mtholyoke,0,0,0,1,0,"Black or African American, non-Hispanic",26,88,88,mtholyoke_cds_2004-2005.pdf,0
2004,mtholyoke,0,0,0,1,0,"White, non-Hispanic",295,1093,1106,mtholyoke_cds_2004-2005.pdf,0
2004,mtholyoke,0,0,0,1,0,"American Indian or Alaska Native, non-Hispanic",5,15,15,mtholyoke_cds_2004-2005.pdf,0
2004,mtholyoke,0,0,0,1,0,"Asian, non-Hispanic",69,225,226,mtholyoke_cds_2004-2005.pdf,1
2004,mtholyoke,0,0,0,1,0,Race and/or ethnicity unknown,63,264,274,mtholyoke_cds_2004-2005.pdf,0
2004,mtholyoke,0,0,0,1,0,Total,558,2095,2143,mtholyoke_cds_2004-2005.pdf,0
2004,northwestern,0,0,0,0,1,Nonresident,94,418,,cds_2004-05.pdf,0
2004,northwestern,0,0,0,0,1,Hispanic/Latino,122,437,,cds_2004-05.pdf,0
2004,northwestern,0,0,0,0,1,"Black or African American, non-Hispanic",105,427,,cds_2004-05.pdf,0
2004,northwestern,0,0,0,0,1,"White, non-Hispanic",1178,4831,,cds_2004-05.pdf,0
2004,northwestern,0,0,0,0,1,"American Indian or Alaska Native, non-Hispanic",5,20,,cds_2004-05.pdf,0
2004,northwestern,0,0,0,0,1,"Asian, non-Hispanic",314,1340,,cds_2004-05.pdf,1
2004,northwestern,0,0,0,0,1,Race and/or ethnicity unknown,97,515,,cds_2004-05.pdf,0
2004,northwestern,0,0,0,0,1,Total,1915,7988,,cds_2004-05.pdf,0
2004,princeton,1,1,0,0,1,Nonresident,105,391,396,cds_0405_princeton.pdf,0
2004,princeton,1,1,0,0,1,Hispanic/Latino,89,316,318,cds_0405_princeton.pdf,0
2004,princeton,1,1,0,0,1,"Black or African American, non-Hispanic",86,385,389,cds_0405_princeton.pdf,0
2004,princeton,1,1,0,0,1,"White, non-Hispanic",735,2943,3037,cds_0405_princeton.pdf,0
2004,princeton,1,1,0,0,1,"American Indian or Alaska Native, non-Hispanic",11,34,34,cds_0405_princeton.pdf,0
2004,princeton,1,1,0,0,1,"Asian, non-Hispanic",150,609,626,cds_0405_princeton.pdf,1
2004,princeton,1,1,0,0,1,Race and/or ethnicity unknown,0,0,1,cds_0405_princeton.pdf,0
2004,princeton,1,1,0,0,1,Total,1176,4678,4801,cds_0405_princeton.pdf,0
2004,stanford,0,1,0,0,1,Hispanic/Latino,178,762,768,cds_2004-2005.pdf,0
2004,stanford,0,1,0,0,1,Total,1645,6500,6555,cds_2004-2005.pdf,0
2004,swarthmore,0,0,0,1,1,Total,366,1459,1474,cds-2004-2005.pdf,0
2004,ucla,0,0,0,0,1,Nonresident,110,968,968,cds_2004-05.pdf,0
2004,ucla,0,0,0,0,1,Hispanic/Latino,517,3821,3821,cds_2004-05.pdf,0
2004,ucla,0,0,0,0,1,"Black or African American, non-Hispanic",108,829,829,cds_2004-05.pdf,0
2004,ucla,0,0,0,0,1,"White, non-Hispanic",1320,8281,8281,cds_2004-05.pdf,0
2004,ucla,0,0,0,0,1,"American Indian or Alaska Native, non-Hispanic",10,110,110,cds_2004-05.pdf,0
2004,ucla,0,0,0,0,1,"Asian, non-Hispanic",1497,9337,9337,cds_2004-05.pdf,1
2004,ucla,0,0,0,0,1,Race and/or ethnicity unknown,162,1600,1600,cds_2004-05.pdf,0
2004,ucla,0,0,0,0,1,Total,3724,24946,24946,cds_2004-05.pdf,0
2004,umich,0,0,0,0,1,Nonresident,310,1180,,cds_2004-2005.pdf,0
2004,umich,0,0,0,0,1,Hispanic/Latino,264,1135,,cds_2004-2005.pdf,0
2004,umich,0,0,0,0,1,"Black or African American, non-Hispanic",350,1869,,cds_2004-2005.pdf,0
2004,umich,0,0,0,0,1,"White, non-Hispanic",3843,15833,,cds_2004-2005.pdf,0
2004,umich,0,0,0,0,1,"American Indian or Alaska Native, non-Hispanic",61,226,,cds_2004-2005.pdf,0
2004,umich,0,0,0,0,1,"Asian, non-Hispanic",701,3014,,cds_2004-2005.pdf,1
2004,umich,0,0,0,0,1,Race and/or ethnicity unknown,508,1420,,cds_2004-2005.pdf,0
2004,umich,0,0,0,0,1,Total,6037,24677,,cds_2004-2005.pdf,0
2004,vassar,0,0,0,1,1,Nonresident,40,123,134,vassar-cds-2004-2005.pdf,0
2004,vassar,0,0,0,1,1,Hispanic/Latino,39,127,128,vassar-cds-2004-2005.pdf,0
2004,vassar,0,0,0,1,1,"Black or African American, non-Hispanic",37,123,128,vassar-cds-2004-2005.pdf,0
2004,vassar,0,0,0,1,1,"White, non-Hispanic",466,1827,1855,vassar-cds-2004-2005.pdf,0
2004,vassar,0,0,0,1,1,"American Indian or Alaska Native, non-Hispanic",2,11,11,vassar-cds-2004-2005.pdf,0
2004,vassar,0,0,0,1,1,"Asian, non-Hispanic",70,216,218,vassar-cds-2004-2005.pdf,1
2004,vassar,0,0,0,1,1,Race and/or ethnicity unknown,0,1,1,vassar-cds-2004-2005.pdf,0
2004,vassar,0,0,0,1,1,Total,654,2428,2475,vassar-cds-2004-2005.pdf,0
2004,washandlee,0,0,0,1,1,Nonresident,11,68,71,wlu_cds_2004-05.pdf,0
2004,washandlee,0,0,0,1,1,Hispanic/Latino,7,17,17,wlu_cds_2004-05.pdf,0
2004,washandlee,0,0,0,1,1,"Black or African American, non-Hispanic",15,71,71,wlu_cds_2004-05.pdf,0
2004,washandlee,0,0,0,1,1,"White, non-Hispanic",399,1529,1532,wlu_cds_2004-05.pdf,0
2004,washandlee,0,0,0,1,1,"American Indian or Alaska Native, non-Hispanic",3,5,5,wlu_cds_2004-05.pdf,0
2004,washandlee,0,0,0,1,1,"Asian, non-Hispanic",23,57,57,wlu_cds_2004-05.pdf,1
2004,washandlee,0,0,0,1,1,Total,460,1754,1760,wlu_cds_2004-05.pdf,0
2004,wesleyan,0,0,1,1,1,Nonresident,53,169,177,cds2004-05.pdf,0
2004,wesleyan,0,0,1,1,1,Hispanic/Latino,53,200,200,cds2004-05.pdf,0
2004,wesleyan,0,0,1,1,1,"Black or African American, non-Hispanic",39,190,190,cds2004-05.pdf,0
2004,wesleyan,0,0,1,1,1,"White, non-Hispanic",428,1702,1702,cds2004-05.pdf,0
2004,wesleyan,0,0,1,1,1,"American Indian or Alaska Native, non-Hispanic",5,13,13,cds2004-05.pdf,0
2004,wesleyan,0,0,1,1,1,"Asian, non-Hispanic",81,249,249,cds2004-05.pdf,1
2004,wesleyan,0,0,1,1,1,Race and/or ethnicity unknown,69,232,232,cds2004-05.pdf,0
2004,wesleyan,0,0,1,1,1,Total,728,2755,2763,cds2004-05.pdf,0
2004,williams,0,0,1,1,1,Nonresident,31,108,,2004-2005_williams_common_data_set.pdf,0
2004,williams,0,0,1,1,1,Hispanic/Latino,45,148,,2004-2005_williams_common_data_set.pdf,0
2004,williams,0,0,1,1,1,"Black or African American, non-Hispanic",56,191,,2004-2005_williams_common_data_set.pdf,0
2004,williams,0,0,1,1,1,"White, non-Hispanic",349,1302,,2004-2005_williams_common_data_set.pdf,0
2004,williams,0,0,1,1,1,"American Indian or Alaska Native, non-Hispanic",2,4,,2004-2005_williams_common_data_set.pdf,0
2004,williams,0,0,1,1,1,"Asian, non-Hispanic",49,178,,2004-2005_williams_common_data_set.pdf,1
2004,williams,0,0,1,1,1,Race and/or ethnicity unknown,0,0,,2004-2005_williams_common_data_set.pdf,0
2004,williams,0,0,1,1,1,Total,532,1931,,2004-2005_williams_common_data_set.pdf,0
2004,yale,1,1,0,0,1,Nonresident,105,452,453,cds_2004-05.pdf,0
2004,yale,1,1,0,0,1,Hispanic/Latino,106,370,371,cds_2004-05.pdf,0
2004,yale,1,1,0,0,1,"Black or African American, non-Hispanic",117,411,413,cds_2004-05.pdf,0
2004,yale,1,1,0,0,1,"White, non-Hispanic",651,2700,2713,cds_2004-05.pdf,0
2004,yale,1,1,0,0,1,"American Indian or Alaska Native, non-Hispanic",16,40,41,cds_2004-05.pdf,0
2004,yale,1,1,0,0,1,"Asian, non-Hispanic",180,714,717,cds_2004-05.pdf,1
2004,yale,1,1,0,0,1,Race and/or ethnicity unknown,132,581,611,cds_2004-05.pdf,0
2004,yale,1,1,0,0,1,Total,1307,5268,5319,cds_2004-05.pdf,0
2005,amherst,0,0,1,1,1,Nonresident,29,110,110,amherst_cds_2005_B_Enrollment_and_Persistence.pdf,0
2005,amherst,0,0,1,1,1,Hispanic/Latino,24,103,103,amherst_cds_2005_B_Enrollment_and_Persistence.pdf,0
2005,amherst,0,0,1,1,1,"Black or African American, non-Hispanic",41,151,158,amherst_cds_2005_B_Enrollment_and_Persistence.pdf,0
2005,amherst,0,0,1,1,1,"White, non-Hispanic",193,720,722,amherst_cds_2005_B_Enrollment_and_Persistence.pdf,0
2005,amherst,0,0,1,1,1,"American Indian or Alaska Native, non-Hispanic",1,4,4,amherst_cds_2005_B_Enrollment_and_Persistence.pdf,0
2005,amherst,0,0,1,1,1,"Asian, non-Hispanic",45,209,209,amherst_cds_2005_B_Enrollment_and_Persistence.pdf,1
2005,amherst,0,0,1,1,1,Race and/or ethnicity unknown,98,315,317,amherst_cds_2005_B_Enrollment_and_Persistence.pdf,0
2005,amherst,0,0,1,1,1,Total,431,1612,1623,amherst_cds_2005_B_Enrollment_and_Persistence.pdf,0
2005,bates,0,0,1,1,1,Nonresident,21,91,91,CDS_2005-2006.pdf,0
2005,bates,0,0,1,1,1,Hispanic/Latino,9,41,41,CDS_2005-2006.pdf,0
2005,bates,0,0,1,1,1,"Black or African American, non-Hispanic",11,44,44,CDS_2005-2006.pdf,0
2005,bates,0,0,1,1,1,"White, non-Hispanic",417,1380,1380,CDS_2005-2006.pdf,0
2005,bates,0,0,1,1,1,"American Indian or Alaska Native, non-Hispanic",1,7,7,CDS_2005-2006.pdf,0
2005,bates,0,0,1,1,1,"Asian, non-Hispanic",23,74,74,CDS_2005-2006.pdf,1
2005,bates,0,0,1,1,1,Race and/or ethnicity unknown,8,47,47,CDS_2005-2006.pdf,0
2005,bates,0,0,1,1,1,Total,490,1684,1684,CDS_2005-2006.pdf,0
2005,berkeley,0,0,0,0,1,Nonresident,95,774,774,cds_2005-06.pdf,0
2005,berkeley,0,0,0,0,1,Hispanic/Latino,426,2484,2484,cds_2005-06.pdf,0
2005,berkeley,0,0,0,0,1,"Black or African American, non-Hispanic",135,829,829,cds_2005-06.pdf,0
2005,berkeley,0,0,0,0,1,"White, non-Hispanic",1233,7286,7286,cds_2005-06.pdf,0
2005,berkeley,0,0,0,0,1,"American Indian or Alaska Native, non-Hispanic",14,127,127,cds_2005-06.pdf,0
2005,berkeley,0,0,0,0,1,"Asian, non-Hispanic",1911,9719,9719,cds_2005-06.pdf,1
2005,berkeley,0,0,0,0,1,Race and/or ethnicity unknown,287,2228,2263,cds_2005-06.pdf,0
2005,berkeley,0,0,0,0,1,Total,4101,23447,23482,cds_2005-06.pdf,0
2005,bowdoin,0,0,1,1,1,Nonresident,11,47,49,common-data-elements-2005---2006.pdf,0
2005,bowdoin,0,0,1,1,1,Hispanic/Latino,38,108,108,common-data-elements-2005---2006.pdf,0
2005,bowdoin,0,0,1,1,1,"Black or African American, non-Hispanic",28,101,101,common-data-elements-2005---2006.pdf,0
2005,bowdoin,0,0,1,1,1,"White, non-Hispanic",327,1153,1157,common-data-elements-2005---2006.pdf,0
2005,bowdoin,0,0,1,1,1,"American Indian or Alaska Native, non-Hispanic",10,22,22,common-data-elements-2005---2006.pdf,0
2005,bowdoin,0,0,1,1,1,"Asian, non-Hispanic",58,204,204,common-data-elements-2005---2006.pdf,1
2005,bowdoin,0,0,1,1,1,Race and/or ethnicity unknown,5,25,25,common-data-elements-2005---2006.pdf,0
2005,bowdoin,0,0,1,1,1,Total,477,1660,1666,common-data-elements-2005---2006.pdf,0
2005,brown,1,1,0,0,1,Nonresident,99,362,382,CDS2005_2006.pdf,0
2005,brown,1,1,0,0,1,Hispanic/Latino,122,438,445,CDS2005_2006.pdf,0
2005,brown,1,1,0,0,1,"Black or African American, non-Hispanic",95,395,411,CDS2005_2006.pdf,0
2005,brown,1,1,0,0,1,"White, non-Hispanic",713,3045,3217,CDS2005_2006.pdf,0
2005,brown,1,1,0,0,1,"American Indian or Alaska Native, non-Hispanic",7,32,34,CDS2005_2006.pdf,0
2005,brown,1,1,0,0,1,"Asian, non-Hispanic",203,809,836,CDS2005_2006.pdf,1
2005,brown,1,1,0,0,1,Race and/or ethnicity unknown,201,846,851,CDS2005_2006.pdf,0
2005,brown,1,1,0,0,1,Total,1440,5927,6176,CDS2005_2006.pdf,0
2005,caltech,0,1,0,0,1,Nonresident,22,64,64,cds_2005-06.pdf,0
2005,caltech,0,1,0,0,1,Hispanic/Latino,15,61,61,cds_2005-06.pdf,0
2005,caltech,0,1,0,0,1,"Black or African American, non-Hispanic",1,7,7,cds_2005-06.pdf,0
2005,caltech,0,1,0,0,1,"White, non-Hispanic",99,452,452,cds_2005-06.pdf,0
2005,caltech,0,1,0,0,1,"American Indian or Alaska Native, non-Hispanic",0,4,4,cds_2005-06.pdf,0
2005,caltech,0,1,0,0,1,"Asian, non-Hispanic",84,301,301,cds_2005-06.pdf,1
2005,caltech,0,1,0,0,1,Race and/or ethnicity unknown,13,24,24,cds_2005-06.pdf,0
2005,caltech,0,1,0,0,1,Total,234,913,913,cds_2005-06.pdf,0
2005,carleton,0,0,0,1,1,Nonresident,29,109,118,Carleton_CDS_2005-06.pdf,0
2005,carleton,0,0,0,1,1,Hispanic/Latino,34,97,99,Carleton_CDS_2005-06.pdf,0
2005,carleton,0,0,0,1,1,"Black or African American, non-Hispanic",31,109,111,Carleton_CDS_2005-06.pdf,0
2005,carleton,0,0,0,1,1,"White, non-Hispanic",382,1420,1430,Carleton_CDS_2005-06.pdf,0
2005,carleton,0,0,0,1,1,"American Indian or Alaska Native, non-Hispanic",4,14,14,Carleton_CDS_2005-06.pdf,0
2005,carleton,0,0,0,1,1,"Asian, non-Hispanic",61,187,187,Carleton_CDS_2005-06.pdf,1
2005,carleton,0,0,0,1,1,Race and/or ethnicity unknown,0,0,0,Carleton_CDS_2005-06.pdf,0
2005,carleton,0,0,0,1,1,Total,541,1936,1959,Carleton_CDS_2005-06.pdf,0
2005,colby,0,0,1,1,1,Nonresident,32,121,122,cds2005.pdf,0
2005,colby,0,0,1,1,1,Hispanic/Latino,13,49,49,cds2005.pdf,0
2005,colby,0,0,1,1,1,"Black or African American, non-Hispanic",8,34,34,cds2005.pdf,0
2005,colby,0,0,1,1,1,"White, non-Hispanic",425,1549,1551,cds2005.pdf,0
2005,colby,0,0,1,1,1,"American Indian or Alaska Native, non-Hispanic",2,9,9,cds2005.pdf,0
2005,colby,0,0,1,1,1,"Asian, non-Hispanic",31,106,106,cds2005.pdf,1
2005,colby,0,0,1,1,1,Race and/or ethnicity unknown,0,0,0,cds2005.pdf,0
2005,colby,0,0,1,1,1,Total,511,1868,1871,cds2005.pdf,0
2005,cornell,1,1,0,0,1,Nonresident,240,1014,1014,CDS_2005-2006.pdf,0
2005,cornell,1,1,0,0,1,Hispanic/Latino,181,734,734,CDS_2005-2006.pdf,0
2005,cornell,1,1,0,0,1,"Black or African American, non-Hispanic",176,656,657,CDS_2005-2006.pdf,0
2005,cornell,1,1,0,0,1,"White, non-Hispanic",1674,7646,7663,CDS_2005-2006.pdf,0
2005,cornell,1,1,0,0,1,"American Indian or Alaska Native, non-Hispanic",17,64,64,CDS_2005-2006.pdf,0
2005,cornell,1,1,0,0,1,"Asian, non-Hispanic",497,2168,2178,CDS_2005-2006.pdf,1
2005,cornell,1,1,0,0,1,Race and/or ethnicity unknown,291,1233,1374,CDS_2005-2006.pdf,0
2005,cornell,1,1,0,0,1,Total,3076,13515,13684,CDS_2005-2006.pdf,0
2005,dartmouth,1,1,0,0,1,Nonresident,59,206,220,cds2005-2006.pdf,0
2005,dartmouth,1,1,0,0,1,Hispanic/Latino,66,248,250,cds2005-2006.pdf,0
2005,dartmouth,1,1,0,0,1,"Black or African American, non-Hispanic",81,278,278,cds2005-2006.pdf,0
2005,dartmouth,1,1,0,0,1,"White, non-Hispanic",641,2323,2349,cds2005-2006.pdf,0
2005,dartmouth,1,1,0,0,1,"American Indian or Alaska Native, non-Hispanic",38,133,133,cds2005-2006.pdf,0
2005,dartmouth,1,1,0,0,1,"Asian, non-Hispanic",136,544,546,cds2005-2006.pdf,1
2005,dartmouth,1,1,0,0,1,Race and/or ethnicity unknown,54,259,334,cds2005-2006.pdf,0
2005,dartmouth,1,1,0,0,1,Total,1075,3991,4110,cds2005-2006.pdf,0
2005,georgetown,0,0,0,0,1,Nonresident,52,262,442,georgetown_cds_2005-2006.pdf,0
2005,georgetown,0,0,0,0,1,Hispanic/Latino,130,388,390,georgetown_cds_2005-2006.pdf,0
2005,georgetown,0,0,0,0,1,"Black or African American, non-Hispanic",123,448,449,georgetown_cds_2005-2006.pdf,0
2005,georgetown,0,0,0,0,1,"White, non-Hispanic",1012,4321,4361,georgetown_cds_2005-2006.pdf,0
2005,georgetown,0,0,0,0,1,"American Indian or Alaska Native, non-Hispanic",2,7,7,georgetown_cds_2005-2006.pdf,0
2005,georgetown,0,0,0,0,1,"Asian, non-Hispanic",128,603,610,georgetown_cds_2005-2006.pdf,1
2005,georgetown,0,0,0,0,1,Race and/or ethnicity unknown,104,366,460,georgetown_cds_2005-2006.pdf,0
2005,georgetown,0,0,0,0,1,Total,1551,6395,6719,georgetown_cds_2005-2006.pdf,0
2005,grinnell,0,0,0,0,1,Nonresident,39,164,164,GC_CDS_2005-06.pdf,0
2005,grinnell,0,0,0,0,1,Hispanic/Latino,27,68,70,GC_CDS_2005-06.pdf,0
2005,grinnell,0,0,0,0,1,"Black or African American, non-Hispanic",22,67,67,GC_CDS_2005-06.pdf,0
2005,grinnell,0,0,0,0,1,"White, non-Hispanic",247,1053,1057,GC_CDS_2005-06.pdf,0
2005,grinnell,0,0,0,0,1,"American Indian or Alaska Native, non-Hispanic",0,7,7,GC_CDS_2005-06.pdf,0
2005,grinnell,0,0,0,0,1,"Asian, non-Hispanic",30,88,88,GC_CDS_2005-06.pdf,1
2005,grinnell,0,0,0,0,1,Race and/or ethnicity unknown,22,99,124,GC_CDS_2005-06.pdf,0
2005,grinnell,0,0,0,0,1,Total,387,1546,1577,GC_CDS_2005-06.pdf,0
2005,hamilton,0,0,1,1,1,Nonresident,27,95,,hamilton_cds_2005-2006.pdf,0
2005,hamilton,0,0,1,1,1,Hispanic/Latino,19,77,,hamilton_cds_2005-2006.pdf,0
2005,hamilton,0,0,1,1,1,"Black or African American, non-Hispanic",22,68,,hamilton_cds_2005-2006.pdf,0
2005,hamilton,0,0,1,1,1,"White, non-Hispanic",345,1319,,hamilton_cds_2005-2006.pdf,0
2005,hamilton,0,0,1,1,1,"American Indian or Alaska Native, non-Hispanic",5,14,,hamilton_cds_2005-2006.pdf,0
2005,hamilton,0,0,1,1,1,"Asian, non-Hispanic",38,102,,hamilton_cds_2005-2006.pdf,1
2005,hamilton,0,0,1,1,1,Race and/or ethnicity unknown,42,122,,hamilton_cds_2005-2006.pdf,0
2005,hamilton,0,0,1,1,1,Total,498,1797,0,hamilton_cds_2005-2006.pdf,0
2005,hampshire,0,0,0,1,0,Nonresident,11,44,46,hampshire-cds-2005-2006.pdf,0
2005,hampshire,0,0,0,1,0,Hispanic/Latino,14,61,64,hampshire-cds-2005-2006.pdf,0
2005,hampshire,0,0,0,1,0,"Black or African American, non-Hispanic",14,45,48,hampshire-cds-2005-2006.pdf,0
2005,hampshire,0,0,0,1,0,"White, non-Hispanic",328,1028,1028,hampshire-cds-2005-2006.pdf,0
2005,hampshire,0,0,0,1,0,"American Indian or Alaska Native, non-Hispanic",2,6,6,hampshire-cds-2005-2006.pdf,0
2005,hampshire,0,0,0,1,0,"Asian, non-Hispanic",21,56,57,hampshire-cds-2005-2006.pdf,1
2005,hampshire,0,0,0,1,0,Race and/or ethnicity unknown,2,122,127,hampshire-cds-2005-2006.pdf,0
2005,hampshire,0,0,0,1,0,Total,392,1362,1376,hampshire-cds-2005-2006.pdf,0
2005,haverford,0,0,0,1,0,Nonresident,13,44,,cds_2005-2006.pdf,0
2005,haverford,0,0,0,1,0,Hispanic/Latino,27,88,,cds_2005-2006.pdf,0
2005,haverford,0,0,0,1,0,"Black or African American, non-Hispanic",21,76,,cds_2005-2006.pdf,0
2005,haverford,0,0,0,1,0,"White, non-Hispanic",214,805,,cds_2005-2006.pdf,0
2005,haverford,0,0,0,1,0,"American Indian or Alaska Native, non-Hispanic",47,,,cds_2005-2006.pdf,0
2005,haverford,0,0,0,1,0,"Asian, non-Hispanic",37,148,,cds_2005-2006.pdf,1
2005,haverford,0,0,0,1,0,Race and/or ethnicity unknown,00,,,cds_2005-2006.pdf,0
2005,haverford,0,0,0,1,0,Total,316,1168,0,cds_2005-2006.pdf,0
2005,middlebury,0,0,1,1,1,Nonresident,71,216,232,CDS_2005-2006.pdf,0
2005,middlebury,0,0,1,1,1,Hispanic/Latino,43,110,110,CDS_2005-2006.pdf,0
2005,middlebury,0,0,1,1,1,"Black or African American, non-Hispanic",20,66,66,CDS_2005-2006.pdf,0
2005,middlebury,0,0,1,1,1,"White, non-Hispanic",332,1677,1690,CDS_2005-2006.pdf,0
2005,middlebury,0,0,1,1,1,"American Indian or Alaska Native, non-Hispanic",6,14,14,CDS_2005-2006.pdf,0
2005,middlebury,0,0,1,1,1,"Asian, non-Hispanic",53,170,171,CDS_2005-2006.pdf,1
2005,middlebury,0,0,1,1,1,Race and/or ethnicity unknown,28,162,172,CDS_2005-2006.pdf,0
2005,middlebury,0,0,1,1,1,Total,553,2415,2455,CDS_2005-2006.pdf,0
2005,mtholyoke,0,0,0,1,0,Nonresident,79,291,315,mtholyoke_cds_2005-2006.pdf,0
2005,mtholyoke,0,0,0,1,0,Hispanic/Latino,25,108,108,mtholyoke_cds_2005-2006.pdf,0
2005,mtholyoke,0,0,0,1,0,"Black or African American, non-Hispanic",22,88,89,mtholyoke_cds_2005-2006.pdf,0
2005,mtholyoke,0,0,0,1,0,"White, non-Hispanic",259,1082,1107,mtholyoke_cds_2005-2006.pdf,0
2005,mtholyoke,0,0,0,1,0,"American Indian or Alaska Native, non-Hispanic",5,16,16,mtholyoke_cds_2005-2006.pdf,0
2005,mtholyoke,0,0,0,1,0,"Asian, non-Hispanic",74,251,252,mtholyoke_cds_2005-2006.pdf,1
2005,mtholyoke,0,0,0,1,0,Race and/or ethnicity unknown,33,228,238,mtholyoke_cds_2005-2006.pdf,0
2005,mtholyoke,0,0,0,1,0,Total,497,2064,2125,mtholyoke_cds_2005-2006.pdf,0
2005,northwestern,0,0,0,0,1,Nonresident,88,410,,cds_2005-06.pdf,0
2005,northwestern,0,0,0,0,1,Hispanic/Latino,126,470,,cds_2005-06.pdf,0
2005,northwestern,0,0,0,0,1,"Black or African American, non-Hispanic",124,427,,cds_2005-06.pdf,0
2005,northwestern,0,0,0,0,1,"White, non-Hispanic",1169,4788,,cds_2005-06.pdf,0
2005,northwestern,0,0,0,0,1,"American Indian or Alaska Native, non-Hispanic",0,10,,cds_2005-06.pdf,0
2005,northwestern,0,0,0,0,1,"Asian, non-Hispanic",339,1349,,cds_2005-06.pdf,1
2005,northwestern,0,0,0,0,1,Race and/or ethnicity unknown,106,448,,cds_2005-06.pdf,0
2005,northwestern,0,0,0,0,1,Total,1952,7902,,cds_2005-06.pdf,0
2005,princeton,1,1,0,0,1,Nonresident,107,403,423,cds_0506_princeton.pdf,0
2005,princeton,1,1,0,0,1,Hispanic/Latino,89,325,325,cds_0506_princeton.pdf,0
2005,princeton,1,1,0,0,1,"Black or African American, non-Hispanic",124,403,403,cds_0506_princeton.pdf,0
2005,princeton,1,1,0,0,1,"White, non-Hispanic",732,2928,2950,cds_0506_princeton.pdf,0
2005,princeton,1,1,0,0,1,"American Indian or Alaska Native, non-Hispanic",11,37,37,cds_0506_princeton.pdf,0
2005,princeton,1,1,0,0,1,"Asian, non-Hispanic",163,623,623,cds_0506_princeton.pdf,1
2005,princeton,1,1,0,0,1,Race and/or ethnicity unknown,0,0,0,cds_0506_princeton.pdf,0
2005,princeton,1,1,0,0,1,Total,1226,4719,4761,cds_0506_princeton.pdf,0
2005,stanford,0,1,0,0,1,Nonresident,107,401,,cds_2005-2006.pdf,0
2005,stanford,0,1,0,0,1,Hispanic/Latino,172,733,,cds_2005-2006.pdf,0
2005,stanford,0,1,0,0,1,"Black or African American, non-Hispanic",156,680,,cds_2005-2006.pdf,0
2005,stanford,0,1,0,0,1,"White, non-Hispanic",689,2641,,cds_2005-2006.pdf,0
2005,stanford,0,1,0,0,1,"Asian, non-Hispanic",378,1578,,cds_2005-2006.pdf,0
2005,stanford,0,1,0,0,1,Total,1632,6491,,cds_2005-2006.pdf,0
2005,swarthmore,0,0,0,1,1,Total,389,1461,1479,cds-2005-2006.pdf,0
2005,ucla,0,0,0,0,1,Nonresident,72,893,893,cds_2005-06.pdf,0
2005,ucla,0,0,0,0,1,Hispanic/Latino,641,3788,3788,cds_2005-06.pdf,0
2005,ucla,0,0,0,0,1,"Black or African American, non-Hispanic",126,799,799,cds_2005-06.pdf,0
2005,ucla,0,0,0,0,1,"White, non-Hispanic",1447,8330,8330,cds_2005-06.pdf,0
2005,ucla,0,0,0,0,1,"American Indian or Alaska Native, non-Hispanic",18,112,112,cds_2005-06.pdf,0
2005,ucla,0,0,0,0,1,"Asian, non-Hispanic",1793,9448,9448,cds_2005-06.pdf,1
2005,ucla,0,0,0,0,1,Race and/or ethnicity unknown,325,1441,1441,cds_2005-06.pdf,0
2005,ucla,0,0,0,0,1,Total,4422,24811,24811,cds_2005-06.pdf,0
2005,umich,0,0,0,0,1,Nonresident,239,1185,,cds_2005-2006.pdf,0
2005,umich,0,0,0,0,1,Hispanic/Latino,312,1214,,cds_2005-2006.pdf,0
2005,umich,0,0,0,0,1,"Black or African American, non-Hispanic",443,1833,,cds_2005-2006.pdf,0
2005,umich,0,0,0,0,1,"White, non-Hispanic",4038,16504,,cds_2005-2006.pdf,0
2005,umich,0,0,0,0,1,"American Indian or Alaska Native, non-Hispanic",57,234,,cds_2005-2006.pdf,0
2005,umich,0,0,0,0,1,"Asian, non-Hispanic",788,3076,,cds_2005-2006.pdf,1
2005,umich,0,0,0,0,1,Race and/or ethnicity unknown,236,1236,,cds_2005-2006.pdf,0
2005,umich,0,0,0,0,1,Total,6113,25282,,cds_2005-2006.pdf,0
2005,vassar,0,0,0,1,1,Nonresident,29,118,125,vassar-cds-2005-2006.pdf,0
2005,vassar,0,0,0,1,1,Hispanic/Latino,43,132,133,vassar-cds-2005-2006.pdf,0
2005,vassar,0,0,0,1,1,"Black or African American, non-Hispanic",38,128,129,vassar-cds-2005-2006.pdf,0
2005,vassar,0,0,0,1,1,"White, non-Hispanic",482,1735,1768,vassar-cds-2005-2006.pdf,0
2005,vassar,0,0,0,1,1,"American Indian or Alaska Native, non-Hispanic",1,6,7,vassar-cds-2005-2006.pdf,0
2005,vassar,0,0,0,1,1,"Asian, non-Hispanic",54,210,213,vassar-cds-2005-2006.pdf,1
2005,vassar,0,0,0,1,1,Race and/or ethnicity unknown,0,2,3,vassar-cds-2005-2006.pdf,0
2005,vassar,0,0,0,1,1,Total,647,2331,2378,vassar-cds-2005-2006.pdf,0
2005,washandlee,0,0,0,1,1,Nonresident,16,60,64,wlu_cds_2005-06.pdf,0
2005,washandlee,0,0,0,1,1,Hispanic/Latino,6,21,21,wlu_cds_2005-06.pdf,0
2005,washandlee,0,0,0,1,1,"Black or African American, non-Hispanic",19,78,78,wlu_cds_2005-06.pdf,0
2005,washandlee,0,0,0,1,1,"White, non-Hispanic",401,1512,1533,wlu_cds_2005-06.pdf,0
2005,washandlee,0,0,0,1,1,"American Indian or Alaska Native, non-Hispanic",1,5,5,wlu_cds_2005-06.pdf,0
2005,washandlee,0,0,0,1,1,"Asian, non-Hispanic",16,59,59,wlu_cds_2005-06.pdf,1
2005,washandlee,0,0,0,1,1,Total,465,1745,1770,wlu_cds_2005-06.pdf,0
2005,wesleyan,0,0,1,1,1,Nonresident,47,170,178,cds2005-06.pdf,0
2005,wesleyan,0,0,1,1,1,Hispanic/Latino,59,195,195,cds2005-06.pdf,0
2005,wesleyan,0,0,1,1,1,"Black or African American, non-Hispanic",60,198,198,cds2005-06.pdf,0
2005,wesleyan,0,0,1,1,1,"White, non-Hispanic",423,1662,1663,cds2005-06.pdf,0
2005,wesleyan,0,0,1,1,1,"American Indian or Alaska Native, non-Hispanic",0,10,10,cds2005-06.pdf,0
2005,wesleyan,0,0,1,1,1,"Asian, non-Hispanic",82,271,271,cds2005-06.pdf,1
2005,wesleyan,0,0,1,1,1,Race and/or ethnicity unknown,34,231,235,cds2005-06.pdf,0
2005,wesleyan,0,0,1,1,1,Total,705,2737,2750,cds2005-06.pdf,0
2005,williams,0,0,1,1,1,Nonresident,32,116,,2005-2006_williams_common_data_set.pdf,0
2005,williams,0,0,1,1,1,Hispanic/Latino,57,176,,2005-2006_williams_common_data_set.pdf,0
2005,williams,0,0,1,1,1,"Black or African American, non-Hispanic",46,184,,2005-2006_williams_common_data_set.pdf,0
2005,williams,0,0,1,1,1,"White, non-Hispanic",343,1306,,2005-2006_williams_common_data_set.pdf,0
2005,williams,0,0,1,1,1,"American Indian or Alaska Native, non-Hispanic",3,5,,2005-2006_williams_common_data_set.pdf,0
2005,williams,0,0,1,1,1,"Asian, non-Hispanic",55,183,,2005-2006_williams_common_data_set.pdf,1
2005,williams,0,0,1,1,1,Total,536,1970,,2005-2006_williams_common_data_set.pdf,0
2005,yale,1,1,0,0,1,Nonresident,99,437,,cds2005_2006_0.pdf,0
2005,yale,1,1,0,0,1,Hispanic/Latino,110,383,,cds2005_2006_0.pdf,0
2005,yale,1,1,0,0,1,"Black or African American, non-Hispanic",120,434,,cds2005_2006_0.pdf,0
2005,yale,1,1,0,0,1,"White, non-Hispanic",630,2731,,cds2005_2006_0.pdf,0
2005,yale,1,1,0,0,1,"American Indian or Alaska Native, non-Hispanic",12,46,,cds2005_2006_0.pdf,0
2005,yale,1,1,0,0,1,"Asian, non-Hispanic",188,730,,cds2005_2006_0.pdf,1
2005,yale,1,1,0,0,1,Race and/or ethnicity unknown,162,588,,cds2005_2006_0.pdf,0
2005,yale,1,1,0,0,1,Total,1321,5349,,cds2005_2006_0.pdf,0
2006,amherst,0,0,1,1,1,Nonresident,26,117,117,amherst_cds_2006_CDS2006_B_Enrollment_Persistence.pdf,0
2006,amherst,0,0,1,1,1,Hispanic/Latino,51,122,122,amherst_cds_2006_CDS2006_B_Enrollment_Persistence.pdf,0
2006,amherst,0,0,1,1,1,"Black or African American, non-Hispanic",45,152,152,amherst_cds_2006_CDS2006_B_Enrollment_Persistence.pdf,0
2006,amherst,0,0,1,1,1,"White, non-Hispanic",202,744,744,amherst_cds_2006_CDS2006_B_Enrollment_Persistence.pdf,0
2006,amherst,0,0,1,1,1,"American Indian or Alaska Native, non-Hispanic",,6,6,amherst_cds_2006_CDS2006_B_Enrollment_Persistence.pdf,0
2006,amherst,0,0,1,1,1,"Asian, non-Hispanic",45,208,208,amherst_cds_2006_CDS2006_B_Enrollment_Persistence.pdf,1
2006,amherst,0,0,1,1,1,Race and/or ethnicity unknown,64,299,299,amherst_cds_2006_CDS2006_B_Enrollment_Persistence.pdf,0
2006,amherst,0,0,1,1,1,Total,433,1648,1648,amherst_cds_2006_CDS2006_B_Enrollment_Persistence.pdf,0
2006,bates,0,0,1,1,1,Nonresident,25,95,95,CDS_2006-2007.pdf,0
2006,bates,0,0,1,1,1,Hispanic/Latino,11,38,38,CDS_2006-2007.pdf,0
2006,bates,0,0,1,1,1,"Black or African American, non-Hispanic",8,43,43,CDS_2006-2007.pdf,0
2006,bates,0,0,1,1,1,"White, non-Hispanic",393,1423,1423,CDS_2006-2007.pdf,0
2006,bates,0,0,1,1,1,"American Indian or Alaska Native, non-Hispanic",1,4,4,CDS_2006-2007.pdf,0
2006,bates,0,0,1,1,1,"Asian, non-Hispanic",31,86,86,CDS_2006-2007.pdf,1
2006,bates,0,0,1,1,1,Race and/or ethnicity unknown,23,55,55,CDS_2006-2007.pdf,0
2006,bates,0,0,1,1,1,Total,492,1744,1744,CDS_2006-2007.pdf,0
2006,berkeley,0,0,0,0,1,Nonresident,112,770,770,cds_2006-07.pdf,0
2006,berkeley,0,0,0,0,1,Hispanic/Latino,471,2613,2613,cds_2006-07.pdf,0
2006,berkeley,0,0,0,0,1,"Black or African American, non-Hispanic",152,835,835,cds_2006-07.pdf,0
2006,berkeley,0,0,0,0,1,"White, non-Hispanic",1205,7537,7537,cds_2006-07.pdf,0
2006,berkeley,0,0,0,0,1,"American Indian or Alaska Native, non-Hispanic",17,118,118,cds_2006-07.pdf,0
2006,berkeley,0,0,0,0,1,"Asian, non-Hispanic",1903,9873,9873,cds_2006-07.pdf,1
2006,berkeley,0,0,0,0,1,Race and/or ethnicity unknown,297,2117,2117,cds_2006-07.pdf,0
2006,berkeley,0,0,0,0,1,Total,4157,23863,23863,cds_2006-07.pdf,0
2006,bowdoin,0,0,1,1,1,Nonresident,19,59,64,common-data-elements-2006---2007.pdf,0
2006,bowdoin,0,0,1,1,1,Hispanic/Latino,28,114,114,common-data-elements-2006---2007.pdf,0
2006,bowdoin,0,0,1,1,1,"Black or African American, non-Hispanic",15,86,86,common-data-elements-2006---2007.pdf,0
2006,bowdoin,0,0,1,1,1,"White, non-Hispanic",337,1208,1210,common-data-elements-2006---2007.pdf,0
2006,bowdoin,0,0,1,1,1,"American Indian or Alaska Native, non-Hispanic",3,17,17,common-data-elements-2006---2007.pdf,0
2006,bowdoin,0,0,1,1,1,"Asian, non-Hispanic",61,213,213,common-data-elements-2006---2007.pdf,1
2006,bowdoin,0,0,1,1,1,Race and/or ethnicity unknown,11,30,30,common-data-elements-2006---2007.pdf,0
2006,bowdoin,0,0,1,1,1,Total,474,1727,1734,common-data-elements-2006---2007.pdf,0
2006,brown,1,1,0,0,1,Nonresident,102,368,,CDS2006_2007.pdf,0
2006,brown,1,1,0,0,1,Hispanic/Latino,139,465,,CDS2006_2007.pdf,0
2006,brown,1,1,0,0,1,"Black or African American, non-Hispanic",113,399,,CDS2006_2007.pdf,0
2006,brown,1,1,0,0,1,"White, non-Hispanic",687,2907,,CDS2006_2007.pdf,0
2006,brown,1,1,0,0,1,"American Indian or Alaska Native, non-Hispanic",8,31,,CDS2006_2007.pdf,0
2006,brown,1,1,0,0,1,"Asian, non-Hispanic",221,805,,CDS2006_2007.pdf,1
2006,brown,1,1,0,0,1,Race and/or ethnicity unknown,196,823,,CDS2006_2007.pdf,0
2006,brown,1,1,0,0,1,Total,1466,5798,0,CDS2006_2007.pdf,0
2006,caltech,0,1,0,0,1,Nonresident,25,69,69,cds_2006-07.pdf,0
2006,caltech,0,1,0,0,1,Hispanic/Latino,10,48,48,cds_2006-07.pdf,0
2006,caltech,0,1,0,0,1,"Black or African American, non-Hispanic",2,5,5,cds_2006-07.pdf,0
2006,caltech,0,1,0,0,1,"White, non-Hispanic",79,395,395,cds_2006-07.pdf,0
2006,caltech,0,1,0,0,1,"American Indian or Alaska Native, non-Hispanic",0,1,1,cds_2006-07.pdf,0
2006,caltech,0,1,0,0,1,"Asian, non-Hispanic",94,323,323,cds_2006-07.pdf,1
2006,caltech,0,1,0,0,1,Race and/or ethnicity unknown,4,23,23,cds_2006-07.pdf,0
2006,caltech,0,1,0,0,1,Total,214,864,864,cds_2006-07.pdf,0
2006,carleton,0,0,0,1,1,Nonresident,28,100,103,Carleton_CDS_2006-07.pdf,0
2006,carleton,0,0,0,1,1,Hispanic/Latino,23,98,99,Carleton_CDS_2006-07.pdf,0
2006,carleton,0,0,0,1,1,"Black or African American, non-Hispanic",22,108,109,Carleton_CDS_2006-07.pdf,0
2006,carleton,0,0,0,1,1,"White, non-Hispanic",378,1442,1455,Carleton_CDS_2006-07.pdf,0
2006,carleton,0,0,0,1,1,"American Indian or Alaska Native, non-Hispanic",4,13,13,Carleton_CDS_2006-07.pdf,0
2006,carleton,0,0,0,1,1,"Asian, non-Hispanic",49,197,201,Carleton_CDS_2006-07.pdf,1
2006,carleton,0,0,0,1,1,Race and/or ethnicity unknown,0,0,0,Carleton_CDS_2006-07.pdf,0
2006,carleton,0,0,0,1,1,Total,504,1958,1980,Carleton_CDS_2006-07.pdf,0
2006,colby,0,0,1,1,1,Nonresident,33,127,127,cds2006.pdf,0
2006,colby,0,0,1,1,1,Hispanic/Latino,16,45,45,cds2006.pdf,0
2006,colby,0,0,1,1,1,"Black or African American, non-Hispanic",16,41,41,cds2006.pdf,0
2006,colby,0,0,1,1,1,"White, non-Hispanic",355,1505,1505,cds2006.pdf,0
2006,colby,0,0,1,1,1,"American Indian or Alaska Native, non-Hispanic",5,13,13,cds2006.pdf,0
2006,colby,0,0,1,1,1,"Asian, non-Hispanic",50,134,134,cds2006.pdf,1
2006,colby,0,0,1,1,1,Race and/or ethnicity unknown,0,0,0,cds2006.pdf,0
2006,colby,0,0,1,1,1,Total,475,1865,1865,cds2006.pdf,0
2006,colgate,0,0,0,0,1,Nonresident,36,131,132,cds_2006-07.pdf,0
2006,colgate,0,0,0,0,1,Hispanic/Latino,39,121,121,cds_2006-07.pdf,0
2006,colgate,0,0,0,0,1,"Black or African American, non-Hispanic",46,133,133,cds_2006-07.pdf,0
2006,colgate,0,0,0,0,1,"White, non-Hispanic",542,2071,2087,cds_2006-07.pdf,0
2006,colgate,0,0,0,0,1,"American Indian or Alaska Native, non-Hispanic",3,15,16,cds_2006-07.pdf,0
2006,colgate,0,0,0,0,1,"Asian, non-Hispanic",50,182,183,cds_2006-07.pdf,1
2006,colgate,0,0,0,0,1,Race and/or ethnicity unknown,28,104,110,cds_2006-07.pdf,0
2006,colgate,0,0,0,0,1,Total,744,2757,2782,cds_2006-07.pdf,0
2006,cornell,1,1,0,0,1,Nonresident,265,1035,1064,CDS_2006-2007.pdf,0
2006,cornell,1,1,0,0,1,Hispanic/Latino,177,745,745,CDS_2006-2007.pdf,0
2006,cornell,1,1,0,0,1,"Black or African American, non-Hispanic",195,681,682,CDS_2006-2007.pdf,0
2006,cornell,1,1,0,0,1,"White, non-Hispanic",1477,7215,7221,CDS_2006-2007.pdf,0
2006,cornell,1,1,0,0,1,"American Indian or Alaska Native, non-Hispanic",18,64,64,CDS_2006-2007.pdf,0
2006,cornell,1,1,0,0,1,"Asian, non-Hispanic",525,2184,2185,CDS_2006-2007.pdf,1
2006,cornell,1,1,0,0,1,"Two or more races, non-Hispanic",63,190,190,CDS_2006-2007.pdf,0
2006,cornell,1,1,0,0,1,Race and/or ethnicity unknown,373,1121,1127,CDS_2006-2007.pdf,0
2006,cornell,1,1,0,0,1,Total,3188,13519,13562,CDS_2006-2007.pdf,0
2006,dartmouth,1,1,0,0,1,Nonresident,62,219,228,cds2006-2007.pdf,0
2006,dartmouth,1,1,0,0,1,Hispanic/Latino,58,240,240,cds2006-2007.pdf,0
2006,dartmouth,1,1,0,0,1,"Black or African American, non-Hispanic",80,292,292,cds2006-2007.pdf,0
2006,dartmouth,1,1,0,0,1,"White, non-Hispanic",639,2335,2348,cds2006-2007.pdf,0
2006,dartmouth,1,1,0,0,1,"American Indian or Alaska Native, non-Hispanic",41,153,153,cds2006-2007.pdf,0
2006,dartmouth,1,1,0,0,1,"Asian, non-Hispanic",155,542,544,cds2006-2007.pdf,1
2006,dartmouth,1,1,0,0,1,Race and/or ethnicity unknown,51,224,280,cds2006-2007.pdf,0
2006,dartmouth,1,1,0,0,1,Total,1086,4005,4085,cds2006-2007.pdf,0
2006,georgetown,0,0,0,0,1,Nonresident,77,296,481,georgetown_cds_2006-2007.pdf,0
2006,georgetown,0,0,0,0,1,Hispanic/Latino,126,440,441,georgetown_cds_2006-2007.pdf,0
2006,georgetown,0,0,0,0,1,"Black or African American, non-Hispanic",125,482,490,georgetown_cds_2006-2007.pdf,0
2006,georgetown,0,0,0,0,1,"White, non-Hispanic",1047,4342,4374,georgetown_cds_2006-2007.pdf,0
2006,georgetown,0,0,0,0,1,"American Indian or Alaska Native, non-Hispanic",0,6,6,georgetown_cds_2006-2007.pdf,0
2006,georgetown,0,0,0,0,1,"Asian, non-Hispanic",126,572,575,georgetown_cds_2006-2007.pdf,1
2006,georgetown,0,0,0,0,1,Race and/or ethnicity unknown,87,449,486,georgetown_cds_2006-2007.pdf,0
2006,georgetown,0,0,0,0,1,Total,1588,6587,6853,georgetown_cds_2006-2007.pdf,0
2006,grinnell,0,0,0,0,1,Nonresident,31,157,157,GC_CDS_2006-07.pdf,0
2006,grinnell,0,0,0,0,1,Hispanic/Latino,23,76,76,GC_CDS_2006-07.pdf,0
2006,grinnell,0,0,0,0,1,"Black or African American, non-Hispanic",21,76,76,GC_CDS_2006-07.pdf,0
2006,grinnell,0,0,0,0,1,"White, non-Hispanic",272,1049,1054,GC_CDS_2006-07.pdf,0
2006,grinnell,0,0,0,0,1,"American Indian or Alaska Native, non-Hispanic",2,8,8,GC_CDS_2006-07.pdf,0
2006,grinnell,0,0,0,0,1,"Asian, non-Hispanic",31,101,101,GC_CDS_2006-07.pdf,1
2006,grinnell,0,0,0,0,1,Race and/or ethnicity unknown,25,88,117,GC_CDS_2006-07.pdf,0
2006,grinnell,0,0,0,0,1,Total,405,1555,1589,GC_CDS_2006-07.pdf,0
2006,hamilton,0,0,1,1,1,Nonresident,26,95,,hamilton_cds_2006-2007.pdf,0
2006,hamilton,0,0,1,1,1,Hispanic/Latino,21,75,,hamilton_cds_2006-2007.pdf,0
2006,hamilton,0,0,1,1,1,"Black or African American, non-Hispanic",25,77,,hamilton_cds_2006-2007.pdf,0
2006,hamilton,0,0,1,1,1,"White, non-Hispanic",347,1278,,hamilton_cds_2006-2007.pdf,0
2006,hamilton,0,0,1,1,1,"American Indian or Alaska Native, non-Hispanic",4,16,,hamilton_cds_2006-2007.pdf,0
2006,hamilton,0,0,1,1,1,"Asian, non-Hispanic",38,119,,hamilton_cds_2006-2007.pdf,1
2006,hamilton,0,0,1,1,1,Race and/or ethnicity unknown,40,141,,hamilton_cds_2006-2007.pdf,0
2006,hamilton,0,0,1,1,1,Total,501,1801,0,hamilton_cds_2006-2007.pdf,0
2006,hampshire,0,0,0,1,0,Nonresident,9,47,,hampshire-cds-2006-2007.pdf,0
2006,hampshire,0,0,0,1,0,Hispanic/Latino,29,74,,hampshire-cds-2006-2007.pdf,0
2006,hampshire,0,0,0,1,0,"Black or African American, non-Hispanic",16,53,,hampshire-cds-2006-2007.pdf,0
2006,hampshire,0,0,0,1,0,"White, non-Hispanic",258,1012,,hampshire-cds-2006-2007.pdf,0
2006,hampshire,0,0,0,1,0,"American Indian or Alaska Native, non-Hispanic",5,10,,hampshire-cds-2006-2007.pdf,0
2006,hampshire,0,0,0,1,0,"Asian, non-Hispanic",6,45,,hampshire-cds-2006-2007.pdf,1
2006,hampshire,0,0,0,1,0,Race and/or ethnicity unknown,69,193,,hampshire-cds-2006-2007.pdf,0
2006,hampshire,0,0,0,1,0,Total,392,1434,0,hampshire-cds-2006-2007.pdf,0
2006,harvard,1,1,0,0,1,Nonresident,154,634,634,harvard_cds_2006-2007.pdf,0
2006,harvard,1,1,0,0,1,Hispanic/Latino,128,443,443,harvard_cds_2006-2007.pdf,0
2006,harvard,1,1,0,0,1,"Black or African American, non-Hispanic",141,521,521,harvard_cds_2006-2007.pdf,0
2006,harvard,1,1,0,0,1,"White, non-Hispanic",743,3142,3142,harvard_cds_2006-2007.pdf,0
2006,harvard,1,1,0,0,1,"American Indian or Alaska Native, non-Hispanic",16,41,41,harvard_cds_2006-2007.pdf,0
2006,harvard,1,1,0,0,1,"Asian, non-Hispanic",252,947,947,harvard_cds_2006-2007.pdf,1
2006,harvard,1,1,0,0,1,Race and/or ethnicity unknown,252,987,987,harvard_cds_2006-2007.pdf,0
2006,harvard,1,1,0,0,1,Total,1686,6715,6715,harvard_cds_2006-2007.pdf,0
2006,haverford,0,0,0,1,0,Nonresident,74,3,,cds_2006-2007.pdf,0
2006,haverford,0,0,0,1,0,Hispanic/Latino,26,86,,cds_2006-2007.pdf,0
2006,haverford,0,0,0,1,0,"Black or African American, non-Hispanic",31,88,,cds_2006-2007.pdf,0
2006,haverford,0,0,0,1,0,"White, non-Hispanic",215,810,,cds_2006-2007.pdf,0
2006,haverford,0,0,0,1,0,"American Indian or Alaska Native, non-Hispanic",18,,,cds_2006-2007.pdf,0
2006,haverford,0,0,0,1,0,"Asian, non-Hispanic",34,133,,cds_2006-2007.pdf,1
2006,haverford,0,0,0,1,0,Race and/or ethnicity unknown,00,,,cds_2006-2007.pdf,0
2006,haverford,0,0,0,1,0,Total,314,1168,,cds_2006-2007.pdf,0
2006,middlebury,0,0,1,1,1,Nonresident,70,233,254,CDS_2006-2007.pdf,0
2006,middlebury,0,0,1,1,1,Hispanic/Latino,37,148,148,CDS_2006-2007.pdf,0
2006,middlebury,0,0,1,1,1,"Black or African American, non-Hispanic",20,69,69,CDS_2006-2007.pdf,0
2006,middlebury,0,0,1,1,1,"White, non-Hispanic",350,1552,1564,CDS_2006-2007.pdf,0
2006,middlebury,0,0,1,1,1,"American Indian or Alaska Native, non-Hispanic",3,15,15,CDS_2006-2007.pdf,0
2006,middlebury,0,0,1,1,1,"Asian, non-Hispanic",59,212,213,CDS_2006-2007.pdf,1
2006,middlebury,0,0,1,1,1,Race and/or ethnicity unknown,24,143,143,CDS_2006-2007.pdf,0
2006,middlebury,0,0,1,1,1,Total,563,2372,2406,CDS_2006-2007.pdf,0
2006,mtholyoke,0,0,0,1,0,Nonresident,86,354,354,mtholyoke_cds_2006-2007.pdf,0
2006,mtholyoke,0,0,0,1,0,Hispanic/Latino,36,118,118,mtholyoke_cds_2006-2007.pdf,0
2006,mtholyoke,0,0,0,1,0,"Black or African American, non-Hispanic",23,84,84,mtholyoke_cds_2006-2007.pdf,0
2006,mtholyoke,0,0,0,1,0,"White, non-Hispanic",300,1100,1103,mtholyoke_cds_2006-2007.pdf,0
2006,mtholyoke,0,0,0,1,0,"American Indian or Alaska Native, non-Hispanic",3,15,15,mtholyoke_cds_2006-2007.pdf,0
2006,mtholyoke,0,0,0,1,0,"Asian, non-Hispanic",63,241,241,mtholyoke_cds_2006-2007.pdf,1
2006,mtholyoke,0,0,0,1,0,Race and/or ethnicity unknown,45,222,234,mtholyoke_cds_2006-2007.pdf,0
2006,mtholyoke,0,0,0,1,0,Total,556,2134,2149,mtholyoke_cds_2006-2007.pdf,0
2006,northwestern,0,0,0,0,1,Nonresident,105,409,,cds_2006-07.pdf,0
2006,northwestern,0,0,0,0,1,Hispanic/Latino,146,505,,cds_2006-07.pdf,0
2006,northwestern,0,0,0,0,1,"Black or African American, non-Hispanic",122,454,,cds_2006-07.pdf,0
2006,northwestern,0,0,0,0,1,"White, non-Hispanic",1225,4905,,cds_2006-07.pdf,0
2006,northwestern,0,0,0,0,1,"American Indian or Alaska Native, non-Hispanic",2,8,,cds_2006-07.pdf,0
2006,northwestern,0,0,0,0,1,"Asian, non-Hispanic",355,1328,,cds_2006-07.pdf,1
2006,northwestern,0,0,0,0,1,Race and/or ethnicity unknown,107,451,,cds_2006-07.pdf,0
2006,northwestern,0,0,0,0,1,Total,2062,8060,,cds_2006-07.pdf,0
2006,pomona,0,0,0,1,1,Nonresident,9,40,40,cds-2006-2007.pdf,0
2006,pomona,0,0,0,1,1,Hispanic/Latino,39,168,168,cds-2006-2007.pdf,0
2006,pomona,0,0,0,1,1,"Black or African American, non-Hispanic",36,117,117,cds-2006-2007.pdf,0
2006,pomona,0,0,0,1,1,"White, non-Hispanic",185,774,774,cds-2006-2007.pdf,0
2006,pomona,0,0,0,1,1,"American Indian or Alaska Native, non-Hispanic",3,7,7,cds-2006-2007.pdf,0
2006,pomona,0,0,0,1,1,"Asian, non-Hispanic",54,221,221,cds-2006-2007.pdf,1
2006,pomona,0,0,0,1,1,Race and/or ethnicity unknown,53,218,239,cds-2006-2007.pdf,0
2006,pomona,0,0,0,1,1,Total,379,1545,1566,cds-2006-2007.pdf,0
2006,princeton,1,1,0,0,1,Nonresident,125,428,442,cds_0607_princeton.pdf,0
2006,princeton,1,1,0,0,1,Hispanic/Latino,93,347,347,cds_0607_princeton.pdf,0
2006,princeton,1,1,0,0,1,"Black or African American, non-Hispanic",109,415,415,cds_0607_princeton.pdf,0
2006,princeton,1,1,0,0,1,"White, non-Hispanic",592,2756,2756,cds_0607_princeton.pdf,0
2006,princeton,1,1,0,0,1,"American Indian or Alaska Native, non-Hispanic",10,40,40,cds_0607_princeton.pdf,0
2006,princeton,1,1,0,0,1,"Asian, non-Hispanic",177,651,652,cds_0607_princeton.pdf,1
2006,princeton,1,1,0,0,1,Race and/or ethnicity unknown,122,138,138,cds_0607_princeton.pdf,0
2006,princeton,1,1,0,0,1,Total,1228,4775,4790,cds_0607_princeton.pdf,0
2006,richmond,0,0,0,0,1,Nonresident,30,121,176,cds_2006-07.pdf,0
2006,richmond,0,0,0,0,1,Hispanic/Latino,25,77,77,cds_2006-07.pdf,0
2006,richmond,0,0,0,0,1,"Black or African American, non-Hispanic",58,158,159,cds_2006-07.pdf,0
2006,richmond,0,0,0,0,1,"White, non-Hispanic",532,2177,2182,cds_2006-07.pdf,0
2006,richmond,0,0,0,0,1,"American Indian or Alaska Native, non-Hispanic",2,6,6,cds_2006-07.pdf,0
2006,richmond,0,0,0,0,1,"Asian, non-Hispanic",35,102,103,cds_2006-07.pdf,1
2006,richmond,0,0,0,0,1,Race and/or ethnicity unknown,75,146,154,cds_2006-07.pdf,0
2006,richmond,0,0,0,0,1,Total,757,2787,2857,cds_2006-07.pdf,0
2006,stanford,0,1,0,0,1,Nonresident,96,393,,cds_2006-2007.pdf,0
2006,stanford,0,1,0,0,1,Hispanic/Latino,186,723,,cds_2006-2007.pdf,0
2006,stanford,0,1,0,0,1,"Black or African American, non-Hispanic",166,660,,cds_2006-2007.pdf,0
2006,stanford,0,1,0,0,1,"White, non-Hispanic",679,2575,,cds_2006-2007.pdf,0
2006,stanford,0,1,0,0,1,"American Indian or Alaska Native, non-Hispanic",40,150,,cds_2006-2007.pdf,0
2006,stanford,0,1,0,0,1,"Asian, non-Hispanic",391,1550,,cds_2006-2007.pdf,1
2006,stanford,0,1,0,0,1,Total,1646,6391,,cds_2006-2007.pdf,0
2006,swarthmore,0,0,0,1,1,Total,370,1472,1484,cds-2006-2007.pdf,0
2006,ucla,0,0,0,0,1,Nonresident,158,957,958,cds_2006-07.pdf,0
2006,ucla,0,0,0,0,1,Hispanic/Latino,653,3824,3824,cds_2006-07.pdf,0
2006,ucla,0,0,0,0,1,"Black or African American, non-Hispanic",96,756,756,cds_2006-07.pdf,0
2006,ucla,0,0,0,0,1,"White, non-Hispanic",1598,8706,8706,cds_2006-07.pdf,0
2006,ucla,0,0,0,0,1,"American Indian or Alaska Native, non-Hispanic",17,106,106,cds_2006-07.pdf,0
2006,ucla,0,0,0,0,1,"Asian, non-Hispanic",2144,9784,9784,cds_2006-07.pdf,1
2006,ucla,0,0,0,0,1,Race and/or ethnicity unknown,144,1298,1298,cds_2006-07.pdf,0
2006,ucla,0,0,0,0,1,Total,4810,25431,25432,cds_2006-07.pdf,0
2006,umich,0,0,0,0,1,Nonresident,237,1193,1233,cds_2006-2007.pdf,0
2006,umich,0,0,0,0,1,Hispanic/Latino,274,1185,1190,cds_2006-2007.pdf,0
2006,umich,0,0,0,0,1,"Black or African American, non-Hispanic",330,1704,1709,cds_2006-2007.pdf,0
2006,umich,0,0,0,0,1,"White, non-Hispanic",3401,16320,16840,cds_2006-2007.pdf,0
2006,umich,0,0,0,0,1,"American Indian or Alaska Native, non-Hispanic",52,238,240,cds_2006-2007.pdf,0
2006,umich,0,0,0,0,1,"Asian, non-Hispanic",618,3057,3068,cds_2006-2007.pdf,1
2006,umich,0,0,0,0,1,Race and/or ethnicity unknown,474,1712,1275,cds_2006-2007.pdf,0
2006,umich,0,0,0,0,1,Total,5386,25409,25555,cds_2006-2007.pdf,0
2006,vassar,0,0,0,1,1,Nonresident,39,122,131,vassar-cds-2006-2007.pdf,0
2006,vassar,0,0,0,1,1,Hispanic/Latino,40,142,146,vassar-cds-2006-2007.pdf,0
2006,vassar,0,0,0,1,1,"Black or African American, non-Hispanic",27,117,117,vassar-cds-2006-2007.pdf,0
2006,vassar,0,0,0,1,1,"White, non-Hispanic",494,1774,1799,vassar-cds-2006-2007.pdf,0
2006,vassar,0,0,0,1,1,"American Indian or Alaska Native, non-Hispanic",1,6,7,vassar-cds-2006-2007.pdf,0
2006,vassar,0,0,0,1,1,"Asian, non-Hispanic",67,218,223,vassar-cds-2006-2007.pdf,1
2006,vassar,0,0,0,1,1,Total,668,2379,2423,vassar-cds-2006-2007.pdf,0
2006,washandlee,0,0,0,1,1,Nonresident,17,68,72,wlu_cds_2006-07.pdf,0
2006,washandlee,0,0,0,1,1,Hispanic/Latino,11,26,26,wlu_cds_2006-07.pdf,0
2006,washandlee,0,0,0,1,1,"Black or African American, non-Hispanic",22,75,75,wlu_cds_2006-07.pdf,0
2006,washandlee,0,0,0,1,1,"White, non-Hispanic",379,1504,1505,wlu_cds_2006-07.pdf,0
2006,washandlee,0,0,0,1,1,"American Indian or Alaska Native, non-Hispanic",1,5,5,wlu_cds_2006-07.pdf,0
2006,washandlee,0,0,0,1,1,"Asian, non-Hispanic",18,60,60,wlu_cds_2006-07.pdf,1
2006,washandlee,0,0,0,1,1,Total,450,1747,1752,wlu_cds_2006-07.pdf,0
2006,wellesley,0,0,0,1,1,Nonresident,45,184,196,Wellesley_CDS_2006-2007.pdf,0
2006,wellesley,0,0,0,1,1,Hispanic/Latino,35,154,155,Wellesley_CDS_2006-2007.pdf,0
2006,wellesley,0,0,0,1,1,"Black or African American, non-Hispanic",35,124,125,Wellesley_CDS_2006-2007.pdf,0
2006,wellesley,0,0,0,1,1,"White, non-Hispanic",277,1031,1042,Wellesley_CDS_2006-2007.pdf,0
2006,wellesley,0,0,0,1,1,"American Indian or Alaska Native, non-Hispanic",0,8,8,Wellesley_CDS_2006-2007.pdf,0
2006,wellesley,0,0,0,1,1,"Asian, non-Hispanic",159,579,580,Wellesley_CDS_2006-2007.pdf,1
2006,wellesley,0,0,0,1,1,Race and/or ethnicity unknown,35,135,212,Wellesley_CDS_2006-2007.pdf,0
2006,wellesley,0,0,0,1,1,Total,586,2215,2318,Wellesley_CDS_2006-2007.pdf,0
2006,wesleyan,0,0,1,1,1,Nonresident,43,168,,cds2006-07.pdf,0
2006,wesleyan,0,0,1,1,1,Hispanic/Latino,71,233,,cds2006-07.pdf,0
2006,wesleyan,0,0,1,1,1,"Black or African American, non-Hispanic",45,189,,cds2006-07.pdf,0
2006,wesleyan,0,0,1,1,1,"White, non-Hispanic",451,1695,,cds2006-07.pdf,0
2006,wesleyan,0,0,1,1,1,"American Indian or Alaska Native, non-Hispanic",3,11,,cds2006-07.pdf,0
2006,wesleyan,0,0,1,1,1,"Asian, non-Hispanic",70,295,,cds2006-07.pdf,1
2006,wesleyan,0,0,1,1,1,Race and/or ethnicity unknown,37,199,,cds2006-07.pdf,0
2006,wesleyan,0,0,1,1,1,Total,720,2790,,cds2006-07.pdf,0
2006,williams,0,0,1,1,1,Nonresident,38,126,,2006-2007_williams_common_data_set.pdf,0
2006,williams,0,0,1,1,1,Hispanic/Latino,41,168,,2006-2007_williams_common_data_set.pdf,0
2006,williams,0,0,1,1,1,"Black or African American, non-Hispanic",52,191,,2006-2007_williams_common_data_set.pdf,0
2006,williams,0,0,1,1,1,"White, non-Hispanic",343,1267,,2006-2007_williams_common_data_set.pdf,0
2006,williams,0,0,1,1,1,"American Indian or Alaska Native, non-Hispanic",1,6,,2006-2007_williams_common_data_set.pdf,0
2006,williams,0,0,1,1,1,"Asian, non-Hispanic",59,207,,2006-2007_williams_common_data_set.pdf,1
2006,williams,0,0,1,1,1,Total,534,1965,,2006-2007_williams_common_data_set.pdf,0
2006,yale,1,1,0,0,1,Nonresident,115,440,441,cds2006_2007_1.pdf,0
2006,yale,1,1,0,0,1,Hispanic/Latino,99,401,401,cds2006_2007_1.pdf,0
2006,yale,1,1,0,0,1,"Black or African American, non-Hispanic",117,437,438,cds2006_2007_1.pdf,0
2006,yale,1,1,0,0,1,"White, non-Hispanic",638,2654,2665,cds2006_2007_1.pdf,0
2006,yale,1,1,0,0,1,"American Indian or Alaska Native, non-Hispanic",17,50,51,cds2006_2007_1.pdf,0
2006,yale,1,1,0,0,1,"Asian, non-Hispanic",163,715,716,cds2006_2007_1.pdf,1
2006,yale,1,1,0,0,1,Race and/or ethnicity unknown,166,606,621,cds2006_2007_1.pdf,0
2006,yale,1,1,0,0,1,Total,1315,5303,5333,cds2006_2007_1.pdf,0
2007,amherst,0,0,1,1,1,Nonresident,37,120,120,amherst_cds_2007_X_Summary_of_Changes.pdf,0
2007,amherst,0,0,1,1,1,Hispanic/Latino,55,152,152,amherst_cds_2007_X_Summary_of_Changes.pdf,0
2007,amherst,0,0,1,1,1,"Black or African American, non-Hispanic",49,160,160,amherst_cds_2007_X_Summary_of_Changes.pdf,0
2007,amherst,0,0,1,1,1,"White, non-Hispanic",190,734,734,amherst_cds_2007_X_Summary_of_Changes.pdf,0
2007,amherst,0,0,1,1,1,"American Indian or Alaska Native, non-Hispanic",2,6,6,amherst_cds_2007_X_Summary_of_Changes.pdf,0
2007,amherst,0,0,1,1,1,"Asian, non-Hispanic",47,196,196,amherst_cds_2007_X_Summary_of_Changes.pdf,1
2007,amherst,0,0,1,1,1,Race and/or ethnicity unknown,94,315,315,amherst_cds_2007_X_Summary_of_Changes.pdf,0
2007,amherst,0,0,1,1,1,Total,474,1683,1683,amherst_cds_2007_X_Summary_of_Changes.pdf,0
2007,bates,0,0,1,1,1,Nonresident,26,88,88,CDS_2007-2008.pdf,0
2007,bates,0,0,1,1,1,Hispanic/Latino,16,40,40,CDS_2007-2008.pdf,0
2007,bates,0,0,1,1,1,"Black or African American, non-Hispanic",21,47,47,CDS_2007-2008.pdf,0
2007,bates,0,0,1,1,1,"White, non-Hispanic",334,1340,1340,CDS_2007-2008.pdf,0
2007,bates,0,0,1,1,1,"American Indian or Alaska Native, non-Hispanic",4,8,8,CDS_2007-2008.pdf,0
2007,bates,0,0,1,1,1,"Asian, non-Hispanic",33,93,93,CDS_2007-2008.pdf,1
2007,bates,0,0,1,1,1,Race and/or ethnicity unknown,8,44,44,CDS_2007-2008.pdf,0
2007,bates,0,0,1,1,1,Total,442,1660,1660,CDS_2007-2008.pdf,0
2007,berkeley,0,0,0,0,1,Nonresident,118,786,786,cds_2007-08.pdf,0
2007,berkeley,0,0,0,0,1,Hispanic/Latino,489,2839,2839,cds_2007-08.pdf,0
2007,berkeley,0,0,0,0,1,"Black or African American, non-Hispanic",136,841,841,cds_2007-08.pdf,0
2007,berkeley,0,0,0,0,1,"White, non-Hispanic",1263,7755,7755,cds_2007-08.pdf,0
2007,berkeley,0,0,0,0,1,"American Indian or Alaska Native, non-Hispanic",21,126,126,cds_2007-08.pdf,0
2007,berkeley,0,0,0,0,1,"Asian, non-Hispanic",1919,10272,10272,cds_2007-08.pdf,1
2007,berkeley,0,0,0,0,1,Race and/or ethnicity unknown,279,2017,2017,cds_2007-08.pdf,0
2007,berkeley,0,0,0,0,1,Total,4225,24636,24636,cds_2007-08.pdf,0
2007,bowdoin,0,0,1,1,1,Nonresident,13,51,53,common-data-elements-2007---2008.pdf,0
2007,bowdoin,0,0,1,1,1,Hispanic/Latino,50,126,126,common-data-elements-2007---2008.pdf,0
2007,bowdoin,0,0,1,1,1,"Black or African American, non-Hispanic",42,102,102,common-data-elements-2007---2008.pdf,0
2007,bowdoin,0,0,1,1,1,"White, non-Hispanic",309,1160,1162,common-data-elements-2007---2008.pdf,0
2007,bowdoin,0,0,1,1,1,"American Indian or Alaska Native, non-Hispanic",0,15,15,common-data-elements-2007---2008.pdf,0
2007,bowdoin,0,0,1,1,1,"Asian, non-Hispanic",51,215,217,common-data-elements-2007---2008.pdf,1
2007,bowdoin,0,0,1,1,1,Race and/or ethnicity unknown,11,41,41,common-data-elements-2007---2008.pdf,0
2007,bowdoin,0,0,1,1,1,Total,476,1710,1716,common-data-elements-2007---2008.pdf,0
2007,brown,1,1,0,0,1,Nonresident,126,409,434,Brown_CDS07_08.pdf,0
2007,brown,1,1,0,0,1,Hispanic/Latino,138,489,493,Brown_CDS07_08.pdf,0
2007,brown,1,1,0,0,1,"Black or African American, non-Hispanic",103,394,395,Brown_CDS07_08.pdf,0
2007,brown,1,1,0,0,1,"White, non-Hispanic",652,2822,2868,Brown_CDS07_08.pdf,0
2007,brown,1,1,0,0,1,"American Indian or Alaska Native, non-Hispanic",7,38,38,Brown_CDS07_08.pdf,0
2007,brown,1,1,0,0,1,"Asian, non-Hispanic",265,887,903,Brown_CDS07_08.pdf,1
2007,brown,1,1,0,0,1,Race and/or ethnicity unknown,188,774,877,Brown_CDS07_08.pdf,0
2007,brown,1,1,0,0,1,Total,1479,5813,6008,Brown_CDS07_08.pdf,0
2007,brynmawr,0,0,0,1,0,Nonresident,20,88,91,BrynMawr_CDS_2007-2008.pdf,0
2007,brynmawr,0,0,0,1,0,Hispanic/Latino,12,44,44,BrynMawr_CDS_2007-2008.pdf,0
2007,brynmawr,0,0,0,1,0,"Black or African American, non-Hispanic",21,78,79,BrynMawr_CDS_2007-2008.pdf,0
2007,brynmawr,0,0,0,1,0,"White, non-Hispanic",166,597,600,BrynMawr_CDS_2007-2008.pdf,0
2007,brynmawr,0,0,0,1,0,"American Indian or Alaska Native, non-Hispanic",0,1,1,BrynMawr_CDS_2007-2008.pdf,0
2007,brynmawr,0,0,0,1,0,"Asian, non-Hispanic",37,150,150,BrynMawr_CDS_2007-2008.pdf,1
2007,brynmawr,0,0,0,1,0,Race and/or ethnicity unknown,96,317,322,BrynMawr_CDS_2007-2008.pdf,0
2007,brynmawr,0,0,0,1,0,Total,352,1275,1287,BrynMawr_CDS_2007-2008.pdf,0
2007,caltech,0,1,0,0,1,Nonresident,26,86,86,cds_2007-08.pdf,0
2007,caltech,0,1,0,0,1,"Black or African American, non-Hispanic",3,7,7,cds_2007-08.pdf,0
2007,caltech,0,1,0,0,1,"American Indian or Alaska Native, non-Hispanic",0,1,1,cds_2007-08.pdf,0
2007,caltech,0,1,0,0,1,"Asian, non-Hispanic",90,348,348,cds_2007-08.pdf,1
2007,caltech,0,1,0,0,1,Race and/or ethnicity unknown,6,25,25,cds_2007-08.pdf,0
2007,caltech,0,1,0,0,1,Total,231,913,913,cds_2007-08.pdf,0
2007,carleton,0,0,0,1,1,Nonresident,38,114,116,Carleton_CDS_2007-08.pdf,0
2007,carleton,0,0,0,1,1,Hispanic/Latino,28,109,111,Carleton_CDS_2007-08.pdf,0
2007,carleton,0,0,0,1,1,"Black or African American, non-Hispanic",22,96,96,Carleton_CDS_2007-08.pdf,0
2007,carleton,0,0,0,1,1,"White, non-Hispanic",376,1457,1469,Carleton_CDS_2007-08.pdf,0
2007,carleton,0,0,0,1,1,"American Indian or Alaska Native, non-Hispanic",3,12,12,Carleton_CDS_2007-08.pdf,0
2007,carleton,0,0,0,1,1,"Asian, non-Hispanic",42,198,201,Carleton_CDS_2007-08.pdf,1
2007,carleton,0,0,0,1,1,Race and/or ethnicity unknown,0,0,0,Carleton_CDS_2007-08.pdf,0
2007,carleton,0,0,0,1,1,Total,509,1986,2005,Carleton_CDS_2007-08.pdf,0
2007,colby,0,0,1,1,1,Nonresident,29,118,118,CDS2007-3.pdf,0
2007,colby,0,0,1,1,1,Hispanic/Latino,18,54,54,CDS2007-3.pdf,0
2007,colby,0,0,1,1,1,"Black or African American, non-Hispanic",12,45,45,CDS2007-3.pdf,0
2007,colby,0,0,1,1,1,"White, non-Hispanic",271,1400,1400,CDS2007-3.pdf,0
2007,colby,0,0,1,1,1,"American Indian or Alaska Native, non-Hispanic",3,9,9,CDS2007-3.pdf,0
2007,colby,0,0,1,1,1,"Asian, non-Hispanic",42,143,143,CDS2007-3.pdf,1
2007,colby,0,0,1,1,1,Race and/or ethnicity unknown,92,98,98,CDS2007-3.pdf,0
2007,colby,0,0,1,1,1,Total,467,1867,1867,CDS2007-3.pdf,0
2007,colgate,0,0,0,0,1,Nonresident,34,133,133,cds_2007-08.pdf,0
2007,colgate,0,0,0,0,1,Hispanic/Latino,56,147,148,cds_2007-08.pdf,0
2007,colgate,0,0,0,0,1,"Black or African American, non-Hispanic",41,149,149,cds_2007-08.pdf,0
2007,colgate,0,0,0,0,1,"White, non-Hispanic",541,2068,2081,cds_2007-08.pdf,0
2007,colgate,0,0,0,0,1,"American Indian or Alaska Native, non-Hispanic",4,17,18,cds_2007-08.pdf,0
2007,colgate,0,0,0,0,1,"Asian, non-Hispanic",39,182,182,cds_2007-08.pdf,1
2007,colgate,0,0,0,0,1,Race and/or ethnicity unknown,29,104,120,cds_2007-08.pdf,0
2007,colgate,0,0,0,0,1,Total,744,2800,2831,cds_2007-08.pdf,0
2007,cornell,1,1,0,0,1,Nonresident,279,1028,1073,CDS_2007-2008.pdf,0
2007,cornell,1,1,0,0,1,Hispanic/Latino,173,748,748,CDS_2007-2008.pdf,0
2007,cornell,1,1,0,0,1,"Black or African American, non-Hispanic",167,712,712,CDS_2007-2008.pdf,0
2007,cornell,1,1,0,0,1,"White, non-Hispanic",1278,6714,6716,CDS_2007-2008.pdf,0
2007,cornell,1,1,0,0,1,"American Indian or Alaska Native, non-Hispanic",16,69,69,CDS_2007-2008.pdf,0
2007,cornell,1,1,0,0,1,"Asian, non-Hispanic",477,2189,2191,CDS_2007-2008.pdf,1
2007,cornell,1,1,0,0,1,Race and/or ethnicity unknown,620,1995,2001,CDS_2007-2008.pdf,0
2007,cornell,1,1,0,0,1,Total,3010,13455,13510,CDS_2007-2008.pdf,0
2007,dartmouth,1,1,0,0,1,Nonresident,94,262,276,cds2007-2008.pdf,0
2007,dartmouth,1,1,0,0,1,Hispanic/Latino,80,260,262,cds2007-2008.pdf,0
2007,dartmouth,1,1,0,0,1,"Black or African American, non-Hispanic",86,298,298,cds2007-2008.pdf,0
2007,dartmouth,1,1,0,0,1,"White, non-Hispanic",607,2344,2366,cds2007-2008.pdf,0
2007,dartmouth,1,1,0,0,1,"American Indian or Alaska Native, non-Hispanic",38,147,147,cds2007-2008.pdf,0
2007,dartmouth,1,1,0,0,1,"Asian, non-Hispanic",165,557,557,cds2007-2008.pdf,1
2007,dartmouth,1,1,0,0,1,Race and/or ethnicity unknown,45,206,258,cds2007-2008.pdf,0
2007,dartmouth,1,1,0,0,1,Total,1115,4074,4164,cds2007-2008.pdf,0
2007,georgetown,0,0,0,0,1,Nonresident,76,363,552,georgetown_cds_2007-2008.pdf,0
2007,georgetown,0,0,0,0,1,Hispanic/Latino,85,446,452,georgetown_cds_2007-2008.pdf,0
2007,georgetown,0,0,0,0,1,"Black or African American, non-Hispanic",105,458,470,georgetown_cds_2007-2008.pdf,0
2007,georgetown,0,0,0,0,1,"White, non-Hispanic",1086,4446,4533,georgetown_cds_2007-2008.pdf,0
2007,georgetown,0,0,0,0,1,"American Indian or Alaska Native, non-Hispanic",27,9,,georgetown_cds_2007-2008.pdf,0
2007,georgetown,0,0,0,0,1,"Asian, non-Hispanic",175,602,610,georgetown_cds_2007-2008.pdf,1
2007,georgetown,0,0,0,0,1,Race and/or ethnicity unknown,53,301,412,georgetown_cds_2007-2008.pdf,0
2007,georgetown,0,0,0,0,1,Total,1582,6623,7038,georgetown_cds_2007-2008.pdf,0
2007,grinnell,0,0,0,0,1,Nonresident,57,183,186,GC_CDS_2007-08.pdf,0
2007,grinnell,0,0,0,0,1,Hispanic/Latino,27,81,81,GC_CDS_2007-08.pdf,0
2007,grinnell,0,0,0,0,1,"Black or African American, non-Hispanic",22,78,78,GC_CDS_2007-08.pdf,0
2007,grinnell,0,0,0,0,1,"White, non-Hispanic",254,1060,1066,GC_CDS_2007-08.pdf,0
2007,grinnell,0,0,0,0,1,"American Indian or Alaska Native, non-Hispanic",3,6,6,GC_CDS_2007-08.pdf,0
2007,grinnell,0,0,0,0,1,"Asian, non-Hispanic",34,113,113,GC_CDS_2007-08.pdf,1
2007,grinnell,0,0,0,0,1,Race and/or ethnicity unknown,29,102,124,GC_CDS_2007-08.pdf,0
2007,grinnell,0,0,0,0,1,Total,426,1623,1654,GC_CDS_2007-08.pdf,0
2007,hamilton,0,0,1,1,1,Nonresident,24,94,,hamilton_cds_2007-2008.pdf,0
2007,hamilton,0,0,1,1,1,Hispanic/Latino,26,88,,hamilton_cds_2007-2008.pdf,0
2007,hamilton,0,0,1,1,1,"Black or African American, non-Hispanic",16,67,,hamilton_cds_2007-2008.pdf,0
2007,hamilton,0,0,1,1,1,"White, non-Hispanic",340,1252,,hamilton_cds_2007-2008.pdf,0
2007,hamilton,0,0,1,1,1,"American Indian or Alaska Native, non-Hispanic",5,16,,hamilton_cds_2007-2008.pdf,0
2007,hamilton,0,0,1,1,1,"Asian, non-Hispanic",39,128,,hamilton_cds_2007-2008.pdf,1
2007,hamilton,0,0,1,1,1,Race and/or ethnicity unknown,18,165,,hamilton_cds_2007-2008.pdf,0
2007,hamilton,0,0,1,1,1,Total,468,1810,0,hamilton_cds_2007-2008.pdf,0
2007,hampshire,0,0,0,1,0,Nonresident,15,43,52,hampshire-cds-2007-2008.pdf,0
2007,hampshire,0,0,0,1,0,Hispanic/Latino,20,77,81,hampshire-cds-2007-2008.pdf,0
2007,hampshire,0,0,0,1,0,"Black or African American, non-Hispanic",16,57,61,hampshire-cds-2007-2008.pdf,0
2007,hampshire,0,0,0,1,0,"White, non-Hispanic",303,1022,1023,hampshire-cds-2007-2008.pdf,0
2007,hampshire,0,0,0,1,0,"American Indian or Alaska Native, non-Hispanic",3,9,10,hampshire-cds-2007-2008.pdf,0
2007,hampshire,0,0,0,1,0,"Asian, non-Hispanic",21,55,55,hampshire-cds-2007-2008.pdf,1
2007,hampshire,0,0,0,1,0,Race and/or ethnicity unknown,14,149,149,hampshire-cds-2007-2008.pdf,0
2007,hampshire,0,0,0,1,0,Total,392,1412,1431,hampshire-cds-2007-2008.pdf,0
2007,harvard,1,1,0,0,1,Nonresident,169,645,645,harvard_cds_2007-2008.pdf,0
2007,harvard,1,1,0,0,1,Hispanic/Latino,137,465,465,harvard_cds_2007-2008.pdf,0
2007,harvard,1,1,0,0,1,"Black or African American, non-Hispanic",131,520,520,harvard_cds_2007-2008.pdf,0
2007,harvard,1,1,0,0,1,"White, non-Hispanic",707,2981,2981,harvard_cds_2007-2008.pdf,0
2007,harvard,1,1,0,0,1,"American Indian or Alaska Native, non-Hispanic",13,49,49,harvard_cds_2007-2008.pdf,0
2007,harvard,1,1,0,0,1,"Asian, non-Hispanic",300,1033,1033,harvard_cds_2007-2008.pdf,1
2007,harvard,1,1,0,0,1,Race and/or ethnicity unknown,211,955,955,harvard_cds_2007-2008.pdf,0
2007,harvard,1,1,0,0,1,Total,1668,6648,6648,harvard_cds_2007-2008.pdf,0
2007,haverford,0,0,0,1,0,Nonresident,64,1,41,cds_2007-2008.pdf,0
2007,haverford,0,0,0,1,0,Hispanic/Latino,27,98,98,cds_2007-2008.pdf,0
2007,haverford,0,0,0,1,0,"Black or African American, non-Hispanic",28,98,98,cds_2007-2008.pdf,0
2007,haverford,0,0,0,1,0,"White, non-Hispanic",212,796,796,cds_2007-2008.pdf,0
2007,haverford,0,0,0,1,0,"American Indian or Alaska Native, non-Hispanic",28,8,,cds_2007-2008.pdf,0
2007,haverford,0,0,0,1,0,"Asian, non-Hispanic",40,128,128,cds_2007-2008.pdf,1
2007,haverford,0,0,0,1,0,Race and/or ethnicity unknown,00,0,,cds_2007-2008.pdf,0
2007,haverford,0,0,0,1,0,Total,315,1169,1169,cds_2007-2008.pdf,0
2007,jhu,0,1,0,0,1,Nonresident,67,239,244,cds_2007-2008.pdf,0
2007,jhu,0,1,0,0,1,Hispanic/Latino,72,300,300,cds_2007-2008.pdf,0
2007,jhu,0,1,0,0,1,"Black or African American, non-Hispanic",91,293,293,cds_2007-2008.pdf,0
2007,jhu,0,1,0,0,1,"White, non-Hispanic",640,2103,2104,cds_2007-2008.pdf,0
2007,jhu,0,1,0,0,1,"American Indian or Alaska Native, non-Hispanic",7,29,29,cds_2007-2008.pdf,0
2007,jhu,0,1,0,0,1,"Asian, non-Hispanic",310,1143,1144,cds_2007-2008.pdf,1
2007,jhu,0,1,0,0,1,Race and/or ethnicity unknown,19,471,477,cds_2007-2008.pdf,0
2007,jhu,0,1,0,0,1,Total,1206,4578,4591,cds_2007-2008.pdf,0
2007,middlebury,0,0,1,1,1,Nonresident,63,243,260,CDS_2007-2008.pdf,0
2007,middlebury,0,0,1,1,1,Hispanic/Latino,51,142,142,CDS_2007-2008.pdf,0
2007,middlebury,0,0,1,1,1,"Black or African American, non-Hispanic",24,73,73,CDS_2007-2008.pdf,0
2007,middlebury,0,0,1,1,1,"White, non-Hispanic",401,1660,1666,CDS_2007-2008.pdf,0
2007,middlebury,0,0,1,1,1,"American Indian or Alaska Native, non-Hispanic",4,12,12,CDS_2007-2008.pdf,0
2007,middlebury,0,0,1,1,1,"Asian, non-Hispanic",74,210,210,CDS_2007-2008.pdf,1
2007,middlebury,0,0,1,1,1,Race and/or ethnicity unknown,27,135,137,CDS_2007-2008.pdf,0
2007,middlebury,0,0,1,1,1,Total,644,2475,2500,CDS_2007-2008.pdf,0
2007,mtholyoke,0,0,0,1,0,Nonresident,65,353,353,mtholyoke_cds_2007-2008.pdf,0
2007,mtholyoke,0,0,0,1,0,Hispanic/Latino,30,116,116,mtholyoke_cds_2007-2008.pdf,0
2007,mtholyoke,0,0,0,1,0,"Black or African American, non-Hispanic",25,105,106,mtholyoke_cds_2007-2008.pdf,0
2007,mtholyoke,0,0,0,1,0,"White, non-Hispanic",274,1097,1106,mtholyoke_cds_2007-2008.pdf,0
2007,mtholyoke,0,0,0,1,0,"American Indian or Alaska Native, non-Hispanic",2,14,14,mtholyoke_cds_2007-2008.pdf,0
2007,mtholyoke,0,0,0,1,0,"Asian, non-Hispanic",66,265,265,mtholyoke_cds_2007-2008.pdf,1
2007,mtholyoke,0,0,0,1,0,Race and/or ethnicity unknown,50,235,241,mtholyoke_cds_2007-2008.pdf,0
2007,mtholyoke,0,0,0,1,0,Total,512,2185,2201,mtholyoke_cds_2007-2008.pdf,0
2007,northwestern,0,0,0,0,1,Nonresident,94,407,,cds_2007-08.pdf,0
2007,northwestern,0,0,0,0,1,Hispanic/Latino,146,546,,cds_2007-08.pdf,0
2007,northwestern,0,0,0,0,1,"Black or African American, non-Hispanic",110,480,,cds_2007-08.pdf,0
2007,northwestern,0,0,0,0,1,"White, non-Hispanic",1116,4864,,cds_2007-08.pdf,0
2007,northwestern,0,0,0,0,1,"American Indian or Alaska Native, non-Hispanic",4,10,,cds_2007-08.pdf,0
2007,northwestern,0,0,0,0,1,"Asian, non-Hispanic",380,1395,,cds_2007-08.pdf,1
2007,northwestern,0,0,0,0,1,Race and/or ethnicity unknown,131,474,,cds_2007-08.pdf,0
2007,northwestern,0,0,0,0,1,Total,1981,8176,,cds_2007-08.pdf,0
2007,notredame,0,0,0,0,1,Nonresident,57,243,,CDS_2007-2008.pdf,0
2007,notredame,0,0,0,0,1,Hispanic/Latino,186,776,,CDS_2007-2008.pdf,0
2007,notredame,0,0,0,0,1,"Black or African American, non-Hispanic",92,339,,CDS_2007-2008.pdf,0
2007,notredame,0,0,0,0,1,"White, non-Hispanic",1503,6363,,CDS_2007-2008.pdf,0
2007,notredame,0,0,0,0,1,"American Indian or Alaska Native, non-Hispanic",13,60,,CDS_2007-2008.pdf,0
2007,notredame,0,0,0,0,1,"Asian, non-Hispanic",140,588,,CDS_2007-2008.pdf,1
2007,notredame,0,0,0,0,1,Total,1991,8369,,CDS_2007-2008.pdf,0
2007,pomona,0,0,0,1,1,Nonresident,15,44,,cds-2007-2008.pdf,0
2007,pomona,0,0,0,1,1,Hispanic/Latino,38,170,,cds-2007-2008.pdf,0
2007,pomona,0,0,0,1,1,"Black or African American, non-Hispanic",34,126,,cds-2007-2008.pdf,0
2007,pomona,0,0,0,1,1,"White, non-Hispanic",168,737,,cds-2007-2008.pdf,0
2007,pomona,0,0,0,1,1,"American Indian or Alaska Native, non-Hispanic",0,4,,cds-2007-2008.pdf,0
2007,pomona,0,0,0,1,1,"Asian, non-Hispanic",50,218,,cds-2007-2008.pdf,1
2007,pomona,0,0,0,1,1,Race and/or ethnicity unknown,70,222,,cds-2007-2008.pdf,0
2007,pomona,0,0,0,1,1,Total,375,1521,0,cds-2007-2008.pdf,0
2007,princeton,1,1,0,0,1,Nonresident,138,451,,cds_0708_princeton.pdf,0
2007,princeton,1,1,0,0,1,Hispanic/Latino,99,364,,cds_0708_princeton.pdf,0
2007,princeton,1,1,0,0,1,"Black or African American, non-Hispanic",99,416,,cds_0708_princeton.pdf,0
2007,princeton,1,1,0,0,1,"White, non-Hispanic",499,2535,,cds_0708_princeton.pdf,0
2007,princeton,1,1,0,0,1,"American Indian or Alaska Native, non-Hispanic",3,34,,cds_0708_princeton.pdf,0
2007,princeton,1,1,0,0,1,"Asian, non-Hispanic",186,684,,cds_0708_princeton.pdf,1
2007,princeton,1,1,0,0,1,Race and/or ethnicity unknown,218,349,,cds_0708_princeton.pdf,0
2007,princeton,1,1,0,0,1,Total,1242,4833,,cds_0708_princeton.pdf,0
2007,richmond,0,0,0,0,1,Nonresident,38,125,189,cds_2007-08.pdf,0
2007,richmond,0,0,0,0,1,Hispanic/Latino,19,87,87,cds_2007-08.pdf,0
2007,richmond,0,0,0,0,1,"Black or African American, non-Hispanic",41,164,164,cds_2007-08.pdf,0
2007,richmond,0,0,0,0,1,"White, non-Hispanic",602,2031,2037,cds_2007-08.pdf,0
2007,richmond,0,0,0,0,1,"American Indian or Alaska Native, non-Hispanic",2,8,8,cds_2007-08.pdf,0
2007,richmond,0,0,0,0,1,"Asian, non-Hispanic",29,115,115,cds_2007-08.pdf,1
2007,richmond,0,0,0,0,1,Race and/or ethnicity unknown,70,188,194,cds_2007-08.pdf,0
2007,richmond,0,0,0,0,1,Total,801,2718,2794,cds_2007-08.pdf,0
2007,stanford,0,1,0,0,1,Nonresident,126,414,,cds_2007-2008.pdf,0
2007,stanford,0,1,0,0,1,Hispanic/Latino,219,752,,cds_2007-2008.pdf,0
2007,stanford,0,1,0,0,1,"Black or African American, non-Hispanic",143,619,,cds_2007-2008.pdf,0
2007,stanford,0,1,0,0,1,"White, non-Hispanic",689,2683,,cds_2007-2008.pdf,0
2007,stanford,0,1,0,0,1,"American Indian or Alaska Native, non-Hispanic",41,149,,cds_2007-2008.pdf,0
2007,stanford,0,1,0,0,1,"Asian, non-Hispanic",429,1577,,cds_2007-2008.pdf,1
2007,stanford,0,1,0,0,1,Total,1721,6520,,cds_2007-2008.pdf,0
2007,swarthmore,0,0,0,1,1,Total,365,1480,1491,cds-2007-2008.pdf,0
2007,ucla,0,0,0,0,1,Race and/or ethnicity unknown,165,1239,,cds_2007-08.pdf,0
2007,ucla,0,0,0,0,1,Total,4564,25928,,cds_2007-08.pdf,0
2007,umich,0,0,0,0,1,Nonresident,251,1211,1266,cds_2007-2008.pdf,0
2007,umich,0,0,0,0,1,Hispanic/Latino,267,1210,1212,cds_2007-2008.pdf,0
2007,umich,0,0,0,0,1,"Black or African American, non-Hispanic",334,1630,1633,cds_2007-2008.pdf,0
2007,umich,0,0,0,0,1,"White, non-Hispanic",3818,17042,17116,cds_2007-2008.pdf,0
2007,umich,0,0,0,0,1,"American Indian or Alaska Native, non-Hispanic",50,240,242,cds_2007-2008.pdf,0
2007,umich,0,0,0,0,1,"Asian, non-Hispanic",757,3131,3140,cds_2007-2008.pdf,1
2007,umich,0,0,0,0,1,Race and/or ethnicity unknown,515,1452,1474,cds_2007-2008.pdf,0
2007,umich,0,0,0,0,1,Total,5992,25916,26083,cds_2007-2008.pdf,0
2007,vassar,0,0,0,1,1,Nonresident,47,134,150,vassar-cds-2007-2008.pdf,0
2007,vassar,0,0,0,1,1,Hispanic/Latino,54,164,167,vassar-cds-2007-2008.pdf,0
2007,vassar,0,0,0,1,1,"Black or African American, non-Hispanic",29,116,118,vassar-cds-2007-2008.pdf,0
2007,vassar,0,0,0,1,1,"White, non-Hispanic",472,1745,1759,vassar-cds-2007-2008.pdf,0
2007,vassar,0,0,0,1,1,"American Indian or Alaska Native, non-Hispanic",1,4,4,vassar-cds-2007-2008.pdf,0
2007,vassar,0,0,0,1,1,"Asian, non-Hispanic",75,246,251,vassar-cds-2007-2008.pdf,1
2007,vassar,0,0,0,1,1,Race and/or ethnicity unknown,,,1,vassar-cds-2007-2008.pdf,0
2007,vassar,0,0,0,1,1,Total,678,2409,2450,vassar-cds-2007-2008.pdf,0
2007,washandlee,0,0,0,1,1,Nonresident,21,70,73,wlu_cds_2007-08.pdf,0
2007,washandlee,0,0,0,1,1,Hispanic/Latino,11,31,31,wlu_cds_2007-08.pdf,0
2007,washandlee,0,0,0,1,1,"Black or African American, non-Hispanic",15,64,64,wlu_cds_2007-08.pdf,0
2007,washandlee,0,0,0,1,1,"White, non-Hispanic",388,1515,1515,wlu_cds_2007-08.pdf,0
2007,washandlee,0,0,0,1,1,"American Indian or Alaska Native, non-Hispanic",1,6,6,wlu_cds_2007-08.pdf,0
2007,washandlee,0,0,0,1,1,"Asian, non-Hispanic",19,67,68,wlu_cds_2007-08.pdf,1
2007,washandlee,0,0,0,1,1,Race and/or ethnicity unknown,8,21,21,wlu_cds_2007-08.pdf,0
2007,washandlee,0,0,0,1,1,Total,463,1774,1778,wlu_cds_2007-08.pdf,0
2007,wellesley,0,0,0,1,1,Nonresident,52,180,190,Wellesley_CDS_2007-2008.pdf,0
2007,wellesley,0,0,0,1,1,Hispanic/Latino,39,161,161,Wellesley_CDS_2007-2008.pdf,0
2007,wellesley,0,0,0,1,1,"Black or African American, non-Hispanic",38,135,136,Wellesley_CDS_2007-2008.pdf,0
2007,wellesley,0,0,0,1,1,"White, non-Hispanic",259,1010,1021,Wellesley_CDS_2007-2008.pdf,0
2007,wellesley,0,0,0,1,1,"American Indian or Alaska Native, non-Hispanic",5,11,11,Wellesley_CDS_2007-2008.pdf,0
2007,wellesley,0,0,0,1,1,"Asian, non-Hispanic",170,624,627,Wellesley_CDS_2007-2008.pdf,1
2007,wellesley,0,0,0,1,1,Race and/or ethnicity unknown,27,126,234,Wellesley_CDS_2007-2008.pdf,0
2007,wellesley,0,0,0,1,1,Total,590,2247,2380,Wellesley_CDS_2007-2008.pdf,0
2007,wesleyan,0,0,1,1,1,Nonresident,48,173,180,cds2007-08.pdf,0
2007,wesleyan,0,0,1,1,1,Hispanic/Latino,58,230,230,cds2007-08.pdf,0
2007,wesleyan,0,0,1,1,1,"Black or African American, non-Hispanic",57,189,189,cds2007-08.pdf,0
2007,wesleyan,0,0,1,1,1,"White, non-Hispanic",454,1706,1706,cds2007-08.pdf,0
2007,wesleyan,0,0,1,1,1,"American Indian or Alaska Native, non-Hispanic",5,15,15,cds2007-08.pdf,0
2007,wesleyan,0,0,1,1,1,"Asian, non-Hispanic",73,297,297,cds2007-08.pdf,1
2007,wesleyan,0,0,1,1,1,Race and/or ethnicity unknown,38,177,179,cds2007-08.pdf,0
2007,wesleyan,0,0,1,1,1,Total,733,2787,2796,cds2007-08.pdf,0
2007,williams,0,0,1,1,1,Nonresident,47,132,,2007-2008_williams_common_data_set.pdf,0
2007,williams,0,0,1,1,1,Hispanic/Latino,48,170,,2007-2008_williams_common_data_set.pdf,0
2007,williams,0,0,1,1,1,"Black or African American, non-Hispanic",50,193,,2007-2008_williams_common_data_set.pdf,0
2007,williams,0,0,1,1,1,"White, non-Hispanic",336,1250,,2007-2008_williams_common_data_set.pdf,0
2007,williams,0,0,1,1,1,"American Indian or Alaska Native, non-Hispanic",2,7,,2007-2008_williams_common_data_set.pdf,0
2007,williams,0,0,1,1,1,"Asian, non-Hispanic",57,210,,2007-2008_williams_common_data_set.pdf,1
2007,williams,0,0,1,1,1,Total,540,1962,,2007-2008_williams_common_data_set.pdf,0
2007,yale,1,1,0,0,1,Nonresident,122,444,445,cds2007_2008_2.pdf,0
2007,yale,1,1,0,0,1,Hispanic/Latino,121,431,431,cds2007_2008_2.pdf,0
2007,yale,1,1,0,0,1,"Black or African American, non-Hispanic",112,464,464,cds2007_2008_2.pdf,0
2007,yale,1,1,0,0,1,"White, non-Hispanic",609,2576,2584,cds2007_2008_2.pdf,0
2007,yale,1,1,0,0,1,"American Indian or Alaska Native, non-Hispanic",15,59,59,cds2007_2008_2.pdf,0
2007,yale,1,1,0,0,1,"Asian, non-Hispanic",200,723,724,cds2007_2008_2.pdf,1
2007,yale,1,1,0,0,1,Race and/or ethnicity unknown,139,594,604,cds2007_2008_2.pdf,0
2007,yale,1,1,0,0,1,Total,1318,5291,5311,cds2007_2008_2.pdf,0
2008,amherst,0,0,1,1,1,Nonresident,39,123,123,amherst_cds_2008_2008_Enrollment_and_Persistence.pdf,0
2008,amherst,0,0,1,1,1,Hispanic/Latino,46,160,160,amherst_cds_2008_2008_Enrollment_and_Persistence.pdf,0
2008,amherst,0,0,1,1,1,"Black or African American, non-Hispanic",48,173,173,amherst_cds_2008_2008_Enrollment_and_Persistence.pdf,0
2008,amherst,0,0,1,1,1,"White, non-Hispanic",163,708,708,amherst_cds_2008_2008_Enrollment_and_Persistence.pdf,0
2008,amherst,0,0,1,1,1,"American Indian or Alaska Native, non-Hispanic",0,3,3,amherst_cds_2008_2008_Enrollment_and_Persistence.pdf,0
2008,amherst,0,0,1,1,1,"Asian, non-Hispanic",47,172,172,amherst_cds_2008_2008_Enrollment_and_Persistence.pdf,1
2008,amherst,0,0,1,1,1,Race and/or ethnicity unknown,96,358,358,amherst_cds_2008_2008_Enrollment_and_Persistence.pdf,0
2008,amherst,0,0,1,1,1,Total,439,1697,1697,amherst_cds_2008_2008_Enrollment_and_Persistence.pdf,0
2008,bates,0,0,1,1,1,Nonresident,32,97,97,CDS_2008-2009.pdf,0
2008,bates,0,0,1,1,1,Hispanic/Latino,28,63,63,CDS_2008-2009.pdf,0
2008,bates,0,0,1,1,1,"Black or African American, non-Hispanic",34,69,69,CDS_2008-2009.pdf,0
2008,bates,0,0,1,1,1,"White, non-Hispanic",381,1387,1387,CDS_2008-2009.pdf,0
2008,bates,0,0,1,1,1,"American Indian or Alaska Native, non-Hispanic",2,6,6,CDS_2008-2009.pdf,0
2008,bates,0,0,1,1,1,"Asian, non-Hispanic",30,106,106,CDS_2008-2009.pdf,1
2008,bates,0,0,1,1,1,Race and/or ethnicity unknown,14,48,48,CDS_2008-2009.pdf,0
2008,bates,0,0,1,1,1,Total,521,1776,1776,CDS_2008-2009.pdf,0
2008,berkeley,0,0,0,0,1,Nonresident,360,1073,1073,cds_2008-09.pdf,0
2008,berkeley,0,0,0,0,1,Hispanic/Latino,450,2926,2926,cds_2008-09.pdf,0
2008,berkeley,0,0,0,0,1,"Black or African American, non-Hispanic",146,889,889,cds_2008-09.pdf,0
2008,berkeley,0,0,0,0,1,"White, non-Hispanic",1178,7740,7740,cds_2008-09.pdf,0
2008,berkeley,0,0,0,0,1,"American Indian or Alaska Native, non-Hispanic",19,121,121,cds_2008-09.pdf,0
2008,berkeley,0,0,0,0,1,"Asian, non-Hispanic",1793,10457,10457,cds_2008-09.pdf,1
2008,berkeley,0,0,0,0,1,Race and/or ethnicity unknown,315,1945,1945,cds_2008-09.pdf,0
2008,berkeley,0,0,0,0,1,Total,4261,25151,25151,cds_2008-09.pdf,0
2008,bowdoin,0,0,1,1,1,Nonresident,16,51,51,common-data-elements-2008---2009.pdf,0
2008,bowdoin,0,0,1,1,1,Hispanic/Latino,61,155,155,common-data-elements-2008---2009.pdf,0
2008,bowdoin,0,0,1,1,1,"Black or African American, non-Hispanic",37,108,108,common-data-elements-2008---2009.pdf,0
2008,bowdoin,0,0,1,1,1,"White, non-Hispanic",309,1162,1169,common-data-elements-2008---2009.pdf,0
2008,bowdoin,0,0,1,1,1,"American Indian or Alaska Native, non-Hispanic",2,10,10,common-data-elements-2008---2009.pdf,0
2008,bowdoin,0,0,1,1,1,"Asian, non-Hispanic",58,199,199,common-data-elements-2008---2009.pdf,1
2008,bowdoin,0,0,1,1,1,Race and/or ethnicity unknown,5,31,31,common-data-elements-2008---2009.pdf,0
2008,bowdoin,0,0,1,1,1,Total,488,1716,1723,common-data-elements-2008---2009.pdf,0
2008,brown,1,1,0,0,1,Nonresident,150,478,514,CDS2008_2009.pdf,0
2008,brown,1,1,0,0,1,Hispanic/Latino,136,509,516,CDS2008_2009.pdf,0
2008,brown,1,1,0,0,1,"Black or African American, non-Hispanic",104,399,402,CDS2008_2009.pdf,0
2008,brown,1,1,0,0,1,"White, non-Hispanic",623,2661,2748,CDS2008_2009.pdf,0
2008,brown,1,1,0,0,1,"American Indian or Alaska Native, non-Hispanic",9,34,34,CDS2008_2009.pdf,0
2008,brown,1,1,0,0,1,"Asian, non-Hispanic",270,940,962,CDS2008_2009.pdf,1
2008,brown,1,1,0,0,1,Race and/or ethnicity unknown,256,853,919,CDS2008_2009.pdf,0
2008,brown,1,1,0,0,1,Total,1548,5874,6095,CDS2008_2009.pdf,0
2008,brynmawr,0,0,0,1,0,Nonresident,36,89,90,BrynMawr_CDS_2008-2009.pdf,0
2008,brynmawr,0,0,0,1,0,Hispanic/Latino,16,48,48,BrynMawr_CDS_2008-2009.pdf,0
2008,brynmawr,0,0,0,1,0,"Black or African American, non-Hispanic",18,75,76,BrynMawr_CDS_2008-2009.pdf,0
2008,brynmawr,0,0,0,1,0,"White, non-Hispanic",139,581,588,BrynMawr_CDS_2008-2009.pdf,0
2008,brynmawr,0,0,0,1,0,"American Indian or Alaska Native, non-Hispanic",1,2,2,BrynMawr_CDS_2008-2009.pdf,0
2008,brynmawr,0,0,0,1,0,"Asian, non-Hispanic",40,151,151,BrynMawr_CDS_2008-2009.pdf,1
2008,brynmawr,0,0,0,1,0,Race and/or ethnicity unknown,116,328,332,BrynMawr_CDS_2008-2009.pdf,0
2008,brynmawr,0,0,0,1,0,Total,366,1274,1287,BrynMawr_CDS_2008-2009.pdf,0
2008,caltech,0,1,0,0,1,Hispanic/Latino,13,51,51,cds_2008-09.pdf,0
2008,caltech,0,1,0,0,1,"Black or African American, non-Hispanic",27,7,,cds_2008-09.pdf,0
2008,caltech,0,1,0,0,1,"White, non-Hispanic",91,372,372,cds_2008-09.pdf,0
2008,caltech,0,1,0,0,1,"American Indian or Alaska Native, non-Hispanic",00,0,,cds_2008-09.pdf,0
2008,caltech,0,1,0,0,1,"Asian, non-Hispanic",94,367,367,cds_2008-09.pdf,1
2008,caltech,0,1,0,0,1,Race and/or ethnicity unknown,82,0,20,cds_2008-09.pdf,0
2008,caltech,0,1,0,0,1,Total,236,921,921,cds_2008-09.pdf,0
2008,carleton,0,0,0,1,1,Nonresident,34,121,121,Carleton_CDS_2008-09.pdf,0
2008,carleton,0,0,0,1,1,Hispanic/Latino,25,104,106,Carleton_CDS_2008-09.pdf,0
2008,carleton,0,0,0,1,1,"Black or African American, non-Hispanic",29,100,100,Carleton_CDS_2008-09.pdf,0
2008,carleton,0,0,0,1,1,"White, non-Hispanic",352,1444,1463,Carleton_CDS_2008-09.pdf,0
2008,carleton,0,0,0,1,1,"American Indian or Alaska Native, non-Hispanic",6,17,17,Carleton_CDS_2008-09.pdf,0
2008,carleton,0,0,0,1,1,"Asian, non-Hispanic",43,189,193,Carleton_CDS_2008-09.pdf,1
2008,carleton,0,0,0,1,1,Race and/or ethnicity unknown,0,0,0,Carleton_CDS_2008-09.pdf,0
2008,carleton,0,0,0,1,1,Total,489,1975,2000,Carleton_CDS_2008-09.pdf,0
2008,colby,0,0,1,1,1,Nonresident,19,95,95,CDS2008_2009.pdf,0
2008,colby,0,0,1,1,1,Hispanic/Latino,13,51,51,CDS2008_2009.pdf,0
2008,colby,0,0,1,1,1,"Black or African American, non-Hispanic",8,41,41,CDS2008_2009.pdf,0
2008,colby,0,0,1,1,1,"White, non-Hispanic",280,1204,1204,CDS2008_2009.pdf,0
2008,colby,0,0,1,1,1,"American Indian or Alaska Native, non-Hispanic",2,9,9,CDS2008_2009.pdf,0
2008,colby,0,0,1,1,1,"Asian, non-Hispanic",44,152,152,CDS2008_2009.pdf,1
2008,colby,0,0,1,1,1,Race and/or ethnicity unknown,116,294,294,CDS2008_2009.pdf,0
2008,colby,0,0,1,1,1,Total,482,1846,1846,CDS2008_2009.pdf,0
2008,colgate,0,0,0,0,1,Nonresident,32,131,136,cds_2008-09.pdf,0
2008,colgate,0,0,0,0,1,Hispanic/Latino,51,175,176,cds_2008-09.pdf,0
2008,colgate,0,0,0,0,1,"Black or African American, non-Hispanic",50,158,158,cds_2008-09.pdf,0
2008,colgate,0,0,0,0,1,"White, non-Hispanic",546,2084,2093,cds_2008-09.pdf,0
2008,colgate,0,0,0,0,1,"American Indian or Alaska Native, non-Hispanic",8,16,17,cds_2008-09.pdf,0
2008,colgate,0,0,0,0,1,"Asian, non-Hispanic",32,168,168,cds_2008-09.pdf,1
2008,colgate,0,0,0,0,1,Race and/or ethnicity unknown,19,74,88,cds_2008-09.pdf,0
2008,colgate,0,0,0,0,1,Total,738,2806,2836,cds_2008-09.pdf,0
2008,cornell,1,1,0,0,1,Nonresident,307,1135,1199,CDS_2008-2009.pdf,0
2008,cornell,1,1,0,0,1,Hispanic/Latino,179,768,768,CDS_2008-2009.pdf,0
2008,cornell,1,1,0,0,1,"Black or African American, non-Hispanic",135,699,699,CDS_2008-2009.pdf,0
2008,cornell,1,1,0,0,1,"White, non-Hispanic",1435,6761,6764,CDS_2008-2009.pdf,0
2008,cornell,1,1,0,0,1,"American Indian or Alaska Native, non-Hispanic",13,66,66,CDS_2008-2009.pdf,0
2008,cornell,1,1,0,0,1,"Asian, non-Hispanic",566,2283,2283,CDS_2008-2009.pdf,1
2008,cornell,1,1,0,0,1,Race and/or ethnicity unknown,504,2060,2067,CDS_2008-2009.pdf,0
2008,cornell,1,1,0,0,1,Total,3139,13772,13846,CDS_2008-2009.pdf,0
2008,dartmouth,1,1,0,0,1,Nonresident,77,269,286,CDS2008_2009.pdf,0
2008,dartmouth,1,1,0,0,1,Hispanic/Latino,88,277,277,CDS2008_2009.pdf,0
2008,dartmouth,1,1,0,0,1,"Black or African American, non-Hispanic",103,329,329,CDS2008_2009.pdf,0
2008,dartmouth,1,1,0,0,1,"White, non-Hispanic",569,2285,2300,CDS2008_2009.pdf,0
2008,dartmouth,1,1,0,0,1,"American Indian or Alaska Native, non-Hispanic",44,151,151,CDS2008_2009.pdf,0
2008,dartmouth,1,1,0,0,1,"Asian, non-Hispanic",163,559,561,CDS2008_2009.pdf,1
2008,dartmouth,1,1,0,0,1,Race and/or ethnicity unknown,52,197,243,CDS2008_2009.pdf,0
2008,dartmouth,1,1,0,0,1,Total,1096,4067,4147,CDS2008_2009.pdf,0
2008,duke,0,1,0,0,1,Nonresident,125,430,442,Duke_CDS_2008-2009.pdf,0
2008,duke,0,1,0,0,1,Hispanic/Latino,126,420,425,Duke_CDS_2008-2009.pdf,0
2008,duke,0,1,0,0,1,"Black or African American, non-Hispanic",177,629,636,Duke_CDS_2008-2009.pdf,0
2008,duke,0,1,0,0,1,"White, non-Hispanic",670,2980,3050,Duke_CDS_2008-2009.pdf,0
2008,duke,0,1,0,0,1,"American Indian or Alaska Native, non-Hispanic",8,26,26,Duke_CDS_2008-2009.pdf,0
2008,duke,0,1,0,0,1,"Asian, non-Hispanic",306,1381,1390,Duke_CDS_2008-2009.pdf,1
2008,duke,0,1,0,0,1,Race and/or ethnicity unknown,311,534,581,Duke_CDS_2008-2009.pdf,0
2008,duke,0,1,0,0,1,Total,1723,6400,6550,Duke_CDS_2008-2009.pdf,0
2008,georgetown,0,0,0,0,1,Nonresident,80,302,472,georgetown_cds_2008-2009.pdf,0
2008,georgetown,0,0,0,0,1,Hispanic/Latino,87,438,448,georgetown_cds_2008-2009.pdf,0
2008,georgetown,0,0,0,0,1,"Black or African American, non-Hispanic",96,458,467,georgetown_cds_2008-2009.pdf,0
2008,georgetown,0,0,0,0,1,"White, non-Hispanic",1107,4580,4643,georgetown_cds_2008-2009.pdf,0
2008,georgetown,0,0,0,0,1,"American Indian or Alaska Native, non-Hispanic",0,4,5,georgetown_cds_2008-2009.pdf,0
2008,georgetown,0,0,0,0,1,"Asian, non-Hispanic",155,636,647,georgetown_cds_2008-2009.pdf,1
2008,georgetown,0,0,0,0,1,Race and/or ethnicity unknown,46,274,410,georgetown_cds_2008-2009.pdf,0
2008,georgetown,0,0,0,0,1,Total,1571,6692,7092,georgetown_cds_2008-2009.pdf,0
2008,grinnell,0,0,0,0,1,Nonresident,50,181,183,GC_CDS_2008-09.pdf,0
2008,grinnell,0,0,0,0,1,Hispanic/Latino,38,101,102,GC_CDS_2008-09.pdf,0
2008,grinnell,0,0,0,0,1,"Black or African American, non-Hispanic",29,85,85,GC_CDS_2008-09.pdf,0
2008,grinnell,0,0,0,0,1,"White, non-Hispanic",267,1021,1029,GC_CDS_2008-09.pdf,0
2008,grinnell,0,0,0,0,1,"American Indian or Alaska Native, non-Hispanic",2,7,7,GC_CDS_2008-09.pdf,0
2008,grinnell,0,0,0,0,1,"Asian, non-Hispanic",36,126,127,GC_CDS_2008-09.pdf,1
2008,grinnell,0,0,0,0,1,Race and/or ethnicity unknown,42,118,145,GC_CDS_2008-09.pdf,0
2008,grinnell,0,0,0,0,1,Total,464,1639,1678,GC_CDS_2008-09.pdf,0
2008,hamilton,0,0,1,1,1,Nonresident,22,98,,hamilton_cds_2008-2009.pdf,0
2008,hamilton,0,0,1,1,1,Hispanic/Latino,26,85,,hamilton_cds_2008-2009.pdf,0
2008,hamilton,0,0,1,1,1,"Black or African American, non-Hispanic",18,71,,hamilton_cds_2008-2009.pdf,0
2008,hamilton,0,0,1,1,1,"White, non-Hispanic",305,1292,,hamilton_cds_2008-2009.pdf,0
2008,hamilton,0,0,1,1,1,"American Indian or Alaska Native, non-Hispanic",2,16,,hamilton_cds_2008-2009.pdf,0
2008,hamilton,0,0,1,1,1,"Asian, non-Hispanic",39,131,,hamilton_cds_2008-2009.pdf,1
2008,hamilton,0,0,1,1,1,Race and/or ethnicity unknown,50,141,,hamilton_cds_2008-2009.pdf,0
2008,hamilton,0,0,1,1,1,Total,462,1834,0,hamilton_cds_2008-2009.pdf,0
2008,hampshire,0,0,0,1,0,Nonresident,19,55,67,hampshire-cds-2008-2009.pdf,0
2008,hampshire,0,0,0,1,0,Hispanic/Latino,26,86,88,hampshire-cds-2008-2009.pdf,0
2008,hampshire,0,0,0,1,0,"Black or African American, non-Hispanic",8,57,64,hampshire-cds-2008-2009.pdf,0
2008,hampshire,0,0,0,1,0,"White, non-Hispanic",294,1038,1038,hampshire-cds-2008-2009.pdf,0
2008,hampshire,0,0,0,1,0,"American Indian or Alaska Native, non-Hispanic",6,14,14,hampshire-cds-2008-2009.pdf,0
2008,hampshire,0,0,0,1,0,"Asian, non-Hispanic",14,51,51,hampshire-cds-2008-2009.pdf,1
2008,hampshire,0,0,0,1,0,Race and/or ethnicity unknown,22,101,106,hampshire-cds-2008-2009.pdf,0
2008,hampshire,0,0,0,1,0,Total,389,1402,1428,hampshire-cds-2008-2009.pdf,0
2008,harvard,1,1,0,0,1,Nonresident,174,680,,harvard_cds_2008-2009.pdf,0
2008,harvard,1,1,0,0,1,Hispanic/Latino,111,442,,harvard_cds_2008-2009.pdf,0
2008,harvard,1,1,0,0,1,"Black or African American, non-Hispanic",127,522,,harvard_cds_2008-2009.pdf,0
2008,harvard,1,1,0,0,1,"White, non-Hispanic",679,2916,,harvard_cds_2008-2009.pdf,0
2008,harvard,1,1,0,0,1,"American Indian or Alaska Native, non-Hispanic",9,44,,harvard_cds_2008-2009.pdf,0
2008,harvard,1,1,0,0,1,"Asian, non-Hispanic",310,1126,,harvard_cds_2008-2009.pdf,1
2008,harvard,1,1,0,0,1,Race and/or ethnicity unknown,256,948,,harvard_cds_2008-2009.pdf,0
2008,harvard,1,1,0,0,1,Total,1666,6678,6678,harvard_cds_2008-2009.pdf,0
2008,haverford,0,0,0,1,0,Nonresident,93,8,38,cds_2008-2009.pdf,0
2008,haverford,0,0,0,1,0,Hispanic/Latino,33,103,103,cds_2008-2009.pdf,0
2008,haverford,0,0,0,1,0,"Black or African American, non-Hispanic",27,98,98,cds_2008-2009.pdf,0
2008,haverford,0,0,0,1,0,"White, non-Hispanic",213,780,780,cds_2008-2009.pdf,0
2008,haverford,0,0,0,1,0,"American Indian or Alaska Native, non-Hispanic",07,7,,cds_2008-2009.pdf,0
2008,haverford,0,0,0,1,0,"Asian, non-Hispanic",24,122,122,cds_2008-2009.pdf,0
2008,haverford,0,0,0,1,0,"Native Hawaiian or other Pacific Islander, non-Hispanic",00,0,,cds_2008-2009.pdf,0
2008,haverford,0,0,0,1,0,"Two or more races, non-Hispanic",21,21,21,cds_2008-2009.pdf,0
2008,haverford,0,0,0,1,0,Total,327,1169,1169,cds_2008-2009.pdf,0
2008,jhu,0,1,0,0,1,Nonresident,94,288,298,cds_2008-2009.pdf,0
2008,jhu,0,1,0,0,1,Hispanic/Latino,99,323,323,cds_2008-2009.pdf,0
2008,jhu,0,1,0,0,1,"Black or African American, non-Hispanic",82,317,317,cds_2008-2009.pdf,0
2008,jhu,0,1,0,0,1,"White, non-Hispanic",593,2260,2263,cds_2008-2009.pdf,0
2008,jhu,0,1,0,0,1,"American Indian or Alaska Native, non-Hispanic",8,30,30,cds_2008-2009.pdf,0
2008,jhu,0,1,0,0,1,"Asian, non-Hispanic",268,1121,1124,cds_2008-2009.pdf,1
2008,jhu,0,1,0,0,1,Race and/or ethnicity unknown,92,386,389,cds_2008-2009.pdf,0
2008,jhu,0,1,0,0,1,Total,1236,4725,4744,cds_2008-2009.pdf,0
2008,middlebury,0,0,1,1,1,Nonresident,69,249,272,CDS_2008-2009.pdf,0
2008,middlebury,0,0,1,1,1,Hispanic/Latino,42,155,155,CDS_2008-2009.pdf,0
2008,middlebury,0,0,1,1,1,"Black or African American, non-Hispanic",27,81,81,CDS_2008-2009.pdf,0
2008,middlebury,0,0,1,1,1,"White, non-Hispanic",340,1561,1561,CDS_2008-2009.pdf,0
2008,middlebury,0,0,1,1,1,"American Indian or Alaska Native, non-Hispanic",4,17,17,CDS_2008-2009.pdf,0
2008,middlebury,0,0,1,1,1,"Asian, non-Hispanic",57,221,221,CDS_2008-2009.pdf,1
2008,middlebury,0,0,1,1,1,"Two or more races, non-Hispanic",1,1,1,CDS_2008-2009.pdf,0
2008,middlebury,0,0,1,1,1,Race and/or ethnicity unknown,33,115,125,CDS_2008-2009.pdf,0
2008,middlebury,0,0,1,1,1,Total,576,2422,2455,CDS_2008-2009.pdf,0
2008,mtholyoke,0,0,0,1,0,Nonresident,100,374,403,mtholyoke_cds_2008-2009.pdf,0
2008,mtholyoke,0,0,0,1,0,Hispanic/Latino,27,111,111,mtholyoke_cds_2008-2009.pdf,0
2008,mtholyoke,0,0,0,1,0,"Black or African American, non-Hispanic",31,111,112,mtholyoke_cds_2008-2009.pdf,0
2008,mtholyoke,0,0,0,1,0,"White, non-Hispanic",224,1059,1077,mtholyoke_cds_2008-2009.pdf,0
2008,mtholyoke,0,0,0,1,0,"American Indian or Alaska Native, non-Hispanic",0,10,10,mtholyoke_cds_2008-2009.pdf,0
2008,mtholyoke,0,0,0,1,0,"Asian, non-Hispanic",59,256,257,mtholyoke_cds_2008-2009.pdf,1
2008,mtholyoke,0,0,0,1,0,Race and/or ethnicity unknown,77,252,261,mtholyoke_cds_2008-2009.pdf,0
2008,mtholyoke,0,0,0,1,0,Total,518,2173,2231,mtholyoke_cds_2008-2009.pdf,0
2008,northwestern,0,0,0,0,1,Nonresident,127,455,,cds_2008-09.pdf,0
2008,northwestern,0,0,0,0,1,Hispanic/Latino,147,560,,cds_2008-09.pdf,0
2008,northwestern,0,0,0,0,1,"Black or African American, non-Hispanic",87,459,,cds_2008-09.pdf,0
2008,northwestern,0,0,0,0,1,"White, non-Hispanic",1155,4840,,cds_2008-09.pdf,0
2008,northwestern,0,0,0,0,1,"American Indian or Alaska Native, non-Hispanic",4,9,,cds_2008-09.pdf,0
2008,northwestern,0,0,0,0,1,"Asian, non-Hispanic",443,1542,,cds_2008-09.pdf,1
2008,northwestern,0,0,0,0,1,Race and/or ethnicity unknown,115,499,,cds_2008-09.pdf,0
2008,northwestern,0,0,0,0,1,Total,2078,8364,,cds_2008-09.pdf,0
2008,notredame,0,0,0,0,1,Nonresident,57,218,226,CDS_2008-2009.pdf,0
2008,notredame,0,0,0,0,1,Hispanic/Latino,185,776,776,CDS_2008-2009.pdf,0
2008,notredame,0,0,0,0,1,"Black or African American, non-Hispanic",61,307,308,CDS_2008-2009.pdf,0
2008,notredame,0,0,0,0,1,"White, non-Hispanic",1545,6400,6409,CDS_2008-2009.pdf,0
2008,notredame,0,0,0,0,1,"American Indian or Alaska Native, non-Hispanic",14,51,51,CDS_2008-2009.pdf,0
2008,notredame,0,0,0,0,1,"Asian, non-Hispanic",138,593,593,CDS_2008-2009.pdf,1
2008,notredame,0,0,0,0,1,Total,2000,8345,8363,CDS_2008-2009.pdf,0
2008,pomona,0,0,0,1,1,Nonresident,23,61,63,cds-2008-2009.pdf,0
2008,pomona,0,0,0,1,1,Hispanic/Latino,40,171,171,cds-2008-2009.pdf,0
2008,pomona,0,0,0,1,1,"Black or African American, non-Hispanic",32,125,125,cds-2008-2009.pdf,0
2008,pomona,0,0,0,1,1,"White, non-Hispanic",172,710,711,cds-2008-2009.pdf,0
2008,pomona,0,0,0,1,1,"American Indian or Alaska Native, non-Hispanic",2,7,7,cds-2008-2009.pdf,0
2008,pomona,0,0,0,1,1,"Asian, non-Hispanic",59,218,219,cds-2008-2009.pdf,1
2008,pomona,0,0,0,1,1,Race and/or ethnicity unknown,54,224,236,cds-2008-2009.pdf,0
2008,pomona,0,0,0,1,1,Total,382,1516,1532,cds-2008-2009.pdf,0
2008,princeton,1,1,0,0,1,Nonresident,141,487,,cds_0809_princeton.pdf,0
2008,princeton,1,1,0,0,1,Hispanic/Latino,93,369,,cds_0809_princeton.pdf,0
2008,princeton,1,1,0,0,1,"Black or African American, non-Hispanic",93,414,,cds_0809_princeton.pdf,0
2008,princeton,1,1,0,0,1,"White, non-Hispanic",610,2498,,cds_0809_princeton.pdf,0
2008,princeton,1,1,0,0,1,"American Indian or Alaska Native, non-Hispanic",5,32,,cds_0809_princeton.pdf,0
2008,princeton,1,1,0,0,1,"Asian, non-Hispanic",206,734,,cds_0809_princeton.pdf,1
2008,princeton,1,1,0,0,1,Race and/or ethnicity unknown,95,344,,cds_0809_princeton.pdf,0
2008,princeton,1,1,0,0,1,Total,1243,4878,0,cds_0809_princeton.pdf,0
2008,rice,0,0,0,0,1,Nonresident,67,200,220,cds_2008-09.pdf,0
2008,rice,0,0,0,0,1,Hispanic/Latino,89,374,378,cds_2008-09.pdf,0
2008,rice,0,0,0,0,1,"Black or African American, non-Hispanic",62,226,230,cds_2008-09.pdf,0
2008,rice,0,0,0,0,1,"White, non-Hispanic",344,1497,1519,cds_2008-09.pdf,0
2008,rice,0,0,0,0,1,"American Indian or Alaska Native, non-Hispanic",2,15,15,cds_2008-09.pdf,0
2008,rice,0,0,0,0,1,"Asian, non-Hispanic",167,643,644,cds_2008-09.pdf,1
2008,rice,0,0,0,0,1,"Native Hawaiian or other Pacific Islander, non-Hispanic",0,0,0,cds_2008-09.pdf,0
2008,rice,0,0,0,0,1,"Two or more races, non-Hispanic",0,0,0,cds_2008-09.pdf,0
2008,rice,0,0,0,0,1,Race and/or ethnicity unknown,58,147,148,cds_2008-09.pdf,0
2008,rice,0,0,0,0,1,Total,789,3102,3154,cds_2008-09.pdf,0
2008,richmond,0,0,0,0,1,Nonresident,48,143,219,cds_2008-09.pdf,0
2008,richmond,0,0,0,0,1,Hispanic/Latino,29,80,80,cds_2008-09.pdf,0
2008,richmond,0,0,0,0,1,"Black or African American, non-Hispanic",40,162,164,cds_2008-09.pdf,0
2008,richmond,0,0,0,0,1,"White, non-Hispanic",481,1877,1886,cds_2008-09.pdf,0
2008,richmond,0,0,0,0,1,"American Indian or Alaska Native, non-Hispanic",3,9,9,cds_2008-09.pdf,0
2008,richmond,0,0,0,0,1,"Asian, non-Hispanic",21,96,99,cds_2008-09.pdf,1
2008,richmond,0,0,0,0,1,Race and/or ethnicity unknown,116,321,337,cds_2008-09.pdf,0
2008,richmond,0,0,0,0,1,Total,738,2688,2794,cds_2008-09.pdf,0
2008,stanford,0,1,0,0,1,Nonresident,123,452,,cds_2008-2009.pdf,0
2008,stanford,0,1,0,0,1,Hispanic/Latino,248,795,,cds_2008-2009.pdf,0
2008,stanford,0,1,0,0,1,"Black or African American, non-Hispanic",178,647,,cds_2008-2009.pdf,0
2008,stanford,0,1,0,0,1,"White, non-Hispanic",536,2482,,cds_2008-2009.pdf,0
2008,stanford,0,1,0,0,1,"American Indian or Alaska Native, non-Hispanic",54,178,,cds_2008-2009.pdf,0
2008,stanford,0,1,0,0,1,"Asian, non-Hispanic",350,1497,,cds_2008-2009.pdf,1
2008,stanford,0,1,0,0,1,Race and/or ethnicity unknown,214,451,,cds_2008-2009.pdf,0
2008,stanford,0,1,0,0,1,Total,1703,6502,,cds_2008-2009.pdf,0
2008,swarthmore,0,0,0,1,1,Total,372,1477,1490,cds-2008-2009.pdf,0
2008,ucla,0,0,0,0,1,Race and/or ethnicity unknown,173,1228,,cds_2008-09.pdf,0
2008,ucla,0,0,0,0,1,Total,4735,26536,,cds_2008-09.pdf,0
2008,umich,0,0,0,0,1,Nonresident,245,1317,1368,cds_2008-2009.pdf,0
2008,umich,0,0,0,0,1,Hispanic/Latino,199,1152,1156,cds_2008-2009.pdf,0
2008,umich,0,0,0,0,1,"Black or African American, non-Hispanic",374,1635,1640,cds_2008-2009.pdf,0
2008,umich,0,0,0,0,1,"White, non-Hispanic",3796,16939,16508,cds_2008-2009.pdf,0
2008,umich,0,0,0,0,1,"American Indian or Alaska Native, non-Hispanic",31,203,204,cds_2008-2009.pdf,0
2008,umich,0,0,0,0,1,"Asian, non-Hispanic",686,3088,3097,cds_2008-2009.pdf,1
2008,umich,0,0,0,0,1,Race and/or ethnicity unknown,452,1531,2021,cds_2008-2009.pdf,0
2008,umich,0,0,0,0,1,Total,5783,25865,25994,cds_2008-2009.pdf,0
2008,washandlee,0,0,0,1,1,Nonresident,16,73,75,wlu_cds_2008-09.pdf,0
2008,washandlee,0,0,0,1,1,Hispanic/Latino,8,30,30,wlu_cds_2008-09.pdf,0
2008,washandlee,0,0,0,1,1,"Black or African American, non-Hispanic",15,66,66,wlu_cds_2008-09.pdf,0
2008,washandlee,0,0,0,1,1,"White, non-Hispanic",399,1496,1497,wlu_cds_2008-09.pdf,0
2008,washandlee,0,0,0,1,1,"American Indian or Alaska Native, non-Hispanic",2,5,5,wlu_cds_2008-09.pdf,0
2008,washandlee,0,0,0,1,1,"Asian, non-Hispanic",12,58,58,wlu_cds_2008-09.pdf,1
2008,washandlee,0,0,0,1,1,Race and/or ethnicity unknown,2,21,21,wlu_cds_2008-09.pdf,0
2008,washandlee,0,0,0,1,1,Total,454,1749,1752,wlu_cds_2008-09.pdf,0
2008,wellesley,0,0,0,1,1,Nonresident,48,169,181,Wellesley_CDS_2008-2009.pdf,0
2008,wellesley,0,0,0,1,1,Hispanic/Latino,49,157,161,Wellesley_CDS_2008-2009.pdf,0
2008,wellesley,0,0,0,1,1,"Black or African American, non-Hispanic",53,148,149,Wellesley_CDS_2008-2009.pdf,0
2008,wellesley,0,0,0,1,1,"White, non-Hispanic",255,1000,1010,Wellesley_CDS_2008-2009.pdf,0
2008,wellesley,0,0,0,1,1,"American Indian or Alaska Native, non-Hispanic",7,13,13,Wellesley_CDS_2008-2009.pdf,0
2008,wellesley,0,0,0,1,1,"Asian, non-Hispanic",157,596,601,Wellesley_CDS_2008-2009.pdf,1
2008,wellesley,0,0,0,1,1,Race and/or ethnicity unknown,27,108,229,Wellesley_CDS_2008-2009.pdf,0
2008,wellesley,0,0,0,1,1,Total,596,2191,2344,Wellesley_CDS_2008-2009.pdf,0
2008,wesleyan,0,0,1,1,1,Nonresident,64,191,,cds2008-09.pdf,0
2008,wesleyan,0,0,1,1,1,Hispanic/Latino,62,228,,cds2008-09.pdf,0
2008,wesleyan,0,0,1,1,1,"Black or African American, non-Hispanic",49,203,,cds2008-09.pdf,0
2008,wesleyan,0,0,1,1,1,"White, non-Hispanic",374,1626,,cds2008-09.pdf,0
2008,wesleyan,0,0,1,1,1,"American Indian or Alaska Native, non-Hispanic",2,11,,cds2008-09.pdf,0
2008,wesleyan,0,0,1,1,1,"Asian, non-Hispanic",62,270,,cds2008-09.pdf,1
2008,wesleyan,0,0,1,1,1,Race and/or ethnicity unknown,102,219,,cds2008-09.pdf,0
2008,wesleyan,0,0,1,1,1,Total,715,2748,,cds2008-09.pdf,0
2008,williams,0,0,1,1,1,Nonresident,46,142,,2008-2009_williams_common_data_set.pdf,0
2008,williams,0,0,1,1,1,Hispanic/Latino,53,185,,2008-2009_williams_common_data_set.pdf,0
2008,williams,0,0,1,1,1,"Black or African American, non-Hispanic",57,192,,2008-2009_williams_common_data_set.pdf,0
2008,williams,0,0,1,1,1,"White, non-Hispanic",316,1218,,2008-2009_williams_common_data_set.pdf,0
2008,williams,0,0,1,1,1,"American Indian or Alaska Native, non-Hispanic",4,11,,2008-2009_williams_common_data_set.pdf,0
2008,williams,0,0,1,1,1,"Asian, non-Hispanic",64,222,,2008-2009_williams_common_data_set.pdf,1
2008,williams,0,0,1,1,1,Total,540,1970,,2008-2009_williams_common_data_set.pdf,0
2008,yale,1,1,0,0,1,Nonresident,129,452,453,cds2008_2009_1.pdf,0
2008,yale,1,1,0,0,1,Hispanic/Latino,121,450,450,cds2008_2009_1.pdf,0
2008,yale,1,1,0,0,1,"Black or African American, non-Hispanic",122,457,457,cds2008_2009_1.pdf,0
2008,yale,1,1,0,0,1,"White, non-Hispanic",458,2370,2374,cds2008_2009_1.pdf,0
2008,yale,1,1,0,0,1,"American Indian or Alaska Native, non-Hispanic",8,47,47,cds2008_2009_1.pdf,0
2008,yale,1,1,0,0,1,"Asian, non-Hispanic",186,723,725,cds2008_2009_1.pdf,1
2008,yale,1,1,0,0,1,Race and/or ethnicity unknown,294,757,771,cds2008_2009_1.pdf,0
2008,yale,1,1,0,0,1,Total,1318,5256,5277,cds2008_2009_1.pdf,0
2009,amherst,0,0,1,1,1,Nonresident,46,142,142,amherst_cds_2009_2009_Enrollment_and_Persistence.pdf,0
2009,amherst,0,0,1,1,1,Hispanic/Latino,45,189,189,amherst_cds_2009_2009_Enrollment_and_Persistence.pdf,0
2009,amherst,0,0,1,1,1,"Black or African American, non-Hispanic",55,189,189,amherst_cds_2009_2009_Enrollment_and_Persistence.pdf,0
2009,amherst,0,0,1,1,1,"White, non-Hispanic",161,679,679,amherst_cds_2009_2009_Enrollment_and_Persistence.pdf,0
2009,amherst,0,0,1,1,1,"American Indian or Alaska Native, non-Hispanic",0,2,2,amherst_cds_2009_2009_Enrollment_and_Persistence.pdf,0
2009,amherst,0,0,1,1,1,"Asian, non-Hispanic",47,183,183,amherst_cds_2009_2009_Enrollment_and_Persistence.pdf,1
2009,amherst,0,0,1,1,1,Total,467,1744,1744,amherst_cds_2009_2009_Enrollment_and_Persistence.pdf,0
2009,bates,0,0,1,1,1,Nonresident,23,98,98,CDS_2009-2010.pdf,0
2009,bates,0,0,1,1,1,Hispanic/Latino,19,70,70,CDS_2009-2010.pdf,0
2009,bates,0,0,1,1,1,"Black or African American, non-Hispanic",30,83,83,CDS_2009-2010.pdf,0
2009,bates,0,0,1,1,1,"White, non-Hispanic",337,1305,1305,CDS_2009-2010.pdf,0
2009,bates,0,0,1,1,1,"American Indian or Alaska Native, non-Hispanic",5,9,9,CDS_2009-2010.pdf,0
2009,bates,0,0,1,1,1,"Asian, non-Hispanic",36,116,116,CDS_2009-2010.pdf,1
2009,bates,0,0,1,1,1,Race and/or ethnicity unknown,19,57,57,CDS_2009-2010.pdf,0
2009,bates,0,0,1,1,1,Total,469,1738,1738,CDS_2009-2010.pdf,0
2009,berkeley,0,0,0,0,1,Nonresident,331,1401,1401,cds_2009-10.pdf,0
2009,berkeley,0,0,0,0,1,Hispanic/Latino,471,3047,3047,cds_2009-10.pdf,0
2009,berkeley,0,0,0,0,1,"Black or African American, non-Hispanic",129,923,923,cds_2009-10.pdf,0
2009,berkeley,0,0,0,0,1,"White, non-Hispanic",1326,7783,7783,cds_2009-10.pdf,0
2009,berkeley,0,0,0,0,1,"American Indian or Alaska Native, non-Hispanic",19,129,129,cds_2009-10.pdf,0
2009,berkeley,0,0,0,0,1,"Asian, non-Hispanic",1824,10309,10309,cds_2009-10.pdf,1
2009,berkeley,0,0,0,0,1,Race and/or ethnicity unknown,256,1938,1938,cds_2009-10.pdf,0
2009,berkeley,0,0,0,0,1,Total,4356,25530,25530,cds_2009-10.pdf,0
2009,bowdoin,0,0,1,1,1,Nonresident,19,61,62,common-data-elements-2009---2010.pdf,0
2009,bowdoin,0,0,1,1,1,Hispanic/Latino,67,181,181,common-data-elements-2009---2010.pdf,0
2009,bowdoin,0,0,1,1,1,"Black or African American, non-Hispanic",32,115,115,common-data-elements-2009---2010.pdf,0
2009,bowdoin,0,0,1,1,1,"White, non-Hispanic",320,1173,1177,common-data-elements-2009---2010.pdf,0
2009,bowdoin,0,0,1,1,1,"American Indian or Alaska Native, non-Hispanic",5,10,10,common-data-elements-2009---2010.pdf,0
2009,bowdoin,0,0,1,1,1,"Asian, non-Hispanic",50,205,205,common-data-elements-2009---2010.pdf,1
2009,bowdoin,0,0,1,1,1,Race and/or ethnicity unknown,0,27,27,common-data-elements-2009---2010.pdf,0
2009,bowdoin,0,0,1,1,1,Total,493,1772,1777,common-data-elements-2009---2010.pdf,0
2009,brown,1,1,0,0,1,Nonresident,151,536,556,CDS2009_2010.pdf,0
2009,brown,1,1,0,0,1,Hispanic/Latino,131,531,532,CDS2009_2010.pdf,0
2009,brown,1,1,0,0,1,"Black or African American, non-Hispanic",92,395,399,CDS2009_2010.pdf,0
2009,brown,1,1,0,0,1,"White, non-Hispanic",651,2633,2674,CDS2009_2010.pdf,0
2009,brown,1,1,0,0,1,"American Indian or Alaska Native, non-Hispanic",10,34,35,CDS2009_2010.pdf,0
2009,brown,1,1,0,0,1,"Asian, non-Hispanic",234,981,999,CDS2009_2010.pdf,1
2009,brown,1,1,0,0,1,Race and/or ethnicity unknown,224,903,1049,CDS2009_2010.pdf,0
2009,brown,1,1,0,0,1,Total,1493,6013,6244,CDS2009_2010.pdf,0
2009,brynmawr,0,0,0,1,0,Nonresident,60,128,131,BrynMawr_CDS_2009-2010.pdf,0
2009,brynmawr,0,0,0,1,0,Hispanic/Latino,34,70,71,BrynMawr_CDS_2009-2010.pdf,0
2009,brynmawr,0,0,0,1,0,"Black or African American, non-Hispanic",20,83,85,BrynMawr_CDS_2009-2010.pdf,0
2009,brynmawr,0,0,0,1,0,"White, non-Hispanic",111,540,545,BrynMawr_CDS_2009-2010.pdf,0
2009,brynmawr,0,0,0,1,0,"American Indian or Alaska Native, non-Hispanic",0,0,0,BrynMawr_CDS_2009-2010.pdf,0
2009,brynmawr,0,0,0,1,0,"Asian, non-Hispanic",56,156,156,BrynMawr_CDS_2009-2010.pdf,1
2009,brynmawr,0,0,0,1,0,Race and/or ethnicity unknown,81,312,319,BrynMawr_CDS_2009-2010.pdf,0
2009,brynmawr,0,0,0,1,0,Total,362,1289,1307,BrynMawr_CDS_2009-2010.pdf,0
2009,caltech,0,1,0,0,1,Nonresident,34,111,111,cds_2009-10.pdf,0
2009,caltech,0,1,0,0,1,Hispanic/Latino,27,65,65,cds_2009-10.pdf,0
2009,caltech,0,1,0,0,1,"Black or African American, non-Hispanic",4,11,11,cds_2009-10.pdf,0
2009,caltech,0,1,0,0,1,"White, non-Hispanic",92,368,368,cds_2009-10.pdf,0
2009,caltech,0,1,0,0,1,"American Indian or Alaska Native, non-Hispanic",0,,,cds_2009-10.pdf,0
2009,caltech,0,1,0,0,1,"Asian, non-Hispanic",94,379,379,cds_2009-10.pdf,1
2009,caltech,0,1,0,0,1,Race and/or ethnicity unknown,1,17,17,cds_2009-10.pdf,0
2009,caltech,0,1,0,0,1,Total,252,951,951,cds_2009-10.pdf,0
2009,carleton,0,0,0,1,1,Nonresident,46,142,150,Carleton_CDS_2009-10.pdf,0
2009,carleton,0,0,0,1,1,Hispanic/Latino,38,110,110,Carleton_CDS_2009-10.pdf,0
2009,carleton,0,0,0,1,1,"Black or African American, non-Hispanic",21,92,92,Carleton_CDS_2009-10.pdf,0
2009,carleton,0,0,0,1,1,"White, non-Hispanic",348,1373,1381,Carleton_CDS_2009-10.pdf,0
2009,carleton,0,0,0,1,1,"American Indian or Alaska Native, non-Hispanic",1,13,14,Carleton_CDS_2009-10.pdf,0
2009,carleton,0,0,0,1,1,"Asian, non-Hispanic",57,192,193,Carleton_CDS_2009-10.pdf,1
2009,carleton,0,0,0,1,1,Race and/or ethnicity unknown,17,64,69,Carleton_CDS_2009-10.pdf,0
2009,carleton,0,0,0,1,1,Total,528,1986,2009,Carleton_CDS_2009-10.pdf,0
2009,colby,0,0,1,1,1,Nonresident,34,97,97,CDS2009_2010-2.pdf,0
2009,colby,0,0,1,1,1,Hispanic/Latino,16,58,58,CDS2009_2010-2.pdf,0
2009,colby,0,0,1,1,1,"Black or African American, non-Hispanic",18,52,52,CDS2009_2010-2.pdf,0
2009,colby,0,0,1,1,1,"White, non-Hispanic",246,1139,1139,CDS2009_2010-2.pdf,0
2009,colby,0,0,1,1,1,"American Indian or Alaska Native, non-Hispanic",3,10,10,CDS2009_2010-2.pdf,0
2009,colby,0,0,1,1,1,"Asian, non-Hispanic",33,147,147,CDS2009_2010-2.pdf,1
2009,colby,0,0,1,1,1,Race and/or ethnicity unknown,130,335,335,CDS2009_2010-2.pdf,0
2009,colby,0,0,1,1,1,Total,480,1838,1838,CDS2009_2010-2.pdf,0
2009,colgate,0,0,0,0,1,Nonresident,46,139,143,cds_2009-10.pdf,0
2009,colgate,0,0,0,0,1,Hispanic/Latino,43,171,171,cds_2009-10.pdf,0
2009,colgate,0,0,0,0,1,"Black or African American, non-Hispanic",38,166,166,cds_2009-10.pdf,0
2009,colgate,0,0,0,0,1,"White, non-Hispanic",544,2068,2075,cds_2009-10.pdf,0
2009,colgate,0,0,0,0,1,"American Indian or Alaska Native, non-Hispanic",4,18,19,cds_2009-10.pdf,0
2009,colgate,0,0,0,0,1,"Asian, non-Hispanic",39,148,148,cds_2009-10.pdf,1
2009,colgate,0,0,0,0,1,Race and/or ethnicity unknown,36,89,103,cds_2009-10.pdf,0
2009,colgate,0,0,0,0,1,Total,750,2799,2825,cds_2009-10.pdf,0
2009,cornell,1,1,0,0,1,Nonresident,317,1177,,CDS_2009-2010.pdf,0
2009,cornell,1,1,0,0,1,Hispanic/Latino,241,819,,CDS_2009-2010.pdf,0
2009,cornell,1,1,0,0,1,"Black or African American, non-Hispanic",212,745,,CDS_2009-2010.pdf,0
2009,cornell,1,1,0,0,1,"White, non-Hispanic",1391,6351,,CDS_2009-2010.pdf,0
2009,cornell,1,1,0,0,1,"American Indian or Alaska Native, non-Hispanic",11,55,,CDS_2009-2010.pdf,0
2009,cornell,1,1,0,0,1,"Asian, non-Hispanic",533,2317,,CDS_2009-2010.pdf,1
2009,cornell,1,1,0,0,1,Race and/or ethnicity unknown,476,2418,,CDS_2009-2010.pdf,0
2009,cornell,1,1,0,0,1,Total,3181,13882,0,CDS_2009-2010.pdf,0
2009,dartmouth,1,1,0,0,1,Nonresident,69,288,314,cds2009_2010_final.pdf,0
2009,dartmouth,1,1,0,0,1,Hispanic/Latino,96,289,290,cds2009_2010_final.pdf,0
2009,dartmouth,1,1,0,0,1,"Black or African American, non-Hispanic",96,347,347,cds2009_2010_final.pdf,0
2009,dartmouth,1,1,0,0,1,"White, non-Hispanic",530,2195,2220,cds2009_2010_final.pdf,0
2009,dartmouth,1,1,0,0,1,"American Indian or Alaska Native, non-Hispanic",56,161,161,cds2009_2010_final.pdf,0
2009,dartmouth,1,1,0,0,1,"Asian, non-Hispanic",180,603,605,cds2009_2010_final.pdf,1
2009,dartmouth,1,1,0,0,1,Race and/or ethnicity unknown,67,207,259,cds2009_2010_final.pdf,0
2009,dartmouth,1,1,0,0,1,Total,1094,4090,4196,cds2009_2010_final.pdf,0
2009,duke,0,1,0,0,1,Nonresident,125,430,442,Duke_CDS_2009-2010.pdf,0
2009,duke,0,1,0,0,1,Hispanic/Latino,126,420,425,Duke_CDS_2009-2010.pdf,0
2009,duke,0,1,0,0,1,"Black or African American, non-Hispanic",177,629,636,Duke_CDS_2009-2010.pdf,0
2009,duke,0,1,0,0,1,"White, non-Hispanic",670,2980,3050,Duke_CDS_2009-2010.pdf,0
2009,duke,0,1,0,0,1,"American Indian or Alaska Native, non-Hispanic",8,26,26,Duke_CDS_2009-2010.pdf,0
2009,duke,0,1,0,0,1,"Asian, non-Hispanic",306,1381,1390,Duke_CDS_2009-2010.pdf,1
2009,duke,0,1,0,0,1,Race and/or ethnicity unknown,311,534,581,Duke_CDS_2009-2010.pdf,0
2009,duke,0,1,0,0,1,Total,1723,6400,6550,Duke_CDS_2009-2010.pdf,0
2009,georgetown,0,0,0,0,1,Nonresident,82,477,669,georgetown_cds_2009-2010.pdf,0
2009,georgetown,0,0,0,0,1,Hispanic/Latino,95,438,439,georgetown_cds_2009-2010.pdf,0
2009,georgetown,0,0,0,0,1,"Black or African American, non-Hispanic",99,468,472,georgetown_cds_2009-2010.pdf,0
2009,georgetown,0,0,0,0,1,"White, non-Hispanic",926,4607,4643,georgetown_cds_2009-2010.pdf,0
2009,georgetown,0,0,0,0,1,"American Indian or Alaska Native, non-Hispanic",1,2,2,georgetown_cds_2009-2010.pdf,0
2009,georgetown,0,0,0,0,1,"Asian, non-Hispanic",134,652,653,georgetown_cds_2009-2010.pdf,1
2009,georgetown,0,0,0,0,1,Race and/or ethnicity unknown,218,448,555,georgetown_cds_2009-2010.pdf,0
2009,georgetown,0,0,0,0,1,Total,1555,7092,7433,georgetown_cds_2009-2010.pdf,0
2009,grinnell,0,0,0,0,1,Hispanic/Latino,29,113,113,GC_CDS_2009-10.pdf,0
2009,grinnell,0,0,0,0,1,"American Indian or Alaska Native, non-Hispanic",10,18,18,GC_CDS_2009-10.pdf,0
2009,grinnell,0,0,0,0,1,"Asian, non-Hispanic",29,127,129,GC_CDS_2009-10.pdf,1
2009,grinnell,0,0,0,0,1,Race and/or ethnicity unknown,31,133,182,GC_CDS_2009-10.pdf,0
2009,grinnell,0,0,0,0,1,Total,378,1630,1688,GC_CDS_2009-10.pdf,0
2009,hamilton,0,0,1,1,1,Nonresident,26,92,,hamilton_cds_2009-2010.pdf,0
2009,hamilton,0,0,1,1,1,Hispanic/Latino,21,91,,hamilton_cds_2009-2010.pdf,0
2009,hamilton,0,0,1,1,1,"Black or African American, non-Hispanic",22,77,,hamilton_cds_2009-2010.pdf,0
2009,hamilton,0,0,1,1,1,"White, non-Hispanic",277,1254,,hamilton_cds_2009-2010.pdf,0
2009,hamilton,0,0,1,1,1,"American Indian or Alaska Native, non-Hispanic",5,12,,hamilton_cds_2009-2010.pdf,0
2009,hamilton,0,0,1,1,1,"Asian, non-Hispanic",45,142,,hamilton_cds_2009-2010.pdf,1
2009,hamilton,0,0,1,1,1,Race and/or ethnicity unknown,70,183,,hamilton_cds_2009-2010.pdf,0
2009,hamilton,0,0,1,1,1,Total,466,1851,0,hamilton_cds_2009-2010.pdf,0
2009,hampshire,0,0,0,1,0,Hispanic/Latino,30,112,117,hampshire-cds-2009-2010.pdf,0
2009,hampshire,0,0,0,1,0,"White, non-Hispanic",208,975,976,hampshire-cds-2009-2010.pdf,0
2009,hampshire,0,0,0,1,0,"American Indian or Alaska Native, non-Hispanic",1,17,17,hampshire-cds-2009-2010.pdf,0
2009,hampshire,0,0,0,1,0,"Asian, non-Hispanic",22,61,61,hampshire-cds-2009-2010.pdf,1
2009,hampshire,0,0,0,1,0,Race and/or ethnicity unknown,72,151,153,hampshire-cds-2009-2010.pdf,0
2009,hampshire,0,0,0,1,0,Total,363,1438,1463,hampshire-cds-2009-2010.pdf,0
2009,harvard,1,1,0,0,1,Nonresident,168,705,705,harvard_cds_2009-2010.pdf,0
2009,harvard,1,1,0,0,1,Hispanic/Latino,147,490,490,harvard_cds_2009-2010.pdf,0
2009,harvard,1,1,0,0,1,"Black or African American, non-Hispanic",147,532,532,harvard_cds_2009-2010.pdf,0
2009,harvard,1,1,0,0,1,"White, non-Hispanic",673,2772,2772,harvard_cds_2009-2010.pdf,0
2009,harvard,1,1,0,0,1,"American Indian or Alaska Native, non-Hispanic",10,45,45,harvard_cds_2009-2010.pdf,0
2009,harvard,1,1,0,0,1,"Asian, non-Hispanic",289,1145,1145,harvard_cds_2009-2010.pdf,1
2009,harvard,1,1,0,0,1,Race and/or ethnicity unknown,243,966,966,harvard_cds_2009-2010.pdf,0
2009,harvard,1,1,0,0,1,Total,1677,6655,6655,harvard_cds_2009-2010.pdf,0
2009,haverford,0,0,0,1,0,Nonresident,8,33,33,cds_2009-2010.pdf,0
2009,haverford,0,0,0,1,0,Hispanic/Latino,21,95,95,cds_2009-2010.pdf,0
2009,haverford,0,0,0,1,0,"Black or African American, non-Hispanic",23,93,93,cds_2009-2010.pdf,0
2009,haverford,0,0,0,1,0,"White, non-Hispanic",228,813,813,cds_2009-2010.pdf,0
2009,haverford,0,0,0,1,0,"American Indian or Alaska Native, non-Hispanic",0,2,2,cds_2009-2010.pdf,0
2009,haverford,0,0,0,1,0,"Asian, non-Hispanic",26,102,102,cds_2009-2010.pdf,0
2009,haverford,0,0,0,1,0,"Native Hawaiian or other Pacific Islander, non-Hispanic",0,0,0,cds_2009-2010.pdf,0
2009,haverford,0,0,0,1,0,"Two or more races, non-Hispanic",17,52,52,cds_2009-2010.pdf,0
2009,haverford,0,0,0,1,0,Total,323,1190,1190,cds_2009-2010.pdf,0
2009,hmc,0,0,0,0,1,Nonresident,7,26,26,cds_2009-2010_B.pdf,0
2009,hmc,0,0,0,0,1,Hispanic/Latino,12,53,53,cds_2009-2010_B.pdf,0
2009,hmc,0,0,0,0,1,"Black or African American, non-Hispanic",1,7,7,cds_2009-2010_B.pdf,0
2009,hmc,0,0,0,0,1,"White, non-Hispanic",128,438,438,cds_2009-2010_B.pdf,0
2009,hmc,0,0,0,0,1,"American Indian or Alaska Native, non-Hispanic",1,8,8,cds_2009-2010_B.pdf,0
2009,hmc,0,0,0,0,1,"Asian, non-Hispanic",30,150,150,cds_2009-2010_B.pdf,1
2009,hmc,0,0,0,0,1,Race and/or ethnicity unknown,28,75,75,cds_2009-2010_B.pdf,0
2009,jhu,0,1,0,0,1,Nonresident,149,365,,cds_2009-2010.pdf,0
2009,jhu,0,1,0,0,1,Hispanic/Latino,89,344,,cds_2009-2010.pdf,0
2009,jhu,0,1,0,0,1,"Black or African American, non-Hispanic",75,324,,cds_2009-2010.pdf,0
2009,jhu,0,1,0,0,1,"White, non-Hispanic",575,2338,,cds_2009-2010.pdf,0
2009,jhu,0,1,0,0,1,"American Indian or Alaska Native, non-Hispanic",3,21,,cds_2009-2010.pdf,0
2009,jhu,0,1,0,0,1,"Asian, non-Hispanic",291,1141,,cds_2009-2010.pdf,1
2009,jhu,0,1,0,0,1,Race and/or ethnicity unknown,167,437,,cds_2009-2010.pdf,0
2009,jhu,0,1,0,0,1,Total,1349,4970,0,cds_2009-2010.pdf,0
2009,middlebury,0,0,1,1,1,Nonresident,61,257,275,CDS_2009-2010.pdf,0
2009,middlebury,0,0,1,1,1,Hispanic/Latino,44,130,131,CDS_2009-2010.pdf,0
2009,middlebury,0,0,1,1,1,"Black or African American, non-Hispanic",20,90,90,CDS_2009-2010.pdf,0
2009,middlebury,0,0,1,1,1,"White, non-Hispanic",377,1595,1599,CDS_2009-2010.pdf,0
2009,middlebury,0,0,1,1,1,"American Indian or Alaska Native, non-Hispanic",3,12,12,CDS_2009-2010.pdf,0
2009,middlebury,0,0,1,1,1,"Asian, non-Hispanic",58,221,222,CDS_2009-2010.pdf,1
2009,middlebury,0,0,1,1,1,Race and/or ethnicity unknown,40,150,153,CDS_2009-2010.pdf,0
2009,middlebury,0,0,1,1,1,Total,603,2455,2482,CDS_2009-2010.pdf,0
2009,mtholyoke,0,0,0,1,0,Nonresident,132,439,464,mtholyoke_cds_2009-2010.pdf,0
2009,mtholyoke,0,0,0,1,0,Hispanic/Latino,43,136,136,mtholyoke_cds_2009-2010.pdf,0
2009,mtholyoke,0,0,0,1,0,"Black or African American, non-Hispanic",47,147,148,mtholyoke_cds_2009-2010.pdf,0
2009,mtholyoke,0,0,0,1,0,"White, non-Hispanic",248,1048,1057,mtholyoke_cds_2009-2010.pdf,0
2009,mtholyoke,0,0,0,1,0,"American Indian or Alaska Native, non-Hispanic",0,6,6,mtholyoke_cds_2009-2010.pdf,0
2009,mtholyoke,0,0,0,1,0,"Asian, non-Hispanic",54,226,226,mtholyoke_cds_2009-2010.pdf,1
2009,mtholyoke,0,0,0,1,0,Race and/or ethnicity unknown,38,245,251,mtholyoke_cds_2009-2010.pdf,0
2009,mtholyoke,0,0,0,1,0,Total,562,2247,2288,mtholyoke_cds_2009-2010.pdf,0
2009,northwestern,0,0,0,0,1,Nonresident,120,480,,cds_2009-10.pdf,0
2009,northwestern,0,0,0,0,1,Hispanic/Latino,143,576,,cds_2009-10.pdf,0
2009,northwestern,0,0,0,0,1,"Black or African American, non-Hispanic",132,473,,cds_2009-10.pdf,0
2009,northwestern,0,0,0,0,1,"White, non-Hispanic",1182,4792,,cds_2009-10.pdf,0
2009,northwestern,0,0,0,0,1,"American Indian or Alaska Native, non-Hispanic",3,12,,cds_2009-10.pdf,0
2009,northwestern,0,0,0,0,1,"Asian, non-Hispanic",466,1654,,cds_2009-10.pdf,1
2009,northwestern,0,0,0,0,1,Race and/or ethnicity unknown,82,509,,cds_2009-10.pdf,0
2009,northwestern,0,0,0,0,1,Total,2128,8496,,cds_2009-10.pdf,0
2009,notredame,0,0,0,0,1,Nonresident,59,213,218,CDS_2009-2010.pdf,0
2009,notredame,0,0,0,0,1,Hispanic/Latino,203,801,801,CDS_2009-2010.pdf,0
2009,notredame,0,0,0,0,1,"Black or African American, non-Hispanic",72,303,303,CDS_2009-2010.pdf,0
2009,notredame,0,0,0,0,1,"White, non-Hispanic",1532,6382,6382,CDS_2009-2010.pdf,0
2009,notredame,0,0,0,0,1,"American Indian or Alaska Native, non-Hispanic",21,57,57,CDS_2009-2010.pdf,0
2009,notredame,0,0,0,0,1,"Asian, non-Hispanic",177,611,611,CDS_2009-2010.pdf,1
2009,notredame,0,0,0,0,1,Total,2064,8367,8372,CDS_2009-2010.pdf,0
2009,penn,1,1,0,0,1,Nonresident,253,1008,1008,UPenn_CDS_2009-10.pdf,0
2009,penn,1,1,0,0,1,Hispanic/Latino,173,634,634,UPenn_CDS_2009-10.pdf,0
2009,penn,1,1,0,0,1,"Black or African American, non-Hispanic",186,778,778,UPenn_CDS_2009-10.pdf,0
2009,penn,1,1,0,0,1,"White, non-Hispanic",870,3903,3903,UPenn_CDS_2009-10.pdf,0
2009,penn,1,1,0,0,1,"American Indian or Alaska Native, non-Hispanic",13,48,48,UPenn_CDS_2009-10.pdf,0
2009,penn,1,1,0,0,1,"Asian, non-Hispanic",487,1837,1837,UPenn_CDS_2009-10.pdf,1
2009,penn,1,1,0,0,1,Race and/or ethnicity unknown,422,1560,1560,UPenn_CDS_2009-10.pdf,0
2009,penn,1,1,0,0,1,Total,2404,9768,9768,UPenn_CDS_2009-10.pdf,0
2009,pomona,0,0,0,1,1,Nonresident,17,64,,cds-2009-2010.pdf,0
2009,pomona,0,0,0,1,1,Hispanic/Latino,46,164,,cds-2009-2010.pdf,0
2009,pomona,0,0,0,1,1,"Black or African American, non-Hispanic",38,139,,cds-2009-2010.pdf,0
2009,pomona,0,0,0,1,1,"White, non-Hispanic",168,701,,cds-2009-2010.pdf,0
2009,pomona,0,0,0,1,1,"American Indian or Alaska Native, non-Hispanic",1,7,,cds-2009-2010.pdf,0
2009,pomona,0,0,0,1,1,"Asian, non-Hispanic",49,211,,cds-2009-2010.pdf,1
2009,pomona,0,0,0,1,1,Race and/or ethnicity unknown,71,245,,cds-2009-2010.pdf,0
2009,pomona,0,0,0,1,1,Total,390,1531,,cds-2009-2010.pdf,0
2009,princeton,1,1,0,0,1,Nonresident,133,518,,cds_0910_princeton.pdf,0
2009,princeton,1,1,0,0,1,Hispanic/Latino,91,379,,cds_0910_princeton.pdf,0
2009,princeton,1,1,0,0,1,"Black or African American, non-Hispanic",96,399,,cds_0910_princeton.pdf,0
2009,princeton,1,1,0,0,1,"White, non-Hispanic",642,2455,,cds_0910_princeton.pdf,0
2009,princeton,1,1,0,0,1,"American Indian or Alaska Native, non-Hispanic",6,25,,cds_0910_princeton.pdf,0
2009,princeton,1,1,0,0,1,"Asian, non-Hispanic",231,799,,cds_0910_princeton.pdf,1
2009,princeton,1,1,0,0,1,Race and/or ethnicity unknown,116,454,,cds_0910_princeton.pdf,0
2009,princeton,1,1,0,0,1,Total,1315,5029,0,cds_0910_princeton.pdf,0
2009,rice,0,0,0,0,1,Nonresident,111,283,301,cds_2009-10.pdf,0
2009,rice,0,0,0,0,1,Hispanic/Latino,108,401,404,cds_2009-10.pdf,0
2009,rice,0,0,0,0,1,"Black or African American, non-Hispanic",66,230,232,cds_2009-10.pdf,0
2009,rice,0,0,0,0,1,"White, non-Hispanic",355,1447,1459,cds_2009-10.pdf,0
2009,rice,0,0,0,0,1,"American Indian or Alaska Native, non-Hispanic",3,13,13,cds_2009-10.pdf,0
2009,rice,0,0,0,0,1,"Asian, non-Hispanic",179,704,707,cds_2009-10.pdf,0
2009,rice,0,0,0,0,1,"Native Hawaiian or other Pacific Islander, non-Hispanic",0,0,0,cds_2009-10.pdf,0
2009,rice,0,0,0,0,1,"Two or more races, non-Hispanic",0,0,0,cds_2009-10.pdf,0
2009,rice,0,0,0,0,1,Race and/or ethnicity unknown,72,201,203,cds_2009-10.pdf,0
2009,rice,0,0,0,0,1,Total,894,3279,3319,cds_2009-10.pdf,0
2009,richmond,0,0,0,0,1,Nonresident,52,153,226,cds_2009-10.pdf,0
2009,richmond,0,0,0,0,1,Hispanic/Latino,51,113,113,cds_2009-10.pdf,0
2009,richmond,0,0,0,0,1,"Black or African American, non-Hispanic",78,213,213,cds_2009-10.pdf,0
2009,richmond,0,0,0,0,1,"White, non-Hispanic",503,1810,1829,cds_2009-10.pdf,0
2009,richmond,0,0,0,0,1,"American Indian or Alaska Native, non-Hispanic",3,9,9,cds_2009-10.pdf,0
2009,richmond,0,0,0,0,1,"Asian, non-Hispanic",79,147,149,cds_2009-10.pdf,1
2009,richmond,0,0,0,0,1,Race and/or ethnicity unknown,153,381,386,cds_2009-10.pdf,0
2009,richmond,0,0,0,0,1,Total,919,2826,2925,cds_2009-10.pdf,0
2009,stanford,0,1,0,0,1,Nonresident,128,469,,cds_2009-2010.pdf,0
2009,stanford,0,1,0,0,1,Hispanic/Latino,247,881,,cds_2009-2010.pdf,0
2009,stanford,0,1,0,0,1,"Black or African American, non-Hispanic",180,656,,cds_2009-2010.pdf,0
2009,stanford,0,1,0,0,1,"White, non-Hispanic",561,2355,,cds_2009-2010.pdf,0
2009,stanford,0,1,0,0,1,"American Indian or Alaska Native, non-Hispanic",54,182,,cds_2009-2010.pdf,0
2009,stanford,0,1,0,0,1,"Asian, non-Hispanic",397,1514,,cds_2009-2010.pdf,1
2009,stanford,0,1,0,0,1,Race and/or ethnicity unknown,125,507,,cds_2009-2010.pdf,0
2009,stanford,0,1,0,0,1,Total,1692,6564,,cds_2009-2010.pdf,0
2009,swarthmore,0,0,0,1,1,Total,394,1505,1525,cds-2009-2010.pdf,0
2009,trinity,0,0,1,1,0,Nonresident,32,108,109,CDS_2009-2010.pdf,0
2009,trinity,0,0,1,1,0,Hispanic/Latino,28,132,143,CDS_2009-2010.pdf,0
2009,trinity,0,0,1,1,0,"Black or African American, non-Hispanic",39,135,144,CDS_2009-2010.pdf,0
2009,trinity,0,0,1,1,0,"White, non-Hispanic",390,1442,1502,CDS_2009-2010.pdf,0
2009,trinity,0,0,1,1,0,"American Indian or Alaska Native, non-Hispanic",1,4,4,CDS_2009-2010.pdf,0
2009,trinity,0,0,1,1,0,"Asian, non-Hispanic",30,133,136,CDS_2009-2010.pdf,1
2009,trinity,0,0,1,1,0,Race and/or ethnicity unknown,53,280,303,CDS_2009-2010.pdf,0
2009,trinity,0,0,1,1,0,Total,573,2234,2341,CDS_2009-2010.pdf,0
2009,ucla,0,0,0,0,1,Race and/or ethnicity unknown,136,1171,,cds_2009-10.pdf,0
2009,ucla,0,0,0,0,1,Total,4472,26685,,cds_2009-10.pdf,0
2009,umich,0,0,0,0,1,Nonresident,229,1431,1495,cds_2009-2010.pdf,0
2009,umich,0,0,0,0,1,Hispanic/Latino,224,1073,1078,cds_2009-2010.pdf,0
2009,umich,0,0,0,0,1,"Black or African American, non-Hispanic",289,1523,1531,cds_2009-2010.pdf,0
2009,umich,0,0,0,0,1,"White, non-Hispanic",4321,16973,17038,cds_2009-2010.pdf,0
2009,umich,0,0,0,0,1,"American Indian or Alaska Native, non-Hispanic",21,167,168,cds_2009-2010.pdf,0
2009,umich,0,0,0,0,1,"Asian, non-Hispanic",821,3159,3175,cds_2009-2010.pdf,1
2009,umich,0,0,0,0,1,Race and/or ethnicity unknown,153,1707,1723,cds_2009-2010.pdf,0
2009,umich,0,0,0,0,1,Total,6058,26033,26208,cds_2009-2010.pdf,0
2009,washandlee,0,0,0,1,1,Nonresident,27,80,82,wlu_cds_2009-10.pdf,0
2009,washandlee,0,0,0,1,1,Hispanic/Latino,8,34,34,wlu_cds_2009-10.pdf,0
2009,washandlee,0,0,0,1,1,"Black or African American, non-Hispanic",21,69,69,wlu_cds_2009-10.pdf,0
2009,washandlee,0,0,0,1,1,"White, non-Hispanic",390,1487,1487,wlu_cds_2009-10.pdf,0
2009,washandlee,0,0,0,1,1,"American Indian or Alaska Native, non-Hispanic",3,7,7,wlu_cds_2009-10.pdf,0
2009,washandlee,0,0,0,1,1,"Asian, non-Hispanic",21,64,64,wlu_cds_2009-10.pdf,1
2009,washandlee,0,0,0,1,1,Race and/or ethnicity unknown,2,16,16,wlu_cds_2009-10.pdf,0
2009,washandlee,0,0,0,1,1,Total,472,1757,1759,wlu_cds_2009-10.pdf,0
2009,wellesley,0,0,0,1,1,Nonresident,86,211,221,Wellesley_CDS_2009-2010.pdf,0
2009,wellesley,0,0,0,1,1,Hispanic/Latino,50,165,167,Wellesley_CDS_2009-2010.pdf,0
2009,wellesley,0,0,0,1,1,"Black or African American, non-Hispanic",35,148,149,Wellesley_CDS_2009-2010.pdf,0
2009,wellesley,0,0,0,1,1,"White, non-Hispanic",254,953,964,Wellesley_CDS_2009-2010.pdf,0
2009,wellesley,0,0,0,1,1,"American Indian or Alaska Native, non-Hispanic",2,11,11,Wellesley_CDS_2009-2010.pdf,0
2009,wellesley,0,0,0,1,1,"Asian, non-Hispanic",130,575,578,Wellesley_CDS_2009-2010.pdf,1
2009,wellesley,0,0,0,1,1,Race and/or ethnicity unknown,32,130,234,Wellesley_CDS_2009-2010.pdf,0
2009,wellesley,0,0,0,1,1,Total,589,2193,2324,Wellesley_CDS_2009-2010.pdf,0
2009,wesleyan,0,0,1,1,1,Nonresident,46,189,,cds2009-10.pdf,0
2009,wesleyan,0,0,1,1,1,Hispanic/Latino,68,240,,cds2009-10.pdf,0
2009,wesleyan,0,0,1,1,1,"Black or African American, non-Hispanic",66,198,,cds2009-10.pdf,0
2009,wesleyan,0,0,1,1,1,"White, non-Hispanic",393,1600,,cds2009-10.pdf,0
2009,wesleyan,0,0,1,1,1,"American Indian or Alaska Native, non-Hispanic",7,15,,cds2009-10.pdf,0
2009,wesleyan,0,0,1,1,1,"Asian, non-Hispanic",80,271,,cds2009-10.pdf,1
2009,wesleyan,0,0,1,1,1,Race and/or ethnicity unknown,85,253,,cds2009-10.pdf,0
2009,wesleyan,0,0,1,1,1,Total,745,2766,,cds2009-10.pdf,0
2009,williams,0,0,1,1,1,Nonresident,31,143,,2009-2010_williams_common_data_set.pdf,0
2009,williams,0,0,1,1,1,Hispanic/Latino,56,198,,2009-2010_williams_common_data_set.pdf,0
2009,williams,0,0,1,1,1,"Black or African American, non-Hispanic",56,204,,2009-2010_williams_common_data_set.pdf,0
2009,williams,0,0,1,1,1,"White, non-Hispanic",331,1243,,2009-2010_williams_common_data_set.pdf,0
2009,williams,0,0,1,1,1,"American Indian or Alaska Native, non-Hispanic",1,9,,2009-2010_williams_common_data_set.pdf,0
2009,williams,0,0,1,1,1,"Asian, non-Hispanic",73,235,,2009-2010_williams_common_data_set.pdf,1
2009,williams,0,0,1,1,1,Total,548,2032,,2009-2010_williams_common_data_set.pdf,0
2009,yale,1,1,0,0,1,Nonresident,116,467,468,cds2009_2010_1.pdf,0
2009,yale,1,1,0,0,1,Hispanic/Latino,110,447,447,cds2009_2010_1.pdf,0
2009,yale,1,1,0,0,1,"Black or African American, non-Hispanic",106,448,448,cds2009_2010_1.pdf,0
2009,yale,1,1,0,0,1,"White, non-Hispanic",457,2191,2194,cds2009_2010_1.pdf,0
2009,yale,1,1,0,0,1,"American Indian or Alaska Native, non-Hispanic",33,69,69,cds2009_2010_1.pdf,0
2009,yale,1,1,0,0,1,"Asian, non-Hispanic",205,753,754,cds2009_2010_1.pdf,1
2009,yale,1,1,0,0,1,Race and/or ethnicity unknown,278,883,895,cds2009_2010_1.pdf,0
2009,yale,1,1,0,0,1,Total,1305,5258,5275,cds2009_2010_1.pdf,0
2010,amherst,0,0,1,1,1,Nonresident,44,163,163,amherst_cds_2010_Enrollment_and_Persistence.pdf,0
2010,amherst,0,0,1,1,1,Hispanic/Latino,57,198,198,amherst_cds_2010_Enrollment_and_Persistence.pdf,0
2010,amherst,0,0,1,1,1,"Black or African American, non-Hispanic",61,203,203,amherst_cds_2010_Enrollment_and_Persistence.pdf,0
2010,amherst,0,0,1,1,1,"White, non-Hispanic",206,694,694,amherst_cds_2010_Enrollment_and_Persistence.pdf,0
2010,amherst,0,0,1,1,1,"American Indian or Alaska Native, non-Hispanic",0,2,2,amherst_cds_2010_Enrollment_and_Persistence.pdf,0
2010,amherst,0,0,1,1,1,"Asian, non-Hispanic",53,183,183,amherst_cds_2010_Enrollment_and_Persistence.pdf,0
2010,amherst,0,0,1,1,1,"Native Hawaiian or other Pacific Islander, non-Hispanic",0,0,0,amherst_cds_2010_Enrollment_and_Persistence.pdf,0
2010,amherst,0,0,1,1,1,"Two or more races, non-Hispanic",36,122,122,amherst_cds_2010_Enrollment_and_Persistence.pdf,0
2010,amherst,0,0,1,1,1,Race and/or ethnicity unknown,33,229,229,amherst_cds_2010_Enrollment_and_Persistence.pdf,0
2010,amherst,0,0,1,1,1,Total,490,1794,1794,amherst_cds_2010_Enrollment_and_Persistence.pdf,0
2010,bates,0,0,1,1,1,Nonresident,30,103,,CDS_2010-2011.pdf,0
2010,bates,0,0,1,1,1,Hispanic/Latino,25,86,,CDS_2010-2011.pdf,0
2010,bates,0,0,1,1,1,"Black or African American, non-Hispanic",26,92,,CDS_2010-2011.pdf,0
2010,bates,0,0,1,1,1,"White, non-Hispanic",365,1291,,CDS_2010-2011.pdf,0
2010,bates,0,0,1,1,1,"American Indian or Alaska Native, non-Hispanic",3,7,,CDS_2010-2011.pdf,0
2010,bates,0,0,1,1,1,"Asian, non-Hispanic",19,80,,CDS_2010-2011.pdf,0
2010,bates,0,0,1,1,1,"Native Hawaiian or other Pacific Islander, non-Hispanic",0,1,,CDS_2010-2011.pdf,0
2010,bates,0,0,1,1,1,"Two or more races, non-Hispanic",16,51,,CDS_2010-2011.pdf,0
2010,bates,0,0,1,1,1,Race and/or ethnicity unknown,11,14,,CDS_2010-2011.pdf,0
2010,bates,0,0,1,1,1,Total,495,1725,0,CDS_2010-2011.pdf,0
2010,berkeley,0,0,0,0,1,Nonresident,469,1844,1844,cds_2010-11.pdf,0
2010,berkeley,0,0,0,0,1,Hispanic/Latino,420,3010,3010,cds_2010-11.pdf,0
2010,berkeley,0,0,0,0,1,"Black or African American, non-Hispanic",124,874,874,cds_2010-11.pdf,0
2010,berkeley,0,0,0,0,1,"White, non-Hispanic",1153,7740,7740,cds_2010-11.pdf,0
2010,berkeley,0,0,0,0,1,"American Indian or Alaska Native, non-Hispanic",28,146,146,cds_2010-11.pdf,0
2010,berkeley,0,0,0,0,1,"Asian, non-Hispanic",1662,10118,10118,cds_2010-11.pdf,0
2010,berkeley,0,0,0,0,1,Race and/or ethnicity unknown,253,1808,1808,cds_2010-11.pdf,0
2010,berkeley,0,0,0,0,1,Total,4109,25540,25540,cds_2010-11.pdf,0
2010,bowdoin,0,0,1,1,1,Nonresident,19,60,64,common-data-elements-2010---2011.pdf,0
2010,bowdoin,0,0,1,1,1,Hispanic/Latino,65,211,211,common-data-elements-2010---2011.pdf,0
2010,bowdoin,0,0,1,1,1,"Black or African American, non-Hispanic",23,89,89,common-data-elements-2010---2011.pdf,0
2010,bowdoin,0,0,1,1,1,"White, non-Hispanic",320,1141,1148,common-data-elements-2010---2011.pdf,0
2010,bowdoin,0,0,1,1,1,"American Indian or Alaska Native, non-Hispanic",1,2,2,common-data-elements-2010---2011.pdf,0
2010,bowdoin,0,0,1,1,1,"Native Hawaiian or other Pacific Islander, non-Hispanic",0,3,3,common-data-elements-2010---2011.pdf,0
2010,bowdoin,0,0,1,1,1,"Two or more races, non-Hispanic",34,108,108,common-data-elements-2010---2011.pdf,0
2010,bowdoin,0,0,1,1,1,Race and/or ethnicity unknown,8,9,9,common-data-elements-2010---2011.pdf,0
2010,bowdoin,0,0,1,1,1,Total,507,1751,1762,common-data-elements-2010---2011.pdf,0
2010,brown,1,1,0,0,1,Nonresident,153,586,617,CDS_2010-11_Brown.pdf,0
2010,brown,1,1,0,0,1,Hispanic/Latino,150,563,578,CDS_2010-11_Brown.pdf,0
2010,brown,1,1,0,0,1,"Black or African American, non-Hispanic",105,361,368,CDS_2010-11_Brown.pdf,0
2010,brown,1,1,0,0,1,"White, non-Hispanic",666,2801,2899,CDS_2010-11_Brown.pdf,0
2010,brown,1,1,0,0,1,"American Indian or Alaska Native, non-Hispanic",7,26,28,CDS_2010-11_Brown.pdf,0
2010,brown,1,1,0,0,1,"Asian, non-Hispanic",180,889,922,CDS_2010-11_Brown.pdf,0
2010,brown,1,1,0,0,1,"Native Hawaiian or other Pacific Islander, non-Hispanic",1,8,8,CDS_2010-11_Brown.pdf,0
2010,brown,1,1,0,0,1,"Two or more races, non-Hispanic",85,197,200,CDS_2010-11_Brown.pdf,0
2010,brown,1,1,0,0,1,Race and/or ethnicity unknown,152,671,698,CDS_2010-11_Brown.pdf,0
2010,brown,1,1,0,0,1,Total,1499,6102,6318,CDS_2010-11_Brown.pdf,0
2010,brynmawr,0,0,0,1,0,Nonresident,67,157,158,BrynMawr_CDS_2010-2011.pdf,0
2010,brynmawr,0,0,0,1,0,Hispanic/Latino,45,122,122,BrynMawr_CDS_2010-2011.pdf,0
2010,brynmawr,0,0,0,1,0,"Black or African American, non-Hispanic",15,71,72,BrynMawr_CDS_2010-2011.pdf,0
2010,brynmawr,0,0,0,1,0,"White, non-Hispanic",140,501,507,BrynMawr_CDS_2010-2011.pdf,0
2010,brynmawr,0,0,0,1,0,"Asian, non-Hispanic",46,160,160,BrynMawr_CDS_2010-2011.pdf,0
2010,brynmawr,0,0,0,1,0,"Native Hawaiian or other Pacific Islander, non-Hispanic",,3,3,BrynMawr_CDS_2010-2011.pdf,0
2010,brynmawr,0,0,0,1,0,"Two or more races, non-Hispanic",22,50,50,BrynMawr_CDS_2010-2011.pdf,0
2010,brynmawr,0,0,0,1,0,Race and/or ethnicity unknown,34,217,221,BrynMawr_CDS_2010-2011.pdf,0
2010,brynmawr,0,0,0,1,0,Total,369,1281,1293,BrynMawr_CDS_2010-2011.pdf,0
2010,caltech,0,1,0,0,1,Total,222,967,967,cds_2010-11.pdf,0
2010,carleton,0,0,0,1,1,Nonresident,41,151,162,Carleton_CDS_2010-11.pdf,0
2010,carleton,0,0,0,1,1,Hispanic/Latino,38,128,128,Carleton_CDS_2010-11.pdf,0
2010,carleton,0,0,0,1,1,"Black or African American, non-Hispanic",17,68,69,Carleton_CDS_2010-11.pdf,0
2010,carleton,0,0,0,1,1,"White, non-Hispanic",343,1369,1375,Carleton_CDS_2010-11.pdf,0
2010,carleton,0,0,0,1,1,"American Indian or Alaska Native, non-Hispanic",0,3,3,Carleton_CDS_2010-11.pdf,0
2010,carleton,0,0,0,1,1,"Asian, non-Hispanic",34,118,118,Carleton_CDS_2010-11.pdf,0
2010,carleton,0,0,0,1,1,"Native Hawaiian or other Pacific Islander, non-Hispanic",1,1,1,Carleton_CDS_2010-11.pdf,0
2010,carleton,0,0,0,1,1,"Two or more races, non-Hispanic",24,108,109,Carleton_CDS_2010-11.pdf,0
2010,carleton,0,0,0,1,1,Race and/or ethnicity unknown,14,45,55,Carleton_CDS_2010-11.pdf,0
2010,carleton,0,0,0,1,1,Total,512,1991,2020,Carleton_CDS_2010-11.pdf,0
2010,clark,0,0,0,1,0,Nonresident,43,167,170,clark-cds-2010-2011.pdf,0
2010,clark,0,0,0,1,0,Hispanic/Latino,43,109,113,clark-cds-2010-2011.pdf,0
2010,clark,0,0,0,1,0,"Black or African American, non-Hispanic",24,65,65,clark-cds-2010-2011.pdf,0
2010,clark,0,0,0,1,0,"White, non-Hispanic",402,1582,1612,clark-cds-2010-2011.pdf,0
2010,clark,0,0,0,1,0,"American Indian or Alaska Native, non-Hispanic",1,5,5,clark-cds-2010-2011.pdf,0
2010,clark,0,0,0,1,0,"Asian, non-Hispanic",30,94,100,clark-cds-2010-2011.pdf,0
2010,clark,0,0,0,1,0,"Native Hawaiian or other Pacific Islander, non-Hispanic",0,2,2,clark-cds-2010-2011.pdf,0
2010,clark,0,0,0,1,0,"Two or more races, non-Hispanic",19,46,46,clark-cds-2010-2011.pdf,0
2010,clark,0,0,0,1,0,Race and/or ethnicity unknown,16,182,204,clark-cds-2010-2011.pdf,0
2010,clark,0,0,0,1,0,Total,578,2252,2317,clark-cds-2010-2011.pdf,0
2010,colby,0,0,1,1,1,Nonresident,28,99,99,CDS2010_2011.pdf,0
2010,colby,0,0,1,1,1,Hispanic/Latino,26,67,67,CDS2010_2011.pdf,0
2010,colby,0,0,1,1,1,"Black or African American, non-Hispanic",29,64,64,CDS2010_2011.pdf,0
2010,colby,0,0,1,1,1,"White, non-Hispanic",288,1088,1088,CDS2010_2011.pdf,0
2010,colby,0,0,1,1,1,"American Indian or Alaska Native, non-Hispanic",0,3,3,CDS2010_2011.pdf,0
2010,colby,0,0,1,1,1,"Asian, non-Hispanic",27,122,122,CDS2010_2011.pdf,0
2010,colby,0,0,1,1,1,"Native Hawaiian or other Pacific Islander, non-Hispanic",1,2,2,CDS2010_2011.pdf,0
2010,colby,0,0,1,1,1,"Two or more races, non-Hispanic",22,30,30,CDS2010_2011.pdf,0
2010,colby,0,0,1,1,1,Race and/or ethnicity unknown,63,350,350,CDS2010_2011.pdf,0
2010,colby,0,0,1,1,1,Total,484,1825,1825,CDS2010_2011.pdf,0
2010,colgate,0,0,0,0,1,Nonresident,72,174,175,cds_2010-11.pdf,0
2010,colgate,0,0,0,0,1,Hispanic/Latino,68,207,207,cds_2010-11.pdf,0
2010,colgate,0,0,0,0,1,"Black or African American, non-Hispanic",41,120,120,cds_2010-11.pdf,0
2010,colgate,0,0,0,0,1,"White, non-Hispanic",554,2061,2066,cds_2010-11.pdf,0
2010,colgate,0,0,0,0,1,"American Indian or Alaska Native, non-Hispanic",3,12,12,cds_2010-11.pdf,0
2010,colgate,0,0,0,0,1,"Asian, non-Hispanic",28,104,104,cds_2010-11.pdf,0
2010,colgate,0,0,0,0,1,"Native Hawaiian or other Pacific Islander, non-Hispanic",2,3,3,cds_2010-11.pdf,0
2010,colgate,0,0,0,0,1,"Two or more races, non-Hispanic",29,88,89,cds_2010-11.pdf,0
2010,colgate,0,0,0,0,1,Race and/or ethnicity unknown,53,99,108,cds_2010-11.pdf,0
2010,colgate,0,0,0,0,1,Total,850,2868,2884,cds_2010-11.pdf,0
2010,cornell,1,1,0,0,1,Nonresident,258,1208,1249,CDS_2010-2011.pdf,0
2010,cornell,1,1,0,0,1,Hispanic/Latino,325,1162,1163,CDS_2010-2011.pdf,0
2010,cornell,1,1,0,0,1,"Black or African American, non-Hispanic",169,735,735,CDS_2010-2011.pdf,0
2010,cornell,1,1,0,0,1,"White, non-Hispanic",1466,6426,6428,CDS_2010-2011.pdf,0
2010,cornell,1,1,0,0,1,"American Indian or Alaska Native, non-Hispanic",15,52,52,CDS_2010-2011.pdf,0
2010,cornell,1,1,0,0,1,"Asian, non-Hispanic",485,2241,2243,CDS_2010-2011.pdf,0
2010,cornell,1,1,0,0,1,"Native Hawaiian or other Pacific Islander, non-Hispanic",0,11,11,CDS_2010-2011.pdf,0
2010,cornell,1,1,0,0,1,"Two or more races, non-Hispanic",153,387,387,CDS_2010-2011.pdf,0
2010,cornell,1,1,0,0,1,Race and/or ethnicity unknown,308,1663,1667,CDS_2010-2011.pdf,0
2010,cornell,1,1,0,0,1,Total,3179,13885,13935,CDS_2010-2011.pdf,0
2010,dartmouth,1,1,0,0,1,Nonresident,82,302,326,cds2010_2011_final.pdf,0
2010,dartmouth,1,1,0,0,1,Hispanic/Latino,96,346,348,cds2010_2011_final.pdf,0
2010,dartmouth,1,1,0,0,1,"Black or African American, non-Hispanic",74,330,331,cds2010_2011_final.pdf,0
2010,dartmouth,1,1,0,0,1,"White, non-Hispanic",522,2082,2099,cds2010_2011_final.pdf,0
2010,dartmouth,1,1,0,0,1,"American Indian or Alaska Native, non-Hispanic",20,135,135,cds2010_2011_final.pdf,0
2010,dartmouth,1,1,0,0,1,"Asian, non-Hispanic",156,605,607,cds2010_2011_final.pdf,0
2010,dartmouth,1,1,0,0,1,"Native Hawaiian or other Pacific Islander, non-Hispanic",0,8,8,cds2010_2011_final.pdf,0
2010,dartmouth,1,1,0,0,1,"Two or more races, non-Hispanic",67,74,74,cds2010_2011_final.pdf,0
2010,dartmouth,1,1,0,0,1,Race and/or ethnicity unknown,119,253,320,cds2010_2011_final.pdf,0
2010,dartmouth,1,1,0,0,1,Total,1136,4135,4248,cds2010_2011_final.pdf,0
2010,duke,0,1,0,0,1,Nonresident,152,475,481,Duke_CDS_2010-2011.pdf,0
2010,duke,0,1,0,0,1,Hispanic/Latino,167,628,637,Duke_CDS_2010-2011.pdf,0
2010,duke,0,1,0,0,1,"Black or African American, non-Hispanic",129,429,439,Duke_CDS_2010-2011.pdf,0
2010,duke,0,1,0,0,1,"White, non-Hispanic",881,3087,3170,Duke_CDS_2010-2011.pdf,0
2010,duke,0,1,0,0,1,"American Indian or Alaska Native, non-Hispanic",12,33,33,Duke_CDS_2010-2011.pdf,0
2010,duke,0,1,0,0,1,"Asian, non-Hispanic",360,1427,1434,Duke_CDS_2010-2011.pdf,0
2010,duke,0,1,0,0,1,Race and/or ethnicity unknown,50,425,457,Duke_CDS_2010-2011.pdf,0
2010,duke,0,1,0,0,1,Total,1751,6504,6651,Duke_CDS_2010-2011.pdf,0
2010,georgetown,0,0,0,0,1,Nonresident,102,526,719,georgetown_cds_2010-2011.pdf,0
2010,georgetown,0,0,0,0,1,Hispanic/Latino,120,478,485,georgetown_cds_2010-2011.pdf,0
2010,georgetown,0,0,0,0,1,"Black or African American, non-Hispanic",110,441,447,georgetown_cds_2010-2011.pdf,0
2010,georgetown,0,0,0,0,1,"White, non-Hispanic",1016,4706,4811,georgetown_cds_2010-2011.pdf,0
2010,georgetown,0,0,0,0,1,"American Indian or Alaska Native, non-Hispanic",5,11,11,georgetown_cds_2010-2011.pdf,0
2010,georgetown,0,0,0,0,1,"Asian, non-Hispanic",143,654,659,georgetown_cds_2010-2011.pdf,0
2010,georgetown,0,0,0,0,1,"Native Hawaiian or other Pacific Islander, non-Hispanic",1,6,6,georgetown_cds_2010-2011.pdf,0
2010,georgetown,0,0,0,0,1,"Two or more races, non-Hispanic",61,205,210,georgetown_cds_2010-2011.pdf,0
2010,georgetown,0,0,0,0,1,Race and/or ethnicity unknown,12,95,205,georgetown_cds_2010-2011.pdf,0
2010,georgetown,0,0,0,0,1,Total,1570,7122,7553,georgetown_cds_2010-2011.pdf,0
2010,grinnell,0,0,0,0,1,Total,415,1603,1655,GC_CDS_2010-11.pdf,0
2010,hamilton,0,0,1,1,1,Nonresident,20,85,,hamilton_cds_2010-2011.pdf,0
2010,hamilton,0,0,1,1,1,Hispanic/Latino,31,92,,hamilton_cds_2010-2011.pdf,0
2010,hamilton,0,0,1,1,1,"Black or African American, non-Hispanic",24,72,,hamilton_cds_2010-2011.pdf,0
2010,hamilton,0,0,1,1,1,"White, non-Hispanic",278,1239,,hamilton_cds_2010-2011.pdf,0
2010,hamilton,0,0,1,1,1,"American Indian or Alaska Native, non-Hispanic",0,10,,hamilton_cds_2010-2011.pdf,0
2010,hamilton,0,0,1,1,1,"Asian, non-Hispanic",36,140,,hamilton_cds_2010-2011.pdf,0
2010,hamilton,0,0,1,1,1,"Native Hawaiian or other Pacific Islander, non-Hispanic",0,0,,hamilton_cds_2010-2011.pdf,0
2010,hamilton,0,0,1,1,1,"Two or more races, non-Hispanic",13,29,,hamilton_cds_2010-2011.pdf,0
2010,hamilton,0,0,1,1,1,Race and/or ethnicity unknown,65,176,,hamilton_cds_2010-2011.pdf,0
2010,hamilton,0,0,1,1,1,Total,467,1843,0,hamilton_cds_2010-2011.pdf,0
2010,hampshire,0,0,0,1,0,Nonresident,23,70,81,hampshire-cds-2010-2011.pdf,0
2010,hampshire,0,0,0,1,0,Hispanic/Latino,27,111,116,hampshire-cds-2010-2011.pdf,0
2010,hampshire,0,0,0,1,0,"Black or African American, non-Hispanic",5,43,45,hampshire-cds-2010-2011.pdf,0
2010,hampshire,0,0,0,1,0,"White, non-Hispanic",287,1028,1029,hampshire-cds-2010-2011.pdf,0
2010,hampshire,0,0,0,1,0,"American Indian or Alaska Native, non-Hispanic",0,8,9,hampshire-cds-2010-2011.pdf,0
2010,hampshire,0,0,0,1,0,"Asian, non-Hispanic",14,49,49,hampshire-cds-2010-2011.pdf,0
2010,hampshire,0,0,0,1,0,"Native Hawaiian or other Pacific Islander, non-Hispanic",0,0,0,hampshire-cds-2010-2011.pdf,0
2010,hampshire,0,0,0,1,0,"Two or more races, non-Hispanic",19,49,50,hampshire-cds-2010-2011.pdf,0
2010,hampshire,0,0,0,1,0,Race and/or ethnicity unknown,43,147,150,hampshire-cds-2010-2011.pdf,0
2010,hampshire,0,0,0,1,0,Total,418,1505,1529,hampshire-cds-2010-2011.pdf,0
2010,harvard,1,1,0,0,1,Nonresident,160,675,675,harvard_cds_2010-2011.pdf,0
2010,harvard,1,1,0,0,1,Hispanic/Latino,144,542,542,harvard_cds_2010-2011.pdf,0
2010,harvard,1,1,0,0,1,"Black or African American, non-Hispanic",99,457,457,harvard_cds_2010-2011.pdf,0
2010,harvard,1,1,0,0,1,"White, non-Hispanic",739,2863,2863,harvard_cds_2010-2011.pdf,0
2010,harvard,1,1,0,0,1,"American Indian or Alaska Native, non-Hispanic",8,31,31,harvard_cds_2010-2011.pdf,0
2010,harvard,1,1,0,0,1,"Asian, non-Hispanic",252,1057,1057,harvard_cds_2010-2011.pdf,0
2010,harvard,1,1,0,0,1,"Native Hawaiian or other Pacific Islander, non-Hispanic",0,4,4,harvard_cds_2010-2011.pdf,0
2010,harvard,1,1,0,0,1,"Two or more races, non-Hispanic",92,200,200,harvard_cds_2010-2011.pdf,0
2010,harvard,1,1,0,0,1,Race and/or ethnicity unknown,176,812,812,harvard_cds_2010-2011.pdf,0
2010,harvard,1,1,0,0,1,Total,1670,6641,6641,harvard_cds_2010-2011.pdf,0
2010,haverford,0,0,0,1,0,Nonresident,11,31,31,cds_2010-2011.pdf,0
2010,haverford,0,0,0,1,0,Hispanic/Latino,27,100,100,cds_2010-2011.pdf,0
2010,haverford,0,0,0,1,0,"Black or African American, non-Hispanic",22,85,85,cds_2010-2011.pdf,0
2010,haverford,0,0,0,1,0,"White, non-Hispanic",221,808,808,cds_2010-2011.pdf,0
2010,haverford,0,0,0,1,0,"American Indian or Alaska Native, non-Hispanic",0,2,2,cds_2010-2011.pdf,0
2010,haverford,0,0,0,1,0,"Asian, non-Hispanic",18,91,91,cds_2010-2011.pdf,0
2010,haverford,0,0,0,1,0,"Native Hawaiian or other Pacific Islander, non-Hispanic",0,0,0,cds_2010-2011.pdf,0
2010,haverford,0,0,0,1,0,"Two or more races, non-Hispanic",26,60,60,cds_2010-2011.pdf,0
2010,haverford,0,0,0,1,0,Race and/or ethnicity unknown,0,0,0,cds_2010-2011.pdf,0
2010,haverford,0,0,0,1,0,Total,325,1177,1177,cds_2010-2011.pdf,0
2010,hmc,0,0,0,0,1,Nonresident,15,38,38,cds_2010-2011_B.pdf,0
2010,hmc,0,0,0,0,1,Hispanic/Latino,13,53,53,cds_2010-2011_B.pdf,0
2010,hmc,0,0,0,0,1,"Black or African American, non-Hispanic",2,7,7,cds_2010-2011_B.pdf,0
2010,hmc,0,0,0,0,1,"White, non-Hispanic",98,451,451,cds_2010-2011_B.pdf,0
2010,hmc,0,0,0,0,1,"American Indian or Alaska Native, non-Hispanic",1,3,3,cds_2010-2011_B.pdf,0
2010,hmc,0,0,0,0,1,"Asian, non-Hispanic",43,150,150,cds_2010-2011_B.pdf,0
2010,hmc,0,0,0,0,1,"Native Hawaiian or other Pacific Islander, non-Hispanic",0,0,0,cds_2010-2011_B.pdf,0
2010,hmc,0,0,0,0,1,"Two or more races, non-Hispanic",15,36,36,cds_2010-2011_B.pdf,0
2010,hmc,0,0,0,0,1,Race and/or ethnicity unknown,8,35,35,cds_2010-2011_B.pdf,0
2010,hmc,0,0,0,0,1,Total,195,773,773,cds_2010-2011_B.pdf,0
2010,jhu,0,1,0,0,1,Nonresident,97,394,,cds_2010-2011.pdf,0
2010,jhu,0,1,0,0,1,Hispanic/Latino,102,397,,cds_2010-2011.pdf,0
2010,jhu,0,1,0,0,1,"Black or African American, non-Hispanic",55,255,,cds_2010-2011.pdf,0
2010,jhu,0,1,0,0,1,"White, non-Hispanic",693,2604,,cds_2010-2011.pdf,0
2010,jhu,0,1,0,0,1,"American Indian or Alaska Native, non-Hispanic",1,8,,cds_2010-2011.pdf,0
2010,jhu,0,1,0,0,1,"Asian, non-Hispanic",232,1050,,cds_2010-2011.pdf,0
2010,jhu,0,1,0,0,1,"Native Hawaiian or other Pacific Islander, non-Hispanic",1,8,,cds_2010-2011.pdf,0
2010,jhu,0,1,0,0,1,"Two or more races, non-Hispanic",53,185,,cds_2010-2011.pdf,0
2010,jhu,0,1,0,0,1,Race and/or ethnicity unknown,7,79,,cds_2010-2011.pdf,0
2010,jhu,0,1,0,0,1,Total,1241,4980,,cds_2010-2011.pdf,0
2010,middlebury,0,0,1,1,1,Nonresident,67,243,262,CDS_2010-2011.pdf,0
2010,middlebury,0,0,1,1,1,Hispanic/Latino,38,154,154,CDS_2010-2011.pdf,0
2010,middlebury,0,0,1,1,1,"Black or African American, non-Hispanic",19,58,58,CDS_2010-2011.pdf,0
2010,middlebury,0,0,1,1,1,"White, non-Hispanic",365,1683,1690,CDS_2010-2011.pdf,0
2010,middlebury,0,0,1,1,1,"American Indian or Alaska Native, non-Hispanic",1,5,5,CDS_2010-2011.pdf,0
2010,middlebury,0,0,1,1,1,"Asian, non-Hispanic",31,140,142,CDS_2010-2011.pdf,0
2010,middlebury,0,0,1,1,1,"Native Hawaiian or other Pacific Islander, non-Hispanic",0,1,1,CDS_2010-2011.pdf,0
2010,middlebury,0,0,1,1,1,"Two or more races, non-Hispanic",27,97,97,CDS_2010-2011.pdf,0
2010,middlebury,0,0,1,1,1,Race and/or ethnicity unknown,29,121,123,CDS_2010-2011.pdf,0
2010,middlebury,0,0,1,1,1,Total,577,2502,2532,CDS_2010-2011.pdf,0
2010,mtholyoke,0,0,0,1,0,Nonresident,133,487,514,mtholyoke_cds_2010-2011.pdf,0
2010,mtholyoke,0,0,0,1,0,Hispanic/Latino,59,165,165,mtholyoke_cds_2010-2011.pdf,0
2010,mtholyoke,0,0,0,1,0,"Black or African American, non-Hispanic",31,100,100,mtholyoke_cds_2010-2011.pdf,0
2010,mtholyoke,0,0,0,1,0,"White, non-Hispanic",243,1109,1112,mtholyoke_cds_2010-2011.pdf,0
2010,mtholyoke,0,0,0,1,0,"American Indian or Alaska Native, non-Hispanic",0,2,2,mtholyoke_cds_2010-2011.pdf,0
2010,mtholyoke,0,0,0,1,0,"Asian, non-Hispanic",34,150,151,mtholyoke_cds_2010-2011.pdf,0
2010,mtholyoke,0,0,0,1,0,"Native Hawaiian or other Pacific Islander, non-Hispanic",0,1,1,mtholyoke_cds_2010-2011.pdf,0
2010,mtholyoke,0,0,0,1,0,"Two or more races, non-Hispanic",18,111,111,mtholyoke_cds_2010-2011.pdf,0
2010,mtholyoke,0,0,0,1,0,Race and/or ethnicity unknown,22,162,177,mtholyoke_cds_2010-2011.pdf,0
2010,mtholyoke,0,0,0,1,0,Total,540,2287,2333,mtholyoke_cds_2010-2011.pdf,0
2010,northwestern,0,0,0,0,1,Nonresident,134,477,,cds_2010-11.pdf,0
2010,northwestern,0,0,0,0,1,Hispanic/Latino,174,615,,cds_2010-11.pdf,0
2010,northwestern,0,0,0,0,1,"Black or African American, non-Hispanic",115,424,,cds_2010-11.pdf,0
2010,northwestern,0,0,0,0,1,"White, non-Hispanic",1193,4754,,cds_2010-11.pdf,0
2010,northwestern,0,0,0,0,1,"American Indian or Alaska Native, non-Hispanic",3,13,,cds_2010-11.pdf,0
2010,northwestern,0,0,0,0,1,"Asian, non-Hispanic",411,1710,,cds_2010-11.pdf,0
2010,northwestern,0,0,0,0,1,"Native Hawaiian or other Pacific Islander, non-Hispanic",1,4,,cds_2010-11.pdf,0
2010,northwestern,0,0,0,0,1,"Two or more races, non-Hispanic",69,167,,cds_2010-11.pdf,0
2010,northwestern,0,0,0,0,1,Race and/or ethnicity unknown,28,334,,cds_2010-11.pdf,0
2010,northwestern,0,0,0,0,1,Total,2128,8498,,cds_2010-11.pdf,0
2010,notredame,0,0,0,0,1,Nonresident,78,247,255,CDS_2010-2011.pdf,0
2010,notredame,0,0,0,0,1,Hispanic/Latino,212,827,827,CDS_2010-2011.pdf,0
2010,notredame,0,0,0,0,1,"Black or African American, non-Hispanic",76,269,269,CDS_2010-2011.pdf,0
2010,notredame,0,0,0,0,1,"White, non-Hispanic",1486,6265,6266,CDS_2010-2011.pdf,0
2010,notredame,0,0,0,0,1,"American Indian or Alaska Native, non-Hispanic",16,44,44,CDS_2010-2011.pdf,0
2010,notredame,0,0,0,0,1,"Asian, non-Hispanic",130,513,513,CDS_2010-2011.pdf,0
2010,notredame,0,0,0,0,1,"Two or more races, non-Hispanic",54,203,203,CDS_2010-2011.pdf,0
2010,notredame,0,0,0,0,1,Race and/or ethnicity unknown,16,65,65,CDS_2010-2011.pdf,0
2010,notredame,0,0,0,0,1,Total,2068,8433,8442,CDS_2010-2011.pdf,0
2010,penn,1,1,0,0,1,Nonresident,248,1071,1071,UPenn_CDS_2010-11.pdf,0
2010,penn,1,1,0,0,1,Hispanic/Latino,206,649,649,UPenn_CDS_2010-11.pdf,0
2010,penn,1,1,0,0,1,"Black or African American, non-Hispanic",148,730,730,UPenn_CDS_2010-11.pdf,0
2010,penn,1,1,0,0,1,"White, non-Hispanic",1159,4556,4556,UPenn_CDS_2010-11.pdf,0
2010,penn,1,1,0,0,1,"American Indian or Alaska Native, non-Hispanic",6,45,45,UPenn_CDS_2010-11.pdf,0
2010,penn,1,1,0,0,1,"Asian, non-Hispanic",411,1843,1843,UPenn_CDS_2010-11.pdf,1
2010,penn,1,1,0,0,1,"Native Hawaiian or other Pacific Islander, non-Hispanic",2,7,7,UPenn_CDS_2010-11.pdf,0
2010,penn,1,1,0,0,1,"Two or more races, non-Hispanic",64,106,106,UPenn_CDS_2010-11.pdf,0
2010,penn,1,1,0,0,1,Race and/or ethnicity unknown,126,858,858,UPenn_CDS_2010-11.pdf,0
2010,penn,1,1,0,0,1,Total,2370,9865,9865,UPenn_CDS_2010-11.pdf,0
2010,pomona,0,0,0,1,1,Nonresident,25,68,75,cds-2010-2011.pdf,0
2010,pomona,0,0,0,1,1,Hispanic/Latino,58,188,188,cds-2010-2011.pdf,0
2010,pomona,0,0,0,1,1,"Black or African American, non-Hispanic",22,102,102,cds-2010-2011.pdf,0
2010,pomona,0,0,0,1,1,"White, non-Hispanic",190,706,706,cds-2010-2011.pdf,0
2010,pomona,0,0,0,1,1,"American Indian or Alaska Native, non-Hispanic",0,2,2,cds-2010-2011.pdf,0
2010,pomona,0,0,0,1,1,"Asian, non-Hispanic",45,168,169,cds-2010-2011.pdf,0
2010,pomona,0,0,0,1,1,"Native Hawaiian or other Pacific Islander, non-Hispanic",0,0,0,cds-2010-2011.pdf,0
2010,pomona,0,0,0,1,1,"Two or more races, non-Hispanic",23,83,83,cds-2010-2011.pdf,0
2010,pomona,0,0,0,1,1,Race and/or ethnicity unknown,38,229,235,cds-2010-2011.pdf,0
2010,pomona,0,0,0,1,1,Total,401,1546,1560,cds-2010-2011.pdf,0
2010,princeton,1,1,0,0,1,Nonresident,140,542,,cds_1011_princeton.pdf,0
2010,princeton,1,1,0,0,1,Hispanic/Latino,104,398,,cds_1011_princeton.pdf,0
2010,princeton,1,1,0,0,1,"Black or African American, non-Hispanic",96,388,,cds_1011_princeton.pdf,0
2010,princeton,1,1,0,0,1,"White, non-Hispanic",651,2509,,cds_1011_princeton.pdf,0
2010,princeton,1,1,0,0,1,"American Indian or Alaska Native, non-Hispanic",1,14,,cds_1011_princeton.pdf,0
2010,princeton,1,1,0,0,1,"Asian, non-Hispanic",237,868,,cds_1011_princeton.pdf,0
2010,princeton,1,1,0,0,1,"Native Hawaiian or other Pacific Islander, non-Hispanic",1,6,,cds_1011_princeton.pdf,0
2010,princeton,1,1,0,0,1,"Two or more races, non-Hispanic",50,249,,cds_1011_princeton.pdf,0
2010,princeton,1,1,0,0,1,Race and/or ethnicity unknown,32,168,,cds_1011_princeton.pdf,0
2010,princeton,1,1,0,0,1,Total,1312,5142,0,cds_1011_princeton.pdf,0
2010,rice,0,0,0,0,1,Nonresident,107,330,359,cds_2010-11.pdf,0
2010,rice,0,0,0,0,1,Hispanic/Latino,101,399,400,cds_2010-11.pdf,0
2010,rice,0,0,0,0,1,"Black or African American, non-Hispanic",57,244,245,cds_2010-11.pdf,0
2010,rice,0,0,0,0,1,"White, non-Hispanic",416,1511,1522,cds_2010-11.pdf,0
2010,rice,0,0,0,0,1,"American Indian or Alaska Native, non-Hispanic",4,13,13,cds_2010-11.pdf,0
2010,rice,0,0,0,0,1,"Asian, non-Hispanic",211,744,746,cds_2010-11.pdf,0
2010,rice,0,0,0,0,1,Race and/or ethnicity unknown,53,244,244,cds_2010-11.pdf,0
2010,rice,0,0,0,0,1,Total,949,3485,3529,cds_2010-11.pdf,0
2010,richmond,0,0,0,0,1,Nonresident,61,185,265,cds_2010-11.pdf,0
2010,richmond,0,0,0,0,1,Hispanic/Latino,56,153,153,cds_2010-11.pdf,0
2010,richmond,0,0,0,0,1,"Black or African American, non-Hispanic",54,207,208,cds_2010-11.pdf,0
2010,richmond,0,0,0,0,1,"White, non-Hispanic",507,1859,1873,cds_2010-11.pdf,0
2010,richmond,0,0,0,0,1,"American Indian or Alaska Native, non-Hispanic",2,9,10,cds_2010-11.pdf,0
2010,richmond,0,0,0,0,1,"Asian, non-Hispanic",32,147,148,cds_2010-11.pdf,0
2010,richmond,0,0,0,0,1,"Native Hawaiian or other Pacific Islander, non-Hispanic",0,0,0,cds_2010-11.pdf,0
2010,richmond,0,0,0,0,1,"Two or more races, non-Hispanic",26,29,30,cds_2010-11.pdf,0
2010,richmond,0,0,0,0,1,Race and/or ethnicity unknown,80,356,361,cds_2010-11.pdf,0
2010,richmond,0,0,0,0,1,Total,818,2945,3048,cds_2010-11.pdf,0
2010,smith,0,0,0,1,1,Nonresident,73,230,230,SmithCollege_CDS_2010_2011.pdf,0
2010,smith,0,0,0,1,1,Hispanic/Latino,57,188,188,SmithCollege_CDS_2010_2011.pdf,0
2010,smith,0,0,0,1,1,"Black or African American, non-Hispanic",33,137,137,SmithCollege_CDS_2010_2011.pdf,0
2010,smith,0,0,0,1,1,"White, non-Hispanic",316,1121,1121,SmithCollege_CDS_2010_2011.pdf,0
2010,smith,0,0,0,1,1,"American Indian or Alaska Native, non-Hispanic",2,10,10,SmithCollege_CDS_2010_2011.pdf,0
2010,smith,0,0,0,1,1,"Asian, non-Hispanic",75,289,289,SmithCollege_CDS_2010_2011.pdf,0
2010,smith,0,0,0,1,1,"Native Hawaiian or other Pacific Islander, non-Hispanic",1,4,4,SmithCollege_CDS_2010_2011.pdf,0
2010,smith,0,0,0,1,1,"Two or more races, non-Hispanic",27,88,88,SmithCollege_CDS_2010_2011.pdf,0
2010,smith,0,0,0,1,1,Race and/or ethnicity unknown,47,521,521,SmithCollege_CDS_2010_2011.pdf,0
2010,smith,0,0,0,1,1,Total,631,2588,2588,SmithCollege_CDS_2010_2011.pdf,0
2010,stanford,0,1,0,0,1,Nonresident,138,493,,cds_2010-2011.pdf,0
2010,stanford,0,1,0,0,1,Hispanic/Latino,306,1079,,cds_2010-2011.pdf,0
2010,stanford,0,1,0,0,1,"Black or African American, non-Hispanic",128,506,,cds_2010-2011.pdf,0
2010,stanford,0,1,0,0,1,"White, non-Hispanic",534,2350,,cds_2010-2011.pdf,0
2010,stanford,0,1,0,0,1,"American Indian or Alaska Native, non-Hispanic",23,88,,cds_2010-2011.pdf,0
2010,stanford,0,1,0,0,1,"Asian, non-Hispanic",273,1223,,cds_2010-2011.pdf,0
2010,stanford,0,1,0,0,1,"Native Hawaiian or other Pacific Islander, non-Hispanic",8,19,,cds_2010-2011.pdf,0
2010,stanford,0,1,0,0,1,"Two or more races, non-Hispanic",135,581,,cds_2010-2011.pdf,0
2010,stanford,0,1,0,0,1,Race and/or ethnicity unknown,127,548,,cds_2010-2011.pdf,0
2010,stanford,0,1,0,0,1,Total,1672,6887,,cds_2010-2011.pdf,0
2010,swarthmore,0,0,0,1,1,Total,388,1509,1524,cds-2010-2011.pdf,0
2010,trinity,0,0,1,1,0,Nonresident,44,144,,CDS_2010-2011.pdf,0
2010,trinity,0,0,1,1,0,Hispanic/Latino,47,150,,CDS_2010-2011.pdf,0
2010,trinity,0,0,1,1,0,"Black or African American, non-Hispanic",41,150,,CDS_2010-2011.pdf,0
2010,trinity,0,0,1,1,0,"White, non-Hispanic",383,1423,,CDS_2010-2011.pdf,0
2010,trinity,0,0,1,1,0,"American Indian or Alaska Native, non-Hispanic",0,3,,CDS_2010-2011.pdf,0
2010,trinity,0,0,1,1,0,"Asian, non-Hispanic",36,132,,CDS_2010-2011.pdf,0
2010,trinity,0,0,1,1,0,Race and/or ethnicity unknown,40,237,,CDS_2010-2011.pdf,0
2010,trinity,0,0,1,1,0,Total,591,2239,0,CDS_2010-2011.pdf,0
2010,ucla,0,0,0,0,1,Race and/or ethnicity unknown,233,1129,,cds_2010-11.pdf,0
2010,ucla,0,0,0,0,1,Total,4636,26162,,cds_2010-11.pdf,0
2010,umich,0,0,0,0,1,Nonresident,264,1578,1644,cds_2010-2011.pdf,0
2010,umich,0,0,0,0,1,Hispanic/Latino,275,1161,1167,cds_2010-2011.pdf,0
2010,umich,0,0,0,0,1,"Black or African American, non-Hispanic",283,1208,1214,cds_2010-2011.pdf,0
2010,umich,0,0,0,0,1,"White, non-Hispanic",4506,17886,17970,cds_2010-2011.pdf,0
2010,umich,0,0,0,0,1,"American Indian or Alaska Native, non-Hispanic",11,48,49,cds_2010-2011.pdf,0
2010,umich,0,0,0,0,1,"Asian, non-Hispanic",876,3111,3125,cds_2010-2011.pdf,0
2010,umich,0,0,0,0,1,"Native Hawaiian or other Pacific Islander, non-Hispanic",0,6,6,cds_2010-2011.pdf,0
2010,umich,0,0,0,0,1,"Two or more races, non-Hispanic",211,907,912,cds_2010-2011.pdf,0
2010,umich,0,0,0,0,1,Race and/or ethnicity unknown,55,925,940,cds_2010-2011.pdf,0
2010,umich,0,0,0,0,1,Total,6481,26830,27027,cds_2010-2011.pdf,0
2010,vassar,0,0,0,1,1,Nonresident,32,143,,vassar-cds-2010-2011.pdf,0
2010,vassar,0,0,0,1,1,Hispanic/Latino,74,221,,vassar-cds-2010-2011.pdf,0
2010,vassar,0,0,0,1,1,"Black or African American, non-Hispanic",43,122,,vassar-cds-2010-2011.pdf,0
2010,vassar,0,0,0,1,1,"White, non-Hispanic",420,1602,,vassar-cds-2010-2011.pdf,0
2010,vassar,0,0,0,1,1,"American Indian or Alaska Native, non-Hispanic",1,4,,vassar-cds-2010-2011.pdf,0
2010,vassar,0,0,0,1,1,"Asian, non-Hispanic",62,222,,vassar-cds-2010-2011.pdf,0
2010,vassar,0,0,0,1,1,"Native Hawaiian or other Pacific Islander, non-Hispanic",0,0,,vassar-cds-2010-2011.pdf,0
2010,vassar,0,0,0,1,1,"Two or more races, non-Hispanic",33,90,,vassar-cds-2010-2011.pdf,0
2010,vassar,0,0,0,1,1,Race and/or ethnicity unknown,1,4,,vassar-cds-2010-2011.pdf,0
2010,vassar,0,0,0,1,1,Total,666,2408,0,vassar-cds-2010-2011.pdf,0
2010,washandlee,0,0,0,1,1,Nonresident,19,75,,wlu_cds_2010-11.pdf,0
2010,washandlee,0,0,0,1,1,Hispanic/Latino,9,36,,wlu_cds_2010-11.pdf,0
2010,washandlee,0,0,0,1,1,"Black or African American, non-Hispanic",13,44,,wlu_cds_2010-11.pdf,0
2010,washandlee,0,0,0,1,1,"White, non-Hispanic",398,1485,,wlu_cds_2010-11.pdf,0
2010,washandlee,0,0,0,1,1,"American Indian or Alaska Native, non-Hispanic",,2,,wlu_cds_2010-11.pdf,0
2010,washandlee,0,0,0,1,1,"Asian, non-Hispanic",10,49,,wlu_cds_2010-11.pdf,0
2010,washandlee,0,0,0,1,1,"Native Hawaiian or other Pacific Islander, non-Hispanic",,1,,wlu_cds_2010-11.pdf,0
2010,washandlee,0,0,0,1,1,"Two or more races, non-Hispanic",12,36,,wlu_cds_2010-11.pdf,0
2010,washandlee,0,0,0,1,1,Race and/or ethnicity unknown,10,29,,wlu_cds_2010-11.pdf,0
2010,washandlee,0,0,0,1,1,Total,471,1757,,wlu_cds_2010-11.pdf,0
2010,wellesley,0,0,0,1,1,Nonresident,69,236,259,Wellesley_CDS_2010-2011.pdf,0
2010,wellesley,0,0,0,1,1,Hispanic/Latino,58,208,210,Wellesley_CDS_2010-2011.pdf,0
2010,wellesley,0,0,0,1,1,"Black or African American, non-Hispanic",48,144,144,Wellesley_CDS_2010-2011.pdf,0
2010,wellesley,0,0,0,1,1,"White, non-Hispanic",278,1045,1082,Wellesley_CDS_2010-2011.pdf,0
2010,wellesley,0,0,0,1,1,"American Indian or Alaska Native, non-Hispanic",0,5,5,Wellesley_CDS_2010-2011.pdf,0
2010,wellesley,0,0,0,1,1,"Asian, non-Hispanic",138,514,521,Wellesley_CDS_2010-2011.pdf,0
2010,wellesley,0,0,0,1,1,"Native Hawaiian or other Pacific Islander, non-Hispanic",0,1,1,Wellesley_CDS_2010-2011.pdf,0
2010,wellesley,0,0,0,1,1,"Two or more races, non-Hispanic",34,103,103,Wellesley_CDS_2010-2011.pdf,0
2010,wellesley,0,0,0,1,1,Race and/or ethnicity unknown,8,35,86,Wellesley_CDS_2010-2011.pdf,0
2010,wellesley,0,0,0,1,1,Total,633,2291,2411,Wellesley_CDS_2010-2011.pdf,0
2010,wesleyan,0,0,1,1,1,Nonresident,53,193,,cds2010-11.pdf,0
2010,wesleyan,0,0,1,1,1,Hispanic/Latino,70,252,,cds2010-11.pdf,0
2010,wesleyan,0,0,1,1,1,"Black or African American, non-Hispanic",51,176,,cds2010-11.pdf,0
2010,wesleyan,0,0,1,1,1,"White, non-Hispanic",446,1591,,cds2010-11.pdf,0
2010,wesleyan,0,0,1,1,1,"American Indian or Alaska Native, non-Hispanic",0,1,,cds2010-11.pdf,0
2010,wesleyan,0,0,1,1,1,"Native Hawaiian or other Pacific Islander, non-Hispanic",0,1,,cds2010-11.pdf,0
2010,wesleyan,0,0,1,1,1,"Two or more races, non-Hispanic",36,168,,cds2010-11.pdf,0
2010,wesleyan,0,0,1,1,1,Race and/or ethnicity unknown,44,249,,cds2010-11.pdf,0
2010,wesleyan,0,0,1,1,1,Total,748,2837,,cds2010-11.pdf,0
2010,williams,0,0,1,1,1,Nonresident,37,142,,2010-2011_williams_common_data_set.pdf,0
2010,williams,0,0,1,1,1,Hispanic/Latino,54,205,,2010-2011_williams_common_data_set.pdf,0
2010,williams,0,0,1,1,1,"Black or African American, non-Hispanic",44,150,,2010-2011_williams_common_data_set.pdf,0
2010,williams,0,0,1,1,1,"White, non-Hispanic",324,1200,,2010-2011_williams_common_data_set.pdf,0
2010,williams,0,0,1,1,1,"American Indian or Alaska Native, non-Hispanic",2,6,,2010-2011_williams_common_data_set.pdf,0
2010,williams,0,0,1,1,1,"Asian, non-Hispanic",60,212,,2010-2011_williams_common_data_set.pdf,0
2010,williams,0,0,1,1,1,"Native Hawaiian or other Pacific Islander, non-Hispanic",0,0,,2010-2011_williams_common_data_set.pdf,0
2010,williams,0,0,1,1,1,"Two or more races, non-Hispanic",27,79,,2010-2011_williams_common_data_set.pdf,0
2010,williams,0,0,1,1,1,Race and/or ethnicity unknown,0,0,,2010-2011_williams_common_data_set.pdf,0
2010,williams,0,0,1,1,1,Total,548,1994,,2010-2011_williams_common_data_set.pdf,0
2010,wustl,0,0,0,0,1,Nonresident,108,421,481,wustl_cds_2010-2011.pdf,0
2010,wustl,0,0,0,0,1,Hispanic/Latino,84,306,323,wustl_cds_2010-2011.pdf,0
2010,wustl,0,0,0,0,1,"Black or African American, non-Hispanic",91,407,473,wustl_cds_2010-2011.pdf,0
2010,wustl,0,0,0,0,1,"White, non-Hispanic",936,3747,4116,wustl_cds_2010-2011.pdf,0
2010,wustl,0,0,0,0,1,"American Indian or Alaska Native, non-Hispanic",1,3,4,wustl_cds_2010-2011.pdf,0
2010,wustl,0,0,0,0,1,"Asian, non-Hispanic",290,963,1004,wustl_cds_2010-2011.pdf,0
2010,wustl,0,0,0,0,1,"Native Hawaiian or other Pacific Islander, non-Hispanic",0,0,1,wustl_cds_2010-2011.pdf,0
2010,wustl,0,0,0,0,1,"Two or more races, non-Hispanic",53,204,210,wustl_cds_2010-2011.pdf,0
2010,wustl,0,0,0,0,1,Race and/or ethnicity unknown,69,491,526,wustl_cds_2010-2011.pdf,0
2010,wustl,0,0,0,0,1,Total,1632,6542,7138,wustl_cds_2010-2011.pdf,0
2010,yale,1,1,0,0,1,Nonresident,150,520,520,cds2010_2011_1.pdf,0
2010,yale,1,1,0,0,1,Hispanic/Latino,124,483,484,cds2010_2011_1.pdf,0
2010,yale,1,1,0,0,1,"Black or African American, non-Hispanic",90,316,316,cds2010_2011_1.pdf,0
2010,yale,1,1,0,0,1,"White, non-Hispanic",657,2471,2480,cds2010_2011_1.pdf,0
2010,yale,1,1,0,0,1,"American Indian or Alaska Native, non-Hispanic",3,23,23,cds2010_2011_1.pdf,0
2010,yale,1,1,0,0,1,"Asian, non-Hispanic",212,749,751,cds2010_2011_1.pdf,0
2010,yale,1,1,0,0,1,"Native Hawaiian or other Pacific Islander, non-Hispanic",1,3,3,cds2010_2011_1.pdf,0
2010,yale,1,1,0,0,1,"Two or more races, non-Hispanic",84,275,275,cds2010_2011_1.pdf,0
2010,yale,1,1,0,0,1,Race and/or ethnicity unknown,22,456,458,cds2010_2011_1.pdf,0
2010,yale,1,1,0,0,1,Total,1343,5296,5310,cds2010_2011_1.pdf,0
2011,amherst,0,0,1,1,1,Nonresident,36,174,174,amherst_cds_2011_2011_Enrollment_and_Persistence.pdf,0
2011,amherst,0,0,1,1,1,Hispanic/Latino,63,204,204,amherst_cds_2011_2011_Enrollment_and_Persistence.pdf,0
2011,amherst,0,0,1,1,1,"Black or African American, non-Hispanic",57,208,208,amherst_cds_2011_2011_Enrollment_and_Persistence.pdf,0
2011,amherst,0,0,1,1,1,"White, non-Hispanic",201,709,709,amherst_cds_2011_2011_Enrollment_and_Persistence.pdf,0
2011,amherst,0,0,1,1,1,"American Indian or Alaska Native, non-Hispanic",0,0,0,amherst_cds_2011_2011_Enrollment_and_Persistence.pdf,0
2011,amherst,0,0,1,1,1,"Asian, non-Hispanic",50,196,196,amherst_cds_2011_2011_Enrollment_and_Persistence.pdf,0
2011,amherst,0,0,1,1,1,"Native Hawaiian or other Pacific Islander, non-Hispanic",0,0,0,amherst_cds_2011_2011_Enrollment_and_Persistence.pdf,0
2011,amherst,0,0,1,1,1,"Two or more races, non-Hispanic",26,107,107,amherst_cds_2011_2011_Enrollment_and_Persistence.pdf,0
2011,amherst,0,0,1,1,1,Race and/or ethnicity unknown,28,193,193,amherst_cds_2011_2011_Enrollment_and_Persistence.pdf,0
2011,amherst,0,0,1,1,1,Total,461,1791,1791,amherst_cds_2011_2011_Enrollment_and_Persistence.pdf,0
2011,bates,0,0,1,1,1,Nonresident,28,105,105,CDS_2011-2012.pdf,0
2011,bates,0,0,1,1,1,Hispanic/Latino,32,96,96,CDS_2011-2012.pdf,0
2011,bates,0,0,1,1,1,"Black or African American, non-Hispanic",19,85,85,CDS_2011-2012.pdf,0
2011,bates,0,0,1,1,1,"White, non-Hispanic",366,1300,1300,CDS_2011-2012.pdf,0
2011,bates,0,0,1,1,1,"American Indian or Alaska Native, non-Hispanic",2,8,8,CDS_2011-2012.pdf,0
2011,bates,0,0,1,1,1,"Asian, non-Hispanic",22,82,82,CDS_2011-2012.pdf,0
2011,bates,0,0,1,1,1,"Native Hawaiian or other Pacific Islander, non-Hispanic",,2,2,CDS_2011-2012.pdf,0
2011,bates,0,0,1,1,1,"Two or more races, non-Hispanic",22,60,60,CDS_2011-2012.pdf,0
2011,bates,0,0,1,1,1,Race and/or ethnicity unknown,11,31,31,CDS_2011-2012.pdf,0
2011,bates,0,0,1,1,1,Total,502,1769,1769,CDS_2011-2012.pdf,0
2011,berkeley,0,0,0,0,1,Nonresident,610,2423,2423,cds_2011-12.pdf,0
2011,berkeley,0,0,0,0,1,Hispanic/Latino,487,3183,3183,cds_2011-12.pdf,0
2011,berkeley,0,0,0,0,1,"Black or African American, non-Hispanic",82,709,709,cds_2011-12.pdf,0
2011,berkeley,0,0,0,0,1,"White, non-Hispanic",1240,7887,7887,cds_2011-12.pdf,0
2011,berkeley,0,0,0,0,1,"American Indian or Alaska Native, non-Hispanic",7,76,76,cds_2011-12.pdf,0
2011,berkeley,0,0,0,0,1,"Asian, non-Hispanic",1706,9512,9512,cds_2011-12.pdf,0
2011,berkeley,0,0,0,0,1,"Native Hawaiian or other Pacific Islander, non-Hispanic",12,68,68,cds_2011-12.pdf,0
2011,berkeley,0,0,0,0,1,"Two or more races, non-Hispanic",232,661,661,cds_2011-12.pdf,0
2011,berkeley,0,0,0,0,1,Race and/or ethnicity unknown,67,1366,1366,cds_2011-12.pdf,0
2011,berkeley,0,0,0,0,1,Total,4443,25885,25885,cds_2011-12.pdf,0
2011,bowdoin,0,0,1,1,1,Nonresident,26,67,72,common-data-elements-2011---2012.pdf,0
2011,bowdoin,0,0,1,1,1,Hispanic/Latino,57,221,221,common-data-elements-2011---2012.pdf,0
2011,bowdoin,0,0,1,1,1,"Black or African American, non-Hispanic",24,85,85,common-data-elements-2011---2012.pdf,0
2011,bowdoin,0,0,1,1,1,"White, non-Hispanic",310,1154,1155,common-data-elements-2011---2012.pdf,0
2011,bowdoin,0,0,1,1,1,"American Indian or Alaska Native, non-Hispanic",0,1,1,common-data-elements-2011---2012.pdf,0
2011,bowdoin,0,0,1,1,1,"Asian, non-Hispanic",28,122,122,common-data-elements-2011---2012.pdf,0
2011,bowdoin,0,0,1,1,1,"Native Hawaiian or other Pacific Islander, non-Hispanic",0,1,1,common-data-elements-2011---2012.pdf,0
2011,bowdoin,0,0,1,1,1,"Two or more races, non-Hispanic",34,109,109,common-data-elements-2011---2012.pdf,0
2011,bowdoin,0,0,1,1,1,Race and/or ethnicity unknown,4,12,12,common-data-elements-2011---2012.pdf,0
2011,bowdoin,0,0,1,1,1,Total,483,1772,1778,common-data-elements-2011---2012.pdf,0
2011,brown,1,1,0,0,1,Nonresident,167,660,694,CDS_2011-2012_Brown.pdf,0
2011,brown,1,1,0,0,1,Hispanic/Latino,163,592,605,CDS_2011-2012_Brown.pdf,0
2011,brown,1,1,0,0,1,"Black or African American, non-Hispanic",99,354,367,CDS_2011-2012_Brown.pdf,0
2011,brown,1,1,0,0,1,"White, non-Hispanic",658,2741,2861,CDS_2011-2012_Brown.pdf,0
2011,brown,1,1,0,0,1,"American Indian or Alaska Native, non-Hispanic",4,24,25,CDS_2011-2012_Brown.pdf,0
2011,brown,1,1,0,0,1,"Asian, non-Hispanic",171,827,875,CDS_2011-2012_Brown.pdf,0
2011,brown,1,1,0,0,1,"Native Hawaiian or other Pacific Islander, non-Hispanic",1,6,7,CDS_2011-2012_Brown.pdf,0
2011,brown,1,1,0,0,1,"Two or more races, non-Hispanic",73,229,235,CDS_2011-2012_Brown.pdf,0
2011,brown,1,1,0,0,1,Race and/or ethnicity unknown,171,685,711,CDS_2011-2012_Brown.pdf,0
2011,brown,1,1,0,0,1,Total,1507,6118,6380,CDS_2011-2012_Brown.pdf,0
2011,brynmawr,0,0,0,1,0,Nonresident,75,209,209,BrynMawr_CDS_2011-2012.pdf,0
2011,brynmawr,0,0,0,1,0,Hispanic/Latino,27,118,118,BrynMawr_CDS_2011-2012.pdf,0
2011,brynmawr,0,0,0,1,0,"Black or African American, non-Hispanic",16,57,57,BrynMawr_CDS_2011-2012.pdf,0
2011,brynmawr,0,0,0,1,0,"White, non-Hispanic",139,486,491,BrynMawr_CDS_2011-2012.pdf,0
2011,brynmawr,0,0,0,1,0,"American Indian or Alaska Native, non-Hispanic",0,0,0,BrynMawr_CDS_2011-2012.pdf,0
2011,brynmawr,0,0,0,1,0,"Asian, non-Hispanic",51,171,171,BrynMawr_CDS_2011-2012.pdf,0
2011,brynmawr,0,0,0,1,0,"Native Hawaiian or other Pacific Islander, non-Hispanic",0,1,1,BrynMawr_CDS_2011-2012.pdf,0
2011,brynmawr,0,0,0,1,0,"Two or more races, non-Hispanic",13,55,55,BrynMawr_CDS_2011-2012.pdf,0
2011,brynmawr,0,0,0,1,0,Race and/or ethnicity unknown,40,205,211,BrynMawr_CDS_2011-2012.pdf,0
2011,brynmawr,0,0,0,1,0,Total,361,1302,1313,BrynMawr_CDS_2011-2012.pdf,0
2011,bucknell,0,0,0,1,0,Nonresident,50,174,178,cds_2011-12.pdf,0
2011,bucknell,0,0,0,1,0,Hispanic/Latino,53,151,152,cds_2011-12.pdf,0
2011,bucknell,0,0,0,1,0,"Black or African American, non-Hispanic",25,102,102,cds_2011-12.pdf,0
2011,bucknell,0,0,0,1,0,"White, non-Hispanic",705,2806,2819,cds_2011-12.pdf,0
2011,bucknell,0,0,0,1,0,"American Indian or Alaska Native, non-Hispanic",0,2,2,cds_2011-12.pdf,0
2011,bucknell,0,0,0,1,0,"Asian, non-Hispanic",30,115,116,cds_2011-12.pdf,0
2011,bucknell,0,0,0,1,0,"Native Hawaiian or other Pacific Islander, non-Hispanic",0,1,1,cds_2011-12.pdf,0
2011,bucknell,0,0,0,1,0,"Two or more races, non-Hispanic",25,76,76,cds_2011-12.pdf,0
2011,bucknell,0,0,0,1,0,Race and/or ethnicity unknown,28,108,108,cds_2011-12.pdf,0
2011,bucknell,0,0,0,1,0,Total,916,3535,3554,cds_2011-12.pdf,0
2011,caltech,0,1,0,0,1,Nonresident,27,118,118,cds_2011-12.pdf,0
2011,caltech,0,1,0,0,1,Hispanic/Latino,30,81,81,cds_2011-12.pdf,0
2011,caltech,0,1,0,0,1,"Black or African American, non-Hispanic",3,12,12,cds_2011-12.pdf,0
2011,caltech,0,1,0,0,1,"White, non-Hispanic",72,343,343,cds_2011-12.pdf,0
2011,caltech,0,1,0,0,1,"American Indian or Alaska Native, non-Hispanic",1,3,3,cds_2011-12.pdf,0
2011,caltech,0,1,0,0,1,"Asian, non-Hispanic",90,379,379,cds_2011-12.pdf,0
2011,caltech,0,1,0,0,1,"Native Hawaiian or other Pacific Islander, non-Hispanic",0,6,6,cds_2011-12.pdf,0
2011,caltech,0,1,0,0,1,"Two or more races, non-Hispanic",21,31,31,cds_2011-12.pdf,0
2011,caltech,0,1,0,0,1,Race and/or ethnicity unknown,0,5,5,cds_2011-12.pdf,0
2011,caltech,0,1,0,0,1,Total,244,978,978,cds_2011-12.pdf,0
2011,carleton,0,0,0,1,1,Nonresident,52,160,,Carleton_CDS_2011-12.pdf,0
2011,carleton,0,0,0,1,1,Hispanic/Latino,23,122,,Carleton_CDS_2011-12.pdf,0
2011,carleton,0,0,0,1,1,"Black or African American, non-Hispanic",21,71,,Carleton_CDS_2011-12.pdf,0
2011,carleton,0,0,0,1,1,"White, non-Hispanic",338,1353,,Carleton_CDS_2011-12.pdf,0
2011,carleton,0,0,0,1,1,"American Indian or Alaska Native, non-Hispanic",0,2,,Carleton_CDS_2011-12.pdf,0
2011,carleton,0,0,0,1,1,"Asian, non-Hispanic",49,138,,Carleton_CDS_2011-12.pdf,0
2011,carleton,0,0,0,1,1,"Native Hawaiian or other Pacific Islander, non-Hispanic",0,1,,Carleton_CDS_2011-12.pdf,0
2011,carleton,0,0,0,1,1,"Two or more races, non-Hispanic",26,109,,Carleton_CDS_2011-12.pdf,0
2011,carleton,0,0,0,1,1,Race and/or ethnicity unknown,10,44,,Carleton_CDS_2011-12.pdf,0
2011,carleton,0,0,0,1,1,Total,519,2000,,Carleton_CDS_2011-12.pdf,0
2011,colby,0,0,1,1,1,Nonresident,44,115,115,CDS_2011-2012-2.pdf,0
2011,colby,0,0,1,1,1,Hispanic/Latino,24,79,79,CDS_2011-2012-2.pdf,0
2011,colby,0,0,1,1,1,"Black or African American, non-Hispanic",15,55,55,CDS_2011-2012-2.pdf,0
2011,colby,0,0,1,1,1,"White, non-Hispanic",280,1097,1097,CDS_2011-2012-2.pdf,0
2011,colby,0,0,1,1,1,"American Indian or Alaska Native, non-Hispanic",0,2,2,CDS_2011-2012-2.pdf,0
2011,colby,0,0,1,1,1,"Asian, non-Hispanic",22,93,93,CDS_2011-2012-2.pdf,0
2011,colby,0,0,1,1,1,"Native Hawaiian or other Pacific Islander, non-Hispanic",0,1,1,CDS_2011-2012-2.pdf,0
2011,colby,0,0,1,1,1,"Two or more races, non-Hispanic",25,54,54,CDS_2011-2012-2.pdf,0
2011,colby,0,0,1,1,1,Race and/or ethnicity unknown,57,319,319,CDS_2011-2012-2.pdf,0
2011,colby,0,0,1,1,1,Total,467,1815,1815,CDS_2011-2012-2.pdf,0
2011,colgate,0,0,0,0,1,Nonresident,56,197,197,cds_2011-12.pdf,0
2011,colgate,0,0,0,0,1,Hispanic/Latino,64,223,223,cds_2011-12.pdf,0
2011,colgate,0,0,0,0,1,"Black or African American, non-Hispanic",34,136,136,cds_2011-12.pdf,0
2011,colgate,0,0,0,0,1,"White, non-Hispanic",521,2056,2063,cds_2011-12.pdf,0
2011,colgate,0,0,0,0,1,"American Indian or Alaska Native, non-Hispanic",0,12,12,cds_2011-12.pdf,0
2011,colgate,0,0,0,0,1,"Asian, non-Hispanic",23,102,102,cds_2011-12.pdf,0
2011,colgate,0,0,0,0,1,"Native Hawaiian or other Pacific Islander, non-Hispanic",2,5,5,cds_2011-12.pdf,0
2011,colgate,0,0,0,0,1,"Two or more races, non-Hispanic",22,87,88,cds_2011-12.pdf,0
2011,colgate,0,0,0,0,1,Race and/or ethnicity unknown,42,107,121,cds_2011-12.pdf,0
2011,colgate,0,0,0,0,1,Total,764,2925,2947,cds_2011-12.pdf,0
2011,cornell,1,1,0,0,1,Nonresident,320,1281,1316,CDS_2011-2012.pdf,0
2011,cornell,1,1,0,0,1,Hispanic/Latino,379,1336,1337,CDS_2011-2012.pdf,0
2011,cornell,1,1,0,0,1,"Black or African American, non-Hispanic",208,788,789,CDS_2011-2012.pdf,0
2011,cornell,1,1,0,0,1,"White, non-Hispanic",1379,6438,6447,CDS_2011-2012.pdf,0
2011,cornell,1,1,0,0,1,"American Indian or Alaska Native, non-Hispanic",7,41,41,CDS_2011-2012.pdf,0
2011,cornell,1,1,0,0,1,"Asian, non-Hispanic",555,2323,2325,CDS_2011-2012.pdf,0
2011,cornell,1,1,0,0,1,"Native Hawaiian or other Pacific Islander, non-Hispanic",2,11,11,CDS_2011-2012.pdf,0
2011,cornell,1,1,0,0,1,"Two or more races, non-Hispanic",138,505,505,CDS_2011-2012.pdf,0
2011,cornell,1,1,0,0,1,Race and/or ethnicity unknown,319,1385,1396,CDS_2011-2012.pdf,0
2011,cornell,1,1,0,0,1,Total,3307,14108,14167,CDS_2011-2012.pdf,0
2011,dartmouth,1,1,0,0,1,Nonresident,70,277,294,cds2011_2012_estimated.pdf,0
2011,dartmouth,1,1,0,0,1,Hispanic/Latino,89,367,367,cds2011_2012_estimated.pdf,0
2011,dartmouth,1,1,0,0,1,"Black or African American, non-Hispanic",73,312,312,cds2011_2012_estimated.pdf,0
2011,dartmouth,1,1,0,0,1,"White, non-Hispanic",521,1982,1992,cds2011_2012_estimated.pdf,0
2011,dartmouth,1,1,0,0,1,"American Indian or Alaska Native, non-Hispanic",21,108,108,cds2011_2012_estimated.pdf,0
2011,dartmouth,1,1,0,0,1,"Asian, non-Hispanic",146,583,587,cds2011_2012_estimated.pdf,0
2011,dartmouth,1,1,0,0,1,"Native Hawaiian or other Pacific Islander, non-Hispanic",0,6,6,cds2011_2012_estimated.pdf,0
2011,dartmouth,1,1,0,0,1,"Two or more races, non-Hispanic",60,132,133,cds2011_2012_estimated.pdf,0
2011,dartmouth,1,1,0,0,1,Race and/or ethnicity unknown,132,339,395,cds2011_2012_estimated.pdf,0
2011,dartmouth,1,1,0,0,1,Total,1112,4106,4194,cds2011_2012_estimated.pdf,0
2011,duke,0,1,0,0,1,Nonresident,139,513,522,Duke_CDS_2011-2012.pdf,0
2011,duke,0,1,0,0,1,Hispanic/Latino,103,431,441,Duke_CDS_2011-2012.pdf,0
2011,duke,0,1,0,0,1,"Black or African American, non-Hispanic",176,637,645,Duke_CDS_2011-2012.pdf,0
2011,duke,0,1,0,0,1,"White, non-Hispanic",860,3062,3140,Duke_CDS_2011-2012.pdf,0
2011,duke,0,1,0,0,1,"American Indian or Alaska Native, non-Hispanic",6,36,36,Duke_CDS_2011-2012.pdf,0
2011,duke,0,1,0,0,1,"Asian, non-Hispanic",350,1368,1383,Duke_CDS_2011-2012.pdf,0
2011,duke,0,1,0,0,1,"Native Hawaiian or other Pacific Islander, non-Hispanic",1,4,4,Duke_CDS_2011-2012.pdf,0
2011,duke,0,1,0,0,1,"Two or more races, non-Hispanic",36,112,115,Duke_CDS_2011-2012.pdf,0
2011,duke,0,1,0,0,1,Race and/or ethnicity unknown,51,371,394,Duke_CDS_2011-2012.pdf,0
2011,duke,0,1,0,0,1,Total,1722,6534,6680,Duke_CDS_2011-2012.pdf,0
2011,georgetown,0,0,0,0,1,Nonresident,121,572,765,georgetown_cds_2011-2012.pdf,0
2011,georgetown,0,0,0,0,1,Hispanic/Latino,148,545,549,georgetown_cds_2011-2012.pdf,0
2011,georgetown,0,0,0,0,1,"Black or African American, non-Hispanic",113,452,458,georgetown_cds_2011-2012.pdf,0
2011,georgetown,0,0,0,0,1,"White, non-Hispanic",954,4585,4640,georgetown_cds_2011-2012.pdf,0
2011,georgetown,0,0,0,0,1,"American Indian or Alaska Native, non-Hispanic",,6,6,georgetown_cds_2011-2012.pdf,0
2011,georgetown,0,0,0,0,1,"Asian, non-Hispanic",168,670,675,georgetown_cds_2011-2012.pdf,0
2011,georgetown,0,0,0,0,1,"Native Hawaiian or other Pacific Islander, non-Hispanic",,5,5,georgetown_cds_2011-2012.pdf,0
2011,georgetown,0,0,0,0,1,"Two or more races, non-Hispanic",58,239,240,georgetown_cds_2011-2012.pdf,0
2011,georgetown,0,0,0,0,1,Race and/or ethnicity unknown,37,158,252,georgetown_cds_2011-2012.pdf,0
2011,georgetown,0,0,0,0,1,Total,1599,7232,7590,georgetown_cds_2011-2012.pdf,0
2011,grinnell,0,0,0,0,1,Nonresident,46,189,191,GC_CDS_2011-12.pdf,0
2011,grinnell,0,0,0,0,1,Hispanic/Latino,40,135,135,GC_CDS_2011-12.pdf,0
2011,grinnell,0,0,0,0,1,"Black or African American, non-Hispanic",27,90,92,GC_CDS_2011-12.pdf,0
2011,grinnell,0,0,0,0,1,"White, non-Hispanic",273,969,994,GC_CDS_2011-12.pdf,0
2011,grinnell,0,0,0,0,1,"American Indian or Alaska Native, non-Hispanic",0,5,5,GC_CDS_2011-12.pdf,0
2011,grinnell,0,0,0,0,1,"Asian, non-Hispanic",29,97,99,GC_CDS_2011-12.pdf,0
2011,grinnell,0,0,0,0,1,"Two or more races, non-Hispanic",18,71,71,GC_CDS_2011-12.pdf,0
2011,grinnell,0,0,0,0,1,Race and/or ethnicity unknown,15,83,106,GC_CDS_2011-12.pdf,0
2011,hamilton,0,0,1,1,1,Nonresident,19,87,,hamilton_cds_2011-2012.pdf,0
2011,hamilton,0,0,1,1,1,Hispanic/Latino,46,116,,hamilton_cds_2011-2012.pdf,0
2011,hamilton,0,0,1,1,1,"Black or African American, non-Hispanic",15,75,,hamilton_cds_2011-2012.pdf,0
2011,hamilton,0,0,1,1,1,"White, non-Hispanic",311,1193,,hamilton_cds_2011-2012.pdf,0
2011,hamilton,0,0,1,1,1,"American Indian or Alaska Native, non-Hispanic",0,6,,hamilton_cds_2011-2012.pdf,0
2011,hamilton,0,0,1,1,1,"Asian, non-Hispanic",27,119,,hamilton_cds_2011-2012.pdf,0
2011,hamilton,0,0,1,1,1,"Native Hawaiian or other Pacific Islander, non-Hispanic",0,0,,hamilton_cds_2011-2012.pdf,0
2011,hamilton,0,0,1,1,1,"Two or more races, non-Hispanic",11,35,,hamilton_cds_2011-2012.pdf,0
2011,hamilton,0,0,1,1,1,Race and/or ethnicity unknown,52,212,,hamilton_cds_2011-2012.pdf,0
2011,hamilton,0,0,1,1,1,Total,481,1843,0,hamilton_cds_2011-2012.pdf,0
2011,hampshire,0,0,0,1,0,Nonresident,31,79,93,hampshire-cds-2011-2012.pdf,0
2011,hampshire,0,0,0,1,0,Hispanic/Latino,26,132,137,hampshire-cds-2011-2012.pdf,0
2011,hampshire,0,0,0,1,0,"Black or African American, non-Hispanic",7,40,42,hampshire-cds-2011-2012.pdf,0
2011,hampshire,0,0,0,1,0,"White, non-Hispanic",227,969,970,hampshire-cds-2011-2012.pdf,0
2011,hampshire,0,0,0,1,0,"American Indian or Alaska Native, non-Hispanic",1,5,5,hampshire-cds-2011-2012.pdf,0
2011,hampshire,0,0,0,1,0,"Asian, non-Hispanic",5,31,31,hampshire-cds-2011-2012.pdf,0
2011,hampshire,0,0,0,1,0,"Native Hawaiian or other Pacific Islander, non-Hispanic",0,1,1,hampshire-cds-2011-2012.pdf,0
2011,hampshire,0,0,0,1,0,"Two or more races, non-Hispanic",22,63,63,hampshire-cds-2011-2012.pdf,0
2011,hampshire,0,0,0,1,0,Race and/or ethnicity unknown,37,155,158,hampshire-cds-2011-2012.pdf,0
2011,hampshire,0,0,0,1,0,Total,356,1475,1500,hampshire-cds-2011-2012.pdf,0
2011,harvard,1,1,0,0,1,Nonresident,193,726,726,harvard_cds_2011-2012.pdf,0
2011,harvard,1,1,0,0,1,Hispanic/Latino,169,605,605,harvard_cds_2011-2012.pdf,0
2011,harvard,1,1,0,0,1,"Black or African American, non-Hispanic",116,453,453,harvard_cds_2011-2012.pdf,0
2011,harvard,1,1,0,0,1,"White, non-Hispanic",740,2966,2966,harvard_cds_2011-2012.pdf,0
2011,harvard,1,1,0,0,1,"American Indian or Alaska Native, non-Hispanic",3,21,21,harvard_cds_2011-2012.pdf,0
2011,harvard,1,1,0,0,1,"Asian, non-Hispanic",286,1183,1183,harvard_cds_2011-2012.pdf,0
2011,harvard,1,1,0,0,1,"Native Hawaiian or other Pacific Islander, non-Hispanic",1,2,2,harvard_cds_2011-2012.pdf,0
2011,harvard,1,1,0,0,1,"Two or more races, non-Hispanic",98,311,311,harvard_cds_2011-2012.pdf,0
2011,harvard,1,1,0,0,1,Race and/or ethnicity unknown,51,390,390,harvard_cds_2011-2012.pdf,0
2011,harvard,1,1,0,0,1,Total,1657,6657,6657,harvard_cds_2011-2012.pdf,0
2011,haverford,0,0,0,1,0,Nonresident,20,52,,cds_2011-2012.pdf,0
2011,haverford,0,0,0,1,0,Hispanic/Latino,29,100,,cds_2011-2012.pdf,0
2011,haverford,0,0,0,1,0,"Black or African American, non-Hispanic",17,78,,cds_2011-2012.pdf,0
2011,haverford,0,0,0,1,0,"White, non-Hispanic",216,765,,cds_2011-2012.pdf,0
2011,haverford,0,0,0,1,0,"American Indian or Alaska Native, non-Hispanic",2,2,,cds_2011-2012.pdf,0
2011,haverford,0,0,0,1,0,"Asian, non-Hispanic",24,116,,cds_2011-2012.pdf,0
2011,haverford,0,0,0,1,0,"Native Hawaiian or other Pacific Islander, non-Hispanic",0,0,,cds_2011-2012.pdf,0
2011,haverford,0,0,0,1,0,"Two or more races, non-Hispanic",27,85,,cds_2011-2012.pdf,0
2011,haverford,0,0,0,1,0,Race and/or ethnicity unknown,0,0,,cds_2011-2012.pdf,0
2011,haverford,0,0,0,1,0,Total,335,1198,,cds_2011-2012.pdf,0
2011,hmc,0,0,0,0,1,Nonresident,20,52,52,cds_2011-2012_B.pdf,0
2011,hmc,0,0,0,0,1,Hispanic/Latino,14,50,50,cds_2011-2012_B.pdf,0
2011,hmc,0,0,0,0,1,"Black or African American, non-Hispanic",2,10,10,cds_2011-2012_B.pdf,0
2011,hmc,0,0,0,0,1,"White, non-Hispanic",109,458,458,cds_2011-2012_B.pdf,0
2011,hmc,0,0,0,0,1,"American Indian or Alaska Native, non-Hispanic",0,5,5,cds_2011-2012_B.pdf,0
2011,hmc,0,0,0,0,1,"Asian, non-Hispanic",36,162,162,cds_2011-2012_B.pdf,0
2011,hmc,0,0,0,0,1,"Native Hawaiian or other Pacific Islander, non-Hispanic",0,0,0,cds_2011-2012_B.pdf,0
2011,hmc,0,0,0,0,1,"Two or more races, non-Hispanic",2,10,10,cds_2011-2012_B.pdf,0
2011,hmc,0,0,0,0,1,Race and/or ethnicity unknown,11,30,30,cds_2011-2012_B.pdf,0
2011,hmc,0,0,0,0,1,Total,194,777,777,cds_2011-2012_B.pdf,0
2011,jhu,0,1,0,0,1,Nonresident,120,441,,cds_2011-2012.pdf,0
2011,jhu,0,1,0,0,1,Hispanic/Latino,134,439,,cds_2011-2012.pdf,0
2011,jhu,0,1,0,0,1,"Black or African American, non-Hispanic",66,253,,cds_2011-2012.pdf,0
2011,jhu,0,1,0,0,1,"White, non-Hispanic",624,2605,,cds_2011-2012.pdf,0
2011,jhu,0,1,0,0,1,"American Indian or Alaska Native, non-Hispanic",1,3,,cds_2011-2012.pdf,0
2011,jhu,0,1,0,0,1,"Asian, non-Hispanic",240,1006,,cds_2011-2012.pdf,0
2011,jhu,0,1,0,0,1,"Native Hawaiian or other Pacific Islander, non-Hispanic",0,6,,cds_2011-2012.pdf,0
2011,jhu,0,1,0,0,1,"Two or more races, non-Hispanic",53,190,,cds_2011-2012.pdf,0
2011,jhu,0,1,0,0,1,Race and/or ethnicity unknown,41,104,,cds_2011-2012.pdf,0
2011,jhu,0,1,0,0,1,Total,1279,5047,0,cds_2011-2012.pdf,0
2011,middlebury,0,0,1,1,1,Nonresident,56,245,267,CDS_2011-2012.pdf,0
2011,middlebury,0,0,1,1,1,Hispanic/Latino,48,158,159,CDS_2011-2012.pdf,0
2011,middlebury,0,0,1,1,1,"Black or African American, non-Hispanic",15,60,60,CDS_2011-2012.pdf,0
2011,middlebury,0,0,1,1,1,"White, non-Hispanic",393,1652,1660,CDS_2011-2012.pdf,0
2011,middlebury,0,0,1,1,1,"American Indian or Alaska Native, non-Hispanic",2,6,6,CDS_2011-2012.pdf,0
2011,middlebury,0,0,1,1,1,"Asian, non-Hispanic",42,152,153,CDS_2011-2012.pdf,0
2011,middlebury,0,0,1,1,1,"Native Hawaiian or other Pacific Islander, non-Hispanic",0,1,1,CDS_2011-2012.pdf,0
2011,middlebury,0,0,1,1,1,"Two or more races, non-Hispanic",32,101,101,CDS_2011-2012.pdf,0
2011,middlebury,0,0,1,1,1,Race and/or ethnicity unknown,14,99,100,CDS_2011-2012.pdf,0
2011,middlebury,0,0,1,1,1,Total,602,2474,2507,CDS_2011-2012.pdf,0
2011,mtholyoke,0,0,0,1,0,Nonresident,126,530,555,mtholyoke_cds_2011-2012.pdf,0
2011,mtholyoke,0,0,0,1,0,Hispanic/Latino,55,200,202,mtholyoke_cds_2011-2012.pdf,0
2011,mtholyoke,0,0,0,1,0,"Black or African American, non-Hispanic",41,129,129,mtholyoke_cds_2011-2012.pdf,0
2011,mtholyoke,0,0,0,1,0,"White, non-Hispanic",300,1095,1100,mtholyoke_cds_2011-2012.pdf,0
2011,mtholyoke,0,0,0,1,0,"American Indian or Alaska Native, non-Hispanic",0,1,1,mtholyoke_cds_2011-2012.pdf,0
2011,mtholyoke,0,0,0,1,0,"Asian, non-Hispanic",45,152,153,mtholyoke_cds_2011-2012.pdf,0
2011,mtholyoke,0,0,0,1,0,"Native Hawaiian or other Pacific Islander, non-Hispanic",0,2,2,mtholyoke_cds_2011-2012.pdf,0
2011,mtholyoke,0,0,0,1,0,"Two or more races, non-Hispanic",17,97,97,mtholyoke_cds_2011-2012.pdf,0
2011,mtholyoke,0,0,0,1,0,Race and/or ethnicity unknown,8,111,113,mtholyoke_cds_2011-2012.pdf,0
2011,mtholyoke,0,0,0,1,0,Total,592,2317,2352,mtholyoke_cds_2011-2012.pdf,0
2011,northwestern,0,0,0,0,1,Nonresident,154,533,,cds_2011-12.pdf,0
2011,northwestern,0,0,0,0,1,Hispanic/Latino,221,712,,cds_2011-12.pdf,0
2011,northwestern,0,0,0,0,1,"Black or African American, non-Hispanic",151,492,,cds_2011-12.pdf,0
2011,northwestern,0,0,0,0,1,"White, non-Hispanic",1401,5213,,cds_2011-12.pdf,0
2011,northwestern,0,0,0,0,1,"American Indian or Alaska Native, non-Hispanic",2,10,,cds_2011-12.pdf,0
2011,northwestern,0,0,0,0,1,"Asian, non-Hispanic",370,1700,,cds_2011-12.pdf,0
2011,northwestern,0,0,0,0,1,"Native Hawaiian or other Pacific Islander, non-Hispanic",2,4,,cds_2011-12.pdf,0
2011,northwestern,0,0,0,0,1,"Two or more races, non-Hispanic",157,294,,cds_2011-12.pdf,0
2011,northwestern,0,0,0,0,1,Race and/or ethnicity unknown,78,508,,cds_2011-12.pdf,0
2011,northwestern,0,0,0,0,1,Total,2536,9466,,cds_2011-12.pdf,0
2011,notredame,0,0,0,0,1,Nonresident,70,259,265,CDS_2011-2012.pdf,0
2011,notredame,0,0,0,0,1,Hispanic/Latino,171,791,792,CDS_2011-2012.pdf,0
2011,notredame,0,0,0,0,1,"Black or African American, non-Hispanic",68,256,256,CDS_2011-2012.pdf,0
2011,notredame,0,0,0,0,1,"White, non-Hispanic",1489,6266,6267,CDS_2011-2012.pdf,0
2011,notredame,0,0,0,0,1,"American Indian or Alaska Native, non-Hispanic",6,37,37,CDS_2011-2012.pdf,0
2011,notredame,0,0,0,0,1,"Asian, non-Hispanic",129,534,534,CDS_2011-2012.pdf,0
2011,notredame,0,0,0,0,1,"Native Hawaiian or other Pacific Islander, non-Hispanic",1,1,1,CDS_2011-2012.pdf,0
2011,notredame,0,0,0,0,1,"Two or more races, non-Hispanic",79,240,240,CDS_2011-2012.pdf,0
2011,notredame,0,0,0,0,1,Race and/or ethnicity unknown,7,60,60,CDS_2011-2012.pdf,0
2011,notredame,0,0,0,0,1,Total,2020,8444,8452,CDS_2011-2012.pdf,0
2011,penn,1,1,0,0,1,Nonresident,282,1077,1077,UPenn_CDS_2011-12.pdf,0
2011,penn,1,1,0,0,1,Hispanic/Latino,272,798,798,UPenn_CDS_2011-12.pdf,0
2011,penn,1,1,0,0,1,"Black or African American, non-Hispanic",180,717,717,UPenn_CDS_2011-12.pdf,0
2011,penn,1,1,0,0,1,"White, non-Hispanic",1046,4483,4483,UPenn_CDS_2011-12.pdf,0
2011,penn,1,1,0,0,1,"American Indian or Alaska Native, non-Hispanic",2,32,32,UPenn_CDS_2011-12.pdf,0
2011,penn,1,1,0,0,1,"Asian, non-Hispanic",424,1839,1839,UPenn_CDS_2011-12.pdf,1
2011,penn,1,1,0,0,1,"Native Hawaiian or other Pacific Islander, non-Hispanic",1,7,7,UPenn_CDS_2011-12.pdf,0
2011,penn,1,1,0,0,1,"Two or more races, non-Hispanic",75,204,204,UPenn_CDS_2011-12.pdf,0
2011,penn,1,1,0,0,1,Race and/or ethnicity unknown,127,622,622,UPenn_CDS_2011-12.pdf,0
2011,penn,1,1,0,0,1,Total,2409,9779,9779,UPenn_CDS_2011-12.pdf,0
2011,pomona,0,0,0,1,1,Nonresident,26,77,85,cds-2011-2012.pdf,0
2011,pomona,0,0,0,1,1,Hispanic/Latino,60,209,210,cds-2011-2012.pdf,0
2011,pomona,0,0,0,1,1,"Black or African American, non-Hispanic",23,98,98,cds-2011-2012.pdf,0
2011,pomona,0,0,0,1,1,"White, non-Hispanic",189,725,725,cds-2011-2012.pdf,0
2011,pomona,0,0,0,1,1,"American Indian or Alaska Native, non-Hispanic",0,1,1,cds-2011-2012.pdf,0
2011,pomona,0,0,0,1,1,"Asian, non-Hispanic",38,160,161,cds-2011-2012.pdf,0
2011,pomona,0,0,0,1,1,"Native Hawaiian or other Pacific Islander, non-Hispanic",0,0,0,cds-2011-2012.pdf,0
2011,pomona,0,0,0,1,1,"Two or more races, non-Hispanic",25,95,95,cds-2011-2012.pdf,0
2011,pomona,0,0,0,1,1,Race and/or ethnicity unknown,33,202,211,cds-2011-2012.pdf,0
2011,pomona,0,0,0,1,1,Total,394,1567,1586,cds-2011-2012.pdf,0
2011,princeton,1,1,0,0,1,Nonresident,140,544,,cds_1112_princeton.pdf,0
2011,princeton,1,1,0,0,1,Hispanic/Latino,92,436,,cds_1112_princeton.pdf,0
2011,princeton,1,1,0,0,1,"Black or African American, non-Hispanic",98,380,,cds_1112_princeton.pdf,0
2011,princeton,1,1,0,0,1,"White, non-Hispanic",641,2535,,cds_1112_princeton.pdf,0
2011,princeton,1,1,0,0,1,"American Indian or Alaska Native, non-Hispanic",2,14,,cds_1112_princeton.pdf,0
2011,princeton,1,1,0,0,1,"Asian, non-Hispanic",243,915,,cds_1112_princeton.pdf,0
2011,princeton,1,1,0,0,1,"Native Hawaiian or other Pacific Islander, non-Hispanic",0,3,,cds_1112_princeton.pdf,0
2011,princeton,1,1,0,0,1,"Two or more races, non-Hispanic",61,199,,cds_1112_princeton.pdf,0
2011,princeton,1,1,0,0,1,Race and/or ethnicity unknown,21,134,,cds_1112_princeton.pdf,0
2011,princeton,1,1,0,0,1,Total,1298,5160,0,cds_1112_princeton.pdf,0
2011,reed,0,0,0,1,0,Nonresident,24,81,89,reed-cds-secB-2011-2012.pdf,0
2011,reed,0,0,0,1,0,Hispanic/Latino,34,114,114,reed-cds-secB-2011-2012.pdf,0
2011,reed,0,0,0,1,0,"Black or African American, non-Hispanic",6,28,28,reed-cds-secB-2011-2012.pdf,0
2011,reed,0,0,0,1,0,"White, non-Hispanic",232,825,834,reed-cds-secB-2011-2012.pdf,0
2011,reed,0,0,0,1,0,"American Indian or Alaska Native, non-Hispanic",1,5,5,reed-cds-secB-2011-2012.pdf,0
2011,reed,0,0,0,1,0,"Asian, non-Hispanic",15,82,83,reed-cds-secB-2011-2012.pdf,0
2011,reed,0,0,0,1,0,"Native Hawaiian or other Pacific Islander, non-Hispanic",0,0,0,reed-cds-secB-2011-2012.pdf,0
2011,reed,0,0,0,1,0,"Two or more races, non-Hispanic",36,94,94,reed-cds-secB-2011-2012.pdf,0
2011,reed,0,0,0,1,0,Race and/or ethnicity unknown,25,197,210,reed-cds-secB-2011-2012.pdf,0
2011,reed,0,0,0,1,0,Total,373,1426,1457,reed-cds-secB-2011-2012.pdf,0
2011,rice,0,0,0,0,1,Nonresident,100,360,392,cds_2011-12.pdf,0
2011,rice,0,0,0,0,1,Hispanic/Latino,184,501,503,cds_2011-12.pdf,0
2011,rice,0,0,0,0,1,"Black or African American, non-Hispanic",68,256,256,cds_2011-12.pdf,0
2011,rice,0,0,0,0,1,"White, non-Hispanic",396,1566,1574,cds_2011-12.pdf,0
2011,rice,0,0,0,0,1,"American Indian or Alaska Native, non-Hispanic",1,10,10,cds_2011-12.pdf,0
2011,rice,0,0,0,0,1,"Asian, non-Hispanic",187,759,763,cds_2011-12.pdf,0
2011,rice,0,0,0,0,1,"Native Hawaiian or other Pacific Islander, non-Hispanic",0,3,3,cds_2011-12.pdf,0
2011,rice,0,0,0,0,1,"Two or more races, non-Hispanic",53,201,201,cds_2011-12.pdf,0
2011,rice,0,0,0,0,1,Race and/or ethnicity unknown,9,52,53,cds_2011-12.pdf,0
2011,rice,0,0,0,0,1,Total,998,3708,3755,cds_2011-12.pdf,0
2011,richmond,0,0,0,0,1,Nonresident,71,207,296,cds_2011-12.pdf,0
2011,richmond,0,0,0,0,1,Hispanic/Latino,47,163,163,cds_2011-12.pdf,0
2011,richmond,0,0,0,0,1,"Black or African American, non-Hispanic",53,214,216,cds_2011-12.pdf,0
2011,richmond,0,0,0,0,1,"White, non-Hispanic",468,1766,1783,cds_2011-12.pdf,0
2011,richmond,0,0,0,0,1,"American Indian or Alaska Native, non-Hispanic",0,7,8,cds_2011-12.pdf,0
2011,richmond,0,0,0,0,1,"Asian, non-Hispanic",36,141,141,cds_2011-12.pdf,0
2011,richmond,0,0,0,0,1,"Native Hawaiian or other Pacific Islander, non-Hispanic",1,1,1,cds_2011-12.pdf,0
2011,richmond,0,0,0,0,1,"Two or more races, non-Hispanic",27,57,58,cds_2011-12.pdf,0
2011,richmond,0,0,0,0,1,Race and/or ethnicity unknown,78,330,334,cds_2011-12.pdf,0
2011,richmond,0,0,0,0,1,Total,781,2886,3000,cds_2011-12.pdf,0
2011,smith,0,0,0,1,1,Nonresident,98,281,281,SmithCollege_CDS_2011-2012.pdf,0
2011,smith,0,0,0,1,1,Hispanic/Latino,57,204,204,SmithCollege_CDS_2011-2012.pdf,0
2011,smith,0,0,0,1,1,"Black or African American, non-Hispanic",27,128,128,SmithCollege_CDS_2011-2012.pdf,0
2011,smith,0,0,0,1,1,"White, non-Hispanic",313,1157,1157,SmithCollege_CDS_2011-2012.pdf,0
2011,smith,0,0,0,1,1,"American Indian or Alaska Native, non-Hispanic",1,7,7,SmithCollege_CDS_2011-2012.pdf,0
2011,smith,0,0,0,1,1,"Asian, non-Hispanic",104,320,320,SmithCollege_CDS_2011-2012.pdf,0
2011,smith,0,0,0,1,1,"Native Hawaiian or other Pacific Islander, non-Hispanic",0,4,4,SmithCollege_CDS_2011-2012.pdf,0
2011,smith,0,0,0,1,1,"Two or more races, non-Hispanic",35,108,108,SmithCollege_CDS_2011-2012.pdf,0
2011,smith,0,0,0,1,1,Race and/or ethnicity unknown,59,418,418,SmithCollege_CDS_2011-2012.pdf,0
2011,smith,0,0,0,1,1,Total,694,2627,2627,SmithCollege_CDS_2011-2012.pdf,0
2011,stanford,0,1,0,0,1,Nonresident,142,526,,cds_2011-2012.pdf,0
2011,stanford,0,1,0,0,1,Hispanic/Latino,291,1150,,cds_2011-2012.pdf,0
2011,stanford,0,1,0,0,1,"Black or African American, non-Hispanic",111,507,,cds_2011-2012.pdf,0
2011,stanford,0,1,0,0,1,"White, non-Hispanic",585,2525,,cds_2011-2012.pdf,0
2011,stanford,0,1,0,0,1,"American Indian or Alaska Native, non-Hispanic",16,63,,cds_2011-2012.pdf,0
2011,stanford,0,1,0,0,1,"Asian, non-Hispanic",354,1257,,cds_2011-2012.pdf,0
2011,stanford,0,1,0,0,1,"Native Hawaiian or other Pacific Islander, non-Hispanic",5,32,,cds_2011-2012.pdf,0
2011,stanford,0,1,0,0,1,"Two or more races, non-Hispanic",194,802,,cds_2011-2012.pdf,0
2011,stanford,0,1,0,0,1,Race and/or ethnicity unknown,6,65,,cds_2011-2012.pdf,0
2011,stanford,0,1,0,0,1,Total,1704,6927,,cds_2011-2012.pdf,0
2011,swarthmore,0,0,0,1,1,Total,386,1536,1545,cds-2011-2012.pdf,0
2011,trinity,0,0,1,1,0,Nonresident,54,166,,CDS_2011-2012.pdf,0
2011,trinity,0,0,1,1,0,Hispanic/Latino,48,172,,CDS_2011-2012.pdf,0
2011,trinity,0,0,1,1,0,"Black or African American, non-Hispanic",35,143,,CDS_2011-2012.pdf,0
2011,trinity,0,0,1,1,0,"White, non-Hispanic",389,1460,,CDS_2011-2012.pdf,0
2011,trinity,0,0,1,1,0,"American Indian or Alaska Native, non-Hispanic",,2,,CDS_2011-2012.pdf,0
2011,trinity,0,0,1,1,0,"Asian, non-Hispanic",23,122,,CDS_2011-2012.pdf,0
2011,trinity,0,0,1,1,0,"Two or more races, non-Hispanic",16,81,,CDS_2011-2012.pdf,0
2011,trinity,0,0,1,1,0,Race and/or ethnicity unknown,25,108,,CDS_2011-2012.pdf,0
2011,trinity,0,0,1,1,0,Total,590,2254,0,CDS_2011-2012.pdf,0
2011,tufts,0,0,1,1,0,Nonresident,96,336,432,CDS_2011-2012.pdf,0
2011,tufts,0,0,1,1,0,Hispanic/Latino,96,335,431,CDS_2011-2012.pdf,0
2011,tufts,0,0,1,1,0,"Black or African American, non-Hispanic",44,226,270,CDS_2011-2012.pdf,0
2011,tufts,0,0,1,1,0,"White, non-Hispanic",747,2941,3688,CDS_2011-2012.pdf,0
2011,tufts,0,0,1,1,0,"American Indian or Alaska Native, non-Hispanic",0,6,6,CDS_2011-2012.pdf,0
2011,tufts,0,0,1,1,0,"Asian, non-Hispanic",135,536,671,CDS_2011-2012.pdf,0
2011,tufts,0,0,1,1,0,"Native Hawaiian or other Pacific Islander, non-Hispanic",0,1,1,CDS_2011-2012.pdf,0
2011,tufts,0,0,1,1,0,"Two or more races, non-Hispanic",56,169,225,CDS_2011-2012.pdf,0
2011,tufts,0,0,1,1,0,Race and/or ethnicity unknown,141,586,727,CDS_2011-2012.pdf,0
2011,tufts,0,0,1,1,0,Total,1315,5136,6451,CDS_2011-2012.pdf,0
2011,ucla,0,0,0,0,1,Nonresident,611,2014,2014,cds_2011-12.pdf,0
2011,ucla,0,0,0,0,1,Hispanic/Latino,996,4572,4572,cds_2011-12.pdf,0
2011,ucla,0,0,0,0,1,"Black or African American, non-Hispanic",155,897,897,cds_2011-12.pdf,0
2011,ucla,0,0,0,0,1,"White, non-Hispanic",1713,8602,8602,cds_2011-12.pdf,0
2011,ucla,0,0,0,0,1,"American Indian or Alaska Native, non-Hispanic",6,53,53,cds_2011-12.pdf,0
2011,ucla,0,0,0,0,1,"Asian, non-Hispanic",1902,9227,9227,cds_2011-12.pdf,0
2011,ucla,0,0,0,0,1,"Native Hawaiian or other Pacific Islander, non-Hispanic",19,88,88,cds_2011-12.pdf,0
2011,ucla,0,0,0,0,1,"Two or more races, non-Hispanic",308,886,886,cds_2011-12.pdf,0
2011,ucla,0,0,0,0,1,Race and/or ethnicity unknown,115,850,860,cds_2011-12.pdf,0
2011,ucla,0,0,0,0,1,Total,5825,27189,27199,cds_2011-12.pdf,0
2011,umich,0,0,0,0,1,Nonresident,226,1589,1655,cds_2011-2012.pdf,0
2011,umich,0,0,0,0,1,Hispanic/Latino,267,1119,1123,cds_2011-2012.pdf,0
2011,umich,0,0,0,0,1,"Black or African American, non-Hispanic",276,1206,1212,cds_2011-2012.pdf,0
2011,umich,0,0,0,0,1,"White, non-Hispanic",3884,17978,18038,cds_2011-2012.pdf,0
2011,umich,0,0,0,0,1,"American Indian or Alaska Native, non-Hispanic",5,42,42,cds_2011-2012.pdf,0
2011,umich,0,0,0,0,1,"Asian, non-Hispanic",811,3225,3239,cds_2011-2012.pdf,0
2011,umich,0,0,0,0,1,"Native Hawaiian or other Pacific Islander, non-Hispanic",5,11,11,cds_2011-2012.pdf,0
2011,umich,0,0,0,0,1,"Two or more races, non-Hispanic",195,907,912,cds_2011-2012.pdf,0
2011,umich,0,0,0,0,1,Race and/or ethnicity unknown,567,1149,1175,cds_2011-2012.pdf,0
2011,vassar,0,0,0,1,1,Nonresident,45,137,150,vassar-cds-2011-2012.pdf,0
2011,vassar,0,0,0,1,1,Hispanic/Latino,71,225,229,vassar-cds-2011-2012.pdf,0
2011,vassar,0,0,0,1,1,"Black or African American, non-Hispanic",38,128,130,vassar-cds-2011-2012.pdf,0
2011,vassar,0,0,0,1,1,"White, non-Hispanic",411,1520,1545,vassar-cds-2011-2012.pdf,0
2011,vassar,0,0,0,1,1,"American Indian or Alaska Native, non-Hispanic",0,3,3,vassar-cds-2011-2012.pdf,0
2011,vassar,0,0,0,1,1,"Asian, non-Hispanic",63,210,215,vassar-cds-2011-2012.pdf,0
2011,vassar,0,0,0,1,1,"Native Hawaiian or other Pacific Islander, non-Hispanic",0,0,0,vassar-cds-2011-2012.pdf,0
2011,vassar,0,0,0,1,1,"Two or more races, non-Hispanic",42,113,114,vassar-cds-2011-2012.pdf,0
2011,vassar,0,0,0,1,1,Race and/or ethnicity unknown,0,0,0,vassar-cds-2011-2012.pdf,0
2011,vassar,0,0,0,1,1,Total,670,2336,2386,vassar-cds-2011-2012.pdf,0
2011,washandlee,0,0,0,1,1,Nonresident,17,72,72,wlu_cds_2011-12.pdf,0
2011,washandlee,0,0,0,1,1,Hispanic/Latino,20,45,45,wlu_cds_2011-12.pdf,0
2011,washandlee,0,0,0,1,1,"Black or African American, non-Hispanic",13,53,53,wlu_cds_2011-12.pdf,0
2011,washandlee,0,0,0,1,1,"White, non-Hispanic",411,1507,1509,wlu_cds_2011-12.pdf,0
2011,washandlee,0,0,0,1,1,"American Indian or Alaska Native, non-Hispanic",0,2,2,wlu_cds_2011-12.pdf,0
2011,washandlee,0,0,0,1,1,"Asian, non-Hispanic",14,49,49,wlu_cds_2011-12.pdf,0
2011,washandlee,0,0,0,1,1,"Native Hawaiian or other Pacific Islander, non-Hispanic",0,0,0,wlu_cds_2011-12.pdf,0
2011,washandlee,0,0,0,1,1,"Two or more races, non-Hispanic",11,37,37,wlu_cds_2011-12.pdf,0
2011,washandlee,0,0,0,1,1,Race and/or ethnicity unknown,8,23,23,wlu_cds_2011-12.pdf,0
2011,washandlee,0,0,0,1,1,Total,494,1788,1790,wlu_cds_2011-12.pdf,0
2011,wellesley,0,0,0,1,1,Nonresident,68,257,266,Wellesley_CDS_2011-2012.pdf,0
2011,wellesley,0,0,0,1,1,Hispanic/Latino,36,164,164,Wellesley_CDS_2011-2012.pdf,0
2011,wellesley,0,0,0,1,1,"Black or African American, non-Hispanic",34,161,161,Wellesley_CDS_2011-2012.pdf,0
2011,wellesley,0,0,0,1,1,"White, non-Hispanic",238,1011,1022,Wellesley_CDS_2011-2012.pdf,0
2011,wellesley,0,0,0,1,1,"American Indian or Alaska Native, non-Hispanic",0,4,4,Wellesley_CDS_2011-2012.pdf,0
2011,wellesley,0,0,0,1,1,"Asian, non-Hispanic",130,526,531,Wellesley_CDS_2011-2012.pdf,0
2011,wellesley,0,0,0,1,1,"Native Hawaiian or other Pacific Islander, non-Hispanic",0,0,0,Wellesley_CDS_2011-2012.pdf,0
2011,wellesley,0,0,0,1,1,"Two or more races, non-Hispanic",41,153,155,Wellesley_CDS_2011-2012.pdf,0
2011,wellesley,0,0,0,1,1,Race and/or ethnicity unknown,26,96,199,Wellesley_CDS_2011-2012.pdf,0
2011,wellesley,0,0,0,1,1,Total,573,2372,2502,Wellesley_CDS_2011-2012.pdf,0
2011,wesleyan,0,0,1,1,1,Nonresident,67,216,,cds2011-12.pdf,0
2011,wesleyan,0,0,1,1,1,Hispanic/Latino,95,274,,cds2011-12.pdf,0
2011,wesleyan,0,0,1,1,1,"Black or African American, non-Hispanic",53,188,,cds2011-12.pdf,0
2011,wesleyan,0,0,1,1,1,"White, non-Hispanic",393,1519,,cds2011-12.pdf,0
2011,wesleyan,0,0,1,1,1,"American Indian or Alaska Native, non-Hispanic",1,2,,cds2011-12.pdf,0
2011,wesleyan,0,0,1,1,1,"Asian, non-Hispanic",82,233,,cds2011-12.pdf,0
2011,wesleyan,0,0,1,1,1,"Native Hawaiian or other Pacific Islander, non-Hispanic",0,1,,cds2011-12.pdf,0
2011,wesleyan,0,0,1,1,1,"Two or more races, non-Hispanic",43,150,,cds2011-12.pdf,0
2011,wesleyan,0,0,1,1,1,Race and/or ethnicity unknown,74,287,,cds2011-12.pdf,0
2011,wesleyan,0,0,1,1,1,Total,808,2870,,cds2011-12.pdf,0
2011,williams,0,0,1,1,1,Nonresident,38,142,,2011-2012_williams_common_data_set.pdf,0
2011,williams,0,0,1,1,1,Hispanic/Latino,64,213,,2011-2012_williams_common_data_set.pdf,0
2011,williams,0,0,1,1,1,"Black or African American, non-Hispanic",44,155,,2011-2012_williams_common_data_set.pdf,0
2011,williams,0,0,1,1,1,"White, non-Hispanic",306,1179,,2011-2012_williams_common_data_set.pdf,0
2011,williams,0,0,1,1,1,"American Indian or Alaska Native, non-Hispanic",0,3,,2011-2012_williams_common_data_set.pdf,0
2011,williams,0,0,1,1,1,"Asian, non-Hispanic",57,214,,2011-2012_williams_common_data_set.pdf,0
2011,williams,0,0,1,1,1,"Native Hawaiian or other Pacific Islander, non-Hispanic",0,0,,2011-2012_williams_common_data_set.pdf,0
2011,williams,0,0,1,1,1,"Two or more races, non-Hispanic",37,104,,2011-2012_williams_common_data_set.pdf,0
2011,williams,0,0,1,1,1,Race and/or ethnicity unknown,0,0,,2011-2012_williams_common_data_set.pdf,0
2011,williams,0,0,1,1,1,Total,546,2010,,2011-2012_williams_common_data_set.pdf,0
2011,wustl,0,0,0,0,1,Nonresident,95,435,498,wustl_cds_2011-2012.pdf,0
2011,wustl,0,0,0,0,1,Hispanic/Latino,87,306,318,wustl_cds_2011-2012.pdf,0
2011,wustl,0,0,0,0,1,"Black or African American, non-Hispanic",83,408,463,wustl_cds_2011-2012.pdf,0
2011,wustl,0,0,0,0,1,"White, non-Hispanic",835,3797,4169,wustl_cds_2011-2012.pdf,0
2011,wustl,0,0,0,0,1,"American Indian or Alaska Native, non-Hispanic",2,5,5,wustl_cds_2011-2012.pdf,0
2011,wustl,0,0,0,0,1,"Asian, non-Hispanic",254,1018,1051,wustl_cds_2011-2012.pdf,0
2011,wustl,0,0,0,0,1,"Native Hawaiian or other Pacific Islander, non-Hispanic",0,1,1,wustl_cds_2011-2012.pdf,0
2011,wustl,0,0,0,0,1,"Two or more races, non-Hispanic",57,214,219,wustl_cds_2011-2012.pdf,0
2011,wustl,0,0,0,0,1,Race and/or ethnicity unknown,75,474,515,wustl_cds_2011-2012.pdf,0
2011,wustl,0,0,0,0,1,Total,1488,6658,7239,wustl_cds_2011-2012.pdf,0
2011,yale,1,1,0,0,1,Nonresident,137,541,543,cds2011_2012_3.pdf,0
2011,yale,1,1,0,0,1,Hispanic/Latino,150,521,521,cds2011_2012_3.pdf,0
2011,yale,1,1,0,0,1,"Black or African American, non-Hispanic",90,336,336,cds2011_2012_3.pdf,0
2011,yale,1,1,0,0,1,"White, non-Hispanic",613,2525,2530,cds2011_2012_3.pdf,0
2011,yale,1,1,0,0,1,"American Indian or Alaska Native, non-Hispanic",11,27,27,cds2011_2012_3.pdf,0
2011,yale,1,1,0,0,1,"Asian, non-Hispanic",219,813,813,cds2011_2012_3.pdf,0
2011,yale,1,1,0,0,1,"Native Hawaiian or other Pacific Islander, non-Hispanic",2,4,4,cds2011_2012_3.pdf,0
2011,yale,1,1,0,0,1,"Two or more races, non-Hispanic",80,298,298,cds2011_2012_3.pdf,0
2011,yale,1,1,0,0,1,Race and/or ethnicity unknown,47,277,277,cds2011_2012_3.pdf,0
2011,yale,1,1,0,0,1,Total,1349,5342,5349,cds2011_2012_3.pdf,0
2012,amherst,0,0,1,1,1,Nonresident,48,178,178,amherst_cds_2012_Enrollment_and_Persistence.pdf,0
2012,amherst,0,0,1,1,1,Hispanic/Latino,46,212,212,amherst_cds_2012_Enrollment_and_Persistence.pdf,0
2012,amherst,0,0,1,1,1,"Black or African American, non-Hispanic",48,204,204,amherst_cds_2012_Enrollment_and_Persistence.pdf,0
2012,amherst,0,0,1,1,1,"White, non-Hispanic",188,729,729,amherst_cds_2012_Enrollment_and_Persistence.pdf,0
2012,amherst,0,0,1,1,1,"American Indian or Alaska Native, non-Hispanic",2,2,2,amherst_cds_2012_Enrollment_and_Persistence.pdf,0
2012,amherst,0,0,1,1,1,"Asian, non-Hispanic",67,214,214,amherst_cds_2012_Enrollment_and_Persistence.pdf,0
2012,amherst,0,0,1,1,1,"Native Hawaiian or other Pacific Islander, non-Hispanic",0,0,0,amherst_cds_2012_Enrollment_and_Persistence.pdf,0
2012,amherst,0,0,1,1,1,"Two or more races, non-Hispanic",32,117,117,amherst_cds_2012_Enrollment_and_Persistence.pdf,0
2012,amherst,0,0,1,1,1,Race and/or ethnicity unknown,32,161,161,amherst_cds_2012_Enrollment_and_Persistence.pdf,0
2012,amherst,0,0,1,1,1,Total,463,1817,1817,amherst_cds_2012_Enrollment_and_Persistence.pdf,0
2012,bates,0,0,1,1,1,Nonresident,39,109,,CDS_2012-2013.pdf,0
2012,bates,0,0,1,1,1,Hispanic/Latino,27,90,,CDS_2012-2013.pdf,0
2012,bates,0,0,1,1,1,"Black or African American, non-Hispanic",12,66,,CDS_2012-2013.pdf,0
2012,bates,0,0,1,1,1,"White, non-Hispanic",374,1304,,CDS_2012-2013.pdf,0
2012,bates,0,0,1,1,1,"American Indian or Alaska Native, non-Hispanic",0,7,,CDS_2012-2013.pdf,0
2012,bates,0,0,1,1,1,"Asian, non-Hispanic",17,78,,CDS_2012-2013.pdf,0
2012,bates,0,0,1,1,1,"Native Hawaiian or other Pacific Islander, non-Hispanic",0,0,,CDS_2012-2013.pdf,0
2012,bates,0,0,1,1,1,"Two or more races, non-Hispanic",22,65,,CDS_2012-2013.pdf,0
2012,bates,0,0,1,1,1,Race and/or ethnicity unknown,12,34,,CDS_2012-2013.pdf,0
2012,bates,0,0,1,1,1,Total,503,1753,,CDS_2012-2013.pdf,0
2012,berkeley,0,0,0,0,1,Nonresident,540,2748,2748,cds_2012-13.pdf,0
2012,berkeley,0,0,0,0,1,Hispanic/Latino,513,3320,3320,cds_2012-13.pdf,0
2012,berkeley,0,0,0,0,1,"Black or African American, non-Hispanic",97,628,628,cds_2012-13.pdf,0
2012,berkeley,0,0,0,0,1,"White, non-Hispanic",1069,7673,7673,cds_2012-13.pdf,0
2012,berkeley,0,0,0,0,1,"American Indian or Alaska Native, non-Hispanic",4,67,67,cds_2012-13.pdf,0
2012,berkeley,0,0,0,0,1,"Asian, non-Hispanic",1634,9300,9300,cds_2012-13.pdf,0
2012,berkeley,0,0,0,0,1,"Native Hawaiian or other Pacific Islander, non-Hispanic",12,74,74,cds_2012-13.pdf,0
2012,berkeley,0,0,0,0,1,"Two or more races, non-Hispanic",205,954,954,cds_2012-13.pdf,0
2012,berkeley,0,0,0,0,1,Race and/or ethnicity unknown,88,1010,1010,cds_2012-13.pdf,0
2012,berkeley,0,0,0,0,1,Total,4162,25774,25774,cds_2012-13.pdf,0
2012,bowdoin,0,0,1,1,1,Nonresident,22,73,78,common-data-elements-2012---2013.pdf,0
2012,bowdoin,0,0,1,1,1,Hispanic/Latino,66,235,235,common-data-elements-2012---2013.pdf,0
2012,bowdoin,0,0,1,1,1,"Black or African American, non-Hispanic",23,86,86,common-data-elements-2012---2013.pdf,0
2012,bowdoin,0,0,1,1,1,"White, non-Hispanic",313,1181,1184,common-data-elements-2012---2013.pdf,0
2012,bowdoin,0,0,1,1,1,"American Indian or Alaska Native, non-Hispanic",1,2,2,common-data-elements-2012---2013.pdf,0
2012,bowdoin,0,0,1,1,1,"Asian, non-Hispanic",40,131,131,common-data-elements-2012---2013.pdf,0
2012,bowdoin,0,0,1,1,1,"Native Hawaiian or other Pacific Islander, non-Hispanic",1,2,2,common-data-elements-2012---2013.pdf,0
2012,bowdoin,0,0,1,1,1,"Two or more races, non-Hispanic",25,110,110,common-data-elements-2012---2013.pdf,0
2012,bowdoin,0,0,1,1,1,Race and/or ethnicity unknown,1,11,11,common-data-elements-2012---2013.pdf,0
2012,bowdoin,0,0,1,1,1,Total,492,1831,1839,common-data-elements-2012---2013.pdf,0
2012,brown,1,1,0,0,1,Nonresident,182,694,754,CDS_2012-2013.pdf,0
2012,brown,1,1,0,0,1,Hispanic/Latino,193,632,653,CDS_2012-2013.pdf,0
2012,brown,1,1,0,0,1,"Black or African American, non-Hispanic",111,368,377,CDS_2012-2013.pdf,0
2012,brown,1,1,0,0,1,"White, non-Hispanic",689,2787,2910,CDS_2012-2013.pdf,0
2012,brown,1,1,0,0,1,"American Indian or Alaska Native, non-Hispanic",4,17,17,CDS_2012-2013.pdf,0
2012,brown,1,1,0,0,1,"Asian, non-Hispanic",167,744,800,CDS_2012-2013.pdf,0
2012,brown,1,1,0,0,1,"Native Hawaiian or other Pacific Islander, non-Hispanic",2,5,5,CDS_2012-2013.pdf,0
2012,brown,1,1,0,0,1,"Two or more races, non-Hispanic",89,291,296,CDS_2012-2013.pdf,0
2012,brown,1,1,0,0,1,Race and/or ethnicity unknown,99,595,623,CDS_2012-2013.pdf,0
2012,brown,1,1,0,0,1,Total,1536,6133,6435,CDS_2012-2013.pdf,0
2012,brynmawr,0,0,0,1,0,Nonresident,89,255,259,BrynMawr_CDS_2012-2013.pdf,0
2012,brynmawr,0,0,0,1,0,Hispanic/Latino,30,124,124,BrynMawr_CDS_2012-2013.pdf,0
2012,brynmawr,0,0,0,1,0,"Black or African American, non-Hispanic",24,72,72,BrynMawr_CDS_2012-2013.pdf,0
2012,brynmawr,0,0,0,1,0,"White, non-Hispanic",125,456,460,BrynMawr_CDS_2012-2013.pdf,0
2012,brynmawr,0,0,0,1,0,"American Indian or Alaska Native, non-Hispanic",0,1,1,BrynMawr_CDS_2012-2013.pdf,0
2012,brynmawr,0,0,0,1,0,"Asian, non-Hispanic",41,171,171,BrynMawr_CDS_2012-2013.pdf,0
2012,brynmawr,0,0,0,1,0,"Native Hawaiian or other Pacific Islander, non-Hispanic",0,2,2,BrynMawr_CDS_2012-2013.pdf,0
2012,brynmawr,0,0,0,1,0,"Two or more races, non-Hispanic",16,55,55,BrynMawr_CDS_2012-2013.pdf,0
2012,brynmawr,0,0,0,1,0,Race and/or ethnicity unknown,40,173,178,BrynMawr_CDS_2012-2013.pdf,0
2012,brynmawr,0,0,0,1,0,Total,365,1309,1322,BrynMawr_CDS_2012-2013.pdf,0
2012,bucknell,0,0,0,1,0,Nonresident,44,166,184,cds_2012-13.pdf,0
2012,bucknell,0,0,0,1,0,Hispanic/Latino,44,158,158,cds_2012-13.pdf,0
2012,bucknell,0,0,0,1,0,"Black or African American, non-Hispanic",25,110,110,cds_2012-13.pdf,0
2012,bucknell,0,0,0,1,0,"White, non-Hispanic",733,2813,2829,cds_2012-13.pdf,0
2012,bucknell,0,0,0,1,0,"American Indian or Alaska Native, non-Hispanic",0,1,1,cds_2012-13.pdf,0
2012,bucknell,0,0,0,1,0,"Asian, non-Hispanic",36,113,113,cds_2012-13.pdf,0
2012,bucknell,0,0,0,1,0,"Native Hawaiian or other Pacific Islander, non-Hispanic",0,0,0,cds_2012-13.pdf,0
2012,bucknell,0,0,0,1,0,"Two or more races, non-Hispanic",34,108,108,cds_2012-13.pdf,0
2012,bucknell,0,0,0,1,0,Race and/or ethnicity unknown,2,33,33,cds_2012-13.pdf,0
2012,bucknell,0,0,0,1,0,Total,918,3502,3536,cds_2012-13.pdf,0
2012,caltech,0,1,0,0,1,Nonresident,17,107,,cds_2012-13.pdf,0
2012,caltech,0,1,0,0,1,Hispanic/Latino,35,104,,cds_2012-13.pdf,0
2012,caltech,0,1,0,0,1,"Black or African American, non-Hispanic",5,17,,cds_2012-13.pdf,0
2012,caltech,0,1,0,0,1,"White, non-Hispanic",74,314,,cds_2012-13.pdf,0
2012,caltech,0,1,0,0,1,"American Indian or Alaska Native, non-Hispanic",,3,,cds_2012-13.pdf,0
2012,caltech,0,1,0,0,1,"Asian, non-Hispanic",112,395,,cds_2012-13.pdf,0
2012,caltech,0,1,0,0,1,"Native Hawaiian or other Pacific Islander, non-Hispanic",,3,,cds_2012-13.pdf,0
2012,caltech,0,1,0,0,1,"Two or more races, non-Hispanic",20,50,,cds_2012-13.pdf,0
2012,caltech,0,1,0,0,1,Race and/or ethnicity unknown,1,4,,cds_2012-13.pdf,0
2012,caltech,0,1,0,0,1,Total,264,997,,cds_2012-13.pdf,0
2012,carleton,0,0,0,1,1,Nonresident,44,170,,Carleton_CDS_2012-13.pdf,0
2012,carleton,0,0,0,1,1,Hispanic/Latino,40,132,,Carleton_CDS_2012-13.pdf,0
2012,carleton,0,0,0,1,1,"Black or African American, non-Hispanic",15,67,,Carleton_CDS_2012-13.pdf,0
2012,carleton,0,0,0,1,1,"White, non-Hispanic",355,1369,,Carleton_CDS_2012-13.pdf,0
2012,carleton,0,0,0,1,1,"American Indian or Alaska Native, non-Hispanic",0,1,,Carleton_CDS_2012-13.pdf,0
2012,carleton,0,0,0,1,1,"Asian, non-Hispanic",40,159,,Carleton_CDS_2012-13.pdf,0
2012,carleton,0,0,0,1,1,"Native Hawaiian or other Pacific Islander, non-Hispanic",0,1,,Carleton_CDS_2012-13.pdf,0
2012,carleton,0,0,0,1,1,"Two or more races, non-Hispanic",22,95,,Carleton_CDS_2012-13.pdf,0
2012,carleton,0,0,0,1,1,Race and/or ethnicity unknown,12,41,,Carleton_CDS_2012-13.pdf,0
2012,carleton,0,0,0,1,1,Total,528,2035,0,Carleton_CDS_2012-13.pdf,0
2012,clark,0,0,0,1,0,Nonresident,92,249,269,clark-cds-2012-2013.pdf,0
2012,clark,0,0,0,1,0,Hispanic/Latino,31,134,136,clark-cds-2012-2013.pdf,0
2012,clark,0,0,0,1,0,"Black or African American, non-Hispanic",20,83,84,clark-cds-2012-2013.pdf,0
2012,clark,0,0,0,1,0,"White, non-Hispanic",350,1489,1519,clark-cds-2012-2013.pdf,0
2012,clark,0,0,0,1,0,"American Indian or Alaska Native, non-Hispanic",0,2,2,clark-cds-2012-2013.pdf,0
2012,clark,0,0,0,1,0,"Asian, non-Hispanic",44,114,121,clark-cds-2012-2013.pdf,0
2012,clark,0,0,0,1,0,"Native Hawaiian or other Pacific Islander, non-Hispanic",0,0,0,clark-cds-2012-2013.pdf,0
2012,clark,0,0,0,1,0,"Two or more races, non-Hispanic",1,45,45,clark-cds-2012-2013.pdf,0
2012,clark,0,0,0,1,0,Race and/or ethnicity unknown,56,160,176,clark-cds-2012-2013.pdf,0
2012,clark,0,0,0,1,0,Total,594,2276,2352,clark-cds-2012-2013.pdf,0
2012,cmc,0,0,0,0,1,Total,291,1254,1264,cds_2012-2013.pdf,0
2012,colby,0,0,1,1,1,Nonresident,36,121,121,CDS_2012-2013.pdf,0
2012,colby,0,0,1,1,1,Hispanic/Latino,35,96,96,CDS_2012-2013.pdf,0
2012,colby,0,0,1,1,1,"Black or African American, non-Hispanic",12,56,56,CDS_2012-2013.pdf,0
2012,colby,0,0,1,1,1,"White, non-Hispanic",293,1126,1126,CDS_2012-2013.pdf,0
2012,colby,0,0,1,1,1,"American Indian or Alaska Native, non-Hispanic",0,1,1,CDS_2012-2013.pdf,0
2012,colby,0,0,1,1,1,"Asian, non-Hispanic",27,103,103,CDS_2012-2013.pdf,0
2012,colby,0,0,1,1,1,"Native Hawaiian or other Pacific Islander, non-Hispanic",0,1,1,CDS_2012-2013.pdf,0
2012,colby,0,0,1,1,1,"Two or more races, non-Hispanic",28,74,74,CDS_2012-2013.pdf,0
2012,colby,0,0,1,1,1,Race and/or ethnicity unknown,62,285,285,CDS_2012-2013.pdf,0
2012,colby,0,0,1,1,1,Total,493,1863,1863,CDS_2012-2013.pdf,0
2012,colgate,0,0,0,0,1,Nonresident,59,215,216,cds_2012-13.pdf,0
2012,colgate,0,0,0,0,1,Hispanic/Latino,55,216,216,cds_2012-13.pdf,0
2012,colgate,0,0,0,0,1,"Black or African American, non-Hispanic",28,120,120,cds_2012-13.pdf,0
2012,colgate,0,0,0,0,1,"White, non-Hispanic",526,1971,1989,cds_2012-13.pdf,0
2012,colgate,0,0,0,0,1,"American Indian or Alaska Native, non-Hispanic",2,8,8,cds_2012-13.pdf,0
2012,colgate,0,0,0,0,1,"Asian, non-Hispanic",25,106,106,cds_2012-13.pdf,0
2012,colgate,0,0,0,0,1,"Native Hawaiian or other Pacific Islander, non-Hispanic",0,4,4,cds_2012-13.pdf,0
2012,colgate,0,0,0,0,1,"Two or more races, non-Hispanic",21,82,82,cds_2012-13.pdf,0
2012,colgate,0,0,0,0,1,Race and/or ethnicity unknown,40,128,130,cds_2012-13.pdf,0
2012,colgate,0,0,0,0,1,Total,756,2850,2871,cds_2012-13.pdf,0
2012,conncoll,0,0,1,1,0,Nonresident,20,73,80,Connecticut-College-CDS_2012-2013.pdf,0
2012,conncoll,0,0,1,1,0,Hispanic/Latino,49,139,140,Connecticut-College-CDS_2012-2013.pdf,0
2012,conncoll,0,0,1,1,0,"Black or African American, non-Hispanic",18,67,70,Connecticut-College-CDS_2012-2013.pdf,0
2012,conncoll,0,0,1,1,0,"White, non-Hispanic",358,1342,1404,Connecticut-College-CDS_2012-2013.pdf,0
2012,conncoll,0,0,1,1,0,"American Indian or Alaska Native, non-Hispanic",0,0,1,Connecticut-College-CDS_2012-2013.pdf,0
2012,conncoll,0,0,1,1,0,"Asian, non-Hispanic",21,48,50,Connecticut-College-CDS_2012-2013.pdf,0
2012,conncoll,0,0,1,1,0,"Native Hawaiian or other Pacific Islander, non-Hispanic",0,0,0,Connecticut-College-CDS_2012-2013.pdf,0
2012,conncoll,0,0,1,1,0,"Two or more races, non-Hispanic",8,46,46,Connecticut-College-CDS_2012-2013.pdf,0
2012,conncoll,0,0,1,1,0,Race and/or ethnicity unknown,29,97,135,Connecticut-College-CDS_2012-2013.pdf,0
2012,conncoll,0,0,1,1,0,Total,503,1812,1926,Connecticut-College-CDS_2012-2013.pdf,0
2012,cornell,1,1,0,0,1,Nonresident,296,1308,1363,CDS_2012-2013.pdf,0
2012,cornell,1,1,0,0,1,Hispanic/Latino,390,1492,1492,CDS_2012-2013.pdf,0
2012,cornell,1,1,0,0,1,"Black or African American, non-Hispanic",182,827,828,CDS_2012-2013.pdf,0
2012,cornell,1,1,0,0,1,"White, non-Hispanic",1333,6286,6293,CDS_2012-2013.pdf,0
2012,cornell,1,1,0,0,1,"American Indian or Alaska Native, non-Hispanic",11,39,40,CDS_2012-2013.pdf,0
2012,cornell,1,1,0,0,1,"Asian, non-Hispanic",556,2299,2299,CDS_2012-2013.pdf,0
2012,cornell,1,1,0,0,1,"Native Hawaiian or other Pacific Islander, non-Hispanic",3,12,12,CDS_2012-2013.pdf,0
2012,cornell,1,1,0,0,1,"Two or more races, non-Hispanic",150,572,572,CDS_2012-2013.pdf,0
2012,cornell,1,1,0,0,1,Race and/or ethnicity unknown,296,1351,1362,CDS_2012-2013.pdf,0
2012,cornell,1,1,0,0,1,Total,3217,14186,14261,CDS_2012-2013.pdf,0
2012,dartmouth,1,1,0,0,1,Nonresident,99,310,334,cds_2012-2013_estimated.pdf,0
2012,dartmouth,1,1,0,0,1,Hispanic/Latino,82,331,331,cds_2012-2013_estimated.pdf,0
2012,dartmouth,1,1,0,0,1,"Black or African American, non-Hispanic",75,294,294,cds_2012-2013_estimated.pdf,0
2012,dartmouth,1,1,0,0,1,"White, non-Hispanic",509,1949,1960,cds_2012-2013_estimated.pdf,0
2012,dartmouth,1,1,0,0,1,"American Indian or Alaska Native, non-Hispanic",19,99,99,cds_2012-2013_estimated.pdf,0
2012,dartmouth,1,1,0,0,1,"Asian, non-Hispanic",163,588,589,cds_2012-2013_estimated.pdf,0
2012,dartmouth,1,1,0,0,1,"Native Hawaiian or other Pacific Islander, non-Hispanic",1,3,3,cds_2012-2013_estimated.pdf,0
2012,dartmouth,1,1,0,0,1,"Two or more races, non-Hispanic",54,168,168,cds_2012-2013_estimated.pdf,0
2012,dartmouth,1,1,0,0,1,Race and/or ethnicity unknown,96,356,415,cds_2012-2013_estimated.pdf,0
2012,dartmouth,1,1,0,0,1,Total,1098,4098,4193,cds_2012-2013_estimated.pdf,0
2012,duke,0,1,0,0,1,Nonresident,157,532,549,Duke_CDS_2012-2013.pdf,0
2012,duke,0,1,0,0,1,Hispanic/Latino,97,417,424,Duke_CDS_2012-2013.pdf,0
2012,duke,0,1,0,0,1,"Black or African American, non-Hispanic",171,652,655,Duke_CDS_2012-2013.pdf,0
2012,duke,0,1,0,0,1,"White, non-Hispanic",819,3018,3112,Duke_CDS_2012-2013.pdf,0
2012,duke,0,1,0,0,1,"American Indian or Alaska Native, non-Hispanic",11,35,35,Duke_CDS_2012-2013.pdf,0
2012,duke,0,1,0,0,1,"Asian, non-Hispanic",368,1335,1347,Duke_CDS_2012-2013.pdf,0
2012,duke,0,1,0,0,1,"Native Hawaiian or other Pacific Islander, non-Hispanic",0,4,4,Duke_CDS_2012-2013.pdf,0
2012,duke,0,1,0,0,1,"Two or more races, non-Hispanic",39,117,120,Duke_CDS_2012-2013.pdf,0
2012,duke,0,1,0,0,1,Race and/or ethnicity unknown,52,374,385,Duke_CDS_2012-2013.pdf,0
2012,duke,0,1,0,0,1,Total,1714,6484,6631,Duke_CDS_2012-2013.pdf,0
2012,georgetown,0,0,0,0,1,Nonresident,154,669,861,georgetown_cds_2012-2013.pdf,0
2012,georgetown,0,0,0,0,1,Hispanic/Latino,104,556,567,georgetown_cds_2012-2013.pdf,0
2012,georgetown,0,0,0,0,1,"Black or African American, non-Hispanic",97,459,466,georgetown_cds_2012-2013.pdf,0
2012,georgetown,0,0,0,0,1,"White, non-Hispanic",969,4431,4497,georgetown_cds_2012-2013.pdf,0
2012,georgetown,0,0,0,0,1,"American Indian or Alaska Native, non-Hispanic",1,9,9,georgetown_cds_2012-2013.pdf,0
2012,georgetown,0,0,0,0,1,"Asian, non-Hispanic",156,651,655,georgetown_cds_2012-2013.pdf,0
2012,georgetown,0,0,0,0,1,"Native Hawaiian or other Pacific Islander, non-Hispanic",,6,6,georgetown_cds_2012-2013.pdf,0
2012,georgetown,0,0,0,0,1,"Two or more races, non-Hispanic",61,262,263,georgetown_cds_2012-2013.pdf,0
2012,georgetown,0,0,0,0,1,Race and/or ethnicity unknown,28,158,228,georgetown_cds_2012-2013.pdf,0
2012,georgetown,0,0,0,0,1,Total,1570,7201,7552,georgetown_cds_2012-2013.pdf,0
2012,grinnell,0,0,0,0,1,Nonresident,59,198,202,GC_CDS_2012-13.pdf,0
2012,grinnell,0,0,0,0,1,Hispanic/Latino,30,122,124,GC_CDS_2012-13.pdf,0
2012,grinnell,0,0,0,0,1,"Black or African American, non-Hispanic",21,92,92,GC_CDS_2012-13.pdf,0
2012,grinnell,0,0,0,0,1,"White, non-Hispanic",261,934,959,GC_CDS_2012-13.pdf,0
2012,grinnell,0,0,0,0,1,"American Indian or Alaska Native, non-Hispanic",0,0,0,GC_CDS_2012-13.pdf,0
2012,grinnell,0,0,0,0,1,"Asian, non-Hispanic",34,114,117,GC_CDS_2012-13.pdf,0
2012,grinnell,0,0,0,0,1,"Native Hawaiian or other Pacific Islander, non-Hispanic",1,4,4,GC_CDS_2012-13.pdf,0
2012,grinnell,0,0,0,0,1,"Two or more races, non-Hispanic",19,69,69,GC_CDS_2012-13.pdf,0
2012,grinnell,0,0,0,0,1,Race and/or ethnicity unknown,19,78,107,GC_CDS_2012-13.pdf,0
2012,grinnell,0,0,0,0,1,Total,444,1611,1674,GC_CDS_2012-13.pdf,0
2012,hamilton,0,0,1,1,1,Nonresident,26,90,,hamilton_cds_2012-2013.pdf,0
2012,hamilton,0,0,1,1,1,Hispanic/Latino,38,126,,hamilton_cds_2012-2013.pdf,0
2012,hamilton,0,0,1,1,1,"Black or African American, non-Hispanic",24,73,,hamilton_cds_2012-2013.pdf,0
2012,hamilton,0,0,1,1,1,"White, non-Hispanic",285,1183,,hamilton_cds_2012-2013.pdf,0
2012,hamilton,0,0,1,1,1,"American Indian or Alaska Native, non-Hispanic",0,5,,hamilton_cds_2012-2013.pdf,0
2012,hamilton,0,0,1,1,1,"Asian, non-Hispanic",43,141,,hamilton_cds_2012-2013.pdf,0
2012,hamilton,0,0,1,1,1,"Native Hawaiian or other Pacific Islander, non-Hispanic",0,0,,hamilton_cds_2012-2013.pdf,0
2012,hamilton,0,0,1,1,1,"Two or more races, non-Hispanic",12,37,,hamilton_cds_2012-2013.pdf,0
2012,hamilton,0,0,1,1,1,Race and/or ethnicity unknown,41,212,,hamilton_cds_2012-2013.pdf,0
2012,hamilton,0,0,1,1,1,Total,469,1867,0,hamilton_cds_2012-2013.pdf,0
2012,harvard,1,1,0,0,1,Nonresident,185,721,758,harvard_cds_2012-13.pdf,0
2012,harvard,1,1,0,0,1,Hispanic/Latino,152,610,610,harvard_cds_2012-13.pdf,0
2012,harvard,1,1,0,0,1,"Black or African American, non-Hispanic",107,435,436,harvard_cds_2012-13.pdf,0
2012,harvard,1,1,0,0,1,"White, non-Hispanic",738,2969,2974,harvard_cds_2012-13.pdf,0
2012,harvard,1,1,0,0,1,"American Indian or Alaska Native, non-Hispanic",2,17,17,harvard_cds_2012-13.pdf,0
2012,harvard,1,1,0,0,1,"Asian, non-Hispanic",338,1223,1225,harvard_cds_2012-13.pdf,0
2012,harvard,1,1,0,0,1,"Native Hawaiian or other Pacific Islander, non-Hispanic",0,1,1,harvard_cds_2012-13.pdf,0
2012,harvard,1,1,0,0,1,"Two or more races, non-Hispanic",98,360,361,harvard_cds_2012-13.pdf,0
2012,harvard,1,1,0,0,1,Race and/or ethnicity unknown,42,274,276,harvard_cds_2012-13.pdf,0
2012,harvard,1,1,0,0,1,Total,1662,6610,6658,harvard_cds_2012-13.pdf,0
2012,haverford,0,0,0,1,0,Nonresident,19,54,54,cds_2012-2013.pdf,0
2012,haverford,0,0,0,1,0,Hispanic/Latino,38,108,108,cds_2012-2013.pdf,0
2012,haverford,0,0,0,1,0,"Black or African American, non-Hispanic",25,76,76,cds_2012-2013.pdf,0
2012,haverford,0,0,0,1,0,"White, non-Hispanic",202,808,808,cds_2012-2013.pdf,0
2012,haverford,0,0,0,1,0,"American Indian or Alaska Native, non-Hispanic",1,3,3,cds_2012-2013.pdf,0
2012,haverford,0,0,0,1,0,"Asian, non-Hispanic",25,85,85,cds_2012-2013.pdf,0
2012,haverford,0,0,0,1,0,"Native Hawaiian or other Pacific Islander, non-Hispanic",0,0,0,cds_2012-2013.pdf,0
2012,haverford,0,0,0,1,0,"Two or more races, non-Hispanic",13,71,71,cds_2012-2013.pdf,0
2012,haverford,0,0,0,1,0,Race and/or ethnicity unknown,0,0,0,cds_2012-2013.pdf,0
2012,haverford,0,0,0,1,0,Total,323,1205,1205,cds_2012-2013.pdf,0
2012,hmc,0,0,0,0,1,Nonresident,19,43,65,cds_2012-2013.pdf,0
2012,hmc,0,0,0,0,1,Hispanic/Latino,16,38,54,cds_2012-2013.pdf,0
2012,hmc,0,0,0,0,1,"Black or African American, non-Hispanic",2,8,10,cds_2012-2013.pdf,0
2012,hmc,0,0,0,0,1,"White, non-Hispanic",91,333,424,cds_2012-2013.pdf,0
2012,hmc,0,0,0,0,1,"American Indian or Alaska Native, non-Hispanic",0,3,3,cds_2012-2013.pdf,0
2012,hmc,0,0,0,0,1,"Asian, non-Hispanic",46,122,169,cds_2012-2013.pdf,0
2012,hmc,0,0,0,0,1,"Native Hawaiian or other Pacific Islander, non-Hispanic",0,0,0,cds_2012-2013.pdf,0
2012,hmc,0,0,0,0,1,"Two or more races, non-Hispanic",7,8,15,cds_2012-2013.pdf,0
2012,hmc,0,0,0,0,1,Race and/or ethnicity unknown,17,26,43,cds_2012-2013.pdf,0
2012,hmc,0,0,0,0,1,Total,198,581,783,cds_2012-2013.pdf,0
2012,jhu,0,1,0,0,1,Nonresident,120,483,,cds_2012-2013.pdf,0
2012,jhu,0,1,0,0,1,Hispanic/Latino,172,508,,cds_2012-2013.pdf,0
2012,jhu,0,1,0,0,1,"Black or African American, non-Hispanic",73,261,,cds_2012-2013.pdf,0
2012,jhu,0,1,0,0,1,"White, non-Hispanic",615,2577,,cds_2012-2013.pdf,0
2012,jhu,0,1,0,0,1,"American Indian or Alaska Native, non-Hispanic",3,6,,cds_2012-2013.pdf,0
2012,jhu,0,1,0,0,1,"Asian, non-Hispanic",249,991,,cds_2012-2013.pdf,0
2012,jhu,0,1,0,0,1,"Native Hawaiian or other Pacific Islander, non-Hispanic",1,4,,cds_2012-2013.pdf,0
2012,jhu,0,1,0,0,1,"Two or more races, non-Hispanic",58,208,,cds_2012-2013.pdf,0
2012,jhu,0,1,0,0,1,Race and/or ethnicity unknown,39,127,,cds_2012-2013.pdf,0
2012,jhu,0,1,0,0,1,Total,1330,5165,0,cds_2012-2013.pdf,0
2012,middlebury,0,0,1,1,1,Nonresident,65,228,252,CDS_2012-2013.pdf,0
2012,middlebury,0,0,1,1,1,Hispanic/Latino,41,170,170,CDS_2012-2013.pdf,0
2012,middlebury,0,0,1,1,1,"Black or African American, non-Hispanic",19,56,56,CDS_2012-2013.pdf,0
2012,middlebury,0,0,1,1,1,"White, non-Hispanic",389,1693,1696,CDS_2012-2013.pdf,0
2012,middlebury,0,0,1,1,1,"American Indian or Alaska Native, non-Hispanic",2,6,6,CDS_2012-2013.pdf,0
2012,middlebury,0,0,1,1,1,"Asian, non-Hispanic",42,145,145,CDS_2012-2013.pdf,0
2012,middlebury,0,0,1,1,1,"Native Hawaiian or other Pacific Islander, non-Hispanic",0,0,0,CDS_2012-2013.pdf,0
2012,middlebury,0,0,1,1,1,"Two or more races, non-Hispanic",29,108,109,CDS_2012-2013.pdf,0
2012,middlebury,0,0,1,1,1,Race and/or ethnicity unknown,11,81,82,CDS_2012-2013.pdf,0
2012,middlebury,0,0,1,1,1,Total,598,2487,2516,CDS_2012-2013.pdf,0
2012,mtholyoke,0,0,0,1,0,Nonresident,107,525,545,mtholyoke_cds_2012-2013.pdf,0
2012,mtholyoke,0,0,0,1,0,Hispanic/Latino,37,193,195,mtholyoke_cds_2012-2013.pdf,0
2012,mtholyoke,0,0,0,1,0,"Black or African American, non-Hispanic",31,139,139,mtholyoke_cds_2012-2013.pdf,0
2012,mtholyoke,0,0,0,1,0,"White, non-Hispanic",247,1104,1112,mtholyoke_cds_2012-2013.pdf,0
2012,mtholyoke,0,0,0,1,0,"American Indian or Alaska Native, non-Hispanic",0,1,1,mtholyoke_cds_2012-2013.pdf,0
2012,mtholyoke,0,0,0,1,0,"Asian, non-Hispanic",43,168,168,mtholyoke_cds_2012-2013.pdf,0
2012,mtholyoke,0,0,0,1,0,"Native Hawaiian or other Pacific Islander, non-Hispanic",1,1,1,mtholyoke_cds_2012-2013.pdf,0
2012,mtholyoke,0,0,0,1,0,"Two or more races, non-Hispanic",19,82,83,mtholyoke_cds_2012-2013.pdf,0
2012,mtholyoke,0,0,0,1,0,Race and/or ethnicity unknown,11,78,78,mtholyoke_cds_2012-2013.pdf,0
2012,mtholyoke,0,0,0,1,0,Total,496,2291,2322,mtholyoke_cds_2012-2013.pdf,0
2012,northwestern,0,0,0,0,1,Nonresident,138,542,,cds_2012-13.pdf,0
2012,northwestern,0,0,0,0,1,Hispanic/Latino,181,692,,cds_2012-13.pdf,0
2012,northwestern,0,0,0,0,1,"Black or African American, non-Hispanic",111,451,,cds_2012-13.pdf,0
2012,northwestern,0,0,0,0,1,"White, non-Hispanic",1114,4720,,cds_2012-13.pdf,0
2012,northwestern,0,0,0,0,1,"American Indian or Alaska Native, non-Hispanic",2,9,,cds_2012-13.pdf,0
2012,northwestern,0,0,0,0,1,"Asian, non-Hispanic",357,1568,,cds_2012-13.pdf,0
2012,northwestern,0,0,0,0,1,"Native Hawaiian or other Pacific Islander, non-Hispanic",0,2,,cds_2012-13.pdf,0
2012,northwestern,0,0,0,0,1,"Two or more races, non-Hispanic",117,359,,cds_2012-13.pdf,0
2012,northwestern,0,0,0,0,1,Race and/or ethnicity unknown,17,144,,cds_2012-13.pdf,0
2012,northwestern,0,0,0,0,1,Total,2037,8487,,cds_2012-13.pdf,0
2012,notredame,0,0,0,0,1,Nonresident,96,306,315,CDS_2012-2013.pdf,0
2012,notredame,0,0,0,0,1,Hispanic/Latino,229,843,843,CDS_2012-2013.pdf,0
2012,notredame,0,0,0,0,1,"Black or African American, non-Hispanic",75,280,280,CDS_2012-2013.pdf,0
2012,notredame,0,0,0,0,1,"White, non-Hispanic",1371,6120,6120,CDS_2012-2013.pdf,0
2012,notredame,0,0,0,0,1,"American Indian or Alaska Native, non-Hispanic",8,36,36,CDS_2012-2013.pdf,0
2012,notredame,0,0,0,0,1,"Asian, non-Hispanic",140,555,555,CDS_2012-2013.pdf,0
2012,notredame,0,0,0,0,1,"Native Hawaiian or other Pacific Islander, non-Hispanic",0,1,1,CDS_2012-2013.pdf,0
2012,notredame,0,0,0,0,1,"Two or more races, non-Hispanic",87,269,269,CDS_2012-2013.pdf,0
2012,notredame,0,0,0,0,1,Race and/or ethnicity unknown,8,56,56,CDS_2012-2013.pdf,0
2012,notredame,0,0,0,0,1,Total,2014,8466,8475,CDS_2012-2013.pdf,0
2012,penn,1,1,0,0,1,Nonresident,280,1086,1086,UPenn_CDS_2012-13.pdf,0
2012,penn,1,1,0,0,1,Hispanic/Latino,248,853,853,UPenn_CDS_2012-13.pdf,0
2012,penn,1,1,0,0,1,"Black or African American, non-Hispanic",178,666,666,UPenn_CDS_2012-13.pdf,0
2012,penn,1,1,0,0,1,"White, non-Hispanic",1034,4243,4243,UPenn_CDS_2012-13.pdf,0
2012,penn,1,1,0,0,1,"American Indian or Alaska Native, non-Hispanic",3,22,22,UPenn_CDS_2012-13.pdf,0
2012,penn,1,1,0,0,1,"Asian, non-Hispanic",452,1807,1807,UPenn_CDS_2012-13.pdf,1
2012,penn,1,1,0,0,1,"Native Hawaiian or other Pacific Islander, non-Hispanic",2,6,6,UPenn_CDS_2012-13.pdf,0
2012,penn,1,1,0,0,1,"Two or more races, non-Hispanic",97,270,270,UPenn_CDS_2012-13.pdf,0
2012,penn,1,1,0,0,1,Race and/or ethnicity unknown,103,421,421,UPenn_CDS_2012-13.pdf,0
2012,penn,1,1,0,0,1,Total,2397,9374,9374,UPenn_CDS_2012-13.pdf,0
2012,pomona,0,0,0,1,1,Nonresident,38,99,109,cds-2012-2013.pdf,0
2012,pomona,0,0,0,1,1,Hispanic/Latino,63,222,223,cds-2012-2013.pdf,0
2012,pomona,0,0,0,1,1,"Black or African American, non-Hispanic",24,99,99,cds-2012-2013.pdf,0
2012,pomona,0,0,0,1,1,"White, non-Hispanic",162,716,717,cds-2012-2013.pdf,0
2012,pomona,0,0,0,1,1,"American Indian or Alaska Native, non-Hispanic",2,2,2,cds-2012-2013.pdf,0
2012,pomona,0,0,0,1,1,"Asian, non-Hispanic",52,173,174,cds-2012-2013.pdf,0
2012,pomona,0,0,0,1,1,"Native Hawaiian or other Pacific Islander, non-Hispanic",0,0,0,cds-2012-2013.pdf,0
2012,pomona,0,0,0,1,1,"Two or more races, non-Hispanic",33,103,103,cds-2012-2013.pdf,0
2012,pomona,0,0,0,1,1,Race and/or ethnicity unknown,25,171,180,cds-2012-2013.pdf,0
2012,pomona,0,0,0,1,1,Total,399,1585,1607,cds-2012-2013.pdf,0
2012,princeton,1,1,0,0,1,Nonresident,151,555,,cds_1213_prineton.pdf,0
2012,princeton,1,1,0,0,1,Hispanic/Latino,101,394,,cds_1213_prineton.pdf,0
2012,princeton,1,1,0,0,1,"Black or African American, non-Hispanic",101,391,,cds_1213_prineton.pdf,0
2012,princeton,1,1,0,0,1,"White, non-Hispanic",613,2552,,cds_1213_prineton.pdf,0
2012,princeton,1,1,0,0,1,"American Indian or Alaska Native, non-Hispanic",0,9,,cds_1213_prineton.pdf,0
2012,princeton,1,1,0,0,1,"Asian, non-Hispanic",302,1010,,cds_1213_prineton.pdf,0
2012,princeton,1,1,0,0,1,"Native Hawaiian or other Pacific Islander, non-Hispanic",0,3,,cds_1213_prineton.pdf,0
2012,princeton,1,1,0,0,1,"Two or more races, non-Hispanic",69,216,,cds_1213_prineton.pdf,0
2012,princeton,1,1,0,0,1,Race and/or ethnicity unknown,20,125,,cds_1213_prineton.pdf,0
2012,princeton,1,1,0,0,1,Total,1357,5255,0,cds_1213_prineton.pdf,0
2012,reed,0,0,0,1,0,Nonresident,18,71,87,reed-cds-secB-2012-2013.pdf,0
2012,reed,0,0,0,1,0,Hispanic/Latino,46,125,125,reed-cds-secB-2012-2013.pdf,0
2012,reed,0,0,0,1,0,"Black or African American, non-Hispanic",4,40,40,reed-cds-secB-2012-2013.pdf,0
2012,reed,0,0,0,1,0,"White, non-Hispanic",198,847,862,reed-cds-secB-2012-2013.pdf,0
2012,reed,0,0,0,1,0,"American Indian or Alaska Native, non-Hispanic",1,15,15,reed-cds-secB-2012-2013.pdf,0
2012,reed,0,0,0,1,0,"Asian, non-Hispanic",12,113,115,reed-cds-secB-2012-2013.pdf,0
2012,reed,0,0,0,1,0,"Native Hawaiian or other Pacific Islander, non-Hispanic",0,1,1,reed-cds-secB-2012-2013.pdf,0
2012,reed,0,0,0,1,0,"Two or more races, non-Hispanic",18,21,21,reed-cds-secB-2012-2013.pdf,0
2012,reed,0,0,0,1,0,Race and/or ethnicity unknown,23,157,166,reed-cds-secB-2012-2013.pdf,0
2012,reed,0,0,0,1,0,Total,320,1390,1432,reed-cds-secB-2012-2013.pdf,0
2012,rice,0,0,0,0,1,Nonresident,95,383,410,cds_2012-13.pdf,0
2012,rice,0,0,0,0,1,Hispanic/Latino,144,549,549,cds_2012-13.pdf,0
2012,rice,0,0,0,0,1,"Black or African American, non-Hispanic",64,253,253,cds_2012-13.pdf,0
2012,rice,0,0,0,0,1,"White, non-Hispanic",361,1564,1571,cds_2012-13.pdf,0
2012,rice,0,0,0,0,1,"American Indian or Alaska Native, non-Hispanic",0,6,7,cds_2012-13.pdf,0
2012,rice,0,0,0,0,1,"Asian, non-Hispanic",208,813,813,cds_2012-13.pdf,0
2012,rice,0,0,0,0,1,"Native Hawaiian or other Pacific Islander, non-Hispanic",0,2,3,cds_2012-13.pdf,0
2012,rice,0,0,0,0,1,"Two or more races, non-Hispanic",43,193,193,cds_2012-13.pdf,0
2012,rice,0,0,0,0,1,Race and/or ethnicity unknown,16,47,49,cds_2012-13.pdf,0
2012,rice,0,0,0,0,1,Total,931,3810,3848,cds_2012-13.pdf,0
2012,richmond,0,0,0,0,1,Nonresident,79,236,335,cds_2012-13.pdf,0
2012,richmond,0,0,0,0,1,Hispanic/Latino,58,192,193,cds_2012-13.pdf,0
2012,richmond,0,0,0,0,1,"Black or African American, non-Hispanic",53,223,223,cds_2012-13.pdf,0
2012,richmond,0,0,0,0,1,"White, non-Hispanic",441,1703,1713,cds_2012-13.pdf,0
2012,richmond,0,0,0,0,1,"American Indian or Alaska Native, non-Hispanic",2,5,6,cds_2012-13.pdf,0
2012,richmond,0,0,0,0,1,"Asian, non-Hispanic",55,191,191,cds_2012-13.pdf,0
2012,richmond,0,0,0,0,1,"Native Hawaiian or other Pacific Islander, non-Hispanic",0,1,1,cds_2012-13.pdf,0
2012,richmond,0,0,0,0,1,"Two or more races, non-Hispanic",31,73,73,cds_2012-13.pdf,0
2012,richmond,0,0,0,0,1,Race and/or ethnicity unknown,62,336,339,cds_2012-13.pdf,0
2012,richmond,0,0,0,0,1,Total,781,2960,3074,cds_2012-13.pdf,0
2012,smith,0,0,0,1,1,Nonresident,73,307,307,SmithCollege_CDS_2012-2013.pdf,0
2012,smith,0,0,0,1,1,Hispanic/Latino,85,244,244,SmithCollege_CDS_2012-2013.pdf,0
2012,smith,0,0,0,1,1,"Black or African American, non-Hispanic",36,136,136,SmithCollege_CDS_2012-2013.pdf,0
2012,smith,0,0,0,1,1,"White, non-Hispanic",295,1241,1241,SmithCollege_CDS_2012-2013.pdf,0
2012,smith,0,0,0,1,1,"American Indian or Alaska Native, non-Hispanic",,6,6,SmithCollege_CDS_2012-2013.pdf,0
2012,smith,0,0,0,1,1,"Asian, non-Hispanic",73,309,309,SmithCollege_CDS_2012-2013.pdf,0
2012,smith,0,0,0,1,1,"Native Hawaiian or other Pacific Islander, non-Hispanic",,2,2,SmithCollege_CDS_2012-2013.pdf,0
2012,smith,0,0,0,1,1,"Two or more races, non-Hispanic",33,118,118,SmithCollege_CDS_2012-2013.pdf,0
2012,smith,0,0,0,1,1,Race and/or ethnicity unknown,56,301,301,SmithCollege_CDS_2012-2013.pdf,0
2012,smith,0,0,0,1,1,Total,651,2664,2664,SmithCollege_CDS_2012-2013.pdf,0
2012,stanford,0,1,0,0,1,Nonresident,129,521,,cds_2012-2013.pdf,0
2012,stanford,0,1,0,0,1,Hispanic/Latino,271,1179,,cds_2012-2013.pdf,0
2012,stanford,0,1,0,0,1,"Black or African American, non-Hispanic",92,440,,cds_2012-2013.pdf,0
2012,stanford,0,1,0,0,1,"White, non-Hispanic",708,2635,,cds_2012-2013.pdf,0
2012,stanford,0,1,0,0,1,"American Indian or Alaska Native, non-Hispanic",11,69,,cds_2012-2013.pdf,0
2012,stanford,0,1,0,0,1,"Asian, non-Hispanic",338,1328,,cds_2012-2013.pdf,0
2012,stanford,0,1,0,0,1,"Native Hawaiian or other Pacific Islander, non-Hispanic",5,26,,cds_2012-2013.pdf,0
2012,stanford,0,1,0,0,1,"Two or more races, non-Hispanic",202,754,,cds_2012-2013.pdf,0
2012,stanford,0,1,0,0,1,Race and/or ethnicity unknown,6,47,,cds_2012-2013.pdf,0
2012,stanford,0,1,0,0,1,Total,1762,6999,,cds_2012-2013.pdf,0
2012,swarthmore,0,0,0,1,1,Total,378,1532,1552,cds-2012-2013.pdf,0
2012,trinity,0,0,1,1,0,Nonresident,55,181,,CDS_2012-2013.pdf,0
2012,trinity,0,0,1,1,0,Hispanic/Latino,43,159,,CDS_2012-2013.pdf,0
2012,trinity,0,0,1,1,0,"Black or African American, non-Hispanic",34,143,,CDS_2012-2013.pdf,0
2012,trinity,0,0,1,1,0,"White, non-Hispanic",390,1477,,CDS_2012-2013.pdf,0
2012,trinity,0,0,1,1,0,"American Indian or Alaska Native, non-Hispanic",0,1,,CDS_2012-2013.pdf,0
2012,trinity,0,0,1,1,0,"Asian, non-Hispanic",26,103,,CDS_2012-2013.pdf,0
2012,trinity,0,0,1,1,0,"Native Hawaiian or other Pacific Islander, non-Hispanic",0,0,,CDS_2012-2013.pdf,0
2012,trinity,0,0,1,1,0,"Two or more races, non-Hispanic",23,75,,CDS_2012-2013.pdf,0
2012,trinity,0,0,1,1,0,Race and/or ethnicity unknown,20,84,,CDS_2012-2013.pdf,0
2012,trinity,0,0,1,1,0,Total,591,2223,,CDS_2012-2013.pdf,0
2012,tufts,0,0,1,1,0,Nonresident,127,385,386,CDS_2012-2013.pdf,0
2012,tufts,0,0,1,1,0,Hispanic/Latino,77,339,342,CDS_2012-2013.pdf,0
2012,tufts,0,0,1,1,0,"Black or African American, non-Hispanic",44,212,212,CDS_2012-2013.pdf,0
2012,tufts,0,0,1,1,0,"White, non-Hispanic",741,2960,2980,CDS_2012-2013.pdf,0
2012,tufts,0,0,1,1,0,"American Indian or Alaska Native, non-Hispanic",2,3,3,CDS_2012-2013.pdf,0
2012,tufts,0,0,1,1,0,"Asian, non-Hispanic",141,535,536,CDS_2012-2013.pdf,0
2012,tufts,0,0,1,1,0,"Native Hawaiian or other Pacific Islander, non-Hispanic",1,2,2,CDS_2012-2013.pdf,0
2012,tufts,0,0,1,1,0,"Two or more races, non-Hispanic",51,195,197,CDS_2012-2013.pdf,0
2012,tufts,0,0,1,1,0,Race and/or ethnicity unknown,123,555,597,CDS_2012-2013.pdf,0
2012,tufts,0,0,1,1,0,Total,1307,5186,5255,CDS_2012-2013.pdf,0
2012,umich,0,0,0,0,1,Nonresident,256,1721,1804,cds_2012-2013.pdf,0
2012,umich,0,0,0,0,1,Hispanic/Latino,227,1122,1127,cds_2012-2013.pdf,0
2012,umich,0,0,0,0,1,"Black or African American, non-Hispanic",271,1228,1228,cds_2012-2013.pdf,0
2012,umich,0,0,0,0,1,"White, non-Hispanic",3916,18000,18061,cds_2012-2013.pdf,0
2012,umich,0,0,0,0,1,"American Indian or Alaska Native, non-Hispanic",14,45,45,cds_2012-2013.pdf,0
2012,umich,0,0,0,0,1,"Asian, non-Hispanic",784,3356,3379,cds_2012-2013.pdf,0
2012,umich,0,0,0,0,1,"Native Hawaiian or other Pacific Islander, non-Hispanic",4,12,12,cds_2012-2013.pdf,0
2012,umich,0,0,0,0,1,"Two or more races, non-Hispanic",184,877,883,cds_2012-2013.pdf,0
2012,umich,0,0,0,0,1,Race and/or ethnicity unknown,492,1413,1440,cds_2012-2013.pdf,0
2012,umich,0,0,0,0,1,Total,6148,27774,27979,cds_2012-2013.pdf,0
2012,vassar,0,0,0,1,1,Nonresident,47,153,168,vassar-cds-2012-2013.pdf,0
2012,vassar,0,0,0,1,1,Hispanic/Latino,72,266,266,vassar-cds-2012-2013.pdf,0
2012,vassar,0,0,0,1,1,"Black or African American, non-Hispanic",39,135,135,vassar-cds-2012-2013.pdf,0
2012,vassar,0,0,0,1,1,"White, non-Hispanic",402,1472,1489,vassar-cds-2012-2013.pdf,0
2012,vassar,0,0,0,1,1,"American Indian or Alaska Native, non-Hispanic",0,0,0,vassar-cds-2012-2013.pdf,0
2012,vassar,0,0,0,1,1,"Asian, non-Hispanic",51,216,219,vassar-cds-2012-2013.pdf,0
2012,vassar,0,0,0,1,1,"Native Hawaiian or other Pacific Islander, non-Hispanic",0,0,0,vassar-cds-2012-2013.pdf,0
2012,vassar,0,0,0,1,1,"Two or more races, non-Hispanic",45,125,125,vassar-cds-2012-2013.pdf,0
2012,vassar,0,0,0,1,1,Race and/or ethnicity unknown,2,3,4,vassar-cds-2012-2013.pdf,0
2012,vassar,0,0,0,1,1,Total,658,2370,2406,vassar-cds-2012-2013.pdf,0
2012,washandlee,0,0,0,1,1,Nonresident,24,79,79,wlu_cds_2012-13.pdf,0
2012,washandlee,0,0,0,1,1,Hispanic/Latino,18,53,53,wlu_cds_2012-13.pdf,0
2012,washandlee,0,0,0,1,1,"Black or African American, non-Hispanic",10,49,49,wlu_cds_2012-13.pdf,0
2012,washandlee,0,0,0,1,1,"White, non-Hispanic",389,1526,1526,wlu_cds_2012-13.pdf,0
2012,washandlee,0,0,0,1,1,"American Indian or Alaska Native, non-Hispanic",1,3,3,wlu_cds_2012-13.pdf,0
2012,washandlee,0,0,0,1,1,"Asian, non-Hispanic",16,55,56,wlu_cds_2012-13.pdf,0
2012,washandlee,0,0,0,1,1,"Native Hawaiian or other Pacific Islander, non-Hispanic",0,0,0,wlu_cds_2012-13.pdf,0
2012,washandlee,0,0,0,1,1,"Two or more races, non-Hispanic",15,38,38,wlu_cds_2012-13.pdf,0
2012,washandlee,0,0,0,1,1,Race and/or ethnicity unknown,6,34,34,wlu_cds_2012-13.pdf,0
2012,washandlee,0,0,0,1,1,Total,479,1837,1838,wlu_cds_2012-13.pdf,0
2012,wellesley,0,0,0,1,1,Nonresident,71,281,303,Wellesley_CDS_2012-2013.pdf,0
2012,wellesley,0,0,0,1,1,Hispanic/Latino,62,225,227,Wellesley_CDS_2012-2013.pdf,0
2012,wellesley,0,0,0,1,1,"Black or African American, non-Hispanic",22,136,137,Wellesley_CDS_2012-2013.pdf,0
2012,wellesley,0,0,0,1,1,"White, non-Hispanic",237,1036,1058,Wellesley_CDS_2012-2013.pdf,0
2012,wellesley,0,0,0,1,1,"American Indian or Alaska Native, non-Hispanic",0,1,1,Wellesley_CDS_2012-2013.pdf,0
2012,wellesley,0,0,0,1,1,"Asian, non-Hispanic",100,486,500,Wellesley_CDS_2012-2013.pdf,0
2012,wellesley,0,0,0,1,1,"Native Hawaiian or other Pacific Islander, non-Hispanic",0,1,1,Wellesley_CDS_2012-2013.pdf,0
2012,wellesley,0,0,0,1,1,"Two or more races, non-Hispanic",39,118,120,Wellesley_CDS_2012-2013.pdf,0
2012,wellesley,0,0,0,1,1,Race and/or ethnicity unknown,54,80,134,Wellesley_CDS_2012-2013.pdf,0
2012,wellesley,0,0,0,1,1,Total,585,2364,2481,Wellesley_CDS_2012-2013.pdf,0
2012,wesleyan,0,0,1,1,1,Nonresident,63,215,222,cds2012-13.pdf,0
2012,wesleyan,0,0,1,1,1,Hispanic/Latino,75,293,293,cds2012-13.pdf,0
2012,wesleyan,0,0,1,1,1,"Black or African American, non-Hispanic",59,200,200,cds2012-13.pdf,0
2012,wesleyan,0,0,1,1,1,"White, non-Hispanic",375,1516,1516,cds2012-13.pdf,0
2012,wesleyan,0,0,1,1,1,"American Indian or Alaska Native, non-Hispanic",0,2,2,cds2012-13.pdf,0
2012,wesleyan,0,0,1,1,1,"Asian, non-Hispanic",67,251,252,cds2012-13.pdf,0
2012,wesleyan,0,0,1,1,1,"Native Hawaiian or other Pacific Islander, non-Hispanic",1,2,2,cds2012-13.pdf,0
2012,wesleyan,0,0,1,1,1,"Two or more races, non-Hispanic",45,175,175,cds2012-13.pdf,0
2012,wesleyan,0,0,1,1,1,Race and/or ethnicity unknown,67,270,278,cds2012-13.pdf,0
2012,wesleyan,0,0,1,1,1,Total,752,2924,2940,cds2012-13.pdf,0
2012,williams,0,0,1,1,1,Nonresident,31,129,144,2012-2013_williams_common_data_set.pdf,0
2012,williams,0,0,1,1,1,Hispanic/Latino,78,233,233,2012-2013_williams_common_data_set.pdf,0
2012,williams,0,0,1,1,1,"Black or African American, non-Hispanic",37,155,156,2012-2013_williams_common_data_set.pdf,0
2012,williams,0,0,1,1,1,"White, non-Hispanic",309,1157,1177,2012-2013_williams_common_data_set.pdf,0
2012,williams,0,0,1,1,1,"American Indian or Alaska Native, non-Hispanic",3,6,6,2012-2013_williams_common_data_set.pdf,0
2012,williams,0,0,1,1,1,"Asian, non-Hispanic",58,221,224,2012-2013_williams_common_data_set.pdf,0
2012,williams,0,0,1,1,1,"Native Hawaiian or other Pacific Islander, non-Hispanic",0,0,0,2012-2013_williams_common_data_set.pdf,0
2012,williams,0,0,1,1,1,"Two or more races, non-Hispanic",31,110,112,2012-2013_williams_common_data_set.pdf,0
2012,williams,0,0,1,1,1,Race and/or ethnicity unknown,0,0,0,2012-2013_williams_common_data_set.pdf,0
2012,williams,0,0,1,1,1,Total,547,2011,2052,2012-2013_williams_common_data_set.pdf,0
2012,wustl,0,0,0,0,1,Nonresident,147,492,586,wustl_cds_2012-2013.pdf,0
2012,wustl,0,0,0,0,1,Hispanic/Latino,97,337,348,wustl_cds_2012-2013.pdf,0
2012,wustl,0,0,0,0,1,"Black or African American, non-Hispanic",87,400,454,wustl_cds_2012-2013.pdf,0
2012,wustl,0,0,0,0,1,"White, non-Hispanic",865,3759,4079,wustl_cds_2012-2013.pdf,0
2012,wustl,0,0,0,0,1,"American Indian or Alaska Native, non-Hispanic",2,7,8,wustl_cds_2012-2013.pdf,0
2012,wustl,0,0,0,0,1,"Asian, non-Hispanic",316,1113,1155,wustl_cds_2012-2013.pdf,0
2012,wustl,0,0,0,0,1,"Native Hawaiian or other Pacific Islander, non-Hispanic",0,0,0,wustl_cds_2012-2013.pdf,0
2012,wustl,0,0,0,0,1,"Two or more races, non-Hispanic",69,230,235,wustl_cds_2012-2013.pdf,0
2012,wustl,0,0,0,0,1,Race and/or ethnicity unknown,54,364,394,wustl_cds_2012-2013.pdf,0
2012,wustl,0,0,0,0,1,Total,1637,6702,7259,wustl_cds_2012-2013.pdf,0
2012,yale,1,1,0,0,1,Nonresident,141,554,555,cds2012_2013.pdf,0
2012,yale,1,1,0,0,1,Hispanic/Latino,142,543,543,cds2012_2013.pdf,0
2012,yale,1,1,0,0,1,"Black or African American, non-Hispanic",98,354,354,cds2012_2013.pdf,0
2012,yale,1,1,0,0,1,"White, non-Hispanic",600,2547,2552,cds2012_2013.pdf,0
2012,yale,1,1,0,0,1,"American Indian or Alaska Native, non-Hispanic",12,35,35,cds2012_2013.pdf,0
2012,yale,1,1,0,0,1,"Asian, non-Hispanic",239,868,868,cds2012_2013.pdf,0
2012,yale,1,1,0,0,1,"Native Hawaiian or other Pacific Islander, non-Hispanic",0,4,4,cds2012_2013.pdf,0
2012,yale,1,1,0,0,1,"Two or more races, non-Hispanic",73,316,317,cds2012_2013.pdf,0
2012,yale,1,1,0,0,1,Race and/or ethnicity unknown,50,176,177,cds2012_2013.pdf,0
2012,yale,1,1,0,0,1,Total,1355,5397,5405,cds2012_2013.pdf,0
2013,amherst,0,0,1,1,1,Nonresident,44,171,171,amherst_cds_2013_CDS1314_B_Enrollment_Persistence_0.pdf,0
2013,amherst,0,0,1,1,1,Hispanic/Latino,63,229,229,amherst_cds_2013_CDS1314_B_Enrollment_Persistence_0.pdf,0
2013,amherst,0,0,1,1,1,"Black or African American, non-Hispanic",57,208,208,amherst_cds_2013_CDS1314_B_Enrollment_Persistence_0.pdf,0
2013,amherst,0,0,1,1,1,"White, non-Hispanic",197,745,745,amherst_cds_2013_CDS1314_B_Enrollment_Persistence_0.pdf,0
2013,amherst,0,0,1,1,1,"American Indian or Alaska Native, non-Hispanic",0,2,2,amherst_cds_2013_CDS1314_B_Enrollment_Persistence_0.pdf,0
2013,amherst,0,0,1,1,1,"Asian, non-Hispanic",61,224,224,amherst_cds_2013_CDS1314_B_Enrollment_Persistence_0.pdf,0
2013,amherst,0,0,1,1,1,"Native Hawaiian or other Pacific Islander, non-Hispanic",0,0,0,amherst_cds_2013_CDS1314_B_Enrollment_Persistence_0.pdf,0
2013,amherst,0,0,1,1,1,"Two or more races, non-Hispanic",26,100,100,amherst_cds_2013_CDS1314_B_Enrollment_Persistence_0.pdf,0
2013,amherst,0,0,1,1,1,Race and/or ethnicity unknown,18,106,106,amherst_cds_2013_CDS1314_B_Enrollment_Persistence_0.pdf,0
2013,amherst,0,0,1,1,1,Total,466,1785,1785,amherst_cds_2013_CDS1314_B_Enrollment_Persistence_0.pdf,0
2013,barnard,0,0,0,1,1,Nonresident,37,173,174,Barnard_CDS_2013-2014.pdf,0
2013,barnard,0,0,0,1,1,Hispanic/Latino,76,277,277,Barnard_CDS_2013-2014.pdf,0
2013,barnard,0,0,0,1,1,"Black or African American, non-Hispanic",41,133,135,Barnard_CDS_2013-2014.pdf,0
2013,barnard,0,0,0,1,1,"White, non-Hispanic",314,1414,1414,Barnard_CDS_2013-2014.pdf,0
2013,barnard,0,0,0,1,1,"American Indian or Alaska Native, non-Hispanic",0,2,2,Barnard_CDS_2013-2014.pdf,0
2013,barnard,0,0,0,1,1,"Asian, non-Hispanic",84,362,362,Barnard_CDS_2013-2014.pdf,0
2013,barnard,0,0,0,1,1,"Native Hawaiian or other Pacific Islander, non-Hispanic",0,0,0,Barnard_CDS_2013-2014.pdf,0
2013,barnard,0,0,0,1,1,"Two or more races, non-Hispanic",28,125,125,Barnard_CDS_2013-2014.pdf,0
2013,barnard,0,0,0,1,1,Race and/or ethnicity unknown,0,0,0,Barnard_CDS_2013-2014.pdf,0
2013,barnard,0,0,0,1,1,Total,580,2486,2489,Barnard_CDS_2013-2014.pdf,0
2013,bates,0,0,1,1,1,Nonresident,32,116,116,CDS_2013-2014.pdf,0
2013,bates,0,0,1,1,1,Hispanic/Latino,37,112,112,CDS_2013-2014.pdf,0
2013,bates,0,0,1,1,1,"Black or African American, non-Hispanic",39,92,92,CDS_2013-2014.pdf,0
2013,bates,0,0,1,1,1,"White, non-Hispanic",342,1293,1293,CDS_2013-2014.pdf,0
2013,bates,0,0,1,1,1,"American Indian or Alaska Native, non-Hispanic",0,6,6,CDS_2013-2014.pdf,0
2013,bates,0,0,1,1,1,"Asian, non-Hispanic",30,84,84,CDS_2013-2014.pdf,0
2013,bates,0,0,1,1,1,"Native Hawaiian or other Pacific Islander, non-Hispanic",1,1,1,CDS_2013-2014.pdf,0
2013,bates,0,0,1,1,1,"Two or more races, non-Hispanic",18,71,71,CDS_2013-2014.pdf,0
2013,bates,0,0,1,1,1,Race and/or ethnicity unknown,1,16,16,CDS_2013-2014.pdf,0
2013,bates,0,0,1,1,1,Total,500,1791,1791,CDS_2013-2014.pdf,0
2013,berkeley,0,0,0,0,1,Nonresident,840,3407,3407,cds_2013-14.pdf,0
2013,berkeley,0,0,0,0,1,Hispanic/Latino,559,3425,3425,cds_2013-14.pdf,0
2013,berkeley,0,0,0,0,1,"Black or African American, non-Hispanic",85,573,573,cds_2013-14.pdf,0
2013,berkeley,0,0,0,0,1,"White, non-Hispanic",1202,7413,7413,cds_2013-14.pdf,0
2013,berkeley,0,0,0,0,1,"American Indian or Alaska Native, non-Hispanic",3,31,31,cds_2013-14.pdf,0
2013,berkeley,0,0,0,0,1,"Asian, non-Hispanic",1703,9066,9066,cds_2013-14.pdf,0
2013,berkeley,0,0,0,0,1,"Native Hawaiian or other Pacific Islander, non-Hispanic",13,73,73,cds_2013-14.pdf,0
2013,berkeley,0,0,0,0,1,"Two or more races, non-Hispanic",188,1175,1175,cds_2013-14.pdf,0
2013,berkeley,0,0,0,0,1,Race and/or ethnicity unknown,113,788,788,cds_2013-14.pdf,0
2013,berkeley,0,0,0,0,1,Total,4706,25951,25951,cds_2013-14.pdf,0
2013,bowdoin,0,0,1,1,1,Nonresident,27,84,86,common-data-elements-2013---2014.pdf,0
2013,bowdoin,0,0,1,1,1,Hispanic/Latino,59,223,223,common-data-elements-2013---2014.pdf,0
2013,bowdoin,0,0,1,1,1,"Black or African American, non-Hispanic",27,84,84,common-data-elements-2013---2014.pdf,0
2013,bowdoin,0,0,1,1,1,"White, non-Hispanic",321,1148,1150,common-data-elements-2013---2014.pdf,0
2013,bowdoin,0,0,1,1,1,"American Indian or Alaska Native, non-Hispanic",1,2,2,common-data-elements-2013---2014.pdf,0
2013,bowdoin,0,0,1,1,1,"Asian, non-Hispanic",28,125,126,common-data-elements-2013---2014.pdf,0
2013,bowdoin,0,0,1,1,1,"Native Hawaiian or other Pacific Islander, non-Hispanic",0,1,1,common-data-elements-2013---2014.pdf,0
2013,bowdoin,0,0,1,1,1,"Two or more races, non-Hispanic",31,111,111,common-data-elements-2013---2014.pdf,0
2013,bowdoin,0,0,1,1,1,Race and/or ethnicity unknown,3,11,12,common-data-elements-2013---2014.pdf,0
2013,bowdoin,0,0,1,1,1,Total,497,1789,1795,common-data-elements-2013---2014.pdf,0
2013,brown,1,1,0,0,1,Nonresident,175,721,788,CDS_2013-14.pdf,0
2013,brown,1,1,0,0,1,Hispanic/Latino,194,670,683,CDS_2013-14.pdf,0
2013,brown,1,1,0,0,1,"Black or African American, non-Hispanic",117,397,402,CDS_2013-14.pdf,0
2013,brown,1,1,0,0,1,"White, non-Hispanic",620,2675,2766,CDS_2013-14.pdf,0
2013,brown,1,1,0,0,1,"American Indian or Alaska Native, non-Hispanic",8,24,24,CDS_2013-14.pdf,0
2013,brown,1,1,0,0,1,"Asian, non-Hispanic",221,762,797,CDS_2013-14.pdf,0
2013,brown,1,1,0,0,1,"Native Hawaiian or other Pacific Islander, non-Hispanic",2,6,7,CDS_2013-14.pdf,0
2013,brown,1,1,0,0,1,"Two or more races, non-Hispanic",84,332,336,CDS_2013-14.pdf,0
2013,brown,1,1,0,0,1,Race and/or ethnicity unknown,121,595,652,CDS_2013-14.pdf,0
2013,brown,1,1,0,0,1,Total,1542,6182,6455,CDS_2013-14.pdf,0
2013,brynmawr,0,0,0,1,0,Nonresident,92,300,304,BrynMawr_CDS_2013-2014.pdf,0
2013,brynmawr,0,0,0,1,0,Hispanic/Latino,34,126,127,BrynMawr_CDS_2013-2014.pdf,0
2013,brynmawr,0,0,0,1,0,"Black or African American, non-Hispanic",17,68,69,BrynMawr_CDS_2013-2014.pdf,0
2013,brynmawr,0,0,0,1,0,"White, non-Hispanic",144,492,493,BrynMawr_CDS_2013-2014.pdf,0
2013,brynmawr,0,0,0,1,0,"American Indian or Alaska Native, non-Hispanic",1,2,2,BrynMawr_CDS_2013-2014.pdf,0
2013,brynmawr,0,0,0,1,0,"Asian, non-Hispanic",31,139,140,BrynMawr_CDS_2013-2014.pdf,0
2013,brynmawr,0,0,0,1,0,"Native Hawaiian or other Pacific Islander, non-Hispanic",0,0,0,BrynMawr_CDS_2013-2014.pdf,0
2013,brynmawr,0,0,0,1,0,"Two or more races, non-Hispanic",17,58,58,BrynMawr_CDS_2013-2014.pdf,0
2013,brynmawr,0,0,0,1,0,Race and/or ethnicity unknown,29,131,135,BrynMawr_CDS_2013-2014.pdf,0
2013,brynmawr,0,0,0,1,0,Total,365,1316,1328,BrynMawr_CDS_2013-2014.pdf,0
2013,bucknell,0,0,0,1,0,Nonresident,53,185,202,cds_2013-14.pdf,0
2013,bucknell,0,0,0,1,0,Hispanic/Latino,55,183,183,cds_2013-14.pdf,0
2013,bucknell,0,0,0,1,0,"Black or African American, non-Hispanic",30,113,113,cds_2013-14.pdf,0
2013,bucknell,0,0,0,1,0,"White, non-Hispanic",715,2753,2767,cds_2013-14.pdf,0
2013,bucknell,0,0,0,1,0,"American Indian or Alaska Native, non-Hispanic",1,1,1,cds_2013-14.pdf,0
2013,bucknell,0,0,0,1,0,"Asian, non-Hispanic",40,128,128,cds_2013-14.pdf,0
2013,bucknell,0,0,0,1,0,"Native Hawaiian or other Pacific Islander, non-Hispanic",0,0,0,cds_2013-14.pdf,0
2013,bucknell,0,0,0,1,0,"Two or more races, non-Hispanic",36,112,112,cds_2013-14.pdf,0
2013,bucknell,0,0,0,1,0,Race and/or ethnicity unknown,3,23,26,cds_2013-14.pdf,0
2013,bucknell,0,0,0,1,0,Total,933,3498,3532,cds_2013-14.pdf,0
2013,caltech,0,1,0,0,1,Nonresident,22,87,,cds_2013-14.pdf,0
2013,caltech,0,1,0,0,1,Hispanic/Latino,25,98,,cds_2013-14.pdf,0
2013,caltech,0,1,0,0,1,"Black or African American, non-Hispanic",4,17,,cds_2013-14.pdf,0
2013,caltech,0,1,0,0,1,"White, non-Hispanic",67,297,,cds_2013-14.pdf,0
2013,caltech,0,1,0,0,1,"American Indian or Alaska Native, non-Hispanic",,3,,cds_2013-14.pdf,0
2013,caltech,0,1,0,0,1,"Asian, non-Hispanic",119,415,,cds_2013-14.pdf,0
2013,caltech,0,1,0,0,1,"Two or more races, non-Hispanic",11,58,,cds_2013-14.pdf,0
2013,caltech,0,1,0,0,1,Race and/or ethnicity unknown,,2,,cds_2013-14.pdf,0
2013,caltech,0,1,0,0,1,Total,248,977,0,cds_2013-14.pdf,0
2013,carleton,0,0,0,1,1,Nonresident,48,172,,Carleton_CDS_2013-14.pdf,0
2013,carleton,0,0,0,1,1,Hispanic/Latino,34,131,,Carleton_CDS_2013-14.pdf,0
2013,carleton,0,0,0,1,1,"Black or African American, non-Hispanic",22,71,,Carleton_CDS_2013-14.pdf,0
2013,carleton,0,0,0,1,1,"White, non-Hispanic",327,1332,,Carleton_CDS_2013-14.pdf,0
2013,carleton,0,0,0,1,1,"American Indian or Alaska Native, non-Hispanic",2,2,,Carleton_CDS_2013-14.pdf,0
2013,carleton,0,0,0,1,1,"Asian, non-Hispanic",57,178,,Carleton_CDS_2013-14.pdf,0
2013,carleton,0,0,0,1,1,"Native Hawaiian or other Pacific Islander, non-Hispanic",2,3,,Carleton_CDS_2013-14.pdf,0
2013,carleton,0,0,0,1,1,"Two or more races, non-Hispanic",25,90,,Carleton_CDS_2013-14.pdf,0
2013,carleton,0,0,0,1,1,Race and/or ethnicity unknown,10,44,,Carleton_CDS_2013-14.pdf,0
2013,carleton,0,0,0,1,1,Total,527,2023,,Carleton_CDS_2013-14.pdf,0
2013,clark,0,0,0,1,0,Nonresident,78,280,288,clark-cds-2013-2014.pdf,0
2013,clark,0,0,0,1,0,Hispanic/Latino,53,148,159,clark-cds-2013-2014.pdf,0
2013,clark,0,0,0,1,0,"Black or African American, non-Hispanic",26,90,96,clark-cds-2013-2014.pdf,0
2013,clark,0,0,0,1,0,"White, non-Hispanic",373,1435,1457,clark-cds-2013-2014.pdf,0
2013,clark,0,0,0,1,0,"American Indian or Alaska Native, non-Hispanic",0,1,1,clark-cds-2013-2014.pdf,0
2013,clark,0,0,0,1,0,"Asian, non-Hispanic",33,128,136,clark-cds-2013-2014.pdf,0
2013,clark,0,0,0,1,0,"Native Hawaiian or other Pacific Islander, non-Hispanic",1,1,1,clark-cds-2013-2014.pdf,0
2013,clark,0,0,0,1,0,"Two or more races, non-Hispanic",17,53,53,clark-cds-2013-2014.pdf,0
2013,clark,0,0,0,1,0,Race and/or ethnicity unknown,40,176,189,clark-cds-2013-2014.pdf,0
2013,clark,0,0,0,1,0,Total,621,2312,2380,clark-cds-2013-2014.pdf,0
2013,cmc,0,0,0,0,1,Total,337,1311,1316,cds_2013-2014.pdf,0
2013,colby,0,0,1,1,1,Nonresident,65,155,155,CDS_2013-2014_public.pdf,0
2013,colby,0,0,1,1,1,Hispanic/Latino,31,114,114,CDS_2013-2014_public.pdf,0
2013,colby,0,0,1,1,1,"Black or African American, non-Hispanic",18,58,58,CDS_2013-2014_public.pdf,0
2013,colby,0,0,1,1,1,"White, non-Hispanic",262,1088,1088,CDS_2013-2014_public.pdf,0
2013,colby,0,0,1,1,1,"American Indian or Alaska Native, non-Hispanic",1,1,1,CDS_2013-2014_public.pdf,0
2013,colby,0,0,1,1,1,"Asian, non-Hispanic",29,98,98,CDS_2013-2014_public.pdf,0
2013,colby,0,0,1,1,1,"Native Hawaiian or other Pacific Islander, non-Hispanic",0,0,0,CDS_2013-2014_public.pdf,0
2013,colby,0,0,1,1,1,"Two or more races, non-Hispanic",26,87,87,CDS_2013-2014_public.pdf,0
2013,colby,0,0,1,1,1,Race and/or ethnicity unknown,51,219,219,CDS_2013-2014_public.pdf,0
2013,colby,0,0,1,1,1,Total,483,1820,1820,CDS_2013-2014_public.pdf,0
2013,colgate,0,0,0,0,1,Nonresident,75,242,242,cds_2013-14.pdf,0
2013,colgate,0,0,0,0,1,Hispanic/Latino,61,226,227,cds_2013-14.pdf,0
2013,colgate,0,0,0,0,1,"Black or African American, non-Hispanic",29,122,122,cds_2013-14.pdf,0
2013,colgate,0,0,0,0,1,"White, non-Hispanic",510,1947,1962,cds_2013-14.pdf,0
2013,colgate,0,0,0,0,1,"American Indian or Alaska Native, non-Hispanic",1,6,6,cds_2013-14.pdf,0
2013,colgate,0,0,0,0,1,"Asian, non-Hispanic",23,94,94,cds_2013-14.pdf,0
2013,colgate,0,0,0,0,1,"Native Hawaiian or other Pacific Islander, non-Hispanic",0,4,4,cds_2013-14.pdf,0
2013,colgate,0,0,0,0,1,"Two or more races, non-Hispanic",32,103,103,cds_2013-14.pdf,0
2013,colgate,0,0,0,0,1,Race and/or ethnicity unknown,28,128,130,cds_2013-14.pdf,0
2013,colgate,0,0,0,0,1,Total,759,2872,2890,cds_2013-14.pdf,0
2013,conncoll,0,0,1,1,0,Nonresident,39,94,97,Connecticut-College-CDS_2013-2014.pdf,0
2013,conncoll,0,0,1,1,0,Hispanic/Latino,51,169,169,Connecticut-College-CDS_2013-2014.pdf,0
2013,conncoll,0,0,1,1,0,"Black or African American, non-Hispanic",19,74,74,Connecticut-College-CDS_2013-2014.pdf,0
2013,conncoll,0,0,1,1,0,"White, non-Hispanic",321,1311,1312,Connecticut-College-CDS_2013-2014.pdf,0
2013,conncoll,0,0,1,1,0,"American Indian or Alaska Native, non-Hispanic",0,0,0,Connecticut-College-CDS_2013-2014.pdf,0
2013,conncoll,0,0,1,1,0,"Asian, non-Hispanic",18,62,62,Connecticut-College-CDS_2013-2014.pdf,0
2013,conncoll,0,0,1,1,0,"Native Hawaiian or other Pacific Islander, non-Hispanic",1,2,2,Connecticut-College-CDS_2013-2014.pdf,0
2013,conncoll,0,0,1,1,0,"Two or more races, non-Hispanic",17,49,49,Connecticut-College-CDS_2013-2014.pdf,0
2013,conncoll,0,0,1,1,0,Race and/or ethnicity unknown,23,112,112,Connecticut-College-CDS_2013-2014.pdf,0
2013,conncoll,0,0,1,1,0,Total,489,1873,1877,Connecticut-College-CDS_2013-2014.pdf,0
2013,cornell,1,1,0,0,1,Nonresident,346,1344,1418,CDS_2013-2014.pdf,0
2013,cornell,1,1,0,0,1,Hispanic/Latino,386,1597,1597,CDS_2013-2014.pdf,0
2013,cornell,1,1,0,0,1,"Black or African American, non-Hispanic",225,840,840,CDS_2013-2014.pdf,0
2013,cornell,1,1,0,0,1,"White, non-Hispanic",1253,6107,6109,CDS_2013-2014.pdf,0
2013,cornell,1,1,0,0,1,"American Indian or Alaska Native, non-Hispanic",13,43,43,CDS_2013-2014.pdf,0
2013,cornell,1,1,0,0,1,"Asian, non-Hispanic",543,2340,2342,CDS_2013-2014.pdf,0
2013,cornell,1,1,0,0,1,"Native Hawaiian or other Pacific Islander, non-Hispanic",0,5,5,CDS_2013-2014.pdf,0
2013,cornell,1,1,0,0,1,"Two or more races, non-Hispanic",152,618,618,CDS_2013-2014.pdf,0
2013,cornell,1,1,0,0,1,Race and/or ethnicity unknown,305,1415,1421,CDS_2013-2014.pdf,0
2013,dartmouth,1,1,0,0,1,Nonresident,95,349,380,cds-2013-14-updated-8-15-14.pdf,0
2013,dartmouth,1,1,0,0,1,Hispanic/Latino,82,317,317,cds-2013-14-updated-8-15-14.pdf,0
2013,dartmouth,1,1,0,0,1,"Black or African American, non-Hispanic",73,272,272,cds-2013-14-updated-8-15-14.pdf,0
2013,dartmouth,1,1,0,0,1,"White, non-Hispanic",519,1946,1949,cds-2013-14-updated-8-15-14.pdf,0
2013,dartmouth,1,1,0,0,1,"American Indian or Alaska Native, non-Hispanic",29,82,82,cds-2013-14-updated-8-15-14.pdf,0
2013,dartmouth,1,1,0,0,1,"Asian, non-Hispanic",171,581,581,cds-2013-14-updated-8-15-14.pdf,0
2013,dartmouth,1,1,0,0,1,"Native Hawaiian or other Pacific Islander, non-Hispanic",1,2,2,cds-2013-14-updated-8-15-14.pdf,0
2013,dartmouth,1,1,0,0,1,"Two or more races, non-Hispanic",64,227,228,cds-2013-14-updated-8-15-14.pdf,0
2013,dartmouth,1,1,0,0,1,Race and/or ethnicity unknown,78,378,465,cds-2013-14-updated-8-15-14.pdf,0
2013,dartmouth,1,1,0,0,1,Total,1112,4154,4276,cds-2013-14-updated-8-15-14.pdf,0
2013,duke,0,1,0,0,1,Nonresident,165,580,596,Duke_CDS_2013-2014.pdf,0
2013,duke,0,1,0,0,1,Hispanic/Latino,119,396,402,Duke_CDS_2013-2014.pdf,0
2013,duke,0,1,0,0,1,"Black or African American, non-Hispanic",163,651,659,Duke_CDS_2013-2014.pdf,0
2013,duke,0,1,0,0,1,"White, non-Hispanic",859,3160,3248,Duke_CDS_2013-2014.pdf,0
2013,duke,0,1,0,0,1,"American Indian or Alaska Native, non-Hispanic",12,40,41,Duke_CDS_2013-2014.pdf,0
2013,duke,0,1,0,0,1,"Asian, non-Hispanic",355,1381,1386,Duke_CDS_2013-2014.pdf,0
2013,duke,0,1,0,0,1,"Native Hawaiian or other Pacific Islander, non-Hispanic",0,3,3,Duke_CDS_2013-2014.pdf,0
2013,duke,0,1,0,0,1,"Two or more races, non-Hispanic",22,113,115,Duke_CDS_2013-2014.pdf,0
2013,duke,0,1,0,0,1,Race and/or ethnicity unknown,35,177,196,Duke_CDS_2013-2014.pdf,0
2013,duke,0,1,0,0,1,Total,1730,6501,6646,Duke_CDS_2013-2014.pdf,0
2013,georgetown,0,0,0,0,1,Nonresident,166,779,984,georgetown_cds_2013-2014.pdf,0
2013,georgetown,0,0,0,0,1,Hispanic/Latino,138,572,576,georgetown_cds_2013-2014.pdf,0
2013,georgetown,0,0,0,0,1,"Black or African American, non-Hispanic",105,463,475,georgetown_cds_2013-2014.pdf,0
2013,georgetown,0,0,0,0,1,"White, non-Hispanic",910,4274,4351,georgetown_cds_2013-2014.pdf,0
2013,georgetown,0,0,0,0,1,"American Indian or Alaska Native, non-Hispanic",2,10,11,georgetown_cds_2013-2014.pdf,0
2013,georgetown,0,0,0,0,1,"Asian, non-Hispanic",164,667,671,georgetown_cds_2013-2014.pdf,0
2013,georgetown,0,0,0,0,1,"Native Hawaiian or other Pacific Islander, non-Hispanic",2,6,6,georgetown_cds_2013-2014.pdf,0
2013,georgetown,0,0,0,0,1,"Two or more races, non-Hispanic",80,286,288,georgetown_cds_2013-2014.pdf,0
2013,georgetown,0,0,0,0,1,Race and/or ethnicity unknown,27,204,274,georgetown_cds_2013-2014.pdf,0
2013,georgetown,0,0,0,0,1,Total,1594,7261,7636,georgetown_cds_2013-2014.pdf,0
2013,grinnell,0,0,0,0,1,Nonresident,65,210,210,GC_CDS_2013-14.pdf,0
2013,grinnell,0,0,0,0,1,Hispanic/Latino,40,139,140,GC_CDS_2013-14.pdf,0
2013,grinnell,0,0,0,0,1,"Black or African American, non-Hispanic",29,98,98,GC_CDS_2013-14.pdf,0
2013,grinnell,0,0,0,0,1,"White, non-Hispanic",235,963,984,GC_CDS_2013-14.pdf,0
2013,grinnell,0,0,0,0,1,"American Indian or Alaska Native, non-Hispanic",1,3,3,GC_CDS_2013-14.pdf,0
2013,grinnell,0,0,0,0,1,"Asian, non-Hispanic",30,125,126,GC_CDS_2013-14.pdf,0
2013,grinnell,0,0,0,0,1,"Native Hawaiian or other Pacific Islander, non-Hispanic",0,0,0,GC_CDS_2013-14.pdf,0
2013,grinnell,0,0,0,0,1,"Two or more races, non-Hispanic",15,71,71,GC_CDS_2013-14.pdf,0
2013,grinnell,0,0,0,0,1,Race and/or ethnicity unknown,8,52,89,GC_CDS_2013-14.pdf,0
2013,grinnell,0,0,0,0,1,Total,423,1661,1721,GC_CDS_2013-14.pdf,0
2013,hamilton,0,0,1,1,1,Nonresident,29,88,,hamilton_cds_2013-2014.pdf,0
2013,hamilton,0,0,1,1,1,Hispanic/Latino,40,147,,hamilton_cds_2013-2014.pdf,0
2013,hamilton,0,0,1,1,1,"Black or African American, non-Hispanic",19,73,,hamilton_cds_2013-2014.pdf,0
2013,hamilton,0,0,1,1,1,"White, non-Hispanic",300,1193,,hamilton_cds_2013-2014.pdf,0
2013,hamilton,0,0,1,1,1,"American Indian or Alaska Native, non-Hispanic",0,0,,hamilton_cds_2013-2014.pdf,0
2013,hamilton,0,0,1,1,1,"Asian, non-Hispanic",33,129,,hamilton_cds_2013-2014.pdf,0
2013,hamilton,0,0,1,1,1,"Native Hawaiian or other Pacific Islander, non-Hispanic",0,0,,hamilton_cds_2013-2014.pdf,0
2013,hamilton,0,0,1,1,1,"Two or more races, non-Hispanic",17,58,,hamilton_cds_2013-2014.pdf,0
2013,hamilton,0,0,1,1,1,Race and/or ethnicity unknown,53,221,,hamilton_cds_2013-2014.pdf,0
2013,hamilton,0,0,1,1,1,Total,491,1909,0,hamilton_cds_2013-2014.pdf,0
2013,hampshire,0,0,0,1,0,Nonresident,16,81,93,hampshire-cds-2013-2014.pdf,0
2013,hampshire,0,0,0,1,0,Hispanic/Latino,33,137,139,hampshire-cds-2013-2014.pdf,0
2013,hampshire,0,0,0,1,0,"Black or African American, non-Hispanic",8,36,40,hampshire-cds-2013-2014.pdf,0
2013,hampshire,0,0,0,1,0,"White, non-Hispanic",282,987,987,hampshire-cds-2013-2014.pdf,0
2013,hampshire,0,0,0,1,0,"American Indian or Alaska Native, non-Hispanic",1,2,2,hampshire-cds-2013-2014.pdf,0
2013,hampshire,0,0,0,1,0,"Asian, non-Hispanic",6,31,31,hampshire-cds-2013-2014.pdf,0
2013,hampshire,0,0,0,1,0,"Native Hawaiian or other Pacific Islander, non-Hispanic",1,1,1,hampshire-cds-2013-2014.pdf,0
2013,hampshire,0,0,0,1,0,"Two or more races, non-Hispanic",23,77,78,hampshire-cds-2013-2014.pdf,0
2013,hampshire,0,0,0,1,0,Race and/or ethnicity unknown,11,116,121,hampshire-cds-2013-2014.pdf,0
2013,hampshire,0,0,0,1,0,Total,381,1468,1492,hampshire-cds-2013-2014.pdf,0
2013,harvard,1,1,0,0,1,Nonresident,185,717,717,harvard_cds_2013-14.pdf,0
2013,harvard,1,1,0,0,1,Hispanic/Latino,167,630,630,harvard_cds_2013-14.pdf,0
2013,harvard,1,1,0,0,1,"Black or African American, non-Hispanic",116,443,443,harvard_cds_2013-14.pdf,0
2013,harvard,1,1,0,0,1,"White, non-Hispanic",715,2989,2989,harvard_cds_2013-14.pdf,0
2013,harvard,1,1,0,0,1,"American Indian or Alaska Native, non-Hispanic",6,15,15,harvard_cds_2013-14.pdf,0
2013,harvard,1,1,0,0,1,"Asian, non-Hispanic",306,1253,1253,harvard_cds_2013-14.pdf,0
2013,harvard,1,1,0,0,1,"Native Hawaiian or other Pacific Islander, non-Hispanic",4,5,5,harvard_cds_2013-14.pdf,0
2013,harvard,1,1,0,0,1,"Two or more races, non-Hispanic",110,403,403,harvard_cds_2013-14.pdf,0
2013,harvard,1,1,0,0,1,Race and/or ethnicity unknown,48,216,216,harvard_cds_2013-14.pdf,0
2013,harvard,1,1,0,0,1,Total,1657,6671,6671,harvard_cds_2013-14.pdf,0
2013,haverford,0,0,0,1,0,Nonresident,25,66,66,cds_2013-2014.pdf,0
2013,haverford,0,0,0,1,0,Hispanic/Latino,29,105,105,cds_2013-2014.pdf,0
2013,haverford,0,0,0,1,0,"Black or African American, non-Hispanic",19,77,77,cds_2013-2014.pdf,0
2013,haverford,0,0,0,1,0,"White, non-Hispanic",203,767,767,cds_2013-2014.pdf,0
2013,haverford,0,0,0,1,0,"American Indian or Alaska Native, non-Hispanic",0,3,3,cds_2013-2014.pdf,0
2013,haverford,0,0,0,1,0,"Asian, non-Hispanic",23,85,85,cds_2013-2014.pdf,0
2013,haverford,0,0,0,1,0,"Native Hawaiian or other Pacific Islander, non-Hispanic",0,0,0,cds_2013-2014.pdf,0
2013,haverford,0,0,0,1,0,"Two or more races, non-Hispanic",31,84,84,cds_2013-2014.pdf,0
2013,haverford,0,0,0,1,0,Race and/or ethnicity unknown,0,0,0,cds_2013-2014.pdf,0
2013,haverford,0,0,0,1,0,Total,330,1187,1187,cds_2013-2014.pdf,0
2013,hmc,0,0,0,0,1,Nonresident,31,88,92,cds_2013-2014.pdf,0
2013,hmc,0,0,0,0,1,Hispanic/Latino,29,73,73,cds_2013-2014.pdf,0
2013,hmc,0,0,0,0,1,"Black or African American, non-Hispanic",4,10,10,cds_2013-2014.pdf,0
2013,hmc,0,0,0,0,1,"White, non-Hispanic",84,381,381,cds_2013-2014.pdf,0
2013,hmc,0,0,0,0,1,"American Indian or Alaska Native, non-Hispanic",1,2,2,cds_2013-2014.pdf,0
2013,hmc,0,0,0,0,1,"Asian, non-Hispanic",44,178,178,cds_2013-2014.pdf,0
2013,hmc,0,0,0,0,1,"Native Hawaiian or other Pacific Islander, non-Hispanic",0,0,0,cds_2013-2014.pdf,0
2013,hmc,0,0,0,0,1,"Two or more races, non-Hispanic",17,32,32,cds_2013-2014.pdf,0
2013,hmc,0,0,0,0,1,Race and/or ethnicity unknown,7,39,39,cds_2013-2014.pdf,0
2013,hmc,0,0,0,0,1,Total,217,803,807,cds_2013-2014.pdf,0
2013,jhu,0,1,0,0,1,Nonresident,131,467,,cds_2013-2014.pdf,0
2013,jhu,0,1,0,0,1,Hispanic/Latino,171,570,,cds_2013-2014.pdf,0
2013,jhu,0,1,0,0,1,"Black or African American, non-Hispanic",76,271,,cds_2013-2014.pdf,0
2013,jhu,0,1,0,0,1,"White, non-Hispanic",566,2480,,cds_2013-2014.pdf,0
2013,jhu,0,1,0,0,1,"American Indian or Alaska Native, non-Hispanic",1,6,,cds_2013-2014.pdf,0
2013,jhu,0,1,0,0,1,"Asian, non-Hispanic",275,1009,,cds_2013-2014.pdf,0
2013,jhu,0,1,0,0,1,"Native Hawaiian or other Pacific Islander, non-Hispanic",1,3,,cds_2013-2014.pdf,0
2013,jhu,0,1,0,0,1,"Two or more races, non-Hispanic",64,217,,cds_2013-2014.pdf,0
2013,jhu,0,1,0,0,1,Race and/or ethnicity unknown,32,125,,cds_2013-2014.pdf,0
2013,jhu,0,1,0,0,1,Total,1317,5148,0,cds_2013-2014.pdf,0
2013,macalester,0,0,0,1,0,Nonresident,65,250,252,Macalester_CDS_2013-14.pdf,0
2013,macalester,0,0,0,1,0,Hispanic/Latino,28,125,125,Macalester_CDS_2013-14.pdf,0
2013,macalester,0,0,0,1,0,"Black or African American, non-Hispanic",15,54,54,Macalester_CDS_2013-14.pdf,0
2013,macalester,0,0,0,1,0,"White, non-Hispanic",382,1350,1357,Macalester_CDS_2013-14.pdf,0
2013,macalester,0,0,0,1,0,"American Indian or Alaska Native, non-Hispanic",1,2,2,Macalester_CDS_2013-14.pdf,0
2013,macalester,0,0,0,1,0,"Asian, non-Hispanic",37,143,144,Macalester_CDS_2013-14.pdf,0
2013,macalester,0,0,0,1,0,"Native Hawaiian or other Pacific Islander, non-Hispanic",0,0,0,Macalester_CDS_2013-14.pdf,0
2013,macalester,0,0,0,1,0,"Two or more races, non-Hispanic",27,105,105,Macalester_CDS_2013-14.pdf,0
2013,macalester,0,0,0,1,0,Race and/or ethnicity unknown,0,0,0,Macalester_CDS_2013-14.pdf,0
2013,macalester,0,0,0,1,0,Total,555,2029,2039,Macalester_CDS_2013-14.pdf,0
2013,middlebury,0,0,1,1,1,Nonresident,73,252,277,CDS_2013-2014.pdf,0
2013,middlebury,0,0,1,1,1,Hispanic/Latino,69,182,182,CDS_2013-2014.pdf,0
2013,middlebury,0,0,1,1,1,"Black or African American, non-Hispanic",29,71,71,CDS_2013-2014.pdf,0
2013,middlebury,0,0,1,1,1,"White, non-Hispanic",370,1635,1639,CDS_2013-2014.pdf,0
2013,middlebury,0,0,1,1,1,"American Indian or Alaska Native, non-Hispanic",1,4,4,CDS_2013-2014.pdf,0
2013,middlebury,0,0,1,1,1,"Asian, non-Hispanic",47,152,152,CDS_2013-2014.pdf,0
2013,middlebury,0,0,1,1,1,"Native Hawaiian or other Pacific Islander, non-Hispanic",0,0,0,CDS_2013-2014.pdf,0
2013,middlebury,0,0,1,1,1,"Two or more races, non-Hispanic",32,108,108,CDS_2013-2014.pdf,0
2013,middlebury,0,0,1,1,1,Race and/or ethnicity unknown,4,62,62,CDS_2013-2014.pdf,0
2013,middlebury,0,0,1,1,1,Total,625,2466,2495,CDS_2013-2014.pdf,0
2013,mtholyoke,0,0,0,1,0,Nonresident,129,529,549,mtholyoke_cds_2013-2014.pdf,0
2013,mtholyoke,0,0,0,1,0,Hispanic/Latino,37,176,176,mtholyoke_cds_2013-2014.pdf,0
2013,mtholyoke,0,0,0,1,0,"Black or African American, non-Hispanic",30,126,126,mtholyoke_cds_2013-2014.pdf,0
2013,mtholyoke,0,0,0,1,0,"White, non-Hispanic",235,1017,1025,mtholyoke_cds_2013-2014.pdf,0
2013,mtholyoke,0,0,0,1,0,"American Indian or Alaska Native, non-Hispanic",1,1,1,mtholyoke_cds_2013-2014.pdf,0
2013,mtholyoke,0,0,0,1,0,"Asian, non-Hispanic",63,188,188,mtholyoke_cds_2013-2014.pdf,0
2013,mtholyoke,0,0,0,1,0,"Native Hawaiian or other Pacific Islander, non-Hispanic",0,1,1,mtholyoke_cds_2013-2014.pdf,0
2013,mtholyoke,0,0,0,1,0,"Two or more races, non-Hispanic",15,64,64,mtholyoke_cds_2013-2014.pdf,0
2013,mtholyoke,0,0,0,1,0,Race and/or ethnicity unknown,3,52,53,mtholyoke_cds_2013-2014.pdf,0
2013,mtholyoke,0,0,0,1,0,Total,513,2154,2183,mtholyoke_cds_2013-2014.pdf,0
2013,northwestern,0,0,0,0,1,Nonresident,181,608,,cds_2013-14.pdf,0
2013,northwestern,0,0,0,0,1,Hispanic/Latino,254,810,,cds_2013-14.pdf,0
2013,northwestern,0,0,0,0,1,"Black or African American, non-Hispanic",122,459,,cds_2013-14.pdf,0
2013,northwestern,0,0,0,0,1,"White, non-Hispanic",1024,4601,,cds_2013-14.pdf,0
2013,northwestern,0,0,0,0,1,"American Indian or Alaska Native, non-Hispanic",0,6,,cds_2013-14.pdf,0
2013,northwestern,0,0,0,0,1,"Asian, non-Hispanic",359,1470,,cds_2013-14.pdf,0
2013,northwestern,0,0,0,0,1,"Native Hawaiian or other Pacific Islander, non-Hispanic",0,0,,cds_2013-14.pdf,0
2013,northwestern,0,0,0,0,1,"Two or more races, non-Hispanic",82,404,,cds_2013-14.pdf,0
2013,northwestern,0,0,0,0,1,Race and/or ethnicity unknown,19,93,,cds_2013-14.pdf,0
2013,northwestern,0,0,0,0,1,Total,2041,8451,,cds_2013-14.pdf,0
2013,notredame,0,0,0,0,1,Nonresident,96,345,355,CDS_2013-2014.pdf,0
2013,notredame,0,0,0,0,1,Hispanic/Latino,219,867,867,CDS_2013-2014.pdf,0
2013,notredame,0,0,0,0,1,"Black or African American, non-Hispanic",89,302,302,CDS_2013-2014.pdf,0
2013,notredame,0,0,0,0,1,"White, non-Hispanic",1439,6033,6034,CDS_2013-2014.pdf,0
2013,notredame,0,0,0,0,1,"American Indian or Alaska Native, non-Hispanic",4,33,33,CDS_2013-2014.pdf,0
2013,notredame,0,0,0,0,1,"Asian, non-Hispanic",107,509,509,CDS_2013-2014.pdf,0
2013,notredame,0,0,0,0,1,"Native Hawaiian or other Pacific Islander, non-Hispanic",0,1,1,CDS_2013-2014.pdf,0
2013,notredame,0,0,0,0,1,"Two or more races, non-Hispanic",108,330,330,CDS_2013-2014.pdf,0
2013,notredame,0,0,0,0,1,Race and/or ethnicity unknown,8,46,46,CDS_2013-2014.pdf,0
2013,notredame,0,0,0,0,1,Total,2070,8466,8477,CDS_2013-2014.pdf,0
2013,penn,1,1,0,0,1,Nonresident,253,1077,1077,UPenn_CDS_2013-14.pdf,0
2013,penn,1,1,0,0,1,Hispanic/Latino,228,962,962,UPenn_CDS_2013-14.pdf,0
2013,penn,1,1,0,0,1,"Black or African American, non-Hispanic",173,698,698,UPenn_CDS_2013-14.pdf,0
2013,penn,1,1,0,0,1,"White, non-Hispanic",1048,4418,4418,UPenn_CDS_2013-14.pdf,0
2013,penn,1,1,0,0,1,"American Indian or Alaska Native, non-Hispanic",3,14,14,UPenn_CDS_2013-14.pdf,0
2013,penn,1,1,0,0,1,"Asian, non-Hispanic",451,1843,1843,UPenn_CDS_2013-14.pdf,0
2013,penn,1,1,0,0,1,"Native Hawaiian or other Pacific Islander, non-Hispanic",2,6,6,UPenn_CDS_2013-14.pdf,0
2013,penn,1,1,0,0,1,"Two or more races, non-Hispanic",83,349,349,UPenn_CDS_2013-14.pdf,0
2013,penn,1,1,0,0,1,Race and/or ethnicity unknown,112,345,345,UPenn_CDS_2013-14.pdf,0
2013,penn,1,1,0,0,1,Total,2353,9712,9712,UPenn_CDS_2013-14.pdf,0
2013,pomona,0,0,0,1,1,Nonresident,33,110,121,cds-2013-2014.pdf,0
2013,pomona,0,0,0,1,1,Hispanic/Latino,54,234,234,cds-2013-2014.pdf,0
2013,pomona,0,0,0,1,1,"Black or African American, non-Hispanic",18,95,95,cds-2013-2014.pdf,0
2013,pomona,0,0,0,1,1,"White, non-Hispanic",169,711,716,cds-2013-2014.pdf,0
2013,pomona,0,0,0,1,1,"American Indian or Alaska Native, non-Hispanic",0,1,1,cds-2013-2014.pdf,0
2013,pomona,0,0,0,1,1,"Asian, non-Hispanic",59,194,194,cds-2013-2014.pdf,0
2013,pomona,0,0,0,1,1,"Native Hawaiian or other Pacific Islander, non-Hispanic",0,0,0,cds-2013-2014.pdf,0
2013,pomona,0,0,0,1,1,"Two or more races, non-Hispanic",35,115,115,cds-2013-2014.pdf,0
2013,pomona,0,0,0,1,1,Race and/or ethnicity unknown,29,127,136,cds-2013-2014.pdf,0
2013,pomona,0,0,0,1,1,Total,397,1587,1612,cds-2013-2014.pdf,0
2013,princeton,1,1,0,0,1,Nonresident,152,569,,cds_1314_princeton.pdf,0
2013,princeton,1,1,0,0,1,Hispanic/Latino,124,424,,cds_1314_princeton.pdf,0
2013,princeton,1,1,0,0,1,"Black or African American, non-Hispanic",105,400,,cds_1314_princeton.pdf,0
2013,princeton,1,1,0,0,1,"White, non-Hispanic",562,2467,,cds_1314_princeton.pdf,0
2013,princeton,1,1,0,0,1,"American Indian or Alaska Native, non-Hispanic",1,4,,cds_1314_princeton.pdf,0
2013,princeton,1,1,0,0,1,"Asian, non-Hispanic",271,1051,,cds_1314_princeton.pdf,0
2013,princeton,1,1,0,0,1,"Native Hawaiian or other Pacific Islander, non-Hispanic",1,3,,cds_1314_princeton.pdf,0
2013,princeton,1,1,0,0,1,"Two or more races, non-Hispanic",46,218,,cds_1314_princeton.pdf,0
2013,princeton,1,1,0,0,1,Race and/or ethnicity unknown,22,98,,cds_1314_princeton.pdf,0
2013,princeton,1,1,0,0,1,Total,1284,5234,0,cds_1314_princeton.pdf,0
2013,reed,0,0,0,1,0,Nonresident,34,82,100,reed-cds-secB-2013-2014.pdf,0
2013,reed,0,0,0,1,0,Hispanic/Latino,43,146,148,reed-cds-secB-2013-2014.pdf,0
2013,reed,0,0,0,1,0,"Black or African American, non-Hispanic",8,22,22,reed-cds-secB-2013-2014.pdf,0
2013,reed,0,0,0,1,0,"White, non-Hispanic",200,821,829,reed-cds-secB-2013-2014.pdf,0
2013,reed,0,0,0,1,0,"American Indian or Alaska Native, non-Hispanic",1,2,2,reed-cds-secB-2013-2014.pdf,0
2013,reed,0,0,0,1,0,"Asian, non-Hispanic",22,69,73,reed-cds-secB-2013-2014.pdf,0
2013,reed,0,0,0,1,0,"Native Hawaiian or other Pacific Islander, non-Hispanic",0,0,0,reed-cds-secB-2013-2014.pdf,0
2013,reed,0,0,0,1,0,"Two or more races, non-Hispanic",28,109,109,reed-cds-secB-2013-2014.pdf,0
2013,reed,0,0,0,1,0,Race and/or ethnicity unknown,18,100,112,reed-cds-secB-2013-2014.pdf,0
2013,reed,0,0,0,1,0,Total,354,1351,1395,reed-cds-secB-2013-2014.pdf,0
2013,rice,0,0,0,0,1,Nonresident,135,449,484,cds_2013-14.pdf,0
2013,rice,0,0,0,0,1,Hispanic/Latino,162,590,591,cds_2013-14.pdf,0
2013,rice,0,0,0,0,1,"Black or African American, non-Hispanic",54,252,253,cds_2013-14.pdf,0
2013,rice,0,0,0,0,1,"White, non-Hispanic",358,1546,1551,cds_2013-14.pdf,0
2013,rice,0,0,0,0,1,"American Indian or Alaska Native, non-Hispanic",0,6,6,cds_2013-14.pdf,0
2013,rice,0,0,0,0,1,"Asian, non-Hispanic",212,838,840,cds_2013-14.pdf,0
2013,rice,0,0,0,0,1,"Native Hawaiian or other Pacific Islander, non-Hispanic",0,0,0,cds_2013-14.pdf,0
2013,rice,0,0,0,0,1,"Two or more races, non-Hispanic",43,184,185,cds_2013-14.pdf,0
2013,rice,0,0,0,0,1,Race and/or ethnicity unknown,12,55,55,cds_2013-14.pdf,0
2013,rice,0,0,0,0,1,Total,976,3920,3965,cds_2013-14.pdf,0
2013,richmond,0,0,0,0,1,Nonresident,77,271,347,cds_2013-14.pdf,0
2013,richmond,0,0,0,0,1,Hispanic/Latino,71,216,218,cds_2013-14.pdf,0
2013,richmond,0,0,0,0,1,"Black or African American, non-Hispanic",36,180,181,cds_2013-14.pdf,0
2013,richmond,0,0,0,0,1,"White, non-Hispanic",449,1680,1688,cds_2013-14.pdf,0
2013,richmond,0,0,0,0,1,"American Indian or Alaska Native, non-Hispanic",2,6,7,cds_2013-14.pdf,0
2013,richmond,0,0,0,0,1,"Asian, non-Hispanic",49,168,169,cds_2013-14.pdf,0
2013,richmond,0,0,0,0,1,"Native Hawaiian or other Pacific Islander, non-Hispanic",0,1,1,cds_2013-14.pdf,0
2013,richmond,0,0,0,0,1,"Two or more races, non-Hispanic",37,108,108,cds_2013-14.pdf,0
2013,richmond,0,0,0,0,1,Race and/or ethnicity unknown,84,263,264,cds_2013-14.pdf,0
2013,richmond,0,0,0,0,1,Total,805,2893,2983,cds_2013-14.pdf,0
2013,smith,0,0,0,1,1,Nonresident,108,343,,SmithCollege_CDS_2013-2014.pdf,0
2013,smith,0,0,0,1,1,Hispanic/Latino,63,248,,SmithCollege_CDS_2013-2014.pdf,0
2013,smith,0,0,0,1,1,"Black or African American, non-Hispanic",26,125,,SmithCollege_CDS_2013-2014.pdf,0
2013,smith,0,0,0,1,1,"White, non-Hispanic",261,1196,,SmithCollege_CDS_2013-2014.pdf,0
2013,smith,0,0,0,1,1,"American Indian or Alaska Native, non-Hispanic",1,5,,SmithCollege_CDS_2013-2014.pdf,0
2013,smith,0,0,0,1,1,"Asian, non-Hispanic",90,326,,SmithCollege_CDS_2013-2014.pdf,0
2013,smith,0,0,0,1,1,"Native Hawaiian or other Pacific Islander, non-Hispanic",0,1,,SmithCollege_CDS_2013-2014.pdf,0
2013,smith,0,0,0,1,1,"Two or more races, non-Hispanic",30,125,,SmithCollege_CDS_2013-2014.pdf,0
2013,smith,0,0,0,1,1,Race and/or ethnicity unknown,64,237,,SmithCollege_CDS_2013-2014.pdf,0
2013,smith,0,0,0,1,1,Total,643,2606,,SmithCollege_CDS_2013-2014.pdf,0
2013,stanford,0,1,0,0,1,Nonresident,164,565,565,cds_2013-2014.pdf,0
2013,stanford,0,1,0,0,1,Hispanic/Latino,272,1178,1178,cds_2013-2014.pdf,0
2013,stanford,0,1,0,0,1,"Black or African American, non-Hispanic",97,440,440,cds_2013-2014.pdf,0
2013,stanford,0,1,0,0,1,"White, non-Hispanic",593,2584,2584,cds_2013-2014.pdf,0
2013,stanford,0,1,0,0,1,"American Indian or Alaska Native, non-Hispanic",21,63,63,cds_2013-2014.pdf,0
2013,stanford,0,1,0,0,1,"Asian, non-Hispanic",325,1332,1332,cds_2013-2014.pdf,0
2013,stanford,0,1,0,0,1,"Native Hawaiian or other Pacific Islander, non-Hispanic",5,26,26,cds_2013-2014.pdf,0
2013,stanford,0,1,0,0,1,"Two or more races, non-Hispanic",187,753,753,cds_2013-2014.pdf,0
2013,stanford,0,1,0,0,1,Race and/or ethnicity unknown,10,39,39,cds_2013-2014.pdf,0
2013,stanford,0,1,0,0,1,Total,1674,6980,6980,cds_2013-2014.pdf,0
2013,swarthmore,0,0,0,1,1,Nonresident,32,130,130,cds-2013-2014.pdf,0
2013,swarthmore,0,0,0,1,1,Hispanic/Latino,56,214,215,cds-2013-2014.pdf,0
2013,swarthmore,0,0,0,1,1,"Black or African American, non-Hispanic",20,85,86,cds-2013-2014.pdf,0
2013,swarthmore,0,0,0,1,1,"White, non-Hispanic",160,652,656,cds-2013-2014.pdf,0
2013,swarthmore,0,0,0,1,1,"American Indian or Alaska Native, non-Hispanic",0,2,2,cds-2013-2014.pdf,0
2013,swarthmore,0,0,0,1,1,"Asian, non-Hispanic",70,235,236,cds-2013-2014.pdf,0
2013,swarthmore,0,0,0,1,1,"Native Hawaiian or other Pacific Islander, non-Hispanic",0,0,0,cds-2013-2014.pdf,0
2013,swarthmore,0,0,0,1,1,"Two or more races, non-Hispanic",32,126,126,cds-2013-2014.pdf,0
2013,swarthmore,0,0,0,1,1,Race and/or ethnicity unknown,18,80,83,cds-2013-2014.pdf,0
2013,swarthmore,0,0,0,1,1,Total,388,1524,1534,cds-2013-2014.pdf,0
2013,trinity,0,0,1,1,0,Nonresident,57,195,195,CDS_2013-2014.pdf,0
2013,trinity,0,0,1,1,0,Hispanic/Latino,31,164,165,CDS_2013-2014.pdf,0
2013,trinity,0,0,1,1,0,"Black or African American, non-Hispanic",32,142,142,CDS_2013-2014.pdf,0
2013,trinity,0,0,1,1,0,"White, non-Hispanic",396,1505,1519,CDS_2013-2014.pdf,0
2013,trinity,0,0,1,1,0,"American Indian or Alaska Native, non-Hispanic",1,1,1,CDS_2013-2014.pdf,0
2013,trinity,0,0,1,1,0,"Asian, non-Hispanic",26,105,106,CDS_2013-2014.pdf,0
2013,trinity,0,0,1,1,0,"Native Hawaiian or other Pacific Islander, non-Hispanic",0,0,0,CDS_2013-2014.pdf,0
2013,trinity,0,0,1,1,0,"Two or more races, non-Hispanic",18,75,76,CDS_2013-2014.pdf,0
2013,trinity,0,0,1,1,0,Race and/or ethnicity unknown,43,121,127,CDS_2013-2014.pdf,0
2013,trinity,0,0,1,1,0,Total,604,2308,2331,CDS_2013-2014.pdf,0
2013,tufts,0,0,1,1,0,Nonresident,132,420,420,CDS_2013-2014.pdf,0
2013,tufts,0,0,1,1,0,Hispanic/Latino,69,326,330,CDS_2013-2014.pdf,0
2013,tufts,0,0,1,1,0,"Black or African American, non-Hispanic",64,214,214,CDS_2013-2014.pdf,0
2013,tufts,0,0,1,1,0,"White, non-Hispanic",740,2895,2928,CDS_2013-2014.pdf,0
2013,tufts,0,0,1,1,0,"American Indian or Alaska Native, non-Hispanic",2,5,5,CDS_2013-2014.pdf,0
2013,tufts,0,0,1,1,0,"Asian, non-Hispanic",195,589,592,CDS_2013-2014.pdf,0
2013,tufts,0,0,1,1,0,"Native Hawaiian or other Pacific Islander, non-Hispanic",0,1,1,CDS_2013-2014.pdf,0
2013,tufts,0,0,1,1,0,"Two or more races, non-Hispanic",9,203,203,CDS_2013-2014.pdf,0
2013,tufts,0,0,1,1,0,Race and/or ethnicity unknown,100,499,539,CDS_2013-2014.pdf,0
2013,tufts,0,0,1,1,0,Total,1311,5152,5232,CDS_2013-2014.pdf,0
2013,ucla,0,0,0,0,1,Race and/or ethnicity unknown,113,664,,cds_2013-14.pdf,0
2013,umich,0,0,0,0,1,Nonresident,249,1874,1954,cds_2013-2014.pdf,0
2013,umich,0,0,0,0,1,Hispanic/Latino,280,1158,1164,cds_2013-2014.pdf,0
2013,umich,0,0,0,0,1,"Black or African American, non-Hispanic",246,1223,1226,cds_2013-2014.pdf,0
2013,umich,0,0,0,0,1,"White, non-Hispanic",3924,17611,17672,cds_2013-2014.pdf,0
2013,umich,0,0,0,0,1,"American Indian or Alaska Native, non-Hispanic",7,44,44,cds_2013-2014.pdf,0
2013,umich,0,0,0,0,1,"Asian, non-Hispanic",769,3432,3453,cds_2013-2014.pdf,0
2013,umich,0,0,0,0,1,"Native Hawaiian or other Pacific Islander, non-Hispanic",3,10,10,cds_2013-2014.pdf,0
2013,umich,0,0,0,0,1,"Two or more races, non-Hispanic",206,869,872,cds_2013-2014.pdf,0
2013,umich,0,0,0,0,1,Race and/or ethnicity unknown,516,1856,1888,cds_2013-2014.pdf,0
2013,umich,0,0,0,0,1,Total,6200,28077,28283,cds_2013-2014.pdf,0
2013,vassar,0,0,0,1,1,Nonresident,50,157,168,vassar-cds-2013-2014.pdf,0
2013,vassar,0,0,0,1,1,Hispanic/Latino,64,269,269,vassar-cds-2013-2014.pdf,0
2013,vassar,0,0,0,1,1,"Black or African American, non-Hispanic",32,140,150,vassar-cds-2013-2014.pdf,0
2013,vassar,0,0,0,1,1,"White, non-Hispanic",403,1492,1507,vassar-cds-2013-2014.pdf,0
2013,vassar,0,0,0,1,1,"American Indian or Alaska Native, non-Hispanic",0,1,1,vassar-cds-2013-2014.pdf,0
2013,vassar,0,0,0,1,1,"Asian, non-Hispanic",75,232,233,vassar-cds-2013-2014.pdf,0
2013,vassar,0,0,0,1,1,"Native Hawaiian or other Pacific Islander, non-Hispanic",0,0,0,vassar-cds-2013-2014.pdf,0
2013,vassar,0,0,0,1,1,"Two or more races, non-Hispanic",41,143,143,vassar-cds-2013-2014.pdf,0
2013,vassar,0,0,0,1,1,Race and/or ethnicity unknown,0,2,6,vassar-cds-2013-2014.pdf,0
2013,vassar,0,0,0,1,1,Total,665,2436,2477,vassar-cds-2013-2014.pdf,0
2013,washandlee,0,0,0,1,1,Nonresident,6,61,,wlu_cds_2013-14.pdf,0
2013,washandlee,0,0,0,1,1,Hispanic/Latino,17,64,,wlu_cds_2013-14.pdf,0
2013,washandlee,0,0,0,1,1,"Black or African American, non-Hispanic",9,45,,wlu_cds_2013-14.pdf,0
2013,washandlee,0,0,0,1,1,"White, non-Hispanic",407,1539,,wlu_cds_2013-14.pdf,0
2013,washandlee,0,0,0,1,1,"American Indian or Alaska Native, non-Hispanic",0,2,,wlu_cds_2013-14.pdf,0
2013,washandlee,0,0,0,1,1,"Asian, non-Hispanic",24,66,,wlu_cds_2013-14.pdf,0
2013,washandlee,0,0,0,1,1,"Native Hawaiian or other Pacific Islander, non-Hispanic",0,0,,wlu_cds_2013-14.pdf,0
2013,washandlee,0,0,0,1,1,"Two or more races, non-Hispanic",9,29,,wlu_cds_2013-14.pdf,0
2013,washandlee,0,0,0,1,1,Race and/or ethnicity unknown,8,40,,wlu_cds_2013-14.pdf,0
2013,washandlee,0,0,0,1,1,Total,480,1846,0,wlu_cds_2013-14.pdf,0
2013,wellesley,0,0,0,1,1,Nonresident,59,257,278,Wellesley_CDS_2013-2014.pdf,0
2013,wellesley,0,0,0,1,1,Hispanic/Latino,61,233,236,Wellesley_CDS_2013-2014.pdf,0
2013,wellesley,0,0,0,1,1,"Black or African American, non-Hispanic",39,142,143,Wellesley_CDS_2013-2014.pdf,0
2013,wellesley,0,0,0,1,1,"White, non-Hispanic",225,1003,1033,Wellesley_CDS_2013-2014.pdf,0
2013,wellesley,0,0,0,1,1,"Asian, non-Hispanic",163,549,562,Wellesley_CDS_2013-2014.pdf,0
2013,wellesley,0,0,0,1,1,"Two or more races, non-Hispanic",41,142,143,Wellesley_CDS_2013-2014.pdf,0
2013,wellesley,0,0,0,1,1,Race and/or ethnicity unknown,5,21,79,Wellesley_CDS_2013-2014.pdf,0
2013,wellesley,0,0,0,1,1,Total,593,2347,2474,Wellesley_CDS_2013-2014.pdf,0
2013,wesleyan,0,0,1,1,1,Nonresident,69,239,248,cds2013-14.pdf,0
2013,wesleyan,0,0,1,1,1,Hispanic/Latino,70,279,279,cds2013-14.pdf,0
2013,wesleyan,0,0,1,1,1,"Black or African American, non-Hispanic",48,208,208,cds2013-14.pdf,0
2013,wesleyan,0,0,1,1,1,"White, non-Hispanic",398,1529,1533,cds2013-14.pdf,0
2013,wesleyan,0,0,1,1,1,"American Indian or Alaska Native, non-Hispanic",1,2,2,cds2013-14.pdf,0
2013,wesleyan,0,0,1,1,1,"Asian, non-Hispanic",48,230,231,cds2013-14.pdf,0
2013,wesleyan,0,0,1,1,1,"Native Hawaiian or other Pacific Islander, non-Hispanic",2,3,3,cds2013-14.pdf,0
2013,wesleyan,0,0,1,1,1,"Two or more races, non-Hispanic",45,168,168,cds2013-14.pdf,0
2013,wesleyan,0,0,1,1,1,Race and/or ethnicity unknown,60,230,234,cds2013-14.pdf,0
2013,wesleyan,0,0,1,1,1,Total,741,2888,2906,cds2013-14.pdf,0
2013,williams,0,0,1,1,1,Nonresident,37,137,147,2013-2014_williams_common_data_set.pdf,0
2013,williams,0,0,1,1,1,Hispanic/Latino,69,248,248,2013-2014_williams_common_data_set.pdf,0
2013,williams,0,0,1,1,1,"Black or African American, non-Hispanic",38,158,158,2013-2014_williams_common_data_set.pdf,0
2013,williams,0,0,1,1,1,"White, non-Hispanic",302,1155,1175,2013-2014_williams_common_data_set.pdf,0
2013,williams,0,0,1,1,1,"American Indian or Alaska Native, non-Hispanic",1,6,6,2013-2014_williams_common_data_set.pdf,0
2013,williams,0,0,1,1,1,"Asian, non-Hispanic",56,216,217,2013-2014_williams_common_data_set.pdf,0
2013,williams,0,0,1,1,1,"Native Hawaiian or other Pacific Islander, non-Hispanic",0,0,0,2013-2014_williams_common_data_set.pdf,0
2013,williams,0,0,1,1,1,"Two or more races, non-Hispanic",41,125,126,2013-2014_williams_common_data_set.pdf,0
2013,williams,0,0,1,1,1,Race and/or ethnicity unknown,0,0,0,2013-2014_williams_common_data_set.pdf,0
2013,williams,0,0,1,1,1,Total,544,2045,2077,2013-2014_williams_common_data_set.pdf,0
2013,wustl,0,0,0,0,1,Nonresident,132,531,609,wustl_cds_2013-2014.pdf,0
2013,wustl,0,0,0,0,1,Hispanic/Latino,102,382,394,wustl_cds_2013-2014.pdf,0
2013,wustl,0,0,0,0,1,"Black or African American, non-Hispanic",77,402,452,wustl_cds_2013-2014.pdf,0
2013,wustl,0,0,0,0,1,"White, non-Hispanic",865,3788,4056,wustl_cds_2013-2014.pdf,0
2013,wustl,0,0,0,0,1,"American Indian or Alaska Native, non-Hispanic",1,9,9,wustl_cds_2013-2014.pdf,0
2013,wustl,0,0,0,0,1,"Asian, non-Hispanic",324,1191,1221,wustl_cds_2013-2014.pdf,0
2013,wustl,0,0,0,0,1,"Native Hawaiian or other Pacific Islander, non-Hispanic",1,1,1,wustl_cds_2013-2014.pdf,0
2013,wustl,0,0,0,0,1,"Two or more races, non-Hispanic",67,258,265,wustl_cds_2013-2014.pdf,0
2013,wustl,0,0,0,0,1,Race and/or ethnicity unknown,39,289,329,wustl_cds_2013-2014.pdf,0
2013,wustl,0,0,0,0,1,Total,1608,6851,7336,wustl_cds_2013-2014.pdf,0
2013,yale,1,1,0,0,1,Nonresident,135,570,572,cds2013_2014.pdf,0
2013,yale,1,1,0,0,1,Hispanic/Latino,139,549,549,cds2013_2014.pdf,0
2013,yale,1,1,0,0,1,"Black or African American, non-Hispanic",94,365,365,cds2013_2014.pdf,0
2013,yale,1,1,0,0,1,"White, non-Hispanic",658,2567,2573,cds2013_2014.pdf,0
2013,yale,1,1,0,0,1,"American Indian or Alaska Native, non-Hispanic",3,31,31,cds2013_2014.pdf,0
2013,yale,1,1,0,0,1,"Asian, non-Hispanic",220,892,892,cds2013_2014.pdf,0
2013,yale,1,1,0,0,1,"Native Hawaiian or other Pacific Islander, non-Hispanic",0,3,3,cds2013_2014.pdf,0
2013,yale,1,1,0,0,1,"Two or more races, non-Hispanic",80,324,324,cds2013_2014.pdf,0
2013,yale,1,1,0,0,1,Race and/or ethnicity unknown,29,121,121,cds2013_2014.pdf,0
2013,yale,1,1,0,0,1,Total,1358,5422,5430,cds2013_2014.pdf,0
2014,barnard,0,0,0,1,1,Nonresident,44,188,192,Barnard_CDS_2014-2015.pdf,0
2014,barnard,0,0,0,1,1,Hispanic/Latino,77,284,286,Barnard_CDS_2014-2015.pdf,0
2014,barnard,0,0,0,1,1,"Black or African American, non-Hispanic",51,168,168,Barnard_CDS_2014-2015.pdf,0
2014,barnard,0,0,0,1,1,"White, non-Hispanic",311,1406,1409,Barnard_CDS_2014-2015.pdf,0
2014,barnard,0,0,0,1,1,"American Indian or Alaska Native, non-Hispanic",1,1,1,Barnard_CDS_2014-2015.pdf,0
2014,barnard,0,0,0,1,1,"Asian, non-Hispanic",90,366,367,Barnard_CDS_2014-2015.pdf,0
2014,barnard,0,0,0,1,1,"Native Hawaiian or other Pacific Islander, non-Hispanic",0,1,1,Barnard_CDS_2014-2015.pdf,0
2014,barnard,0,0,0,1,1,"Two or more races, non-Hispanic",39,133,133,Barnard_CDS_2014-2015.pdf,0
2014,barnard,0,0,0,1,1,Race and/or ethnicity unknown,4,9,16,Barnard_CDS_2014-2015.pdf,0
2014,barnard,0,0,0,1,1,Total,617,2556,2573,Barnard_CDS_2014-2015.pdf,0
2014,bates,0,0,1,1,1,Nonresident,32,122,122,CDS_2014-2015.pdf,0
2014,bates,0,0,1,1,1,Hispanic/Latino,39,120,120,CDS_2014-2015.pdf,0
2014,bates,0,0,1,1,1,"Black or African American, non-Hispanic",21,85,85,CDS_2014-2015.pdf,0
2014,bates,0,0,1,1,1,"White, non-Hispanic",355,1274,1274,CDS_2014-2015.pdf,0
2014,bates,0,0,1,1,1,"American Indian or Alaska Native, non-Hispanic",0,4,4,CDS_2014-2015.pdf,0
2014,bates,0,0,1,1,1,"Asian, non-Hispanic",17,82,82,CDS_2014-2015.pdf,0
2014,bates,0,0,1,1,1,"Native Hawaiian or other Pacific Islander, non-Hispanic",0,0,0,CDS_2014-2015.pdf,0
2014,bates,0,0,1,1,1,"Two or more races, non-Hispanic",24,72,72,CDS_2014-2015.pdf,0
2014,bates,0,0,1,1,1,Race and/or ethnicity unknown,3,14,14,CDS_2014-2015.pdf,0
2014,bates,0,0,1,1,1,Total,491,1773,1773,CDS_2014-2015.pdf,0
2014,berkeley,0,0,0,0,1,Nonresident,725,3725,3725,cds_2014-15.pdf,0
2014,berkeley,0,0,0,0,1,Hispanic/Latino,758,3754,3754,cds_2014-15.pdf,0
2014,berkeley,0,0,0,0,1,"Black or African American, non-Hispanic",104,567,567,cds_2014-15.pdf,0
2014,berkeley,0,0,0,0,1,"White, non-Hispanic",1423,7480,7480,cds_2014-15.pdf,0
2014,berkeley,0,0,0,0,1,"American Indian or Alaska Native, non-Hispanic",11,43,43,cds_2014-15.pdf,0
2014,berkeley,0,0,0,0,1,"Asian, non-Hispanic",2043,9519,9519,cds_2014-15.pdf,0
2014,berkeley,0,0,0,0,1,"Native Hawaiian or other Pacific Islander, non-Hispanic",13,72,72,cds_2014-15.pdf,0
2014,berkeley,0,0,0,0,1,"Two or more races, non-Hispanic",250,1277,1277,cds_2014-15.pdf,0
2014,berkeley,0,0,0,0,1,Race and/or ethnicity unknown,139,689,689,cds_2014-15.pdf,0
2014,berkeley,0,0,0,0,1,Total,5466,27126,27126,cds_2014-15.pdf,0
2014,bowdoin,0,0,1,1,1,Nonresident,26,93,98,common-data-elements-2014---2015.pdf,0
2014,bowdoin,0,0,1,1,1,Hispanic/Latino,62,229,229,common-data-elements-2014---2015.pdf,0
2014,bowdoin,0,0,1,1,1,"Black or African American, non-Hispanic",25,88,88,common-data-elements-2014---2015.pdf,0
2014,bowdoin,0,0,1,1,1,"White, non-Hispanic",316,1144,1147,common-data-elements-2014---2015.pdf,0
2014,bowdoin,0,0,1,1,1,"American Indian or Alaska Native, non-Hispanic",1,2,2,common-data-elements-2014---2015.pdf,0
2014,bowdoin,0,0,1,1,1,"Asian, non-Hispanic",31,114,114,common-data-elements-2014---2015.pdf,0
2014,bowdoin,0,0,1,1,1,"Native Hawaiian or other Pacific Islander, non-Hispanic",0,0,0,common-data-elements-2014---2015.pdf,0
2014,bowdoin,0,0,1,1,1,"Two or more races, non-Hispanic",39,117,117,common-data-elements-2014---2015.pdf,0
2014,bowdoin,0,0,1,1,1,Race and/or ethnicity unknown,1,10,10,common-data-elements-2014---2015.pdf,0
2014,bowdoin,0,0,1,1,1,Total,501,1797,1805,common-data-elements-2014---2015.pdf,0
2014,brown,1,1,0,0,1,Nonresident,186,725,794,CDS_2014-2015.pdf,0
2014,brown,1,1,0,0,1,Hispanic/Latino,184,709,724,CDS_2014-2015.pdf,0
2014,brown,1,1,0,0,1,"Black or African American, non-Hispanic",106,419,422,CDS_2014-2015.pdf,0
2014,brown,1,1,0,0,1,"White, non-Hispanic",682,2728,2808,CDS_2014-2015.pdf,0
2014,brown,1,1,0,0,1,"American Indian or Alaska Native, non-Hispanic",9,24,24,CDS_2014-2015.pdf,0
2014,brown,1,1,0,0,1,"Asian, non-Hispanic",225,805,840,CDS_2014-2015.pdf,0
2014,brown,1,1,0,0,1,"Native Hawaiian or other Pacific Islander, non-Hispanic",5,10,10,CDS_2014-2015.pdf,0
2014,brown,1,1,0,0,1,"Two or more races, non-Hispanic",90,341,345,CDS_2014-2015.pdf,0
2014,brown,1,1,0,0,1,Race and/or ethnicity unknown,72,503,581,CDS_2014-2015.pdf,0
2014,brown,1,1,0,0,1,Total,1559,6264,6548,CDS_2014-2015.pdf,0
2014,brynmawr,0,0,0,1,0,Nonresident,89,314,316,BrynMawr_CDS_2014-2015.pdf,0
2014,brynmawr,0,0,0,1,0,Hispanic/Latino,32,113,113,BrynMawr_CDS_2014-2015.pdf,0
2014,brynmawr,0,0,0,1,0,"Black or African American, non-Hispanic",18,69,69,BrynMawr_CDS_2014-2015.pdf,0
2014,brynmawr,0,0,0,1,0,"White, non-Hispanic",117,474,475,BrynMawr_CDS_2014-2015.pdf,0
2014,brynmawr,0,0,0,1,0,"American Indian or Alaska Native, non-Hispanic",1,2,2,BrynMawr_CDS_2014-2015.pdf,0
2014,brynmawr,0,0,0,1,0,"Asian, non-Hispanic",52,151,151,BrynMawr_CDS_2014-2015.pdf,0
2014,brynmawr,0,0,0,1,0,"Native Hawaiian or other Pacific Islander, non-Hispanic",1,1,1,BrynMawr_CDS_2014-2015.pdf,0
2014,brynmawr,0,0,0,1,0,"Two or more races, non-Hispanic",22,65,66,BrynMawr_CDS_2014-2015.pdf,0
2014,brynmawr,0,0,0,1,0,Race and/or ethnicity unknown,19,114,115,BrynMawr_CDS_2014-2015.pdf,0
2014,brynmawr,0,0,0,1,0,Total,351,1303,1308,BrynMawr_CDS_2014-2015.pdf,0
2014,bucknell,0,0,0,1,0,Nonresident,48,187,204,cds_2014-15.pdf,0
2014,bucknell,0,0,0,1,0,Hispanic/Latino,51,186,187,cds_2014-15.pdf,0
2014,bucknell,0,0,0,1,0,"Black or African American, non-Hispanic",29,112,112,cds_2014-15.pdf,0
2014,bucknell,0,0,0,1,0,"White, non-Hispanic",751,2782,2798,cds_2014-15.pdf,0
2014,bucknell,0,0,0,1,0,"American Indian or Alaska Native, non-Hispanic",0,1,1,cds_2014-15.pdf,0
2014,bucknell,0,0,0,1,0,"Asian, non-Hispanic",29,126,126,cds_2014-15.pdf,0
2014,bucknell,0,0,0,1,0,"Native Hawaiian or other Pacific Islander, non-Hispanic",0,0,0,cds_2014-15.pdf,0
2014,bucknell,0,0,0,1,0,"Two or more races, non-Hispanic",29,121,123,cds_2014-15.pdf,0
2014,bucknell,0,0,0,1,0,Race and/or ethnicity unknown,2,13,14,cds_2014-15.pdf,0
2014,bucknell,0,0,0,1,0,Total,939,3528,3565,cds_2014-15.pdf,0
2014,caltech,0,1,0,0,1,Nonresident,19,86,86,cds_2014-15.pdf,0
2014,caltech,0,1,0,0,1,Hispanic/Latino,34,120,120,cds_2014-15.pdf,0
2014,caltech,0,1,0,0,1,"Black or African American, non-Hispanic",2,15,15,cds_2014-15.pdf,0
2014,caltech,0,1,0,0,1,"White, non-Hispanic",58,274,274,cds_2014-15.pdf,0
2014,caltech,0,1,0,0,1,"American Indian or Alaska Native, non-Hispanic",0,1,1,cds_2014-15.pdf,0
2014,caltech,0,1,0,0,1,"Asian, non-Hispanic",105,431,431,cds_2014-15.pdf,0
2014,caltech,0,1,0,0,1,"Native Hawaiian or other Pacific Islander, non-Hispanic",0,,,cds_2014-15.pdf,0
2014,caltech,0,1,0,0,1,"Two or more races, non-Hispanic",8,56,56,cds_2014-15.pdf,0
2014,caltech,0,1,0,0,1,Total,226,983,983,cds_2014-15.pdf,0
2014,carleton,0,0,0,1,1,Nonresident,53,189,,Carleton_CDS_2014-15.pdf,0
2014,carleton,0,0,0,1,1,Hispanic/Latino,37,130,,Carleton_CDS_2014-15.pdf,0
2014,carleton,0,0,0,1,1,"Black or African American, non-Hispanic",21,79,,Carleton_CDS_2014-15.pdf,0
2014,carleton,0,0,0,1,1,"White, non-Hispanic",343,1327,,Carleton_CDS_2014-15.pdf,0
2014,carleton,0,0,0,1,1,"American Indian or Alaska Native, non-Hispanic",1,3,,Carleton_CDS_2014-15.pdf,0
2014,carleton,0,0,0,1,1,"Asian, non-Hispanic",43,184,,Carleton_CDS_2014-15.pdf,0
2014,carleton,0,0,0,1,1,"Native Hawaiian or other Pacific Islander, non-Hispanic",0,2,,Carleton_CDS_2014-15.pdf,0
2014,carleton,0,0,0,1,1,"Two or more races, non-Hispanic",20,93,,Carleton_CDS_2014-15.pdf,0
2014,carleton,0,0,0,1,1,Race and/or ethnicity unknown,3,35,,Carleton_CDS_2014-15.pdf,0
2014,carleton,0,0,0,1,1,Total,521,2042,,Carleton_CDS_2014-15.pdf,0
2014,clark,0,0,0,1,0,Nonresident,83,308,322,clark-cds-2014-2015.pdf,0
2014,clark,0,0,0,1,0,Hispanic/Latino,35,134,145,clark-cds-2014-2015.pdf,0
2014,clark,0,0,0,1,0,"Black or African American, non-Hispanic",20,85,87,clark-cds-2014-2015.pdf,0
2014,clark,0,0,0,1,0,"White, non-Hispanic",324,1345,1362,clark-cds-2014-2015.pdf,0
2014,clark,0,0,0,1,0,"American Indian or Alaska Native, non-Hispanic",0,1,1,clark-cds-2014-2015.pdf,0
2014,clark,0,0,0,1,0,"Asian, non-Hispanic",51,151,155,clark-cds-2014-2015.pdf,0
2014,clark,0,0,0,1,0,"Native Hawaiian or other Pacific Islander, non-Hispanic",1,2,2,clark-cds-2014-2015.pdf,0
2014,clark,0,0,0,1,0,"Two or more races, non-Hispanic",17,53,53,clark-cds-2014-2015.pdf,0
2014,clark,0,0,0,1,0,Race and/or ethnicity unknown,17,157,174,clark-cds-2014-2015.pdf,0
2014,clark,0,0,0,1,0,Total,548,2236,2301,clark-cds-2014-2015.pdf,0
2014,cmc,0,0,0,0,1,Total,327,1293,1301,cds_2014-2015.pdf,0
2014,colby,0,0,1,1,1,Nonresident,66,196,196,Final-14-15-CDS.pdf,0
2014,colby,0,0,1,1,1,Hispanic/Latino,28,113,113,Final-14-15-CDS.pdf,0
2014,colby,0,0,1,1,1,"Black or African American, non-Hispanic",18,56,56,Final-14-15-CDS.pdf,0
2014,colby,0,0,1,1,1,"White, non-Hispanic",285,1110,1110,Final-14-15-CDS.pdf,0
2014,colby,0,0,1,1,1,"American Indian or Alaska Native, non-Hispanic",2,3,3,Final-14-15-CDS.pdf,0
2014,colby,0,0,1,1,1,"Asian, non-Hispanic",34,103,103,Final-14-15-CDS.pdf,0
2014,colby,0,0,1,1,1,"Native Hawaiian or other Pacific Islander, non-Hispanic",0,0,0,Final-14-15-CDS.pdf,0
2014,colby,0,0,1,1,1,"Two or more races, non-Hispanic",29,98,98,Final-14-15-CDS.pdf,0
2014,colby,0,0,1,1,1,Race and/or ethnicity unknown,18,168,168,Final-14-15-CDS.pdf,0
2014,colby,0,0,1,1,1,Total,480,1847,1847,Final-14-15-CDS.pdf,0
2014,colgate,0,0,0,0,1,Nonresident,73,250,250,cds_2014-15.pdf,0
2014,colgate,0,0,0,0,1,Hispanic/Latino,75,242,242,cds_2014-15.pdf,0
2014,colgate,0,0,0,0,1,"Black or African American, non-Hispanic",33,119,119,cds_2014-15.pdf,0
2014,colgate,0,0,0,0,1,"White, non-Hispanic",500,1926,1934,cds_2014-15.pdf,0
2014,colgate,0,0,0,0,1,"American Indian or Alaska Native, non-Hispanic",0,2,2,cds_2014-15.pdf,0
2014,colgate,0,0,0,0,1,"Asian, non-Hispanic",34,102,102,cds_2014-15.pdf,0
2014,colgate,0,0,0,0,1,"Native Hawaiian or other Pacific Islander, non-Hispanic",0,3,3,cds_2014-15.pdf,0
2014,colgate,0,0,0,0,1,"Two or more races, non-Hispanic",31,101,101,cds_2014-15.pdf,0
2014,colgate,0,0,0,0,1,Race and/or ethnicity unknown,21,120,122,cds_2014-15.pdf,0
2014,colgate,0,0,0,0,1,Total,767,2865,2875,cds_2014-15.pdf,0
2014,conncoll,0,0,1,1,0,Nonresident,32,100,102,Connecticut-College-CDS_2014-2015.pdf,0
2014,conncoll,0,0,1,1,0,Hispanic/Latino,37,163,163,Connecticut-College-CDS_2014-2015.pdf,0
2014,conncoll,0,0,1,1,0,"Black or African American, non-Hispanic",13,61,62,Connecticut-College-CDS_2014-2015.pdf,0
2014,conncoll,0,0,1,1,0,"White, non-Hispanic",371,1348,1358,Connecticut-College-CDS_2014-2015.pdf,0
2014,conncoll,0,0,1,1,0,"American Indian or Alaska Native, non-Hispanic",0,0,0,Connecticut-College-CDS_2014-2015.pdf,0
2014,conncoll,0,0,1,1,0,"Asian, non-Hispanic",18,65,67,Connecticut-College-CDS_2014-2015.pdf,0
2014,conncoll,0,0,1,1,0,"Native Hawaiian or other Pacific Islander, non-Hispanic",0,0,0,Connecticut-College-CDS_2014-2015.pdf,0
2014,conncoll,0,0,1,1,0,"Two or more races, non-Hispanic",17,52,52,Connecticut-College-CDS_2014-2015.pdf,0
2014,conncoll,0,0,1,1,0,Race and/or ethnicity unknown,10,86,89,Connecticut-College-CDS_2014-2015.pdf,0
2014,conncoll,0,0,1,1,0,Total,498,1875,1893,Connecticut-College-CDS_2014-2015.pdf,0
2014,cornell,1,1,0,0,1,Nonresident,287,1379,1464,CDS_2014-2015.pdf,0
2014,cornell,1,1,0,0,1,Hispanic/Latino,410,1669,1669,CDS_2014-2015.pdf,0
2014,cornell,1,1,0,0,1,"Black or African American, non-Hispanic",198,859,859,CDS_2014-2015.pdf,0
2014,cornell,1,1,0,0,1,"White, non-Hispanic",1374,6042,6043,CDS_2014-2015.pdf,0
2014,cornell,1,1,0,0,1,"American Indian or Alaska Native, non-Hispanic",12,46,46,CDS_2014-2015.pdf,0
2014,cornell,1,1,0,0,1,"Asian, non-Hispanic",623,2470,2471,CDS_2014-2015.pdf,0
2014,cornell,1,1,0,0,1,"Native Hawaiian or other Pacific Islander, non-Hispanic",6,10,10,CDS_2014-2015.pdf,0
2014,cornell,1,1,0,0,1,"Two or more races, non-Hispanic",144,623,623,CDS_2014-2015.pdf,0
2014,cornell,1,1,0,0,1,Race and/or ethnicity unknown,171,1268,1268,CDS_2014-2015.pdf,0
2014,cornell,1,1,0,0,1,Total,3225,14366,14453,CDS_2014-2015.pdf,0
2014,dartmouth,1,1,0,0,1,Nonresident,90,343,373,cds_2014_2015.pdf,0
2014,dartmouth,1,1,0,0,1,Hispanic/Latino,111,341,341,cds_2014_2015.pdf,0
2014,dartmouth,1,1,0,0,1,"Black or African American, non-Hispanic",84,284,284,cds_2014_2015.pdf,0
2014,dartmouth,1,1,0,0,1,"White, non-Hispanic",592,2010,2020,cds_2014_2015.pdf,0
2014,dartmouth,1,1,0,0,1,"American Indian or Alaska Native, non-Hispanic",29,91,91,cds_2014_2015.pdf,0
2014,dartmouth,1,1,0,0,1,"Asian, non-Hispanic",157,588,588,cds_2014_2015.pdf,0
2014,dartmouth,1,1,0,0,1,"Native Hawaiian or other Pacific Islander, non-Hispanic",3,5,5,cds_2014_2015.pdf,0
2014,dartmouth,1,1,0,0,1,"Two or more races, non-Hispanic",51,209,209,cds_2014_2015.pdf,0
2014,dartmouth,1,1,0,0,1,Race and/or ethnicity unknown,35,313,378,cds_2014_2015.pdf,0
2014,dartmouth,1,1,0,0,1,Total,1152,4184,4289,cds_2014_2015.pdf,0
2014,duke,0,1,0,0,1,Nonresident,180,616,,Duke_CDS_2014-2015.pdf,0
2014,duke,0,1,0,0,1,Hispanic/Latino,135,425,,Duke_CDS_2014-2015.pdf,0
2014,duke,0,1,0,0,1,"Black or African American, non-Hispanic",168,650,,Duke_CDS_2014-2015.pdf,0
2014,duke,0,1,0,0,1,"White, non-Hispanic",802,3094,,Duke_CDS_2014-2015.pdf,0
2014,duke,0,1,0,0,1,"American Indian or Alaska Native, non-Hispanic",12,37,,Duke_CDS_2014-2015.pdf,0
2014,duke,0,1,0,0,1,"Asian, non-Hispanic",371,1392,,Duke_CDS_2014-2015.pdf,0
2014,duke,0,1,0,0,1,"Native Hawaiian or other Pacific Islander, non-Hispanic",3,4,,Duke_CDS_2014-2015.pdf,0
2014,duke,0,1,0,0,1,"Two or more races, non-Hispanic",28,117,,Duke_CDS_2014-2015.pdf,0
2014,duke,0,1,0,0,1,Race and/or ethnicity unknown,22,145,,Duke_CDS_2014-2015.pdf,0
2014,duke,0,1,0,0,1,Total,1721,6480,0,Duke_CDS_2014-2015.pdf,0
2014,georgetown,0,0,0,0,1,Nonresident,172,855,1042,georgetown_cds_2014-2015.pdf,0
2014,georgetown,0,0,0,0,1,Hispanic/Latino,130,565,569,georgetown_cds_2014-2015.pdf,0
2014,georgetown,0,0,0,0,1,"Black or African American, non-Hispanic",93,446,453,georgetown_cds_2014-2015.pdf,0
2014,georgetown,0,0,0,0,1,"White, non-Hispanic",947,4192,4281,georgetown_cds_2014-2015.pdf,0
2014,georgetown,0,0,0,0,1,"American Indian or Alaska Native, non-Hispanic",,5,5,georgetown_cds_2014-2015.pdf,0
2014,georgetown,0,0,0,0,1,"Asian, non-Hispanic",158,692,695,georgetown_cds_2014-2015.pdf,0
2014,georgetown,0,0,0,0,1,"Native Hawaiian or other Pacific Islander, non-Hispanic",,3,3,georgetown_cds_2014-2015.pdf,0
2014,georgetown,0,0,0,0,1,"Two or more races, non-Hispanic",65,298,299,georgetown_cds_2014-2015.pdf,0
2014,georgetown,0,0,0,0,1,Race and/or ethnicity unknown,13,155,248,georgetown_cds_2014-2015.pdf,0
2014,georgetown,0,0,0,0,1,Total,1578,7211,7595,georgetown_cds_2014-2015.pdf,0
2014,grinnell,0,0,0,0,1,Nonresident,78,228,228,GC_CDS_2014-15.pdf,0
2014,grinnell,0,0,0,0,1,Hispanic/Latino,30,131,134,GC_CDS_2014-15.pdf,0
2014,grinnell,0,0,0,0,1,"Black or African American, non-Hispanic",23,98,100,GC_CDS_2014-15.pdf,0
2014,grinnell,0,0,0,0,1,"White, non-Hispanic",246,976,1004,GC_CDS_2014-15.pdf,0
2014,grinnell,0,0,0,0,1,"American Indian or Alaska Native, non-Hispanic",0,2,3,GC_CDS_2014-15.pdf,0
2014,grinnell,0,0,0,0,1,"Asian, non-Hispanic",35,125,128,GC_CDS_2014-15.pdf,0
2014,grinnell,0,0,0,0,1,"Native Hawaiian or other Pacific Islander, non-Hispanic",0,0,0,GC_CDS_2014-15.pdf,0
2014,grinnell,0,0,0,0,1,"Two or more races, non-Hispanic",22,73,74,GC_CDS_2014-15.pdf,0
2014,grinnell,0,0,0,0,1,Race and/or ethnicity unknown,1,37,63,GC_CDS_2014-15.pdf,0
2014,grinnell,0,0,0,0,1,Total,435,1670,1734,GC_CDS_2014-15.pdf,0
2014,hamilton,0,0,1,1,1,Nonresident,22,89,93,hamilton_cds_2014-2015.pdf,0
2014,hamilton,0,0,1,1,1,Hispanic/Latino,32,148,148,hamilton_cds_2014-2015.pdf,0
2014,hamilton,0,0,1,1,1,"Black or African American, non-Hispanic",23,74,75,hamilton_cds_2014-2015.pdf,0
2014,hamilton,0,0,1,1,1,"White, non-Hispanic",316,1214,1216,hamilton_cds_2014-2015.pdf,0
2014,hamilton,0,0,1,1,1,"American Indian or Alaska Native, non-Hispanic",1,1,1,hamilton_cds_2014-2015.pdf,0
2014,hamilton,0,0,1,1,1,"Asian, non-Hispanic",38,138,138,hamilton_cds_2014-2015.pdf,0
2014,hamilton,0,0,1,1,1,"Native Hawaiian or other Pacific Islander, non-Hispanic",0,0,0,hamilton_cds_2014-2015.pdf,0
2014,hamilton,0,0,1,1,1,"Two or more races, non-Hispanic",13,54,54,hamilton_cds_2014-2015.pdf,0
2014,hamilton,0,0,1,1,1,Race and/or ethnicity unknown,24,172,175,hamilton_cds_2014-2015.pdf,0
2014,hamilton,0,0,1,1,1,Total,469,1890,1900,hamilton_cds_2014-2015.pdf,0
2014,hampshire,0,0,0,1,0,Nonresident,9,67,75,hampshire-cds-2014-2015.pdf,0
2014,hampshire,0,0,0,1,0,Hispanic/Latino,27,129,133,hampshire-cds-2014-2015.pdf,0
2014,hampshire,0,0,0,1,0,"Black or African American, non-Hispanic",18,50,53,hampshire-cds-2014-2015.pdf,0
2014,hampshire,0,0,0,1,0,"White, non-Hispanic",238,928,931,hampshire-cds-2014-2015.pdf,0
2014,hampshire,0,0,0,1,0,"American Indian or Alaska Native, non-Hispanic",1,1,1,hampshire-cds-2014-2015.pdf,0
2014,hampshire,0,0,0,1,0,"Asian, non-Hispanic",10,31,31,hampshire-cds-2014-2015.pdf,0
2014,hampshire,0,0,0,1,0,"Native Hawaiian or other Pacific Islander, non-Hispanic",0,1,1,hampshire-cds-2014-2015.pdf,0
2014,hampshire,0,0,0,1,0,"Two or more races, non-Hispanic",23,79,79,hampshire-cds-2014-2015.pdf,0
2014,hampshire,0,0,0,1,0,Race and/or ethnicity unknown,5,71,72,hampshire-cds-2014-2015.pdf,0
2014,hampshire,0,0,0,1,0,Total,331,1357,1376,hampshire-cds-2014-2015.pdf,0
2014,harvard,1,1,0,0,1,Nonresident,187,755,755,harvard_cds_2014-15.pdf,0
2014,harvard,1,1,0,0,1,Hispanic/Latino,182,657,657,harvard_cds_2014-15.pdf,0
2014,harvard,1,1,0,0,1,"Black or African American, non-Hispanic",118,463,463,harvard_cds_2014-15.pdf,0
2014,harvard,1,1,0,0,1,"White, non-Hispanic",695,2905,2905,harvard_cds_2014-15.pdf,0
2014,harvard,1,1,0,0,1,"American Indian or Alaska Native, non-Hispanic",2,14,14,harvard_cds_2014-15.pdf,0
2014,harvard,1,1,0,0,1,"Asian, non-Hispanic",317,1246,1246,harvard_cds_2014-15.pdf,0
2014,harvard,1,1,0,0,1,"Native Hawaiian or other Pacific Islander, non-Hispanic",0,3,3,harvard_cds_2014-15.pdf,0
2014,harvard,1,1,0,0,1,"Two or more races, non-Hispanic",120,438,438,harvard_cds_2014-15.pdf,0
2014,harvard,1,1,0,0,1,Race and/or ethnicity unknown,29,155,155,harvard_cds_2014-15.pdf,0
2014,harvard,1,1,0,0,1,Total,1650,6636,6636,harvard_cds_2014-15.pdf,0
2014,haverford,0,0,0,1,0,Hispanic/Latino,0,0,0,cds_2014-2015.pdf,0
2014,haverford,0,0,0,1,0,"White, non-Hispanic",217,762,764,cds_2014-2015.pdf,0
2014,haverford,0,0,0,1,0,"Asian, non-Hispanic",32,104,106,cds_2014-2015.pdf,0
2014,haverford,0,0,0,1,0,"Two or more races, non-Hispanic",9,69,69,cds_2014-2015.pdf,0
2014,haverford,0,0,0,1,0,Race and/or ethnicity unknown,8,9,12,cds_2014-2015.pdf,0
2014,hmc,0,0,0,0,1,Nonresident,25,100,102,cds_2014-2015.pdf,0
2014,hmc,0,0,0,0,1,Hispanic/Latino,20,80,80,cds_2014-2015.pdf,0
2014,hmc,0,0,0,0,1,"Black or African American, non-Hispanic",5,13,13,cds_2014-2015.pdf,0
2014,hmc,0,0,0,0,1,"White, non-Hispanic",75,352,352,cds_2014-2015.pdf,0
2014,hmc,0,0,0,0,1,"American Indian or Alaska Native, non-Hispanic",3,4,4,cds_2014-2015.pdf,0
2014,hmc,0,0,0,0,1,"Asian, non-Hispanic",38,167,167,cds_2014-2015.pdf,0
2014,hmc,0,0,0,0,1,"Native Hawaiian or other Pacific Islander, non-Hispanic",0,0,0,cds_2014-2015.pdf,0
2014,hmc,0,0,0,0,1,"Two or more races, non-Hispanic",20,50,50,cds_2014-2015.pdf,0
2014,hmc,0,0,0,0,1,Race and/or ethnicity unknown,8,36,36,cds_2014-2015.pdf,0
2014,hmc,0,0,0,0,1,Total,194,802,804,cds_2014-2015.pdf,0
2014,macalester,0,0,0,1,0,Nonresident,74,272,281,Macalester_CDS_2014-15.pdf,0
2014,macalester,0,0,0,1,0,Hispanic/Latino,45,123,123,Macalester_CDS_2014-15.pdf,0
2014,macalester,0,0,0,1,0,"Black or African American, non-Hispanic",13,48,49,Macalester_CDS_2014-15.pdf,0
2014,macalester,0,0,0,1,0,"White, non-Hispanic",342,1354,1361,Macalester_CDS_2014-15.pdf,0
2014,macalester,0,0,0,1,0,"American Indian or Alaska Native, non-Hispanic",0,1,1,Macalester_CDS_2014-15.pdf,0
2014,macalester,0,0,0,1,0,"Asian, non-Hispanic",34,145,146,Macalester_CDS_2014-15.pdf,0
2014,macalester,0,0,0,1,0,"Native Hawaiian or other Pacific Islander, non-Hispanic",1,1,1,Macalester_CDS_2014-15.pdf,0
2014,macalester,0,0,0,1,0,"Two or more races, non-Hispanic",32,109,111,Macalester_CDS_2014-15.pdf,0
2014,macalester,0,0,0,1,0,Race and/or ethnicity unknown,0,0,0,Macalester_CDS_2014-15.pdf,0
2014,macalester,0,0,0,1,0,Total,541,2053,2073,Macalester_CDS_2014-15.pdf,0
2014,middlebury,0,0,1,1,1,Nonresident,68,250,271,CDS_2014-2015.pdf,0
2014,middlebury,0,0,1,1,1,Hispanic/Latino,64,220,220,CDS_2014-2015.pdf,0
2014,middlebury,0,0,1,1,1,"Black or African American, non-Hispanic",26,73,73,CDS_2014-2015.pdf,0
2014,middlebury,0,0,1,1,1,"White, non-Hispanic",348,1624,1629,CDS_2014-2015.pdf,0
2014,middlebury,0,0,1,1,1,"American Indian or Alaska Native, non-Hispanic",1,7,7,CDS_2014-2015.pdf,0
2014,middlebury,0,0,1,1,1,"Asian, non-Hispanic",43,169,170,CDS_2014-2015.pdf,0
2014,middlebury,0,0,1,1,1,"Two or more races, non-Hispanic",28,118,118,CDS_2014-2015.pdf,0
2014,middlebury,0,0,1,1,1,Race and/or ethnicity unknown,2,37,38,CDS_2014-2015.pdf,0
2014,mtholyoke,0,0,0,1,0,Nonresident,147,534,553,mtholyoke_cds_2014-2015.pdf,0
2014,mtholyoke,0,0,0,1,0,Hispanic/Latino,41,167,169,mtholyoke_cds_2014-2015.pdf,0
2014,mtholyoke,0,0,0,1,0,"Black or African American, non-Hispanic",30,133,133,mtholyoke_cds_2014-2015.pdf,0
2014,mtholyoke,0,0,0,1,0,"White, non-Hispanic",222,1007,1012,mtholyoke_cds_2014-2015.pdf,0
2014,mtholyoke,0,0,0,1,0,"American Indian or Alaska Native, non-Hispanic",0,1,1,mtholyoke_cds_2014-2015.pdf,0
2014,mtholyoke,0,0,0,1,0,"Asian, non-Hispanic",65,221,221,mtholyoke_cds_2014-2015.pdf,0
2014,mtholyoke,0,0,0,1,0,"Native Hawaiian or other Pacific Islander, non-Hispanic",0,1,1,mtholyoke_cds_2014-2015.pdf,0
2014,mtholyoke,0,0,0,1,0,"Two or more races, non-Hispanic",21,70,71,mtholyoke_cds_2014-2015.pdf,0
2014,mtholyoke,0,0,0,1,0,Race and/or ethnicity unknown,5,27,28,mtholyoke_cds_2014-2015.pdf,0
2014,mtholyoke,0,0,0,1,0,Total,531,2161,2189,mtholyoke_cds_2014-2015.pdf,0
2014,northwestern,0,0,0,0,1,Nonresident,174,681,682,cds_2014-15.pdf,0
2014,northwestern,0,0,0,0,1,Hispanic/Latino,280,959,969,cds_2014-15.pdf,0
2014,northwestern,0,0,0,0,1,"Black or African American, non-Hispanic",115,517,533,cds_2014-15.pdf,0
2014,northwestern,0,0,0,0,1,"White, non-Hispanic",977,4712,4813,cds_2014-15.pdf,0
2014,northwestern,0,0,0,0,1,"American Indian or Alaska Native, non-Hispanic",1,6,7,cds_2014-15.pdf,0
2014,northwestern,0,0,0,0,1,"Asian, non-Hispanic",370,1497,1524,cds_2014-15.pdf,0
2014,northwestern,0,0,0,0,1,"Native Hawaiian or other Pacific Islander, non-Hispanic",0,1,1,cds_2014-15.pdf,0
2014,northwestern,0,0,0,0,1,"Two or more races, non-Hispanic",112,467,473,cds_2014-15.pdf,0
2014,northwestern,0,0,0,0,1,Race and/or ethnicity unknown,14,96,175,cds_2014-15.pdf,0
2014,northwestern,0,0,0,0,1,Total,2043,8936,9177,cds_2014-15.pdf,0
2014,notredame,0,0,0,0,1,Nonresident,119,385,405,CDS_2014-2015.pdf,0
2014,notredame,0,0,0,0,1,Hispanic/Latino,230,881,881,CDS_2014-2015.pdf,0
2014,notredame,0,0,0,0,1,"Black or African American, non-Hispanic",78,310,310,CDS_2014-2015.pdf,0
2014,notredame,0,0,0,0,1,"White, non-Hispanic",1386,5955,5955,CDS_2014-2015.pdf,0
2014,notredame,0,0,0,0,1,"American Indian or Alaska Native, non-Hispanic",1,17,17,CDS_2014-2015.pdf,0
2014,notredame,0,0,0,0,1,"Asian, non-Hispanic",101,481,482,CDS_2014-2015.pdf,0
2014,notredame,0,0,0,0,1,"Native Hawaiian or other Pacific Islander, non-Hispanic",3,4,4,CDS_2014-2015.pdf,0
2014,notredame,0,0,0,0,1,"Two or more races, non-Hispanic",72,343,343,CDS_2014-2015.pdf,0
2014,notredame,0,0,0,0,1,Race and/or ethnicity unknown,21,51,51,CDS_2014-2015.pdf,0
2014,notredame,0,0,0,0,1,Total,2011,8427,8448,CDS_2014-2015.pdf,0
2014,penn,1,1,0,0,1,Nonresident,267,1103,1103,UPenn_CDS_2014-15.pdf,0
2014,penn,1,1,0,0,1,Hispanic/Latino,239,1008,1008,UPenn_CDS_2014-15.pdf,0
2014,penn,1,1,0,0,1,"Black or African American, non-Hispanic",149,693,693,UPenn_CDS_2014-15.pdf,0
2014,penn,1,1,0,0,1,"White, non-Hispanic",1050,4355,4355,UPenn_CDS_2014-15.pdf,0
2014,penn,1,1,0,0,1,"American Indian or Alaska Native, non-Hispanic",3,9,9,UPenn_CDS_2014-15.pdf,0
2014,penn,1,1,0,0,1,"Asian, non-Hispanic",459,1913,1913,UPenn_CDS_2014-15.pdf,0
2014,penn,1,1,0,0,1,"Two or more races, non-Hispanic",118,373,373,UPenn_CDS_2014-15.pdf,0
2014,penn,1,1,0,0,1,Race and/or ethnicity unknown,65,288,288,UPenn_CDS_2014-15.pdf,0
2014,penn,1,1,0,0,1,Total,2350,9746,9746,UPenn_CDS_2014-15.pdf,0
2014,pomona,0,0,0,1,1,Nonresident,48,146,154,cds-2014-2015.pdf,0
2014,pomona,0,0,0,1,1,Hispanic/Latino,56,232,232,cds-2014-2015.pdf,0
2014,pomona,0,0,0,1,1,"Black or African American, non-Hispanic",39,109,109,cds-2014-2015.pdf,0
2014,pomona,0,0,0,1,1,"White, non-Hispanic",191,699,703,cds-2014-2015.pdf,0
2014,pomona,0,0,0,1,1,"American Indian or Alaska Native, non-Hispanic",3,4,4,cds-2014-2015.pdf,0
2014,pomona,0,0,0,1,1,"Asian, non-Hispanic",58,212,213,cds-2014-2015.pdf,0
2014,pomona,0,0,0,1,1,"Native Hawaiian or other Pacific Islander, non-Hispanic",1,1,1,cds-2014-2015.pdf,0
2014,pomona,0,0,0,1,1,"Two or more races, non-Hispanic",32,122,122,cds-2014-2015.pdf,0
2014,pomona,0,0,0,1,1,Race and/or ethnicity unknown,22,110,112,cds-2014-2015.pdf,0
2014,pomona,0,0,0,1,1,Total,450,1635,1650,cds-2014-2015.pdf,0
2014,princeton,1,1,0,0,1,Nonresident,146,579,,cds_1415_princeton.pdf,0
2014,princeton,1,1,0,0,1,Hispanic/Latino,121,440,,cds_1415_princeton.pdf,0
2014,princeton,1,1,0,0,1,"Black or African American, non-Hispanic",105,406,,cds_1415_princeton.pdf,0
2014,princeton,1,1,0,0,1,"White, non-Hispanic",583,2417,,cds_1415_princeton.pdf,0
2014,princeton,1,1,0,0,1,"American Indian or Alaska Native, non-Hispanic",3,6,,cds_1415_princeton.pdf,0
2014,princeton,1,1,0,0,1,"Asian, non-Hispanic",276,1097,,cds_1415_princeton.pdf,0
2014,princeton,1,1,0,0,1,"Native Hawaiian or other Pacific Islander, non-Hispanic",5,6,,cds_1415_princeton.pdf,0
2014,princeton,1,1,0,0,1,"Two or more races, non-Hispanic",53,221,,cds_1415_princeton.pdf,0
2014,princeton,1,1,0,0,1,Race and/or ethnicity unknown,18,86,,cds_1415_princeton.pdf,0
2014,princeton,1,1,0,0,1,Total,1310,5258,0,cds_1415_princeton.pdf,0
2014,reed,0,0,0,1,0,Nonresident,30,98,115,reed-cds-secB-2014-2015.pdf,0
2014,reed,0,0,0,1,0,Hispanic/Latino,35,144,146,reed-cds-secB-2014-2015.pdf,0
2014,reed,0,0,0,1,0,"Black or African American, non-Hispanic",7,24,25,reed-cds-secB-2014-2015.pdf,0
2014,reed,0,0,0,1,0,"White, non-Hispanic",202,789,799,reed-cds-secB-2014-2015.pdf,0
2014,reed,0,0,0,1,0,"American Indian or Alaska Native, non-Hispanic",2,4,4,reed-cds-secB-2014-2015.pdf,0
2014,reed,0,0,0,1,0,"Asian, non-Hispanic",21,75,80,reed-cds-secB-2014-2015.pdf,0
2014,reed,0,0,0,1,0,"Native Hawaiian or other Pacific Islander, non-Hispanic",3,3,3,reed-cds-secB-2014-2015.pdf,0
2014,reed,0,0,0,1,0,"Two or more races, non-Hispanic",32,113,113,reed-cds-secB-2014-2015.pdf,0
2014,reed,0,0,0,1,0,Race and/or ethnicity unknown,15,85,89,reed-cds-secB-2014-2015.pdf,0
2014,reed,0,0,0,1,0,Total,347,1335,1374,reed-cds-secB-2014-2015.pdf,0
2014,rice,0,0,0,0,1,Nonresident,112,458,487,cds_2014-15.pdf,0
2014,rice,0,0,0,0,1,Hispanic/Latino,118,583,585,cds_2014-15.pdf,0
2014,rice,0,0,0,0,1,"Black or African American, non-Hispanic",80,262,262,cds_2014-15.pdf,0
2014,rice,0,0,0,0,1,"White, non-Hispanic",341,1475,1481,cds_2014-15.pdf,0
2014,rice,0,0,0,0,1,"American Indian or Alaska Native, non-Hispanic",1,4,4,cds_2014-15.pdf,0
2014,rice,0,0,0,0,1,"Asian, non-Hispanic",251,879,879,cds_2014-15.pdf,0
2014,rice,0,0,0,0,1,"Native Hawaiian or other Pacific Islander, non-Hispanic",1,1,1,cds_2014-15.pdf,0
2014,rice,0,0,0,0,1,"Two or more races, non-Hispanic",41,174,174,cds_2014-15.pdf,0
2014,rice,0,0,0,0,1,Race and/or ethnicity unknown,4,52,53,cds_2014-15.pdf,0
2014,rice,0,0,0,0,1,Total,949,3888,3926,cds_2014-15.pdf,0
2014,richmond,0,0,0,0,1,Nonresident,64,260,347,cds_2014-15.pdf,0
2014,richmond,0,0,0,0,1,Hispanic/Latino,73,225,226,cds_2014-15.pdf,0
2014,richmond,0,0,0,0,1,"Black or African American, non-Hispanic",49,180,184,cds_2014-15.pdf,0
2014,richmond,0,0,0,0,1,"White, non-Hispanic",488,1671,1680,cds_2014-15.pdf,0
2014,richmond,0,0,0,0,1,"American Indian or Alaska Native, non-Hispanic",2,7,8,cds_2014-15.pdf,0
2014,richmond,0,0,0,0,1,"Asian, non-Hispanic",72,195,196,cds_2014-15.pdf,0
2014,richmond,0,0,0,0,1,"Native Hawaiian or other Pacific Islander, non-Hispanic",0,1,1,cds_2014-15.pdf,0
2014,richmond,0,0,0,0,1,"Two or more races, non-Hispanic",33,120,120,cds_2014-15.pdf,0
2014,richmond,0,0,0,0,1,Race and/or ethnicity unknown,35,222,222,cds_2014-15.pdf,0
2014,richmond,0,0,0,0,1,Total,816,2881,2984,cds_2014-15.pdf,0
2014,smith,0,0,0,1,1,Nonresident,96,360,,SmithCollege_CDS_2014-2015.pdf,0
2014,smith,0,0,0,1,1,Hispanic/Latino,57,239,,SmithCollege_CDS_2014-2015.pdf,0
2014,smith,0,0,0,1,1,"Black or African American, non-Hispanic",30,122,,SmithCollege_CDS_2014-2015.pdf,0
2014,smith,0,0,0,1,1,"White, non-Hispanic",293,1180,,SmithCollege_CDS_2014-2015.pdf,0
2014,smith,0,0,0,1,1,"American Indian or Alaska Native, non-Hispanic",0,4,,SmithCollege_CDS_2014-2015.pdf,0
2014,smith,0,0,0,1,1,"Asian, non-Hispanic",88,334,,SmithCollege_CDS_2014-2015.pdf,0
2014,smith,0,0,0,1,1,"Native Hawaiian or other Pacific Islander, non-Hispanic",1,2,,SmithCollege_CDS_2014-2015.pdf,0
2014,smith,0,0,0,1,1,"Two or more races, non-Hispanic",24,114,,SmithCollege_CDS_2014-2015.pdf,0
2014,smith,0,0,0,1,1,Race and/or ethnicity unknown,27,208,,SmithCollege_CDS_2014-2015.pdf,0
2014,smith,0,0,0,1,1,Total,616,2563,,SmithCollege_CDS_2014-2015.pdf,0
2014,stanford,0,1,0,0,1,Nonresident,128,575,597,cds_2014-2015.pdf,0
2014,stanford,0,1,0,0,1,Hispanic/Latino,266,1128,1128,cds_2014-2015.pdf,0
2014,stanford,0,1,0,0,1,"Black or African American, non-Hispanic",101,415,416,cds_2014-2015.pdf,0
2014,stanford,0,1,0,0,1,"White, non-Hispanic",620,2633,2661,cds_2014-2015.pdf,0
2014,stanford,0,1,0,0,1,"American Indian or Alaska Native, non-Hispanic",17,80,80,cds_2014-2015.pdf,0
2014,stanford,0,1,0,0,1,"Asian, non-Hispanic",348,1389,1394,cds_2014-2015.pdf,0
2014,stanford,0,1,0,0,1,"Native Hawaiian or other Pacific Islander, non-Hispanic",7,27,27,cds_2014-2015.pdf,0
2014,stanford,0,1,0,0,1,"Two or more races, non-Hispanic",187,749,749,cds_2014-2015.pdf,0
2014,stanford,0,1,0,0,1,Race and/or ethnicity unknown,3,22,37,cds_2014-2015.pdf,0
2014,stanford,0,1,0,0,1,Total,1677,7018,7089,cds_2014-2015.pdf,0
2014,swarthmore,0,0,0,1,1,Nonresident,51,150,153,cds-2014-2015.pdf,0
2014,swarthmore,0,0,0,1,1,Hispanic/Latino,48,206,206,cds-2014-2015.pdf,0
2014,swarthmore,0,0,0,1,1,"Black or African American, non-Hispanic",26,90,90,cds-2014-2015.pdf,0
2014,swarthmore,0,0,0,1,1,"White, non-Hispanic",176,640,646,cds-2014-2015.pdf,0
2014,swarthmore,0,0,0,1,1,"American Indian or Alaska Native, non-Hispanic",1,2,2,cds-2014-2015.pdf,0
2014,swarthmore,0,0,0,1,1,"Asian, non-Hispanic",66,251,252,cds-2014-2015.pdf,0
2014,swarthmore,0,0,0,1,1,"Native Hawaiian or other Pacific Islander, non-Hispanic",1,1,1,cds-2014-2015.pdf,0
2014,swarthmore,0,0,0,1,1,"Two or more races, non-Hispanic",36,120,120,cds-2014-2015.pdf,0
2014,swarthmore,0,0,0,1,1,Race and/or ethnicity unknown,2,70,72,cds-2014-2015.pdf,0
2014,swarthmore,0,0,0,1,1,Total,407,1530,1542,cds-2014-2015.pdf,0
2014,trinity,0,0,1,1,0,Nonresident,61,214,,CDS_2014-2015.pdf,0
2014,trinity,0,0,1,1,0,Hispanic/Latino,41,153,,CDS_2014-2015.pdf,0
2014,trinity,0,0,1,1,0,"Black or African American, non-Hispanic",31,130,,CDS_2014-2015.pdf,0
2014,trinity,0,0,1,1,0,"White, non-Hispanic",413,1430,,CDS_2014-2015.pdf,0
2014,trinity,0,0,1,1,0,"American Indian or Alaska Native, non-Hispanic",0,2,,CDS_2014-2015.pdf,0
2014,trinity,0,0,1,1,0,"Asian, non-Hispanic",34,93,,CDS_2014-2015.pdf,0
2014,trinity,0,0,1,1,0,"Native Hawaiian or other Pacific Islander, non-Hispanic",0,0,,CDS_2014-2015.pdf,0
2014,trinity,0,0,1,1,0,"Two or more races, non-Hispanic",16,68,,CDS_2014-2015.pdf,0
2014,trinity,0,0,1,1,0,Race and/or ethnicity unknown,15,115,,CDS_2014-2015.pdf,0
2014,tufts,0,0,1,1,0,Nonresident,97,417,417,CDS_2014-2015.pdf,0
2014,tufts,0,0,1,1,0,Hispanic/Latino,100,345,346,CDS_2014-2015.pdf,0
2014,tufts,0,0,1,1,0,"Black or African American, non-Hispanic",58,207,208,CDS_2014-2015.pdf,0
2014,tufts,0,0,1,1,0,"White, non-Hispanic",816,2957,2957,CDS_2014-2015.pdf,0
2014,tufts,0,0,1,1,0,"American Indian or Alaska Native, non-Hispanic",0,2,2,CDS_2014-2015.pdf,0
2014,tufts,0,0,1,1,0,"Asian, non-Hispanic",143,567,567,CDS_2014-2015.pdf,0
2014,tufts,0,0,1,1,0,"Native Hawaiian or other Pacific Islander, non-Hispanic",0,1,1,CDS_2014-2015.pdf,0
2014,tufts,0,0,1,1,0,"Two or more races, non-Hispanic",70,231,231,CDS_2014-2015.pdf,0
2014,tufts,0,0,1,1,0,Race and/or ethnicity unknown,63,416,448,CDS_2014-2015.pdf,0
2014,tufts,0,0,1,1,0,Total,1347,5143,5177,CDS_2014-2015.pdf,0
2014,ucla,0,0,0,0,1,Race and/or ethnicity unknown,92,573,,cds_2014-15.pdf,0
2014,ucla,0,0,0,0,1,Total,5764,29625,,cds_2014-15.pdf,0
2014,umich,0,0,0,0,1,Nonresident,256,1863,1953,cds_2014-2015.pdf,0
2014,umich,0,0,0,0,1,Hispanic/Latino,280,1203,1209,cds_2014-2015.pdf,0
2014,umich,0,0,0,0,1,"Black or African American, non-Hispanic",240,1161,1166,cds_2014-2015.pdf,0
2014,umich,0,0,0,0,1,"White, non-Hispanic",4287,17483,17531,cds_2014-2015.pdf,0
2014,umich,0,0,0,0,1,"American Indian or Alaska Native, non-Hispanic",9,44,44,cds_2014-2015.pdf,0
2014,umich,0,0,0,0,1,"Asian, non-Hispanic",955,3561,3570,cds_2014-2015.pdf,0
2014,umich,0,0,0,0,1,"Native Hawaiian or other Pacific Islander, non-Hispanic",2,12,12,cds_2014-2015.pdf,0
2014,umich,0,0,0,0,1,"Two or more races, non-Hispanic",222,895,897,cds_2014-2015.pdf,0
2014,umich,0,0,0,0,1,Race and/or ethnicity unknown,254,1995,2013,cds_2014-2015.pdf,0
2014,umich,0,0,0,0,1,Total,6505,28217,28395,cds_2014-2015.pdf,0
2014,vassar,0,0,0,1,1,Nonresident,49,171,,vassar-cds-2014-2015.pdf,0
2014,vassar,0,0,0,1,1,Hispanic/Latino,86,270,,vassar-cds-2014-2015.pdf,0
2014,vassar,0,0,0,1,1,"Black or African American, non-Hispanic",32,133,,vassar-cds-2014-2015.pdf,0
2014,vassar,0,0,0,1,1,"White, non-Hispanic",370,1403,,vassar-cds-2014-2015.pdf,0
2014,vassar,0,0,0,1,1,"American Indian or Alaska Native, non-Hispanic",1,1,,vassar-cds-2014-2015.pdf,0
2014,vassar,0,0,0,1,1,"Asian, non-Hispanic",86,259,,vassar-cds-2014-2015.pdf,0
2014,vassar,0,0,0,1,1,"Native Hawaiian or other Pacific Islander, non-Hispanic",0,0,,vassar-cds-2014-2015.pdf,0
2014,vassar,0,0,0,1,1,"Two or more races, non-Hispanic",39,147,,vassar-cds-2014-2015.pdf,0
2014,vassar,0,0,0,1,1,Race and/or ethnicity unknown,0,2,,vassar-cds-2014-2015.pdf,0
2014,vassar,0,0,0,1,1,Total,663,2386,0,vassar-cds-2014-2015.pdf,0
2014,washandlee,0,0,0,1,1,Nonresident,14,72,,wlu_cds_2014-15.pdf,0
2014,washandlee,0,0,0,1,1,Hispanic/Latino,18,71,,wlu_cds_2014-15.pdf,0
2014,washandlee,0,0,0,1,1,"Black or African American, non-Hispanic",9,39,,wlu_cds_2014-15.pdf,0
2014,washandlee,0,0,0,1,1,"White, non-Hispanic",396,1560,,wlu_cds_2014-15.pdf,0
2014,washandlee,0,0,0,1,1,"American Indian or Alaska Native, non-Hispanic",,2,,wlu_cds_2014-15.pdf,0
2014,washandlee,0,0,0,1,1,"Asian, non-Hispanic",13,61,,wlu_cds_2014-15.pdf,0
2014,washandlee,0,0,0,1,1,"Native Hawaiian or other Pacific Islander, non-Hispanic",,1,,wlu_cds_2014-15.pdf,0
2014,washandlee,0,0,0,1,1,"Two or more races, non-Hispanic",17,43,,wlu_cds_2014-15.pdf,0
2014,washandlee,0,0,0,1,1,Race and/or ethnicity unknown,4,31,,wlu_cds_2014-15.pdf,0
2014,washandlee,0,0,0,1,1,Total,471,1880,,wlu_cds_2014-15.pdf,0
2014,wellesley,0,0,0,1,1,Nonresident,65,243,275,Wellesley_CDS_2014-2015.pdf,0
2014,wellesley,0,0,0,1,1,Hispanic/Latino,47,202,205,Wellesley_CDS_2014-2015.pdf,0
2014,wellesley,0,0,0,1,1,"Black or African American, non-Hispanic",33,125,128,Wellesley_CDS_2014-2015.pdf,0
2014,wellesley,0,0,0,1,1,"White, non-Hispanic",260,902,932,Wellesley_CDS_2014-2015.pdf,0
2014,wellesley,0,0,0,1,1,"American Indian or Alaska Native, non-Hispanic",1,1,1,Wellesley_CDS_2014-2015.pdf,0
2014,wellesley,0,0,0,1,1,"Asian, non-Hispanic",147,526,538,Wellesley_CDS_2014-2015.pdf,0
2014,wellesley,0,0,0,1,1,"Native Hawaiian or other Pacific Islander, non-Hispanic",0,0,0,Wellesley_CDS_2014-2015.pdf,0
2014,wellesley,0,0,0,1,1,"Two or more races, non-Hispanic",37,133,138,Wellesley_CDS_2014-2015.pdf,0
2014,wellesley,0,0,0,1,1,Race and/or ethnicity unknown,3,40,106,Wellesley_CDS_2014-2015.pdf,0
2014,wellesley,0,0,0,1,1,Total,593,2172,2323,Wellesley_CDS_2014-2015.pdf,0
2014,wesleyan,0,0,1,1,1,Nonresident,67,248,255,cds2014-15.pdf,0
2014,wesleyan,0,0,1,1,1,Hispanic/Latino,65,286,287,cds2014-15.pdf,0
2014,wesleyan,0,0,1,1,1,"Black or African American, non-Hispanic",58,205,206,cds2014-15.pdf,0
2014,wesleyan,0,0,1,1,1,"White, non-Hispanic",431,1549,1555,cds2014-15.pdf,0
2014,wesleyan,0,0,1,1,1,"American Indian or Alaska Native, non-Hispanic",0,2,2,cds2014-15.pdf,0
2014,wesleyan,0,0,1,1,1,"Asian, non-Hispanic",73,252,255,cds2014-15.pdf,0
2014,wesleyan,0,0,1,1,1,"Native Hawaiian or other Pacific Islander, non-Hispanic",1,4,4,cds2014-15.pdf,0
2014,wesleyan,0,0,1,1,1,"Two or more races, non-Hispanic",40,165,165,cds2014-15.pdf,0
2014,wesleyan,0,0,1,1,1,Race and/or ethnicity unknown,15,196,199,cds2014-15.pdf,0
2014,wesleyan,0,0,1,1,1,Total,750,2907,2928,cds2014-15.pdf,0
2014,williams,0,0,1,1,1,Nonresident,49,144,157,2014-2015_williams_common_data_set.pdf,0
2014,williams,0,0,1,1,1,Hispanic/Latino,69,243,243,2014-2015_williams_common_data_set.pdf,0
2014,williams,0,0,1,1,1,"Black or African American, non-Hispanic",35,143,143,2014-2015_williams_common_data_set.pdf,0
2014,williams,0,0,1,1,1,"White, non-Hispanic",286,1119,1135,2014-2015_williams_common_data_set.pdf,0
2014,williams,0,0,1,1,1,"American Indian or Alaska Native, non-Hispanic",0,2,2,2014-2015_williams_common_data_set.pdf,0
2014,williams,0,0,1,1,1,"Asian, non-Hispanic",67,220,222,2014-2015_williams_common_data_set.pdf,0
2014,williams,0,0,1,1,1,"Native Hawaiian or other Pacific Islander, non-Hispanic",0,0,0,2014-2015_williams_common_data_set.pdf,0
2014,williams,0,0,1,1,1,"Two or more races, non-Hispanic",40,143,143,2014-2015_williams_common_data_set.pdf,0
2014,williams,0,0,1,1,1,Race and/or ethnicity unknown,0,0,0,2014-2015_williams_common_data_set.pdf,0
2014,williams,0,0,1,1,1,Total,546,2014,2045,2014-2015_williams_common_data_set.pdf,0
2014,wustl,0,0,0,0,1,Nonresident,121,549,623,wustl_cds_2014-2015.pdf,0
2014,wustl,0,0,0,0,1,Hispanic/Latino,100,403,409,wustl_cds_2014-2015.pdf,0
2014,wustl,0,0,0,0,1,"Black or African American, non-Hispanic",67,370,434,wustl_cds_2014-2015.pdf,0
2014,wustl,0,0,0,0,1,"White, non-Hispanic",995,3829,4102,wustl_cds_2014-2015.pdf,0
2014,wustl,0,0,0,0,1,"American Indian or Alaska Native, non-Hispanic",0,7,8,wustl_cds_2014-2015.pdf,0
2014,wustl,0,0,0,0,1,"Asian, non-Hispanic",346,1249,1284,wustl_cds_2014-2015.pdf,0
2014,wustl,0,0,0,0,1,"Native Hawaiian or other Pacific Islander, non-Hispanic",0,1,1,wustl_cds_2014-2015.pdf,0
2014,wustl,0,0,0,0,1,"Two or more races, non-Hispanic",78,279,284,wustl_cds_2014-2015.pdf,0
2014,wustl,0,0,0,0,1,Race and/or ethnicity unknown,27,226,256,wustl_cds_2014-2015.pdf,0
2014,wustl,0,0,0,0,1,Total,1734,6913,7401,wustl_cds_2014-2015.pdf,0
2014,yale,1,1,0,0,1,Nonresident,153,569,570,cds2014_2015_0.pdf,0
2014,yale,1,1,0,0,1,Hispanic/Latino,161,602,602,cds2014_2015_0.pdf,0
2014,yale,1,1,0,0,1,"Black or African American, non-Hispanic",87,371,371,cds2014_2015_0.pdf,0
2014,yale,1,1,0,0,1,"White, non-Hispanic",637,2575,2578,cds2014_2015_0.pdf,0
2014,yale,1,1,0,0,1,"American Indian or Alaska Native, non-Hispanic",11,35,35,cds2014_2015_0.pdf,0
2014,yale,1,1,0,0,1,"Asian, non-Hispanic",213,906,906,cds2014_2015_0.pdf,0
2014,yale,1,1,0,0,1,"Native Hawaiian or other Pacific Islander, non-Hispanic",0,0,0,cds2014_2015_0.pdf,0
2014,yale,1,1,0,0,1,"Two or more races, non-Hispanic",85,326,326,cds2014_2015_0.pdf,0
2014,yale,1,1,0,0,1,Race and/or ethnicity unknown,13,89,89,cds2014_2015_0.pdf,0
2014,yale,1,1,0,0,1,Total,1360,5473,5477,cds2014_2015_0.pdf,0
2015,amherst,0,0,1,1,1,Nonresident,43,173,173,amherst_cds_2015_CDS_2015-2016-B_Enrollment_and_Persistence.pdf,0
2015,amherst,0,0,1,1,1,Hispanic/Latino,65,241,241,amherst_cds_2015_CDS_2015-2016-B_Enrollment_and_Persistence.pdf,0
2015,amherst,0,0,1,1,1,"Black or African American, non-Hispanic",50,210,210,amherst_cds_2015_CDS_2015-2016-B_Enrollment_and_Persistence.pdf,0
2015,amherst,0,0,1,1,1,"White, non-Hispanic",215,756,756,amherst_cds_2015_CDS_2015-2016-B_Enrollment_and_Persistence.pdf,0
2015,amherst,0,0,1,1,1,"American Indian or Alaska Native, non-Hispanic",1,8,8,amherst_cds_2015_CDS_2015-2016-B_Enrollment_and_Persistence.pdf,0
2015,amherst,0,0,1,1,1,"Asian, non-Hispanic",67,244,244,amherst_cds_2015_CDS_2015-2016-B_Enrollment_and_Persistence.pdf,0
2015,amherst,0,0,1,1,1,"Native Hawaiian or other Pacific Islander, non-Hispanic",0,1,1,amherst_cds_2015_CDS_2015-2016-B_Enrollment_and_Persistence.pdf,0
2015,amherst,0,0,1,1,1,"Two or more races, non-Hispanic",27,89,89,amherst_cds_2015_CDS_2015-2016-B_Enrollment_and_Persistence.pdf,0
2015,amherst,0,0,1,1,1,Race and/or ethnicity unknown,9,73,73,amherst_cds_2015_CDS_2015-2016-B_Enrollment_and_Persistence.pdf,0
2015,amherst,0,0,1,1,1,Total,477,1795,1795,amherst_cds_2015_CDS_2015-2016-B_Enrollment_and_Persistence.pdf,0
2015,barnard,0,0,0,1,1,Nonresident,54,211,,Barnard_CDS_2015-2016.pdf,0
2015,barnard,0,0,0,1,1,Hispanic/Latino,86,295,,Barnard_CDS_2015-2016.pdf,0
2015,barnard,0,0,0,1,1,"Black or African American, non-Hispanic",45,172,,Barnard_CDS_2015-2016.pdf,0
2015,barnard,0,0,0,1,1,"White, non-Hispanic",316,1348,,Barnard_CDS_2015-2016.pdf,0
2015,barnard,0,0,0,1,1,"American Indian or Alaska Native, non-Hispanic",2,3,,Barnard_CDS_2015-2016.pdf,0
2015,barnard,0,0,0,1,1,"Asian, non-Hispanic",88,354,,Barnard_CDS_2015-2016.pdf,0
2015,barnard,0,0,0,1,1,"Native Hawaiian or other Pacific Islander, non-Hispanic",1,1,,Barnard_CDS_2015-2016.pdf,0
2015,barnard,0,0,0,1,1,"Two or more races, non-Hispanic",42,146,,Barnard_CDS_2015-2016.pdf,0
2015,barnard,0,0,0,1,1,Race and/or ethnicity unknown,1,6,,Barnard_CDS_2015-2016.pdf,0
2015,barnard,0,0,0,1,1,Total,635,2536,,Barnard_CDS_2015-2016.pdf,0
2015,bates,0,0,1,1,1,Nonresident,41,131,131,CDS_2015-2016.pdf,0
2015,bates,0,0,1,1,1,Hispanic/Latino,45,137,137,CDS_2015-2016.pdf,0
2015,bates,0,0,1,1,1,"Black or African American, non-Hispanic",28,88,88,CDS_2015-2016.pdf,0
2015,bates,0,0,1,1,1,"White, non-Hispanic",361,1279,1279,CDS_2015-2016.pdf,0
2015,bates,0,0,1,1,1,"American Indian or Alaska Native, non-Hispanic",2,3,3,CDS_2015-2016.pdf,0
2015,bates,0,0,1,1,1,"Asian, non-Hispanic",17,69,69,CDS_2015-2016.pdf,0
2015,bates,0,0,1,1,1,"Native Hawaiian or other Pacific Islander, non-Hispanic",0,0,0,CDS_2015-2016.pdf,0
2015,bates,0,0,1,1,1,"Two or more races, non-Hispanic",22,80,80,CDS_2015-2016.pdf,0
2015,bates,0,0,1,1,1,Race and/or ethnicity unknown,0,5,5,CDS_2015-2016.pdf,0
2015,bates,0,0,1,1,1,Total,516,1792,1792,CDS_2015-2016.pdf,0
2015,berkeley,0,0,0,0,1,Nonresident,688,3771,3771,cds_2015-16.pdf,0
2015,berkeley,0,0,0,0,1,Hispanic/Latino,706,3875,3875,cds_2015-16.pdf,0
2015,berkeley,0,0,0,0,1,"Black or African American, non-Hispanic",100,583,583,cds_2015-16.pdf,0
2015,berkeley,0,0,0,0,1,"White, non-Hispanic",1390,7394,7394,cds_2015-16.pdf,0
2015,berkeley,0,0,0,0,1,"American Indian or Alaska Native, non-Hispanic",13,45,45,cds_2015-16.pdf,0
2015,berkeley,0,0,0,0,1,"Asian, non-Hispanic",2150,9697,9697,cds_2015-16.pdf,0
2015,berkeley,0,0,0,0,1,"Native Hawaiian or other Pacific Islander, non-Hispanic",12,71,71,cds_2015-16.pdf,0
2015,berkeley,0,0,0,0,1,"Two or more races, non-Hispanic",287,1298,1298,cds_2015-16.pdf,0
2015,berkeley,0,0,0,0,1,Race and/or ethnicity unknown,204,762,762,cds_2015-16.pdf,0
2015,berkeley,0,0,0,0,1,Total,5550,27496,27496,cds_2015-16.pdf,0
2015,bowdoin,0,0,1,1,1,Nonresident,27,90,93,common-data-elements-2015---2016.pdf,0
2015,bowdoin,0,0,1,1,1,Hispanic/Latino,52,223,223,common-data-elements-2015---2016.pdf,0
2015,bowdoin,0,0,1,1,1,"Black or African American, non-Hispanic",29,97,97,common-data-elements-2015---2016.pdf,0
2015,bowdoin,0,0,1,1,1,"White, non-Hispanic",316,1125,1127,common-data-elements-2015---2016.pdf,0
2015,bowdoin,0,0,1,1,1,"American Indian or Alaska Native, non-Hispanic",1,6,6,common-data-elements-2015---2016.pdf,0
2015,bowdoin,0,0,1,1,1,"Asian, non-Hispanic",36,125,125,common-data-elements-2015---2016.pdf,0
2015,bowdoin,0,0,1,1,1,"Native Hawaiian or other Pacific Islander, non-Hispanic",0,0,0,common-data-elements-2015---2016.pdf,0
2015,bowdoin,0,0,1,1,1,"Two or more races, non-Hispanic",33,116,116,common-data-elements-2015---2016.pdf,0
2015,bowdoin,0,0,1,1,1,Race and/or ethnicity unknown,6,12,12,common-data-elements-2015---2016.pdf,0
2015,bowdoin,0,0,1,1,1,Total,500,1794,1799,common-data-elements-2015---2016.pdf,0
2015,brown,1,1,0,0,1,Nonresident,182,753,855,CDS_2015-2016 to use.pdf,0
2015,brown,1,1,0,0,1,Hispanic/Latino,179,719,737,CDS_2015-2016 to use.pdf,0
2015,brown,1,1,0,0,1,"Black or African American, non-Hispanic",100,424,426,CDS_2015-2016 to use.pdf,0
2015,brown,1,1,0,0,1,"White, non-Hispanic",693,2714,2765,CDS_2015-2016 to use.pdf,0
2015,brown,1,1,0,0,1,"American Indian or Alaska Native, non-Hispanic",9,27,27,CDS_2015-2016 to use.pdf,0
2015,brown,1,1,0,0,1,"Asian, non-Hispanic",228,842,874,CDS_2015-2016 to use.pdf,0
2015,brown,1,1,0,0,1,"Native Hawaiian or other Pacific Islander, non-Hispanic",0,10,10,CDS_2015-2016 to use.pdf,0
2015,brown,1,1,0,0,1,"Two or more races, non-Hispanic",120,393,397,CDS_2015-2016 to use.pdf,0
2015,brown,1,1,0,0,1,Race and/or ethnicity unknown,102,438,561,CDS_2015-2016 to use.pdf,0
2015,brown,1,1,0,0,1,Total,1613,6320,6652,CDS_2015-2016 to use.pdf,0
2015,brynmawr,0,0,0,1,0,Nonresident,81,314,319,BrynMawr_CDS_2015-2016.pdf,0
2015,brynmawr,0,0,0,1,0,Hispanic/Latino,27,117,117,BrynMawr_CDS_2015-2016.pdf,0
2015,brynmawr,0,0,0,1,0,"Black or African American, non-Hispanic",19,78,78,BrynMawr_CDS_2015-2016.pdf,0
2015,brynmawr,0,0,0,1,0,"White, non-Hispanic",143,478,478,BrynMawr_CDS_2015-2016.pdf,0
2015,brynmawr,0,0,0,1,0,"American Indian or Alaska Native, non-Hispanic",0,2,2,BrynMawr_CDS_2015-2016.pdf,0
2015,brynmawr,0,0,0,1,0,"Asian, non-Hispanic",62,166,166,BrynMawr_CDS_2015-2016.pdf,0
2015,brynmawr,0,0,0,1,0,"Native Hawaiian or other Pacific Islander, non-Hispanic",0,1,1,BrynMawr_CDS_2015-2016.pdf,0
2015,brynmawr,0,0,0,1,0,"Two or more races, non-Hispanic",21,71,71,BrynMawr_CDS_2015-2016.pdf,0
2015,brynmawr,0,0,0,1,0,Race and/or ethnicity unknown,32,114,114,BrynMawr_CDS_2015-2016.pdf,0
2015,brynmawr,0,0,0,1,0,Total,385,1341,1346,BrynMawr_CDS_2015-2016.pdf,0
2015,bucknell,0,0,0,1,0,Nonresident,51,193,224,cds_2015-16.pdf,0
2015,bucknell,0,0,0,1,0,Hispanic/Latino,79,218,218,cds_2015-16.pdf,0
2015,bucknell,0,0,0,1,0,"Black or African American, non-Hispanic",40,120,120,cds_2015-16.pdf,0
2015,bucknell,0,0,0,1,0,"White, non-Hispanic",667,2703,2713,cds_2015-16.pdf,0
2015,bucknell,0,0,0,1,0,"American Indian or Alaska Native, non-Hispanic",0,1,1,cds_2015-16.pdf,0
2015,bucknell,0,0,0,1,0,"Asian, non-Hispanic",62,155,156,cds_2015-16.pdf,0
2015,bucknell,0,0,0,1,0,"Native Hawaiian or other Pacific Islander, non-Hispanic",0,0,0,cds_2015-16.pdf,0
2015,bucknell,0,0,0,1,0,"Two or more races, non-Hispanic",38,124,125,cds_2015-16.pdf,0
2015,bucknell,0,0,0,1,0,Race and/or ethnicity unknown,1,8,12,cds_2015-16.pdf,0
2015,bucknell,0,0,0,1,0,Total,938,3522,3569,cds_2015-16.pdf,0
2015,caltech,0,1,0,0,1,Nonresident,17,83,,cds_2015-16.pdf,0
2015,caltech,0,1,0,0,1,Hispanic/Latino,27,119,,cds_2015-16.pdf,0
2015,caltech,0,1,0,0,1,"Black or African American, non-Hispanic",3,15,,cds_2015-16.pdf,0
2015,caltech,0,1,0,0,1,"White, non-Hispanic",71,274,,cds_2015-16.pdf,0
2015,caltech,0,1,0,0,1,"American Indian or Alaska Native, non-Hispanic",0,1,,cds_2015-16.pdf,0
2015,caltech,0,1,0,0,1,"Asian, non-Hispanic",111,454,,cds_2015-16.pdf,0
2015,caltech,0,1,0,0,1,"Native Hawaiian or other Pacific Islander, non-Hispanic",0,0,,cds_2015-16.pdf,0
2015,caltech,0,1,0,0,1,"Two or more races, non-Hispanic",10,53,,cds_2015-16.pdf,0
2015,caltech,0,1,0,0,1,Race and/or ethnicity unknown,2,2,,cds_2015-16.pdf,0
2015,caltech,0,1,0,0,1,Total,241,1001,0,cds_2015-16.pdf,0
2015,carleton,0,0,0,1,1,Nonresident,61,208,,Carleton_CDS_2015-16.pdf,0
2015,carleton,0,0,0,1,1,Hispanic/Latino,39,140,,Carleton_CDS_2015-16.pdf,0
2015,carleton,0,0,0,1,1,"Black or African American, non-Hispanic",22,75,,Carleton_CDS_2015-16.pdf,0
2015,carleton,0,0,0,1,1,"White, non-Hispanic",293,1264,,Carleton_CDS_2015-16.pdf,0
2015,carleton,0,0,0,1,1,"American Indian or Alaska Native, non-Hispanic",0,3,,Carleton_CDS_2015-16.pdf,0
2015,carleton,0,0,0,1,1,"Asian, non-Hispanic",31,169,,Carleton_CDS_2015-16.pdf,0
2015,carleton,0,0,0,1,1,"Native Hawaiian or other Pacific Islander, non-Hispanic",0,2,,Carleton_CDS_2015-16.pdf,0
2015,carleton,0,0,0,1,1,"Two or more races, non-Hispanic",33,97,,Carleton_CDS_2015-16.pdf,0
2015,carleton,0,0,0,1,1,Race and/or ethnicity unknown,12,37,,Carleton_CDS_2015-16.pdf,0
2015,carleton,0,0,0,1,1,Total,491,1995,,Carleton_CDS_2015-16.pdf,0
2015,clark,0,0,0,1,0,Nonresident,107,351,373,clark-cds-2015-2016.pdf,0
2015,clark,0,0,0,1,0,Hispanic/Latino,58,157,166,clark-cds-2015-2016.pdf,0
2015,clark,0,0,0,1,0,"Black or African American, non-Hispanic",32,99,102,clark-cds-2015-2016.pdf,0
2015,clark,0,0,0,1,0,"White, non-Hispanic",351,1321,1336,clark-cds-2015-2016.pdf,0
2015,clark,0,0,0,1,0,"American Indian or Alaska Native, non-Hispanic",3,4,4,clark-cds-2015-2016.pdf,0
2015,clark,0,0,0,1,0,"Asian, non-Hispanic",53,167,173,clark-cds-2015-2016.pdf,0
2015,clark,0,0,0,1,0,"Native Hawaiian or other Pacific Islander, non-Hispanic",0,2,2,clark-cds-2015-2016.pdf,0
2015,clark,0,0,0,1,0,"Two or more races, non-Hispanic",11,45,45,clark-cds-2015-2016.pdf,0
2015,clark,0,0,0,1,0,Race and/or ethnicity unknown,56,185,196,clark-cds-2015-2016.pdf,0
2015,clark,0,0,0,1,0,Total,671,2331,2397,clark-cds-2015-2016.pdf,0
2015,cmc,0,0,0,0,1,Total,343,1325,1328,cds_2015-2016.pdf,0
2015,colby,0,0,1,1,1,Nonresident,61,196,196,Final-15-16-CDS.pdf,0
2015,colby,0,0,1,1,1,Hispanic/Latino,39,119,119,Final-15-16-CDS.pdf,0
2015,colby,0,0,1,1,1,"Black or African American, non-Hispanic",12,49,49,Final-15-16-CDS.pdf,0
2015,colby,0,0,1,1,1,"White, non-Hispanic",320,1144,1144,Final-15-16-CDS.pdf,0
2015,colby,0,0,1,1,1,"American Indian or Alaska Native, non-Hispanic",2,5,5,Final-15-16-CDS.pdf,0
2015,colby,0,0,1,1,1,"Asian, non-Hispanic",34,115,115,Final-15-16-CDS.pdf,0
2015,colby,0,0,1,1,1,"Native Hawaiian or other Pacific Islander, non-Hispanic",2,2,2,Final-15-16-CDS.pdf,0
2015,colby,0,0,1,1,1,"Two or more races, non-Hispanic",19,94,94,Final-15-16-CDS.pdf,0
2015,colby,0,0,1,1,1,Race and/or ethnicity unknown,19,133,133,Final-15-16-CDS.pdf,0
2015,colby,0,0,1,1,1,Total,508,1857,1857,Final-15-16-CDS.pdf,0
2015,colgate,0,0,0,0,1,Nonresident,55,247,247,cds_2015-16.pdf,0
2015,colgate,0,0,0,0,1,Hispanic/Latino,86,262,262,cds_2015-16.pdf,0
2015,colgate,0,0,0,0,1,"Black or African American, non-Hispanic",41,124,124,cds_2015-16.pdf,0
2015,colgate,0,0,0,0,1,"White, non-Hispanic",507,1896,1910,cds_2015-16.pdf,0
2015,colgate,0,0,0,0,1,"American Indian or Alaska Native, non-Hispanic",2,4,4,cds_2015-16.pdf,0
2015,colgate,0,0,0,0,1,"Asian, non-Hispanic",25,100,101,cds_2015-16.pdf,0
2015,colgate,0,0,0,0,1,"Native Hawaiian or other Pacific Islander, non-Hispanic",1,1,1,cds_2015-16.pdf,0
2015,colgate,0,0,0,0,1,"Two or more races, non-Hispanic",31,98,98,cds_2015-16.pdf,0
2015,colgate,0,0,0,0,1,Race and/or ethnicity unknown,25,102,106,cds_2015-16.pdf,0
2015,colgate,0,0,0,0,1,Total,773,2834,2853,cds_2015-16.pdf,0
2015,conncoll,0,0,1,1,0,Nonresident,28,115,120,Connecticut-College-CDS_2015-2016.pdf,0
2015,conncoll,0,0,1,1,0,Hispanic/Latino,33,161,162,Connecticut-College-CDS_2015-2016.pdf,0
2015,conncoll,0,0,1,1,0,"Black or African American, non-Hispanic",24,70,71,Connecticut-College-CDS_2015-2016.pdf,0
2015,conncoll,0,0,1,1,0,"White, non-Hispanic",340,1309,1351,Connecticut-College-CDS_2015-2016.pdf,0
2015,conncoll,0,0,1,1,0,"American Indian or Alaska Native, non-Hispanic",1,1,1,Connecticut-College-CDS_2015-2016.pdf,0
2015,conncoll,0,0,1,1,0,"Asian, non-Hispanic",27,81,83,Connecticut-College-CDS_2015-2016.pdf,0
2015,conncoll,0,0,1,1,0,"Native Hawaiian or other Pacific Islander, non-Hispanic",1,1,1,Connecticut-College-CDS_2015-2016.pdf,0
2015,conncoll,0,0,1,1,0,"Two or more races, non-Hispanic",17,55,56,Connecticut-College-CDS_2015-2016.pdf,0
2015,conncoll,0,0,1,1,0,Race and/or ethnicity unknown,7,61,73,Connecticut-College-CDS_2015-2016.pdf,0
2015,conncoll,0,0,1,1,0,Total,478,1854,1918,Connecticut-College-CDS_2015-2016.pdf,0
2015,cornell,1,1,0,0,1,Nonresident,289,1376,1447,CDS_2015-2016.pdf,0
2015,cornell,1,1,0,0,1,Hispanic/Latino,437,1726,1729,CDS_2015-2016.pdf,0
2015,cornell,1,1,0,0,1,"Black or African American, non-Hispanic",223,862,862,CDS_2015-2016.pdf,0
2015,cornell,1,1,0,0,1,"White, non-Hispanic",1189,5823,5830,CDS_2015-2016.pdf,0
2015,cornell,1,1,0,0,1,"American Indian or Alaska Native, non-Hispanic",15,52,52,CDS_2015-2016.pdf,0
2015,cornell,1,1,0,0,1,"Asian, non-Hispanic",645,2574,2575,CDS_2015-2016.pdf,0
2015,cornell,1,1,0,0,1,"Native Hawaiian or other Pacific Islander, non-Hispanic",4,13,13,CDS_2015-2016.pdf,0
2015,cornell,1,1,0,0,1,"Two or more races, non-Hispanic",143,635,636,CDS_2015-2016.pdf,0
2015,cornell,1,1,0,0,1,Race and/or ethnicity unknown,235,1165,1171,CDS_2015-2016.pdf,0
2015,cornell,1,1,0,0,1,Total,3180,14226,14315,CDS_2015-2016.pdf,0
2015,dartmouth,1,1,0,0,1,Nonresident,93,344,382,cds_2015-2016.pdf,0
2015,dartmouth,1,1,0,0,1,Hispanic/Latino,95,348,348,cds_2015-2016.pdf,0
2015,dartmouth,1,1,0,0,1,"Black or African American, non-Hispanic",74,284,285,cds_2015-2016.pdf,0
2015,dartmouth,1,1,0,0,1,"White, non-Hispanic",559,2054,2054,cds_2015-2016.pdf,0
2015,dartmouth,1,1,0,0,1,"American Indian or Alaska Native, non-Hispanic",27,94,94,cds_2015-2016.pdf,0
2015,dartmouth,1,1,0,0,1,"Asian, non-Hispanic",178,641,641,cds_2015-2016.pdf,0
2015,dartmouth,1,1,0,0,1,"Native Hawaiian or other Pacific Islander, non-Hispanic",5,10,10,cds_2015-2016.pdf,0
2015,dartmouth,1,1,0,0,1,"Two or more races, non-Hispanic",58,219,219,cds_2015-2016.pdf,0
2015,dartmouth,1,1,0,0,1,Race and/or ethnicity unknown,23,220,274,cds_2015-2016.pdf,0
2015,dartmouth,1,1,0,0,1,Total,1112,4214,4307,cds_2015-2016.pdf,0
2015,duke,0,1,0,0,1,Nonresident,174,656,682,Duke_CDS_2015-2016.pdf,0
2015,duke,0,1,0,0,1,Hispanic/Latino,161,479,482,Duke_CDS_2015-2016.pdf,0
2015,duke,0,1,0,0,1,"Black or African American, non-Hispanic",162,632,637,Duke_CDS_2015-2016.pdf,0
2015,duke,0,1,0,0,1,"White, non-Hispanic",791,3003,3067,Duke_CDS_2015-2016.pdf,0
2015,duke,0,1,0,0,1,"American Indian or Alaska Native, non-Hispanic",8,43,43,Duke_CDS_2015-2016.pdf,0
2015,duke,0,1,0,0,1,"Asian, non-Hispanic",365,1400,1410,Duke_CDS_2015-2016.pdf,0
2015,duke,0,1,0,0,1,"Native Hawaiian or other Pacific Islander, non-Hispanic",2,5,6,Duke_CDS_2015-2016.pdf,0
2015,duke,0,1,0,0,1,"Two or more races, non-Hispanic",36,126,129,Duke_CDS_2015-2016.pdf,0
2015,duke,0,1,0,0,1,Race and/or ethnicity unknown,46,141,155,Duke_CDS_2015-2016.pdf,0
2015,duke,0,1,0,0,1,Total,1745,6485,6611,Duke_CDS_2015-2016.pdf,0
2015,georgetown,0,0,0,0,1,Nonresident,156,830,1023,georgetown_cds_2015-2016.pdf,0
2015,georgetown,0,0,0,0,1,Hispanic/Latino,141,582,585,georgetown_cds_2015-2016.pdf,0
2015,georgetown,0,0,0,0,1,"Black or African American, non-Hispanic",109,437,455,georgetown_cds_2015-2016.pdf,0
2015,georgetown,0,0,0,0,1,"White, non-Hispanic",898,4147,4224,georgetown_cds_2015-2016.pdf,0
2015,georgetown,0,0,0,0,1,"American Indian or Alaska Native, non-Hispanic",,4,4,georgetown_cds_2015-2016.pdf,0
2015,georgetown,0,0,0,0,1,"Asian, non-Hispanic",167,719,723,georgetown_cds_2015-2016.pdf,0
2015,georgetown,0,0,0,0,1,"Native Hawaiian or other Pacific Islander, non-Hispanic",1,4,4,georgetown_cds_2015-2016.pdf,0
2015,georgetown,0,0,0,0,1,"Two or more races, non-Hispanic",81,324,326,georgetown_cds_2015-2016.pdf,0
2015,georgetown,0,0,0,0,1,Race and/or ethnicity unknown,14,121,218,georgetown_cds_2015-2016.pdf,0
2015,georgetown,0,0,0,0,1,Total,1567,7168,7562,georgetown_cds_2015-2016.pdf,0
2015,grinnell,0,0,0,0,1,Nonresident,76,259,259,GC_CDS_2015-16.pdf,0
2015,grinnell,0,0,0,0,1,Hispanic/Latino,25,122,125,GC_CDS_2015-16.pdf,0
2015,grinnell,0,0,0,0,1,"Black or African American, non-Hispanic",26,95,96,GC_CDS_2015-16.pdf,0
2015,grinnell,0,0,0,0,1,"White, non-Hispanic",237,937,961,GC_CDS_2015-16.pdf,0
2015,grinnell,0,0,0,0,1,"American Indian or Alaska Native, non-Hispanic",0,2,2,GC_CDS_2015-16.pdf,0
2015,grinnell,0,0,0,0,1,"Asian, non-Hispanic",29,125,125,GC_CDS_2015-16.pdf,0
2015,grinnell,0,0,0,0,1,"Native Hawaiian or other Pacific Islander, non-Hispanic",0,0,0,GC_CDS_2015-16.pdf,0
2015,grinnell,0,0,0,0,1,"Two or more races, non-Hispanic",25,80,82,GC_CDS_2015-16.pdf,0
2015,grinnell,0,0,0,0,1,Race and/or ethnicity unknown,24,47,55,GC_CDS_2015-16.pdf,0
2015,grinnell,0,0,0,0,1,Total,442,1667,1705,GC_CDS_2015-16.pdf,0
2015,hamilton,0,0,1,1,1,Nonresident,32,108,110,hamilton_cds_2015-2016.pdf,0
2015,hamilton,0,0,1,1,1,Hispanic/Latino,41,139,139,hamilton_cds_2015-2016.pdf,0
2015,hamilton,0,0,1,1,1,"Black or African American, non-Hispanic",25,86,86,hamilton_cds_2015-2016.pdf,0
2015,hamilton,0,0,1,1,1,"White, non-Hispanic",289,1181,1187,hamilton_cds_2015-2016.pdf,0
2015,hamilton,0,0,1,1,1,"American Indian or Alaska Native, non-Hispanic",0,1,1,hamilton_cds_2015-2016.pdf,0
2015,hamilton,0,0,1,1,1,"Asian, non-Hispanic",33,139,141,hamilton_cds_2015-2016.pdf,0
2015,hamilton,0,0,1,1,1,"Native Hawaiian or other Pacific Islander, non-Hispanic",0,0,0,hamilton_cds_2015-2016.pdf,0
2015,hamilton,0,0,1,1,1,"Two or more races, non-Hispanic",20,63,63,hamilton_cds_2015-2016.pdf,0
2015,hamilton,0,0,1,1,1,Race and/or ethnicity unknown,33,144,145,hamilton_cds_2015-2016.pdf,0
2015,hamilton,0,0,1,1,1,Total,473,1861,1872,hamilton_cds_2015-2016.pdf,0
2015,hampshire,0,0,0,1,0,Nonresident,25,70,74,hampshire-cds-2015-2016.pdf,0
2015,hampshire,0,0,0,1,0,Hispanic/Latino,46,152,156,hampshire-cds-2015-2016.pdf,0
2015,hampshire,0,0,0,1,0,"Black or African American, non-Hispanic",13,53,58,hampshire-cds-2015-2016.pdf,0
2015,hampshire,0,0,0,1,0,"White, non-Hispanic",236,936,936,hampshire-cds-2015-2016.pdf,0
2015,hampshire,0,0,0,1,0,"American Indian or Alaska Native, non-Hispanic",0,0,0,hampshire-cds-2015-2016.pdf,0
2015,hampshire,0,0,0,1,0,"Asian, non-Hispanic",9,33,33,hampshire-cds-2015-2016.pdf,0
2015,hampshire,0,0,0,1,0,"Native Hawaiian or other Pacific Islander, non-Hispanic",0,1,1,hampshire-cds-2015-2016.pdf,0
2015,hampshire,0,0,0,1,0,"Two or more races, non-Hispanic",30,92,92,hampshire-cds-2015-2016.pdf,0
2015,hampshire,0,0,0,1,0,Race and/or ethnicity unknown,11,59,60,hampshire-cds-2015-2016.pdf,0
2015,hampshire,0,0,0,1,0,Total,370,1396,1410,hampshire-cds-2015-2016.pdf,0
2015,harvard,1,1,0,0,1,Nonresident,218,764,764,harvard_cds_2015-16.pdf,0
2015,harvard,1,1,0,0,1,Hispanic/Latino,176,680,680,harvard_cds_2015-16.pdf,0
2015,harvard,1,1,0,0,1,"Black or African American, non-Hispanic",109,436,436,harvard_cds_2015-16.pdf,0
2015,harvard,1,1,0,0,1,"White, non-Hispanic",623,2818,2818,harvard_cds_2015-16.pdf,0
2015,harvard,1,1,0,0,1,"American Indian or Alaska Native, non-Hispanic",4,15,15,harvard_cds_2015-16.pdf,0
2015,harvard,1,1,0,0,1,"Asian, non-Hispanic",314,1309,1309,harvard_cds_2015-16.pdf,0
2015,harvard,1,1,0,0,1,"Native Hawaiian or other Pacific Islander, non-Hispanic",0,3,3,harvard_cds_2015-16.pdf,0
2015,harvard,1,1,0,0,1,"Two or more races, non-Hispanic",93,425,425,harvard_cds_2015-16.pdf,0
2015,harvard,1,1,0,0,1,Race and/or ethnicity unknown,122,188,249,harvard_cds_2015-16.pdf,0
2015,harvard,1,1,0,0,1,Total,1659,6638,6699,harvard_cds_2015-16.pdf,0
2015,hmc,0,0,0,0,1,Nonresident,26,103,106,cds_2015-2016.pdf,0
2015,hmc,0,0,0,0,1,Hispanic/Latino,39,104,104,cds_2015-2016.pdf,0
2015,hmc,0,0,0,0,1,"Black or African American, non-Hispanic",10,18,18,cds_2015-2016.pdf,0
2015,hmc,0,0,0,0,1,"White, non-Hispanic",65,311,311,cds_2015-2016.pdf,0
2015,hmc,0,0,0,0,1,"American Indian or Alaska Native, non-Hispanic",,4,4,cds_2015-2016.pdf,0
2015,hmc,0,0,0,0,1,"Asian, non-Hispanic",38,166,166,cds_2015-2016.pdf,0
2015,hmc,0,0,0,0,1,"Native Hawaiian or other Pacific Islander, non-Hispanic",1,1,1,cds_2015-2016.pdf,0
2015,hmc,0,0,0,0,1,"Two or more races, non-Hispanic",24,66,66,cds_2015-2016.pdf,0
2015,hmc,0,0,0,0,1,Race and/or ethnicity unknown,11,39,39,cds_2015-2016.pdf,0
2015,hmc,0,0,0,0,1,Total,214,812,815,cds_2015-2016.pdf,0
2015,macalester,0,0,0,1,0,Nonresident,105,302,315,Macalester_CDS_2015-16.pdf,0
2015,macalester,0,0,0,1,0,Hispanic/Latino,32,125,126,Macalester_CDS_2015-16.pdf,0
2015,macalester,0,0,0,1,0,"Black or African American, non-Hispanic",14,45,45,Macalester_CDS_2015-16.pdf,0
2015,macalester,0,0,0,1,0,"White, non-Hispanic",359,1408,1417,Macalester_CDS_2015-16.pdf,0
2015,macalester,0,0,0,1,0,"American Indian or Alaska Native, non-Hispanic",1,2,2,Macalester_CDS_2015-16.pdf,0
2015,macalester,0,0,0,1,0,"Asian, non-Hispanic",35,151,151,Macalester_CDS_2015-16.pdf,0
2015,macalester,0,0,0,1,0,"Native Hawaiian or other Pacific Islander, non-Hispanic",0,1,1,Macalester_CDS_2015-16.pdf,0
2015,macalester,0,0,0,1,0,"Two or more races, non-Hispanic",35,114,114,Macalester_CDS_2015-16.pdf,0
2015,macalester,0,0,0,1,0,Race and/or ethnicity unknown,1,1,1,Macalester_CDS_2015-16.pdf,0
2015,macalester,0,0,0,1,0,Total,582,2149,2172,Macalester_CDS_2015-16.pdf,0
2015,middlebury,0,0,1,1,1,Nonresident,58,267,287,CDS_2015-2016.pdf,0
2015,middlebury,0,0,1,1,1,Hispanic/Latino,67,228,228,CDS_2015-2016.pdf,0
2015,middlebury,0,0,1,1,1,"Black or African American, non-Hispanic",23,80,80,CDS_2015-2016.pdf,0
2015,middlebury,0,0,1,1,1,"White, non-Hispanic",367,1630,1633,CDS_2015-2016.pdf,0
2015,middlebury,0,0,1,1,1,"Asian, non-Hispanic",38,157,158,CDS_2015-2016.pdf,0
2015,middlebury,0,0,1,1,1,"Two or more races, non-Hispanic",31,125,125,CDS_2015-2016.pdf,0
2015,middlebury,0,0,1,1,1,Race and/or ethnicity unknown,5,24,26,CDS_2015-2016.pdf,0
2015,mtholyoke,0,0,0,1,0,Nonresident,135,552,565,mtholyoke_cds_2015-2016.pdf,0
2015,mtholyoke,0,0,0,1,0,Hispanic/Latino,43,163,163,mtholyoke_cds_2015-2016.pdf,0
2015,mtholyoke,0,0,0,1,0,"Black or African American, non-Hispanic",32,135,135,mtholyoke_cds_2015-2016.pdf,0
2015,mtholyoke,0,0,0,1,0,"White, non-Hispanic",238,939,949,mtholyoke_cds_2015-2016.pdf,0
2015,mtholyoke,0,0,0,1,0,"American Indian or Alaska Native, non-Hispanic",0,2,2,mtholyoke_cds_2015-2016.pdf,0
2015,mtholyoke,0,0,0,1,0,"Asian, non-Hispanic",41,204,205,mtholyoke_cds_2015-2016.pdf,0
2015,mtholyoke,0,0,0,1,0,"Native Hawaiian or other Pacific Islander, non-Hispanic",1,2,2,mtholyoke_cds_2015-2016.pdf,0
2015,mtholyoke,0,0,0,1,0,"Two or more races, non-Hispanic",16,78,78,mtholyoke_cds_2015-2016.pdf,0
2015,mtholyoke,0,0,0,1,0,Race and/or ethnicity unknown,7,24,27,mtholyoke_cds_2015-2016.pdf,0
2015,mtholyoke,0,0,0,1,0,Total,513,2099,2126,mtholyoke_cds_2015-2016.pdf,0
2015,northwestern,0,0,0,0,1,Nonresident,178,724,,cds_2015-16.pdf,0
2015,northwestern,0,0,0,0,1,Hispanic/Latino,247,936,,cds_2015-16.pdf,0
2015,northwestern,0,0,0,0,1,"Black or African American, non-Hispanic",133,473,,cds_2015-16.pdf,0
2015,northwestern,0,0,0,0,1,"White, non-Hispanic",957,4052,,cds_2015-16.pdf,0
2015,northwestern,0,0,0,0,1,"American Indian or Alaska Native, non-Hispanic",0,3,,cds_2015-16.pdf,0
2015,northwestern,0,0,0,0,1,"Asian, non-Hispanic",341,1431,,cds_2015-16.pdf,0
2015,northwestern,0,0,0,0,1,"Native Hawaiian or other Pacific Islander, non-Hispanic",0,0,,cds_2015-16.pdf,0
2015,northwestern,0,0,0,0,1,"Two or more races, non-Hispanic",74,387,,cds_2015-16.pdf,0
2015,northwestern,0,0,0,0,1,Race and/or ethnicity unknown,88,152,,cds_2015-16.pdf,0
2015,northwestern,0,0,0,0,1,Total,2018,8158,,cds_2015-16.pdf,0
2015,notredame,0,0,0,0,1,Nonresident,143,464,501,CDS_2015-2016.pdf,0
2015,notredame,0,0,0,0,1,Hispanic/Latino,219,902,902,CDS_2015-2016.pdf,0
2015,notredame,0,0,0,0,1,"Black or African American, non-Hispanic",80,323,323,CDS_2015-2016.pdf,0
2015,notredame,0,0,0,0,1,"White, non-Hispanic",1352,5831,5831,CDS_2015-2016.pdf,0
2015,notredame,0,0,0,0,1,"American Indian or Alaska Native, non-Hispanic",3,15,15,CDS_2015-2016.pdf,0
2015,notredame,0,0,0,0,1,"Asian, non-Hispanic",111,473,473,CDS_2015-2016.pdf,0
2015,notredame,0,0,0,0,1,"Native Hawaiian or other Pacific Islander, non-Hispanic",0,3,3,CDS_2015-2016.pdf,0
2015,notredame,0,0,0,0,1,"Two or more races, non-Hispanic",93,370,370,CDS_2015-2016.pdf,0
2015,notredame,0,0,0,0,1,Race and/or ethnicity unknown,6,44,44,CDS_2015-2016.pdf,0
2015,notredame,0,0,0,0,1,Total,2007,8425,8462,CDS_2015-2016.pdf,0
2015,penn,1,1,0,0,1,Nonresident,283,1127,1127,UPenn_CDS_2015-16.pdf,0
2015,penn,1,1,0,0,1,Hispanic/Latino,260,998,998,UPenn_CDS_2015-16.pdf,0
2015,penn,1,1,0,0,1,"Black or African American, non-Hispanic",165,688,688,UPenn_CDS_2015-16.pdf,0
2015,penn,1,1,0,0,1,"White, non-Hispanic",997,4255,4255,UPenn_CDS_2015-16.pdf,0
2015,penn,1,1,0,0,1,"American Indian or Alaska Native, non-Hispanic",3,9,9,UPenn_CDS_2015-16.pdf,0
2015,penn,1,1,0,0,1,"Asian, non-Hispanic",474,1959,1959,UPenn_CDS_2015-16.pdf,0
2015,penn,1,1,0,0,1,"Native Hawaiian or other Pacific Islander, non-Hispanic",1,4,4,UPenn_CDS_2015-16.pdf,0
2015,penn,1,1,0,0,1,"Two or more races, non-Hispanic",89,405,405,UPenn_CDS_2015-16.pdf,0
2015,penn,1,1,0,0,1,Race and/or ethnicity unknown,105,281,281,UPenn_CDS_2015-16.pdf,0
2015,penn,1,1,0,0,1,Total,2377,9726,9726,UPenn_CDS_2015-16.pdf,0
2015,pomona,0,0,0,1,1,Nonresident,50,161,172,cds-2015-2016.pdf,0
2015,pomona,0,0,0,1,1,Hispanic/Latino,70,246,246,cds-2015-2016.pdf,0
2015,pomona,0,0,0,1,1,"Black or African American, non-Hispanic",39,121,121,cds-2015-2016.pdf,0
2015,pomona,0,0,0,1,1,"White, non-Hispanic",131,652,658,cds-2015-2016.pdf,0
2015,pomona,0,0,0,1,1,"American Indian or Alaska Native, non-Hispanic",0,3,3,cds-2015-2016.pdf,0
2015,pomona,0,0,0,1,1,"Asian, non-Hispanic",57,228,228,cds-2015-2016.pdf,0
2015,pomona,0,0,0,1,1,"Native Hawaiian or other Pacific Islander, non-Hispanic",1,2,2,cds-2015-2016.pdf,0
2015,pomona,0,0,0,1,1,"Two or more races, non-Hispanic",26,124,124,cds-2015-2016.pdf,0
2015,pomona,0,0,0,1,1,Race and/or ethnicity unknown,26,103,109,cds-2015-2016.pdf,0
2015,pomona,0,0,0,1,1,Total,400,1640,1663,cds-2015-2016.pdf,0
2015,princeton,1,1,0,0,1,Nonresident,175,602,,cds_1516_princeton.pdf,0
2015,princeton,1,1,0,0,1,Hispanic/Latino,142,489,,cds_1516_princeton.pdf,0
2015,princeton,1,1,0,0,1,"Black or African American, non-Hispanic",89,400,,cds_1516_princeton.pdf,0
2015,princeton,1,1,0,0,1,"White, non-Hispanic",553,2343,,cds_1516_princeton.pdf,0
2015,princeton,1,1,0,0,1,"American Indian or Alaska Native, non-Hispanic",2,6,,cds_1516_princeton.pdf,0
2015,princeton,1,1,0,0,1,"Asian, non-Hispanic",289,1131,,cds_1516_princeton.pdf,0
2015,princeton,1,1,0,0,1,"Native Hawaiian or other Pacific Islander, non-Hispanic",2,8,,cds_1516_princeton.pdf,0
2015,princeton,1,1,0,0,1,"Two or more races, non-Hispanic",46,202,,cds_1516_princeton.pdf,0
2015,princeton,1,1,0,0,1,Race and/or ethnicity unknown,19,79,,cds_1516_princeton.pdf,0
2015,princeton,1,1,0,0,1,Total,1317,5260,0,cds_1516_princeton.pdf,0
2015,reed,0,0,0,1,0,Nonresident,23,96,110,reed-cds-secB-2015-2016.pdf,0
2015,reed,0,0,0,1,0,Hispanic/Latino,48,160,160,reed-cds-secB-2015-2016.pdf,0
2015,reed,0,0,0,1,0,"Black or African American, non-Hispanic",14,31,31,reed-cds-secB-2015-2016.pdf,0
2015,reed,0,0,0,1,0,"White, non-Hispanic",258,844,853,reed-cds-secB-2015-2016.pdf,0
2015,reed,0,0,0,1,0,"American Indian or Alaska Native, non-Hispanic",1,5,5,reed-cds-secB-2015-2016.pdf,0
2015,reed,0,0,0,1,0,"Asian, non-Hispanic",29,74,78,reed-cds-secB-2015-2016.pdf,0
2015,reed,0,0,0,1,0,"Native Hawaiian or other Pacific Islander, non-Hispanic",1,4,4,reed-cds-secB-2015-2016.pdf,0
2015,reed,0,0,0,1,0,"Two or more races, non-Hispanic",38,107,109,reed-cds-secB-2015-2016.pdf,0
2015,reed,0,0,0,1,0,Race and/or ethnicity unknown,9,75,80,reed-cds-secB-2015-2016.pdf,0
2015,reed,0,0,0,1,0,Total,421,1396,1430,reed-cds-secB-2015-2016.pdf,0
2015,rice,0,0,0,0,1,Nonresident,112,472,501,cds_2015-16.pdf,0
2015,rice,0,0,0,0,1,Hispanic/Latino,127,545,546,cds_2015-16.pdf,0
2015,rice,0,0,0,0,1,"Black or African American, non-Hispanic",62,253,253,cds_2015-16.pdf,0
2015,rice,0,0,0,0,1,"White, non-Hispanic",355,1438,1438,cds_2015-16.pdf,0
2015,rice,0,0,0,0,1,"American Indian or Alaska Native, non-Hispanic",3,4,4,cds_2015-16.pdf,0
2015,rice,0,0,0,0,1,"Asian, non-Hispanic",250,934,934,cds_2015-16.pdf,0
2015,rice,0,0,0,0,1,"Native Hawaiian or other Pacific Islander, non-Hispanic",1,2,2,cds_2015-16.pdf,0
2015,rice,0,0,0,0,1,"Two or more races, non-Hispanic",41,173,173,cds_2015-16.pdf,0
2015,rice,0,0,0,0,1,Race and/or ethnicity unknown,17,58,59,cds_2015-16.pdf,0
2015,rice,0,0,0,0,1,Total,968,3879,3910,cds_2015-16.pdf,0
2015,richmond,0,0,0,0,1,Nonresident,80,269,356,cds_2015-16.pdf,0
2015,richmond,0,0,0,0,1,Hispanic/Latino,57,224,224,cds_2015-16.pdf,0
2015,richmond,0,0,0,0,1,"Black or African American, non-Hispanic",42,175,175,cds_2015-16.pdf,0
2015,richmond,0,0,0,0,1,"White, non-Hispanic",494,1698,1707,cds_2015-16.pdf,0
2015,richmond,0,0,0,0,1,"American Indian or Alaska Native, non-Hispanic",2,8,9,cds_2015-16.pdf,0
2015,richmond,0,0,0,0,1,"Asian, non-Hispanic",49,211,214,cds_2015-16.pdf,0
2015,richmond,0,0,0,0,1,"Native Hawaiian or other Pacific Islander, non-Hispanic",1,1,1,cds_2015-16.pdf,0
2015,richmond,0,0,0,0,1,"Two or more races, non-Hispanic",37,120,120,cds_2015-16.pdf,0
2015,richmond,0,0,0,0,1,Race and/or ethnicity unknown,45,183,184,cds_2015-16.pdf,0
2015,richmond,0,0,0,0,1,Total,807,2889,2990,cds_2015-16.pdf,0
2015,smith,0,0,0,1,1,Nonresident,97,346,349,SmithCollege_CDS_2015-2016.pdf,0
2015,smith,0,0,0,1,1,Hispanic/Latino,69,257,257,SmithCollege_CDS_2015-2016.pdf,0
2015,smith,0,0,0,1,1,"Black or African American, non-Hispanic",44,135,135,SmithCollege_CDS_2015-2016.pdf,0
2015,smith,0,0,0,1,1,"White, non-Hispanic",249,1112,1112,SmithCollege_CDS_2015-2016.pdf,0
2015,smith,0,0,0,1,1,"American Indian or Alaska Native, non-Hispanic",1,4,4,SmithCollege_CDS_2015-2016.pdf,0
2015,smith,0,0,0,1,1,"Asian, non-Hispanic",61,290,291,SmithCollege_CDS_2015-2016.pdf,0
2015,smith,0,0,0,1,1,"Native Hawaiian or other Pacific Islander, non-Hispanic",0,2,2,SmithCollege_CDS_2015-2016.pdf,0
2015,smith,0,0,0,1,1,"Two or more races, non-Hispanic",32,117,117,SmithCollege_CDS_2015-2016.pdf,0
2015,smith,0,0,0,1,1,Race and/or ethnicity unknown,56,210,211,SmithCollege_CDS_2015-2016.pdf,0
2015,smith,0,0,0,1,1,Total,609,2473,2478,SmithCollege_CDS_2015-2016.pdf,0
2015,stanford,0,1,0,0,1,Nonresident,177,612,612,cds_2015-2016.pdf,0
2015,stanford,0,1,0,0,1,Hispanic/Latino,230,1072,1072,cds_2015-2016.pdf,0
2015,stanford,0,1,0,0,1,"Black or African American, non-Hispanic",107,425,426,cds_2015-2016.pdf,0
2015,stanford,0,1,0,0,1,"White, non-Hispanic",625,2614,2614,cds_2015-2016.pdf,0
2015,stanford,0,1,0,0,1,"American Indian or Alaska Native, non-Hispanic",7,71,71,cds_2015-2016.pdf,0
2015,stanford,0,1,0,0,1,"Asian, non-Hispanic",385,1432,1432,cds_2015-2016.pdf,0
2015,stanford,0,1,0,0,1,"Native Hawaiian or other Pacific Islander, non-Hispanic",6,22,22,cds_2015-2016.pdf,0
2015,stanford,0,1,0,0,1,"Two or more races, non-Hispanic",176,725,725,cds_2015-2016.pdf,0
2015,stanford,0,1,0,0,1,Race and/or ethnicity unknown,6,21,25,cds_2015-2016.pdf,0
2015,stanford,0,1,0,0,1,Total,1719,6994,7000,cds_2015-2016.pdf,0
2015,swarthmore,0,0,0,1,1,Nonresident,52,169,171,cds-2015-2016.pdf,0
2015,swarthmore,0,0,0,1,1,Hispanic/Latino,48,202,204,cds-2015-2016.pdf,0
2015,swarthmore,0,0,0,1,1,"Black or African American, non-Hispanic",27,95,95,cds-2015-2016.pdf,0
2015,swarthmore,0,0,0,1,1,"White, non-Hispanic",166,661,670,cds-2015-2016.pdf,0
2015,swarthmore,0,0,0,1,1,"American Indian or Alaska Native, non-Hispanic",0,1,1,cds-2015-2016.pdf,0
2015,swarthmore,0,0,0,1,1,"Asian, non-Hispanic",78,269,269,cds-2015-2016.pdf,0
2015,swarthmore,0,0,0,1,1,"Native Hawaiian or other Pacific Islander, non-Hispanic",1,2,2,cds-2015-2016.pdf,0
2015,swarthmore,0,0,0,1,1,"Two or more races, non-Hispanic",27,120,120,cds-2015-2016.pdf,0
2015,swarthmore,0,0,0,1,1,Race and/or ethnicity unknown,8,47,49,cds-2015-2016.pdf,0
2015,swarthmore,0,0,0,1,1,Total,407,1566,1581,cds-2015-2016.pdf,0
2015,trinity,0,0,1,1,0,Nonresident,56,217,217,CDS_2015-2016.pdf,0
2015,trinity,0,0,1,1,0,Hispanic/Latino,49,166,166,CDS_2015-2016.pdf,0
2015,trinity,0,0,1,1,0,"Black or African American, non-Hispanic",39,135,137,CDS_2015-2016.pdf,0
2015,trinity,0,0,1,1,0,"White, non-Hispanic",363,1461,1472,CDS_2015-2016.pdf,0
2015,trinity,0,0,1,1,0,"American Indian or Alaska Native, non-Hispanic",0,2,2,CDS_2015-2016.pdf,0
2015,trinity,0,0,1,1,0,"Asian, non-Hispanic",13,88,89,CDS_2015-2016.pdf,0
2015,trinity,0,0,1,1,0,"Native Hawaiian or other Pacific Islander, non-Hispanic",0,0,0,CDS_2015-2016.pdf,0
2015,trinity,0,0,1,1,0,"Two or more races, non-Hispanic",14,65,65,CDS_2015-2016.pdf,0
2015,trinity,0,0,1,1,0,Race and/or ethnicity unknown,25,117,141,CDS_2015-2016.pdf,0
2015,trinity,0,0,1,1,0,Total,559,2251,2289,CDS_2015-2016.pdf,0
2015,tufts,0,0,1,1,0,Nonresident,144,484,484,CDS_2015-2016.pdf,0
2015,tufts,0,0,1,1,0,Hispanic/Latino,74,326,331,CDS_2015-2016.pdf,0
2015,tufts,0,0,1,1,0,"Black or African American, non-Hispanic",43,202,202,CDS_2015-2016.pdf,0
2015,tufts,0,0,1,1,0,"White, non-Hispanic",834,3046,3056,CDS_2015-2016.pdf,0
2015,tufts,0,0,1,1,0,"American Indian or Alaska Native, non-Hispanic",0,2,2,CDS_2015-2016.pdf,0
2015,tufts,0,0,1,1,0,"Asian, non-Hispanic",162,591,593,CDS_2015-2016.pdf,0
2015,tufts,0,0,1,1,0,"Native Hawaiian or other Pacific Islander, non-Hispanic",0,1,1,CDS_2015-2016.pdf,0
2015,tufts,0,0,1,1,0,"Two or more races, non-Hispanic",49,231,233,CDS_2015-2016.pdf,0
2015,tufts,0,0,1,1,0,Race and/or ethnicity unknown,52,353,388,CDS_2015-2016.pdf,0
2015,tufts,0,0,1,1,0,Total,1358,5236,5290,CDS_2015-2016.pdf,0
2015,ucla,0,0,0,0,1,Race and/or ethnicity unknown,112,560,,cds_2015-16.pdf,0
2015,ucla,0,0,0,0,1,Total,5679,29575,,cds_2015-16.pdf,0
2015,umich,0,0,0,0,1,Nonresident,244,1871,1959,cds_2015-2016.pdf,0
2015,umich,0,0,0,0,1,Hispanic/Latino,344,1295,1300,cds_2015-2016.pdf,0
2015,umich,0,0,0,0,1,"Black or African American, non-Hispanic",298,1212,1216,cds_2015-2016.pdf,0
2015,umich,0,0,0,0,1,"White, non-Hispanic",3729,17312,17370,cds_2015-2016.pdf,0
2015,umich,0,0,0,0,1,"American Indian or Alaska Native, non-Hispanic",9,53,53,cds_2015-2016.pdf,0
2015,umich,0,0,0,0,1,"Asian, non-Hispanic",821,3578,3595,cds_2015-2016.pdf,0
2015,umich,0,0,0,0,1,"Native Hawaiian or other Pacific Islander, non-Hispanic",1,10,10,cds_2015-2016.pdf,0
2015,umich,0,0,0,0,1,"Two or more races, non-Hispanic",251,967,969,cds_2015-2016.pdf,0
2015,umich,0,0,0,0,1,Race and/or ethnicity unknown,374,1822,1840,cds_2015-2016.pdf,0
2015,umich,0,0,0,0,1,Total,6071,28120,28312,cds_2015-2016.pdf,0
2015,vassar,0,0,0,1,1,Nonresident,44,171,,Vassar-College-CDS-2015-2016.pdf,0
2015,vassar,0,0,0,1,1,Hispanic/Latino,70,268,,Vassar-College-CDS-2015-2016.pdf,0
2015,vassar,0,0,0,1,1,"Black or African American, non-Hispanic",26,119,,Vassar-College-CDS-2015-2016.pdf,0
2015,vassar,0,0,0,1,1,"White, non-Hispanic",400,1431,,Vassar-College-CDS-2015-2016.pdf,0
2015,vassar,0,0,0,1,1,"American Indian or Alaska Native, non-Hispanic",0,1,,Vassar-College-CDS-2015-2016.pdf,0
2015,vassar,0,0,0,1,1,"Asian, non-Hispanic",81,271,,Vassar-College-CDS-2015-2016.pdf,0
2015,vassar,0,0,0,1,1,"Native Hawaiian or other Pacific Islander, non-Hispanic",0,0,0,Vassar-College-CDS-2015-2016.pdf,0
2015,vassar,0,0,0,1,1,"Two or more races, non-Hispanic",45,150,,Vassar-College-CDS-2015-2016.pdf,0
2015,vassar,0,0,0,1,1,Race and/or ethnicity unknown,1,3,,Vassar-College-CDS-2015-2016.pdf,0
2015,vassar,0,0,0,1,1,Total,667,2414,0,Vassar-College-CDS-2015-2016.pdf,0
2015,washandlee,0,0,0,1,1,Nonresident,26,80,,wlu_cds_2015-16.pdf,0
2015,washandlee,0,0,0,1,1,Hispanic/Latino,12,63,,wlu_cds_2015-16.pdf,0
2015,washandlee,0,0,0,1,1,"Black or African American, non-Hispanic",13,40,,wlu_cds_2015-16.pdf,0
2015,washandlee,0,0,0,1,1,"White, non-Hispanic",367,1517,,wlu_cds_2015-16.pdf,0
2015,washandlee,0,0,0,1,1,"American Indian or Alaska Native, non-Hispanic",0,2,,wlu_cds_2015-16.pdf,0
2015,washandlee,0,0,0,1,1,"Asian, non-Hispanic",15,61,,wlu_cds_2015-16.pdf,0
2015,washandlee,0,0,0,1,1,"Native Hawaiian or other Pacific Islander, non-Hispanic",0,0,,wlu_cds_2015-16.pdf,0
2015,washandlee,0,0,0,1,1,"Two or more races, non-Hispanic",11,52,,wlu_cds_2015-16.pdf,0
2015,washandlee,0,0,0,1,1,Race and/or ethnicity unknown,10,29,,wlu_cds_2015-16.pdf,0
2015,washandlee,0,0,0,1,1,Total,454,1844,,wlu_cds_2015-16.pdf,0
2015,wellesley,0,0,0,1,1,Nonresident,83,260,,Wellesley_CDS_2015-2016.pdf,0
2015,wellesley,0,0,0,1,1,Hispanic/Latino,79,235,,Wellesley_CDS_2015-2016.pdf,0
2015,wellesley,0,0,0,1,1,"Black or African American, non-Hispanic",32,118,,Wellesley_CDS_2015-2016.pdf,0
2015,wellesley,0,0,0,1,1,"White, non-Hispanic",206,860,,Wellesley_CDS_2015-2016.pdf,0
2015,wellesley,0,0,0,1,1,"American Indian or Alaska Native, non-Hispanic",1,2,,Wellesley_CDS_2015-2016.pdf,0
2015,wellesley,0,0,0,1,1,"Asian, non-Hispanic",117,497,,Wellesley_CDS_2015-2016.pdf,0
2015,wellesley,0,0,0,1,1,"Native Hawaiian or other Pacific Islander, non-Hispanic",0,0,,Wellesley_CDS_2015-2016.pdf,0
2015,wellesley,0,0,0,1,1,"Two or more races, non-Hispanic",26,129,,Wellesley_CDS_2015-2016.pdf,0
2015,wellesley,0,0,0,1,1,Race and/or ethnicity unknown,49,87,,Wellesley_CDS_2015-2016.pdf,0
2015,wellesley,0,0,0,1,1,Total,593,2188,2356,Wellesley_CDS_2015-2016.pdf,0
2015,wesleyan,0,0,1,1,1,Nonresident,77,254,259,cds2015-16.pdf,0
2015,wesleyan,0,0,1,1,1,Hispanic/Latino,91,303,307,cds2015-16.pdf,0
2015,wesleyan,0,0,1,1,1,"Black or African American, non-Hispanic",56,198,225,cds2015-16.pdf,0
2015,wesleyan,0,0,1,1,1,"White, non-Hispanic",398,1508,1533,cds2015-16.pdf,0
2015,wesleyan,0,0,1,1,1,"American Indian or Alaska Native, non-Hispanic",0,1,1,cds2015-16.pdf,0
2015,wesleyan,0,0,1,1,1,"Asian, non-Hispanic",59,236,237,cds2015-16.pdf,0
2015,wesleyan,0,0,1,1,1,"Native Hawaiian or other Pacific Islander, non-Hispanic",0,3,3,cds2015-16.pdf,0
2015,wesleyan,0,0,1,1,1,"Two or more races, non-Hispanic",49,165,166,cds2015-16.pdf,0
2015,wesleyan,0,0,1,1,1,Race and/or ethnicity unknown,27,151,166,cds2015-16.pdf,0
2015,wesleyan,0,0,1,1,1,Total,757,2819,2897,cds2015-16.pdf,0
2015,williams,0,0,1,1,1,Nonresident,46,161,173,2015-2016_williams_common_data_set.pdf,0
2015,williams,0,0,1,1,1,Hispanic/Latino,67,261,263,2015-2016_williams_common_data_set.pdf,0
2015,williams,0,0,1,1,1,"Black or African American, non-Hispanic",51,157,157,2015-2016_williams_common_data_set.pdf,0
2015,williams,0,0,1,1,1,"White, non-Hispanic",283,1106,1126,2015-2016_williams_common_data_set.pdf,0
2015,williams,0,0,1,1,1,"American Indian or Alaska Native, non-Hispanic",1,4,4,2015-2016_williams_common_data_set.pdf,0
2015,williams,0,0,1,1,1,"Asian, non-Hispanic",76,243,243,2015-2016_williams_common_data_set.pdf,0
2015,williams,0,0,1,1,1,"Native Hawaiian or other Pacific Islander, non-Hispanic",0,0,0,2015-2016_williams_common_data_set.pdf,0
2015,williams,0,0,1,1,1,Race and/or ethnicity unknown,0,0,0,2015-2016_williams_common_data_set.pdf,0
2015,williams,0,0,1,1,1,Total,551,2065,2099,2015-2016_williams_common_data_set.pdf,0
2015,wustl,0,0,0,0,1,Nonresident,126,556,622,wustl_cds_2015-2016.pdf,0
2015,wustl,0,0,0,0,1,Hispanic/Latino,149,459,474,wustl_cds_2015-2016.pdf,0
2015,wustl,0,0,0,0,1,"Black or African American, non-Hispanic",123,404,476,wustl_cds_2015-2016.pdf,0
2015,wustl,0,0,0,0,1,"White, non-Hispanic",916,3835,4091,wustl_cds_2015-2016.pdf,0
2015,wustl,0,0,0,0,1,"American Indian or Alaska Native, non-Hispanic",1,5,6,wustl_cds_2015-2016.pdf,0
2015,wustl,0,0,0,0,1,"Asian, non-Hispanic",317,1307,1336,wustl_cds_2015-2016.pdf,0
2015,wustl,0,0,0,0,1,"Native Hawaiian or other Pacific Islander, non-Hispanic",0,0,0,wustl_cds_2015-2016.pdf,0
2015,wustl,0,0,0,0,1,"Two or more races, non-Hispanic",75,299,303,wustl_cds_2015-2016.pdf,0
2015,wustl,0,0,0,0,1,Race and/or ethnicity unknown,24,167,196,wustl_cds_2015-2016.pdf,0
2015,wustl,0,0,0,0,1,Total,1731,7032,7504,wustl_cds_2015-2016.pdf,0
2015,yale,1,1,0,0,1,Nonresident,149,586,,cds2015_2016_0.pdf,0
2015,yale,1,1,0,0,1,Hispanic/Latino,182,632,,cds2015_2016_0.pdf,0
2015,yale,1,1,0,0,1,"Black or African American, non-Hispanic",96,376,,cds2015_2016_0.pdf,0
2015,yale,1,1,0,0,1,"White, non-Hispanic",611,2571,,cds2015_2016_0.pdf,0
2015,yale,1,1,0,0,1,"American Indian or Alaska Native, non-Hispanic",5,34,,cds2015_2016_0.pdf,0
2015,yale,1,1,0,0,1,"Asian, non-Hispanic",248,956,,cds2015_2016_0.pdf,0
2015,yale,1,1,0,0,1,"Native Hawaiian or other Pacific Islander, non-Hispanic",0,2,,cds2015_2016_0.pdf,0
2015,yale,1,1,0,0,1,"Two or more races, non-Hispanic",64,312,,cds2015_2016_0.pdf,0
2015,yale,1,1,0,0,1,Race and/or ethnicity unknown,8,59,,cds2015_2016_0.pdf,0
2015,yale,1,1,0,0,1,Total,1363,5528,,cds2015_2016_0.pdf,0
2016,amherst,0,0,1,1,1,Nonresident,38,174,174,amherst_cds_2016_B_Enrollment_and_Persistence_0.pdf,0
2016,amherst,0,0,1,1,1,Hispanic/Latino,68,253,253,amherst_cds_2016_B_Enrollment_and_Persistence_0.pdf,0
2016,amherst,0,0,1,1,1,"Black or African American, non-Hispanic",53,214,214,amherst_cds_2016_B_Enrollment_and_Persistence_0.pdf,0
2016,amherst,0,0,1,1,1,"White, non-Hispanic",201,790,790,amherst_cds_2016_B_Enrollment_and_Persistence_0.pdf,0
2016,amherst,0,0,1,1,1,"American Indian or Alaska Native, non-Hispanic",3,8,8,amherst_cds_2016_B_Enrollment_and_Persistence_0.pdf,0
2016,amherst,0,0,1,1,1,"Asian, non-Hispanic",73,260,260,amherst_cds_2016_B_Enrollment_and_Persistence_0.pdf,0
2016,amherst,0,0,1,1,1,"Native Hawaiian or other Pacific Islander, non-Hispanic",0,0,0,amherst_cds_2016_B_Enrollment_and_Persistence_0.pdf,0
2016,amherst,0,0,1,1,1,"Two or more races, non-Hispanic",25,90,90,amherst_cds_2016_B_Enrollment_and_Persistence_0.pdf,0
2016,amherst,0,0,1,1,1,Race and/or ethnicity unknown,10,60,60,amherst_cds_2016_B_Enrollment_and_Persistence_0.pdf,0
2016,amherst,0,0,1,1,1,Total,471,1849,1849,amherst_cds_2016_B_Enrollment_and_Persistence_0.pdf,0
2016,army,0,0,0,0,1,Nonresident,14,57,57,cds_2016-2017.pdf,0
2016,army,0,0,0,0,1,Hispanic/Latino,137,512,512,cds_2016-2017.pdf,0
2016,army,0,0,0,0,1,"Black or African American, non-Hispanic",151,470,470,cds_2016-2017.pdf,0
2016,army,0,0,0,0,1,"White, non-Hispanic",786,2802,2802,cds_2016-2017.pdf,0
2016,army,0,0,0,0,1,"American Indian or Alaska Native, non-Hispanic",13,46,46,cds_2016-2017.pdf,0
2016,army,0,0,0,0,1,"Asian, non-Hispanic",83,269,269,cds_2016-2017.pdf,0
2016,army,0,0,0,0,1,"Native Hawaiian or other Pacific Islander, non-Hispanic",3,26,26,cds_2016-2017.pdf,0
2016,army,0,0,0,0,1,"Two or more races, non-Hispanic",53,162,162,cds_2016-2017.pdf,0
2016,army,0,0,0,0,1,Race and/or ethnicity unknown,20,45,45,cds_2016-2017.pdf,0
2016,army,0,0,0,0,1,Total,1260,4389,4389,cds_2016-2017.pdf,0
2016,barnard,0,0,0,1,1,Nonresident,46,215,219,Barnard_CDS_2016-2017.pdf,0
2016,barnard,0,0,0,1,1,Hispanic/Latino,81,321,324,Barnard_CDS_2016-2017.pdf,0
2016,barnard,0,0,0,1,1,"Black or African American, non-Hispanic",28,163,163,Barnard_CDS_2016-2017.pdf,0
2016,barnard,0,0,0,1,1,"White, non-Hispanic",327,1349,1352,Barnard_CDS_2016-2017.pdf,0
2016,barnard,0,0,0,1,1,"American Indian or Alaska Native, non-Hispanic",1,4,4,Barnard_CDS_2016-2017.pdf,0
2016,barnard,0,0,0,1,1,"Asian, non-Hispanic",79,360,363,Barnard_CDS_2016-2017.pdf,0
2016,barnard,0,0,0,1,1,"Native Hawaiian or other Pacific Islander, non-Hispanic",0,1,1,Barnard_CDS_2016-2017.pdf,0
2016,barnard,0,0,0,1,1,"Two or more races, non-Hispanic",28,143,143,Barnard_CDS_2016-2017.pdf,0
2016,barnard,0,0,0,1,1,Race and/or ethnicity unknown,15,18,19,Barnard_CDS_2016-2017.pdf,0
2016,barnard,0,0,0,1,1,Total,605,2574,2588,Barnard_CDS_2016-2017.pdf,0
2016,bates,0,0,1,1,1,Nonresident,35,122,122,CDS_2016-2017.pdf,0
2016,bates,0,0,1,1,1,Hispanic/Latino,55,154,154,CDS_2016-2017.pdf,0
2016,bates,0,0,1,1,1,"Black or African American, non-Hispanic",21,103,103,CDS_2016-2017.pdf,0
2016,bates,0,0,1,1,1,"White, non-Hispanic",343,1243,1243,CDS_2016-2017.pdf,0
2016,bates,0,0,1,1,1,"American Indian or Alaska Native, non-Hispanic",0,2,2,CDS_2016-2017.pdf,0
2016,bates,0,0,1,1,1,"Asian, non-Hispanic",20,75,75,CDS_2016-2017.pdf,0
2016,bates,0,0,1,1,1,"Native Hawaiian or other Pacific Islander, non-Hispanic",0,0,0,CDS_2016-2017.pdf,0
2016,bates,0,0,1,1,1,"Two or more races, non-Hispanic",24,77,77,CDS_2016-2017.pdf,0
2016,bates,0,0,1,1,1,Race and/or ethnicity unknown,0,4,4,CDS_2016-2017.pdf,0
2016,bates,0,0,1,1,1,Total,498,1780,1780,CDS_2016-2017.pdf,0
2016,bowdoin,0,0,1,1,1,Nonresident,24,85,90,common-data-elements-2016---2017.pdf,0
2016,bowdoin,0,0,1,1,1,Hispanic/Latino,54,192,192,common-data-elements-2016---2017.pdf,0
2016,bowdoin,0,0,1,1,1,"Black or African American, non-Hispanic",40,110,110,common-data-elements-2016---2017.pdf,0
2016,bowdoin,0,0,1,1,1,"White, non-Hispanic",317,1158,1159,common-data-elements-2016---2017.pdf,0
2016,bowdoin,0,0,1,1,1,"American Indian or Alaska Native, non-Hispanic",2,5,5,common-data-elements-2016---2017.pdf,0
2016,bowdoin,0,0,1,1,1,"Asian, non-Hispanic",23,110,110,common-data-elements-2016---2017.pdf,0
2016,bowdoin,0,0,1,1,1,"Native Hawaiian or other Pacific Islander, non-Hispanic",1,1,1,common-data-elements-2016---2017.pdf,0
2016,bowdoin,0,0,1,1,1,"Two or more races, non-Hispanic",36,118,119,common-data-elements-2016---2017.pdf,0
2016,bowdoin,0,0,1,1,1,Race and/or ethnicity unknown,6,20,20,common-data-elements-2016---2017.pdf,0
2016,bowdoin,0,0,1,1,1,Total,503,1799,1806,common-data-elements-2016---2017.pdf,0
2016,brown,1,1,0,0,1,Nonresident,179,744,859,Brown CDS_2016-2017_Final.pdf,0
2016,brown,1,1,0,0,1,Hispanic/Latino,212,768,779,Brown CDS_2016-2017_Final.pdf,0
2016,brown,1,1,0,0,1,"Black or African American, non-Hispanic",109,429,434,Brown CDS_2016-2017_Final.pdf,0
2016,brown,1,1,0,0,1,"White, non-Hispanic",728,2856,2910,Brown CDS_2016-2017_Final.pdf,0
2016,brown,1,1,0,0,1,"American Indian or Alaska Native, non-Hispanic",9,31,32,Brown CDS_2016-2017_Final.pdf,0
2016,brown,1,1,0,0,1,"Asian, non-Hispanic",251,928,972,Brown CDS_2016-2017_Final.pdf,0
2016,brown,1,1,0,0,1,"Native Hawaiian or other Pacific Islander, non-Hispanic",5,13,13,Brown CDS_2016-2017_Final.pdf,0
2016,brown,1,1,0,0,1,"Two or more races, non-Hispanic",95,410,418,Brown CDS_2016-2017_Final.pdf,0
2016,brown,1,1,0,0,1,Race and/or ethnicity unknown,91,401,509,Brown CDS_2016-2017_Final.pdf,0
2016,brown,1,1,0,0,1,Total,1679,6580,6926,Brown CDS_2016-2017_Final.pdf,0
2016,brynmawr,0,0,0,1,0,Nonresident,83,316,316,BrynMawr_CDS_2016-2017.pdf,0
2016,brynmawr,0,0,0,1,0,Hispanic/Latino,48,128,128,BrynMawr_CDS_2016-2017.pdf,0
2016,brynmawr,0,0,0,1,0,"Black or African American, non-Hispanic",29,84,85,BrynMawr_CDS_2016-2017.pdf,0
2016,brynmawr,0,0,0,1,0,"White, non-Hispanic",153,494,496,BrynMawr_CDS_2016-2017.pdf,0
2016,brynmawr,0,0,0,1,0,"American Indian or Alaska Native, non-Hispanic",0,1,1,BrynMawr_CDS_2016-2017.pdf,0
2016,brynmawr,0,0,0,1,0,"Asian, non-Hispanic",42,162,163,BrynMawr_CDS_2016-2017.pdf,0
2016,brynmawr,0,0,0,1,0,"Native Hawaiian or other Pacific Islander, non-Hispanic",0,1,1,BrynMawr_CDS_2016-2017.pdf,0
2016,brynmawr,0,0,0,1,0,"Two or more races, non-Hispanic",21,79,79,BrynMawr_CDS_2016-2017.pdf,0
2016,brynmawr,0,0,0,1,0,Race and/or ethnicity unknown,31,106,112,BrynMawr_CDS_2016-2017.pdf,0
2016,brynmawr,0,0,0,1,0,Total,407,1371,1381,BrynMawr_CDS_2016-2017.pdf,0
2016,bucknell,0,0,0,1,0,Nonresident,69,217,234,cds_2016-17.pdf,0
2016,bucknell,0,0,0,1,0,Hispanic/Latino,53,223,224,cds_2016-17.pdf,0
2016,bucknell,0,0,0,1,0,"Black or African American, non-Hispanic",35,123,123,cds_2016-17.pdf,0
2016,bucknell,0,0,0,1,0,"White, non-Hispanic",711,2665,2684,cds_2016-17.pdf,0
2016,bucknell,0,0,0,1,0,"American Indian or Alaska Native, non-Hispanic",,1,1,cds_2016-17.pdf,0
2016,bucknell,0,0,0,1,0,"Asian, non-Hispanic",47,169,169,cds_2016-17.pdf,0
2016,bucknell,0,0,0,1,0,"Two or more races, non-Hispanic",33,127,130,cds_2016-17.pdf,0
2016,bucknell,0,0,0,1,0,Race and/or ethnicity unknown,2,6,6,cds_2016-17.pdf,0
2016,bucknell,0,0,0,1,0,Total,950,3531,3571,cds_2016-17.pdf,0
2016,caltech,0,1,0,0,1,Nonresident,26,89,89,cds_2016-17.pdf,0
2016,caltech,0,1,0,0,1,Hispanic/Latino,30,116,116,cds_2016-17.pdf,0
2016,caltech,0,1,0,0,1,"Black or African American, non-Hispanic",4,14,14,cds_2016-17.pdf,0
2016,caltech,0,1,0,0,1,"White, non-Hispanic",70,280,280,cds_2016-17.pdf,0
2016,caltech,0,1,0,0,1,"American Indian or Alaska Native, non-Hispanic",0,0,,cds_2016-17.pdf,0
2016,caltech,0,1,0,0,1,"Asian, non-Hispanic",77,418,418,cds_2016-17.pdf,0
2016,caltech,0,1,0,0,1,"Native Hawaiian or other Pacific Islander, non-Hispanic",0,0,,cds_2016-17.pdf,0
2016,caltech,0,1,0,0,1,"Two or more races, non-Hispanic",28,62,62,cds_2016-17.pdf,0
2016,caltech,0,1,0,0,1,Race and/or ethnicity unknown,0,0,,cds_2016-17.pdf,0
2016,caltech,0,1,0,0,1,Total,235,979,979,cds_2016-17.pdf,0
2016,carleton,0,0,0,1,1,Nonresident,49,208,,Carleton_CDS_2016-17.pdf,0
2016,carleton,0,0,0,1,1,Hispanic/Latino,50,153,,Carleton_CDS_2016-17.pdf,0
2016,carleton,0,0,0,1,1,"Black or African American, non-Hispanic",31,92,,Carleton_CDS_2016-17.pdf,0
2016,carleton,0,0,0,1,1,"White, non-Hispanic",335,1260,,Carleton_CDS_2016-17.pdf,0
2016,carleton,0,0,0,1,1,"American Indian or Alaska Native, non-Hispanic",0,3,,Carleton_CDS_2016-17.pdf,0
2016,carleton,0,0,0,1,1,"Asian, non-Hispanic",48,175,,Carleton_CDS_2016-17.pdf,0
2016,carleton,0,0,0,1,1,"Native Hawaiian or other Pacific Islander, non-Hispanic",0,2,,Carleton_CDS_2016-17.pdf,0
2016,carleton,0,0,0,1,1,"Two or more races, non-Hispanic",42,116,,Carleton_CDS_2016-17.pdf,0
2016,carleton,0,0,0,1,1,Race and/or ethnicity unknown,12,36,,Carleton_CDS_2016-17.pdf,0
2016,carleton,0,0,0,1,1,Total,567,2045,0,Carleton_CDS_2016-17.pdf,0
2016,cmc,0,0,0,0,1,Nonresident,55,229,232,cds_2016-2017.pdf,0
2016,cmc,0,0,0,0,1,Hispanic/Latino,43,190,190,cds_2016-2017.pdf,0
2016,cmc,0,0,0,0,1,"Black or African American, non-Hispanic",17,61,61,cds_2016-2017.pdf,0
2016,cmc,0,0,0,0,1,"White, non-Hispanic",142,564,564,cds_2016-2017.pdf,0
2016,cmc,0,0,0,0,1,"American Indian or Alaska Native, non-Hispanic",0,1,1,cds_2016-2017.pdf,0
2016,cmc,0,0,0,0,1,"Asian, non-Hispanic",37,140,140,cds_2016-2017.pdf,0
2016,cmc,0,0,0,0,1,"Native Hawaiian or other Pacific Islander, non-Hispanic",0,2,2,cds_2016-2017.pdf,0
2016,cmc,0,0,0,0,1,"Two or more races, non-Hispanic",13,78,78,cds_2016-2017.pdf,0
2016,cmc,0,0,0,0,1,Race and/or ethnicity unknown,14,79,79,cds_2016-2017.pdf,0
2016,cmc,0,0,0,0,1,Total,321,1344,1347,cds_2016-2017.pdf,0
2016,colgate,0,0,0,0,1,Nonresident,73,260,260,cds_2016-17.pdf,0
2016,colgate,0,0,0,0,1,Hispanic/Latino,58,265,265,cds_2016-17.pdf,0
2016,colgate,0,0,0,0,1,"Black or African American, non-Hispanic",35,129,130,cds_2016-17.pdf,0
2016,colgate,0,0,0,0,1,"White, non-Hispanic",508,1887,1899,cds_2016-17.pdf,0
2016,colgate,0,0,0,0,1,"American Indian or Alaska Native, non-Hispanic",0,3,3,cds_2016-17.pdf,0
2016,colgate,0,0,0,0,1,"Asian, non-Hispanic",30,106,106,cds_2016-17.pdf,0
2016,colgate,0,0,0,0,1,"Native Hawaiian or other Pacific Islander, non-Hispanic",0,0,0,cds_2016-17.pdf,0
2016,colgate,0,0,0,0,1,"Two or more races, non-Hispanic",27,107,107,cds_2016-17.pdf,0
2016,colgate,0,0,0,0,1,Race and/or ethnicity unknown,35,107,112,cds_2016-17.pdf,0
2016,colgate,0,0,0,0,1,Total,766,2864,2882,cds_2016-17.pdf,0
2016,conncoll,0,0,1,1,0,Nonresident,38,125,,Connecticut-College-CDS_2016-2017.pdf,0
2016,conncoll,0,0,1,1,0,Hispanic/Latino,48,161,,Connecticut-College-CDS_2016-2017.pdf,0
2016,conncoll,0,0,1,1,0,"Black or African American, non-Hispanic",16,70,,Connecticut-College-CDS_2016-2017.pdf,0
2016,conncoll,0,0,1,1,0,"White, non-Hispanic",319,1278,,Connecticut-College-CDS_2016-2017.pdf,0
2016,conncoll,0,0,1,1,0,"American Indian or Alaska Native, non-Hispanic",0,1,,Connecticut-College-CDS_2016-2017.pdf,0
2016,conncoll,0,0,1,1,0,"Asian, non-Hispanic",24,80,,Connecticut-College-CDS_2016-2017.pdf,0
2016,conncoll,0,0,1,1,0,"Native Hawaiian or other Pacific Islander, non-Hispanic",0,1,,Connecticut-College-CDS_2016-2017.pdf,0
2016,conncoll,0,0,1,1,0,"Two or more races, non-Hispanic",11,57,,Connecticut-College-CDS_2016-2017.pdf,0
2016,conncoll,0,0,1,1,0,Race and/or ethnicity unknown,16,49,,Connecticut-College-CDS_2016-2017.pdf,0
2016,conncoll,0,0,1,1,0,Total,472,1822,0,Connecticut-College-CDS_2016-2017.pdf,0
2016,cornell,1,1,0,0,1,Nonresident,366,1461,1554,CDS_2016-2017.pdf,0
2016,cornell,1,1,0,0,1,Hispanic/Latino,463,1814,1815,CDS_2016-2017.pdf,0
2016,cornell,1,1,0,0,1,"Black or African American, non-Hispanic",223,917,917,CDS_2016-2017.pdf,0
2016,cornell,1,1,0,0,1,"White, non-Hispanic",1205,5723,5723,CDS_2016-2017.pdf,0
2016,cornell,1,1,0,0,1,"American Indian or Alaska Native, non-Hispanic",21,64,64,CDS_2016-2017.pdf,0
2016,cornell,1,1,0,0,1,"Asian, non-Hispanic",604,2664,2664,CDS_2016-2017.pdf,0
2016,cornell,1,1,0,0,1,"Native Hawaiian or other Pacific Islander, non-Hispanic",3,13,13,CDS_2016-2017.pdf,0
2016,cornell,1,1,0,0,1,"Two or more races, non-Hispanic",159,654,654,CDS_2016-2017.pdf,0
2016,cornell,1,1,0,0,1,Race and/or ethnicity unknown,271,1161,1162,CDS_2016-2017.pdf,0
2016,cornell,1,1,0,0,1,Total,3315,14471,14566,CDS_2016-2017.pdf,0
2016,dartmouth,1,1,0,0,1,Nonresident,100,358,384,cds_2016-2017.pdf,0
2016,dartmouth,1,1,0,0,1,Hispanic/Latino,118,388,390,cds_2016-2017.pdf,0
2016,dartmouth,1,1,0,0,1,"Black or African American, non-Hispanic",80,293,293,cds_2016-2017.pdf,0
2016,dartmouth,1,1,0,0,1,"White, non-Hispanic",550,2106,2136,cds_2016-2017.pdf,0
2016,dartmouth,1,1,0,0,1,"American Indian or Alaska Native, non-Hispanic",25,98,98,cds_2016-2017.pdf,0
2016,dartmouth,1,1,0,0,1,"Asian, non-Hispanic",164,645,654,cds_2016-2017.pdf,0
2016,dartmouth,1,1,0,0,1,"Native Hawaiian or other Pacific Islander, non-Hispanic",4,11,11,cds_2016-2017.pdf,0
2016,dartmouth,1,1,0,0,1,"Two or more races, non-Hispanic",60,218,219,cds_2016-2017.pdf,0
2016,dartmouth,1,1,0,0,1,Race and/or ethnicity unknown,15,113,125,cds_2016-2017.pdf,0
2016,dartmouth,1,1,0,0,1,Total,1116,4230,4310,cds_2016-2017.pdf,0
2016,duke,0,1,0,0,1,Nonresident,172,663,687,Duke_CDS_2016-2017.pdf,0
2016,duke,0,1,0,0,1,Hispanic/Latino,143,528,537,Duke_CDS_2016-2017.pdf,0
2016,duke,0,1,0,0,1,"Black or African American, non-Hispanic",186,636,635,Duke_CDS_2016-2017.pdf,0
2016,duke,0,1,0,0,1,"White, non-Hispanic",779,2947,3002,Duke_CDS_2016-2017.pdf,0
2016,duke,0,1,0,0,1,"American Indian or Alaska Native, non-Hispanic",13,38,38,Duke_CDS_2016-2017.pdf,0
2016,duke,0,1,0,0,1,"Asian, non-Hispanic",358,1400,1404,Duke_CDS_2016-2017.pdf,0
2016,duke,0,1,0,0,1,"Native Hawaiian or other Pacific Islander, non-Hispanic",0,5,5,Duke_CDS_2016-2017.pdf,0
2016,duke,0,1,0,0,1,"Two or more races, non-Hispanic",26,108,111,Duke_CDS_2016-2017.pdf,0
2016,duke,0,1,0,0,1,Race and/or ethnicity unknown,46,142,158,Duke_CDS_2016-2017.pdf,0
2016,duke,0,1,0,0,1,Total,1723,6467,6577,Duke_CDS_2016-2017.pdf,0
2016,georgetown,0,0,0,0,1,Nonresident,176,830,1011,georgetown_cds_2016-2017.pdf,0
2016,georgetown,0,0,0,0,1,Hispanic/Latino,142,628,632,georgetown_cds_2016-2017.pdf,0
2016,georgetown,0,0,0,0,1,"Black or African American, non-Hispanic",99,448,459,georgetown_cds_2016-2017.pdf,0
2016,georgetown,0,0,0,0,1,"White, non-Hispanic",898,4004,4059,georgetown_cds_2016-2017.pdf,0
2016,georgetown,0,0,0,0,1,"American Indian or Alaska Native, non-Hispanic",,2,2,georgetown_cds_2016-2017.pdf,0
2016,georgetown,0,0,0,0,1,"Asian, non-Hispanic",147,700,705,georgetown_cds_2016-2017.pdf,0
2016,georgetown,0,0,0,0,1,"Native Hawaiian or other Pacific Islander, non-Hispanic",,5,5,georgetown_cds_2016-2017.pdf,0
2016,georgetown,0,0,0,0,1,"Two or more races, non-Hispanic",74,325,329,georgetown_cds_2016-2017.pdf,0
2016,georgetown,0,0,0,0,1,Race and/or ethnicity unknown,37,170,251,georgetown_cds_2016-2017.pdf,0
2016,georgetown,0,0,0,0,1,Total,1573,7112,7453,georgetown_cds_2016-2017.pdf,0
2016,grinnell,0,0,0,0,1,Nonresident,97,304,304,GC_CDS_2016-17.pdf,0
2016,grinnell,0,0,0,0,1,Hispanic/Latino,32,125,127,GC_CDS_2016-17.pdf,0
2016,grinnell,0,0,0,0,1,"Black or African American, non-Hispanic",21,99,99,GC_CDS_2016-17.pdf,0
2016,grinnell,0,0,0,0,1,"White, non-Hispanic",194,862,875,GC_CDS_2016-17.pdf,0
2016,grinnell,0,0,0,0,1,"American Indian or Alaska Native, non-Hispanic",0,1,1,GC_CDS_2016-17.pdf,0
2016,grinnell,0,0,0,0,1,"Asian, non-Hispanic",31,130,130,GC_CDS_2016-17.pdf,0
2016,grinnell,0,0,0,0,1,"Native Hawaiian or other Pacific Islander, non-Hispanic",0,0,0,GC_CDS_2016-17.pdf,0
2016,grinnell,0,0,0,0,1,"Two or more races, non-Hispanic",14,77,77,GC_CDS_2016-17.pdf,0
2016,grinnell,0,0,0,0,1,Race and/or ethnicity unknown,25,59,86,GC_CDS_2016-17.pdf,0
2016,grinnell,0,0,0,0,1,Total,414,1657,1699,GC_CDS_2016-17.pdf,0
2016,hamilton,0,0,1,1,1,Nonresident,32,122,,hamilton_cds_2016-2017.pdf,0
2016,hamilton,0,0,1,1,1,Hispanic/Latino,40,147,,hamilton_cds_2016-2017.pdf,0
2016,hamilton,0,0,1,1,1,"Black or African American, non-Hispanic",17,75,,hamilton_cds_2016-2017.pdf,0
2016,hamilton,0,0,1,1,1,"White, non-Hispanic",300,1193,,hamilton_cds_2016-2017.pdf,0
2016,hamilton,0,0,1,1,1,"American Indian or Alaska Native, non-Hispanic",0,1,,hamilton_cds_2016-2017.pdf,0
2016,hamilton,0,0,1,1,1,"Asian, non-Hispanic",37,130,,hamilton_cds_2016-2017.pdf,0
2016,hamilton,0,0,1,1,1,"Native Hawaiian or other Pacific Islander, non-Hispanic",0,0,,hamilton_cds_2016-2017.pdf,0
2016,hamilton,0,0,1,1,1,"Two or more races, non-Hispanic",17,62,,hamilton_cds_2016-2017.pdf,0
2016,hamilton,0,0,1,1,1,Race and/or ethnicity unknown,29,137,,hamilton_cds_2016-2017.pdf,0
2016,hamilton,0,0,1,1,1,Total,472,1867,0,hamilton_cds_2016-2017.pdf,0
2016,hampshire,0,0,0,1,0,Nonresident,18,65,72,hampshire-cds-2016-2017.pdf,0
2016,hampshire,0,0,0,1,0,Hispanic/Latino,37,137,138,hampshire-cds-2016-2017.pdf,0
2016,hampshire,0,0,0,1,0,"Black or African American, non-Hispanic",27,68,74,hampshire-cds-2016-2017.pdf,0
2016,hampshire,0,0,0,1,0,"White, non-Hispanic",198,860,860,hampshire-cds-2016-2017.pdf,0
2016,hampshire,0,0,0,1,0,"American Indian or Alaska Native, non-Hispanic",0,2,2,hampshire-cds-2016-2017.pdf,0
2016,hampshire,0,0,0,1,0,"Asian, non-Hispanic",10,32,32,hampshire-cds-2016-2017.pdf,0
2016,hampshire,0,0,0,1,0,"Native Hawaiian or other Pacific Islander, non-Hispanic",0,1,1,hampshire-cds-2016-2017.pdf,0
2016,hampshire,0,0,0,1,0,"Two or more races, non-Hispanic",17,91,93,hampshire-cds-2016-2017.pdf,0
2016,hampshire,0,0,0,1,0,Race and/or ethnicity unknown,20,49,49,hampshire-cds-2016-2017.pdf,0
2016,hampshire,0,0,0,1,0,Total,327,1305,1321,hampshire-cds-2016-2017.pdf,0
2016,harvard,1,1,0,0,1,Nonresident,193,771,830,harvard_cds_2016-17.pdf,0
2016,harvard,1,1,0,0,1,Hispanic/Latino,187,732,733,harvard_cds_2016-17.pdf,0
2016,harvard,1,1,0,0,1,"Black or African American, non-Hispanic",132,473,473,harvard_cds_2016-17.pdf,0
2016,harvard,1,1,0,0,1,"White, non-Hispanic",640,2744,2746,harvard_cds_2016-17.pdf,0
2016,harvard,1,1,0,0,1,"American Indian or Alaska Native, non-Hispanic",8,20,20,harvard_cds_2016-17.pdf,0
2016,harvard,1,1,0,0,1,"Asian, non-Hispanic",354,1344,1346,harvard_cds_2016-17.pdf,0
2016,harvard,1,1,0,0,1,"Native Hawaiian or other Pacific Islander, non-Hispanic",0,3,3,harvard_cds_2016-17.pdf,0
2016,harvard,1,1,0,0,1,"Two or more races, non-Hispanic",120,450,450,harvard_cds_2016-17.pdf,0
2016,harvard,1,1,0,0,1,Race and/or ethnicity unknown,25,109,109,harvard_cds_2016-17.pdf,0
2016,harvard,1,1,0,0,1,Total,1659,6646,6710,harvard_cds_2016-17.pdf,0
2016,haverford,0,0,0,1,0,Nonresident,39,115,115,cds_2016-2017.pdf,0
2016,haverford,0,0,0,1,0,Hispanic/Latino,26,104,104,cds_2016-2017.pdf,0
2016,haverford,0,0,0,1,0,"Black or African American, non-Hispanic",24,91,91,cds_2016-2017.pdf,0
2016,haverford,0,0,0,1,0,"White, non-Hispanic",206,742,743,cds_2016-2017.pdf,0
2016,haverford,0,0,0,1,0,"American Indian or Alaska Native, non-Hispanic",0,2,2,cds_2016-2017.pdf,0
2016,haverford,0,0,0,1,0,"Asian, non-Hispanic",40,125,126,cds_2016-2017.pdf,0
2016,haverford,0,0,0,1,0,"Native Hawaiian or other Pacific Islander, non-Hispanic",0,0,0,cds_2016-2017.pdf,0
2016,haverford,0,0,0,1,0,"Two or more races, non-Hispanic",3,53,53,cds_2016-2017.pdf,0
2016,haverford,0,0,0,1,0,Race and/or ethnicity unknown,11,29,34,cds_2016-2017.pdf,0
2016,haverford,0,0,0,1,0,Total,349,1261,1268,cds_2016-2017.pdf,0
2016,hmc,0,0,0,0,1,Nonresident,11,92,92,cds_2016-2017.pdf,0
2016,hmc,0,0,0,0,1,Hispanic/Latino,47,131,131,cds_2016-2017.pdf,0
2016,hmc,0,0,0,0,1,"Black or African American, non-Hispanic",7,25,25,cds_2016-2017.pdf,0
2016,hmc,0,0,0,0,1,"White, non-Hispanic",73,295,295,cds_2016-2017.pdf,0
2016,hmc,0,0,0,0,1,"American Indian or Alaska Native, non-Hispanic",0,3,3,cds_2016-2017.pdf,0
2016,hmc,0,0,0,0,1,"Asian, non-Hispanic",35,161,161,cds_2016-2017.pdf,0
2016,hmc,0,0,0,0,1,"Native Hawaiian or other Pacific Islander, non-Hispanic",3,3,3,cds_2016-2017.pdf,0
2016,hmc,0,0,0,0,1,"Two or more races, non-Hispanic",22,79,79,cds_2016-2017.pdf,0
2016,hmc,0,0,0,0,1,Race and/or ethnicity unknown,16,40,40,cds_2016-2017.pdf,0
2016,hmc,0,0,0,0,1,Total,214,829,829,cds_2016-2017.pdf,0
2016,macalester,0,0,0,1,0,Nonresident,76,307,319,Macalester_CDS_2016-17.pdf,0
2016,macalester,0,0,0,1,0,Hispanic/Latino,37,134,134,Macalester_CDS_2016-17.pdf,0
2016,macalester,0,0,0,1,0,"Black or African American, non-Hispanic",17,59,59,Macalester_CDS_2016-17.pdf,0
2016,macalester,0,0,0,1,0,"White, non-Hispanic",306,1365,1375,Macalester_CDS_2016-17.pdf,0
2016,macalester,0,0,0,1,0,"American Indian or Alaska Native, non-Hispanic",2,4,4,Macalester_CDS_2016-17.pdf,0
2016,macalester,0,0,0,1,0,"Asian, non-Hispanic",42,141,142,Macalester_CDS_2016-17.pdf,0
2016,macalester,0,0,0,1,0,"Native Hawaiian or other Pacific Islander, non-Hispanic",1,2,2,Macalester_CDS_2016-17.pdf,0
2016,macalester,0,0,0,1,0,"Two or more races, non-Hispanic",23,108,108,Macalester_CDS_2016-17.pdf,0
2016,macalester,0,0,0,1,0,Race and/or ethnicity unknown,2,2,3,Macalester_CDS_2016-17.pdf,0
2016,macalester,0,0,0,1,0,Total,506,2122,2146,Macalester_CDS_2016-17.pdf,0
2016,middlebury,0,0,1,1,1,Total,606,2513,2532,CDS_2016-2017.pdf,0
2016,mtholyoke,0,0,0,1,0,Nonresident,136,587,592,mtholyoke_cds_2016-2017.pdf,0
2016,mtholyoke,0,0,0,1,0,Hispanic/Latino,38,169,171,mtholyoke_cds_2016-2017.pdf,0
2016,mtholyoke,0,0,0,1,0,"Black or African American, non-Hispanic",27,118,119,mtholyoke_cds_2016-2017.pdf,0
2016,mtholyoke,0,0,0,1,0,"White, non-Hispanic",279,981,989,mtholyoke_cds_2016-2017.pdf,0
2016,mtholyoke,0,0,0,1,0,"American Indian or Alaska Native, non-Hispanic",0,2,2,mtholyoke_cds_2016-2017.pdf,0
2016,mtholyoke,0,0,0,1,0,"Asian, non-Hispanic",63,229,229,mtholyoke_cds_2016-2017.pdf,0
2016,mtholyoke,0,0,0,1,0,"Native Hawaiian or other Pacific Islander, non-Hispanic",0,1,1,mtholyoke_cds_2016-2017.pdf,0
2016,mtholyoke,0,0,0,1,0,"Two or more races, non-Hispanic",22,73,74,mtholyoke_cds_2016-2017.pdf,0
2016,mtholyoke,0,0,0,1,0,Race and/or ethnicity unknown,4,19,22,mtholyoke_cds_2016-2017.pdf,0
2016,mtholyoke,0,0,0,1,0,Total,569,2179,2199,mtholyoke_cds_2016-2017.pdf,0
2016,northwestern,0,0,0,0,1,Nonresident,192,818,,cds_2016-17.pdf,0
2016,northwestern,0,0,0,0,1,Hispanic/Latino,270,1042,,cds_2016-17.pdf,0
2016,northwestern,0,0,0,0,1,"Black or African American, non-Hispanic",100,473,,cds_2016-17.pdf,0
2016,northwestern,0,0,0,0,1,"White, non-Hispanic",916,3978,,cds_2016-17.pdf,0
2016,northwestern,0,0,0,0,1,"American Indian or Alaska Native, non-Hispanic",2,5,,cds_2016-17.pdf,0
2016,northwestern,0,0,0,0,1,"Asian, non-Hispanic",332,1452,,cds_2016-17.pdf,0
2016,northwestern,0,0,0,0,1,"Native Hawaiian or other Pacific Islander, non-Hispanic",0,0,,cds_2016-17.pdf,0
2016,northwestern,0,0,0,0,1,"Two or more races, non-Hispanic",143,426,,cds_2016-17.pdf,0
2016,northwestern,0,0,0,0,1,Race and/or ethnicity unknown,30,159,,cds_2016-17.pdf,0
2016,northwestern,0,0,0,0,1,Total,1985,8353,,cds_2016-17.pdf,0
2016,notredame,0,0,0,0,1,Nonresident,120,494,527,CDS_2016-2017.pdf,0
2016,notredame,0,0,0,0,1,Hispanic/Latino,218,899,899,CDS_2016-2017.pdf,0
2016,notredame,0,0,0,0,1,"Black or African American, non-Hispanic",92,342,342,CDS_2016-2017.pdf,0
2016,notredame,0,0,0,0,1,"White, non-Hispanic",1387,5878,5878,CDS_2016-2017.pdf,0
2016,notredame,0,0,0,0,1,"American Indian or Alaska Native, non-Hispanic",0,8,8,CDS_2016-2017.pdf,0
2016,notredame,0,0,0,0,1,"Asian, non-Hispanic",109,429,429,CDS_2016-2017.pdf,0
2016,notredame,0,0,0,0,1,"Native Hawaiian or other Pacific Islander, non-Hispanic",0,3,3,CDS_2016-2017.pdf,0
2016,notredame,0,0,0,0,1,"Two or more races, non-Hispanic",111,402,402,CDS_2016-2017.pdf,0
2016,notredame,0,0,0,0,1,Race and/or ethnicity unknown,9,41,42,CDS_2016-2017.pdf,0
2016,notredame,0,0,0,0,1,Total,2046,8496,8530,CDS_2016-2017.pdf,0
2016,penn,1,1,0,0,1,Nonresident,312,1186,1186,UPenn_CDS_2016-17.pdf,0
2016,penn,1,1,0,0,1,Hispanic/Latino,247,1031,1031,UPenn_CDS_2016-17.pdf,0
2016,penn,1,1,0,0,1,"Black or African American, non-Hispanic",201,736,736,UPenn_CDS_2016-17.pdf,0
2016,penn,1,1,0,0,1,"White, non-Hispanic",1019,4388,4388,UPenn_CDS_2016-17.pdf,0
2016,penn,1,1,0,0,1,"American Indian or Alaska Native, non-Hispanic",2,8,8,UPenn_CDS_2016-17.pdf,0
2016,penn,1,1,0,0,1,"Asian, non-Hispanic",508,2054,2054,UPenn_CDS_2016-17.pdf,0
2016,penn,1,1,0,0,1,"Two or more races, non-Hispanic",106,421,421,UPenn_CDS_2016-17.pdf,0
2016,penn,1,1,0,0,1,Race and/or ethnicity unknown,33,192,192,UPenn_CDS_2016-17.pdf,0
2016,penn,1,1,0,0,1,Total,2428,10019,10019,UPenn_CDS_2016-17.pdf,0
2016,pomona,0,0,0,1,1,Nonresident,49,180,188,cds-2016-2017.pdf,0
2016,pomona,0,0,0,1,1,Hispanic/Latino,62,249,251,cds-2016-2017.pdf,0
2016,pomona,0,0,0,1,1,"Black or African American, non-Hispanic",44,136,137,cds-2016-2017.pdf,0
2016,pomona,0,0,0,1,1,"White, non-Hispanic",148,625,625,cds-2016-2017.pdf,0
2016,pomona,0,0,0,1,1,"American Indian or Alaska Native, non-Hispanic",3,6,6,cds-2016-2017.pdf,0
2016,pomona,0,0,0,1,1,"Asian, non-Hispanic",65,233,236,cds-2016-2017.pdf,0
2016,pomona,0,0,0,1,1,"Native Hawaiian or other Pacific Islander, non-Hispanic",0,2,2,cds-2016-2017.pdf,0
2016,pomona,0,0,0,1,1,"Two or more races, non-Hispanic",29,122,124,cds-2016-2017.pdf,0
2016,pomona,0,0,0,1,1,Race and/or ethnicity unknown,11,89,91,cds-2016-2017.pdf,0
2016,pomona,0,0,0,1,1,Total,411,1642,1660,cds-2016-2017.pdf,0
2016,princeton,1,1,0,0,1,Nonresident,152,625,,cds_1617_princeton.pdf,0
2016,princeton,1,1,0,0,1,Hispanic/Latino,123,505,,cds_1617_princeton.pdf,0
2016,princeton,1,1,0,0,1,"Black or African American, non-Hispanic",102,407,,cds_1617_princeton.pdf,0
2016,princeton,1,1,0,0,1,"White, non-Hispanic",572,2284,,cds_1617_princeton.pdf,0
2016,princeton,1,1,0,0,1,"American Indian or Alaska Native, non-Hispanic",1,7,,cds_1617_princeton.pdf,0
2016,princeton,1,1,0,0,1,"Asian, non-Hispanic",266,1118,,cds_1617_princeton.pdf,0
2016,princeton,1,1,0,0,1,"Native Hawaiian or other Pacific Islander, non-Hispanic",1,8,,cds_1617_princeton.pdf,0
2016,princeton,1,1,0,0,1,"Two or more races, non-Hispanic",66,201,,cds_1617_princeton.pdf,0
2016,princeton,1,1,0,0,1,Race and/or ethnicity unknown,22,81,,cds_1617_princeton.pdf,0
2016,princeton,1,1,0,0,1,Total,1305,5236,0,cds_1617_princeton.pdf,0
2016,reed,0,0,0,1,0,Nonresident,34,108,125,reed-cds-secB-2016-2017.pdf,0
2016,reed,0,0,0,1,0,Hispanic/Latino,39,161,161,reed-cds-secB-2016-2017.pdf,0
2016,reed,0,0,0,1,0,"Black or African American, non-Hispanic",5,30,30,reed-cds-secB-2016-2017.pdf,0
2016,reed,0,0,0,1,0,"White, non-Hispanic",206,818,825,reed-cds-secB-2016-2017.pdf,0
2016,reed,0,0,0,1,0,"American Indian or Alaska Native, non-Hispanic",2,5,5,reed-cds-secB-2016-2017.pdf,0
2016,reed,0,0,0,1,0,"Asian, non-Hispanic",29,86,89,reed-cds-secB-2016-2017.pdf,0
2016,reed,0,0,0,1,0,"Native Hawaiian or other Pacific Islander, non-Hispanic",0,3,4,reed-cds-secB-2016-2017.pdf,0
2016,reed,0,0,0,1,0,"Two or more races, non-Hispanic",29,110,110,reed-cds-secB-2016-2017.pdf,0
2016,reed,0,0,0,1,0,Race and/or ethnicity unknown,10,55,61,reed-cds-secB-2016-2017.pdf,0
2016,reed,0,0,0,1,0,Total,354,1376,1410,reed-cds-secB-2016-2017.pdf,0
2016,rice,0,0,0,0,1,Nonresident,106,471,,cds_2016-17.pdf,0
2016,rice,0,0,0,0,1,Hispanic/Latino,153,555,,cds_2016-17.pdf,0
2016,rice,0,0,0,0,1,"Black or African American, non-Hispanic",69,268,,cds_2016-17.pdf,0
2016,rice,0,0,0,0,1,"White, non-Hispanic",351,1420,,cds_2016-17.pdf,0
2016,rice,0,0,0,0,1,"American Indian or Alaska Native, non-Hispanic",1,4,,cds_2016-17.pdf,0
2016,rice,0,0,0,0,1,"Asian, non-Hispanic",239,938,,cds_2016-17.pdf,0
2016,rice,0,0,0,0,1,"Native Hawaiian or other Pacific Islander, non-Hispanic",1,3,,cds_2016-17.pdf,0
2016,rice,0,0,0,0,1,"Two or more races, non-Hispanic",33,155,,cds_2016-17.pdf,0
2016,rice,0,0,0,0,1,Race and/or ethnicity unknown,25,65,,cds_2016-17.pdf,0
2016,rice,0,0,0,0,1,Total,978,3879,,cds_2016-17.pdf,0
2016,richmond,0,0,0,0,1,Nonresident,78,271,349,cds_2016-17.pdf,0
2016,richmond,0,0,0,0,1,Hispanic/Latino,66,236,237,cds_2016-17.pdf,0
2016,richmond,0,0,0,0,1,"Black or African American, non-Hispanic",46,166,166,cds_2016-17.pdf,0
2016,richmond,0,0,0,0,1,"White, non-Hispanic",469,1737,1740,cds_2016-17.pdf,0
2016,richmond,0,0,0,0,1,"American Indian or Alaska Native, non-Hispanic",0,7,8,cds_2016-17.pdf,0
2016,richmond,0,0,0,0,1,"Asian, non-Hispanic",73,222,223,cds_2016-17.pdf,0
2016,richmond,0,0,0,0,1,"Native Hawaiian or other Pacific Islander, non-Hispanic",0,0,0,cds_2016-17.pdf,0
2016,richmond,0,0,0,0,1,"Two or more races, non-Hispanic",47,132,132,cds_2016-17.pdf,0
2016,richmond,0,0,0,0,1,Race and/or ethnicity unknown,36,179,181,cds_2016-17.pdf,0
2016,richmond,0,0,0,0,1,Total,815,2950,3036,cds_2016-17.pdf,0
2016,smith,0,0,0,1,1,Nonresident,91,358,362,Smith College_CDS_2016-2017.pdf,0
2016,smith,0,0,0,1,1,Hispanic/Latino,72,254,254,Smith College_CDS_2016-2017.pdf,0
2016,smith,0,0,0,1,1,"Black or African American, non-Hispanic",49,151,151,Smith College_CDS_2016-2017.pdf,0
2016,smith,0,0,0,1,1,"White, non-Hispanic",308,1133,1134,Smith College_CDS_2016-2017.pdf,0
2016,smith,0,0,0,1,1,"American Indian or Alaska Native, non-Hispanic",0,2,2,Smith College_CDS_2016-2017.pdf,0
2016,smith,0,0,0,1,1,"Asian, non-Hispanic",61,289,290,Smith College_CDS_2016-2017.pdf,0
2016,smith,0,0,0,1,1,"Native Hawaiian or other Pacific Islander, non-Hispanic",2,4,4,Smith College_CDS_2016-2017.pdf,0
2016,smith,0,0,0,1,1,"Two or more races, non-Hispanic",34,117,117,Smith College_CDS_2016-2017.pdf,0
2016,smith,0,0,0,1,1,Race and/or ethnicity unknown,37,193,200,Smith College_CDS_2016-2017.pdf,0
2016,smith,0,0,0,1,1,Total,654,2501,2514,Smith College_CDS_2016-2017.pdf,0
2016,stanford,0,1,0,0,1,Nonresident,172,640,642,cds_2016-2017.pdf,0
2016,stanford,0,1,0,0,1,Hispanic/Latino,287,1117,1117,cds_2016-2017.pdf,0
2016,stanford,0,1,0,0,1,"Black or African American, non-Hispanic",130,449,449,cds_2016-2017.pdf,0
2016,stanford,0,1,0,0,1,"White, non-Hispanic",601,2545,2545,cds_2016-2017.pdf,0
2016,stanford,0,1,0,0,1,"American Indian or Alaska Native, non-Hispanic",19,75,75,cds_2016-2017.pdf,0
2016,stanford,0,1,0,0,1,"Asian, non-Hispanic",374,1454,1454,cds_2016-2017.pdf,0
2016,stanford,0,1,0,0,1,"Native Hawaiian or other Pacific Islander, non-Hispanic",7,24,24,cds_2016-2017.pdf,0
2016,stanford,0,1,0,0,1,"Two or more races, non-Hispanic",137,700,700,cds_2016-2017.pdf,0
2016,stanford,0,1,0,0,1,Race and/or ethnicity unknown,11,28,28,cds_2016-2017.pdf,0
2016,stanford,0,1,0,0,1,Total,1738,7032,7034,cds_2016-2017.pdf,0
2016,swarthmore,0,0,0,1,1,Nonresident,50,188,189,cds-2016-2017.pdf,0
2016,swarthmore,0,0,0,1,1,Hispanic/Latino,56,206,206,cds-2016-2017.pdf,0
2016,swarthmore,0,0,0,1,1,"Black or African American, non-Hispanic",32,106,106,cds-2016-2017.pdf,0
2016,swarthmore,0,0,0,1,1,"White, non-Hispanic",176,686,687,cds-2016-2017.pdf,0
2016,swarthmore,0,0,0,1,1,"American Indian or Alaska Native, non-Hispanic",1,2,2,cds-2016-2017.pdf,0
2016,swarthmore,0,0,0,1,1,"Asian, non-Hispanic",58,264,264,cds-2016-2017.pdf,0
2016,swarthmore,0,0,0,1,1,"Native Hawaiian or other Pacific Islander, non-Hispanic",0,2,2,cds-2016-2017.pdf,0
2016,swarthmore,0,0,0,1,1,"Two or more races, non-Hispanic",26,121,121,cds-2016-2017.pdf,0
2016,swarthmore,0,0,0,1,1,Race and/or ethnicity unknown,16,42,43,cds-2016-2017.pdf,0
2016,swarthmore,0,0,0,1,1,Total,415,1617,1620,cds-2016-2017.pdf,0
2016,trinity,0,0,1,1,0,Nonresident,64,215,215,CDS_2016-2017.pdf,0
2016,trinity,0,0,1,1,0,Hispanic/Latino,44,168,169,CDS_2016-2017.pdf,0
2016,trinity,0,0,1,1,0,"Black or African American, non-Hispanic",31,136,136,CDS_2016-2017.pdf,0
2016,trinity,0,0,1,1,0,"White, non-Hispanic",382,1454,1463,CDS_2016-2017.pdf,0
2016,trinity,0,0,1,1,0,"American Indian or Alaska Native, non-Hispanic",0,2,2,CDS_2016-2017.pdf,0
2016,trinity,0,0,1,1,0,"Asian, non-Hispanic",20,88,89,CDS_2016-2017.pdf,0
2016,trinity,0,0,1,1,0,"Native Hawaiian or other Pacific Islander, non-Hispanic",0,0,0,CDS_2016-2017.pdf,0
2016,trinity,0,0,1,1,0,"Two or more races, non-Hispanic",15,59,60,CDS_2016-2017.pdf,0
2016,trinity,0,0,1,1,0,Race and/or ethnicity unknown,16,103,125,CDS_2016-2017.pdf,0
2016,trinity,0,0,1,1,0,Total,572,2225,2259,CDS_2016-2017.pdf,0
2016,tufts,0,0,1,1,0,Nonresident,152,563,570,CDS_2016-2017.pdf,0
2016,tufts,0,0,1,1,0,Hispanic/Latino,89,361,365,CDS_2016-2017.pdf,0
2016,tufts,0,0,1,1,0,"Black or African American, non-Hispanic",64,231,231,CDS_2016-2017.pdf,0
2016,tufts,0,0,1,1,0,"White, non-Hispanic",733,3084,3090,CDS_2016-2017.pdf,0
2016,tufts,0,0,1,1,0,"American Indian or Alaska Native, non-Hispanic",0,0,0,CDS_2016-2017.pdf,0
2016,tufts,0,0,1,1,0,"Asian, non-Hispanic",179,649,652,CDS_2016-2017.pdf,0
2016,tufts,0,0,1,1,0,"Native Hawaiian or other Pacific Islander, non-Hispanic",0,0,0,CDS_2016-2017.pdf,0
2016,tufts,0,0,1,1,0,"Two or more races, non-Hispanic",71,254,256,CDS_2016-2017.pdf,0
2016,tufts,0,0,1,1,0,Race and/or ethnicity unknown,48,317,344,CDS_2016-2017.pdf,0
2016,tufts,0,0,1,1,0,Total,1336,5459,5508,CDS_2016-2017.pdf,0
2016,ucla,0,0,0,0,1,Race and/or ethnicity unknown,161,632,,cds_2016-17.pdf,0
2016,ucla,0,0,0,0,1,Total,6545,30856,,cds_2016-17.pdf,0
2016,umich,0,0,0,0,1,Nonresident,320,1949,2061,cds_2016-2017.pdf,0
2016,umich,0,0,0,0,1,Hispanic/Latino,428,1492,1495,cds_2016-2017.pdf,0
2016,umich,0,0,0,0,1,"Black or African American, non-Hispanic",293,1249,1255,cds_2016-2017.pdf,0
2016,umich,0,0,0,0,1,"White, non-Hispanic",4123,17574,17630,cds_2016-2017.pdf,0
2016,umich,0,0,0,0,1,"American Indian or Alaska Native, non-Hispanic",5,45,45,cds_2016-2017.pdf,0
2016,umich,0,0,0,0,1,"Asian, non-Hispanic",1078,3914,3931,cds_2016-2017.pdf,0
2016,umich,0,0,0,0,1,"Native Hawaiian or other Pacific Islander, non-Hispanic",4,10,10,cds_2016-2017.pdf,0
2016,umich,0,0,0,0,1,"Two or more races, non-Hispanic",326,1093,1098,cds_2016-2017.pdf,0
2016,umich,0,0,0,0,1,Race and/or ethnicity unknown,112,1435,1458,cds_2016-2017.pdf,0
2016,umich,0,0,0,0,1,Total,6689,28761,28983,cds_2016-2017.pdf,0
2016,vassar,0,0,0,1,1,Nonresident,56,182,187,Vassar-College-CDS-2016-2017.pdf,0
2016,vassar,0,0,0,1,1,Hispanic/Latino,72,258,260,Vassar-College-CDS-2016-2017.pdf,0
2016,vassar,0,0,0,1,1,"Black or African American, non-Hispanic",28,108,108,Vassar-College-CDS-2016-2017.pdf,0
2016,vassar,0,0,0,1,1,"White, non-Hispanic",377,1394,1404,Vassar-College-CDS-2016-2017.pdf,0
2016,vassar,0,0,0,1,1,"American Indian or Alaska Native, non-Hispanic",0,1,1,Vassar-College-CDS-2016-2017.pdf,0
2016,vassar,0,0,0,1,1,"Asian, non-Hispanic",78,297,299,Vassar-College-CDS-2016-2017.pdf,0
2016,vassar,0,0,0,1,1,"Native Hawaiian or other Pacific Islander, non-Hispanic",0,0,0,Vassar-College-CDS-2016-2017.pdf,0
2016,vassar,0,0,0,1,1,"Two or more races, non-Hispanic",43,155,155,Vassar-College-CDS-2016-2017.pdf,0
2016,vassar,0,0,0,1,1,Race and/or ethnicity unknown,5,6,10,Vassar-College-CDS-2016-2017.pdf,0
2016,vassar,0,0,0,1,1,Total,659,2401,2424,Vassar-College-CDS-2016-2017.pdf,0
2016,washandlee,0,0,0,1,1,Nonresident,13,71,,wlu_cds_2016-17.pdf,0
2016,washandlee,0,0,0,1,1,Hispanic/Latino,19,67,,wlu_cds_2016-17.pdf,0
2016,washandlee,0,0,0,1,1,"Black or African American, non-Hispanic",9,35,,wlu_cds_2016-17.pdf,0
2016,washandlee,0,0,0,1,1,"White, non-Hispanic",392,1512,,wlu_cds_2016-17.pdf,0
2016,washandlee,0,0,0,1,1,"American Indian or Alaska Native, non-Hispanic",0,0,,wlu_cds_2016-17.pdf,0
2016,washandlee,0,0,0,1,1,"Asian, non-Hispanic",13,59,,wlu_cds_2016-17.pdf,0
2016,washandlee,0,0,0,1,1,"Native Hawaiian or other Pacific Islander, non-Hispanic",0,0,,wlu_cds_2016-17.pdf,0
2016,washandlee,0,0,0,1,1,"Two or more races, non-Hispanic",19,59,,wlu_cds_2016-17.pdf,0
2016,washandlee,0,0,0,1,1,Race and/or ethnicity unknown,1,17,,wlu_cds_2016-17.pdf,0
2016,washandlee,0,0,0,1,1,Total,466,1820,0,wlu_cds_2016-17.pdf,0
2016,wellesley,0,0,0,1,1,Nonresident,80,268,293,Wellesley_CDS_2016-2017.pdf,0
2016,wellesley,0,0,0,1,1,Hispanic/Latino,68,255,255,Wellesley_CDS_2016-2017.pdf,0
2016,wellesley,0,0,0,1,1,"Black or African American, non-Hispanic",37,135,135,Wellesley_CDS_2016-2017.pdf,0
2016,wellesley,0,0,0,1,1,"White, non-Hispanic",221,877,887,Wellesley_CDS_2016-2017.pdf,0
2016,wellesley,0,0,0,1,1,"American Indian or Alaska Native, non-Hispanic",0,1,1,Wellesley_CDS_2016-2017.pdf,0
2016,wellesley,0,0,0,1,1,"Asian, non-Hispanic",138,528,531,Wellesley_CDS_2016-2017.pdf,0
2016,wellesley,0,0,0,1,1,"Native Hawaiian or other Pacific Islander, non-Hispanic",0,0,0,Wellesley_CDS_2016-2017.pdf,0
2016,wellesley,0,0,0,1,1,"Two or more races, non-Hispanic",47,146,146,Wellesley_CDS_2016-2017.pdf,0
2016,wellesley,0,0,0,1,1,Race and/or ethnicity unknown,0,5,99,Wellesley_CDS_2016-2017.pdf,0
2016,wellesley,0,0,0,1,1,Total,591,2215,2347,Wellesley_CDS_2016-2017.pdf,0
2016,wesleyan,0,0,1,1,1,Nonresident,102,293,305,cds2016-17.pdf,0
2016,wesleyan,0,0,1,1,1,Hispanic/Latino,91,300,305,cds2016-17.pdf,0
2016,wesleyan,0,0,1,1,1,"Black or African American, non-Hispanic",40,198,211,cds2016-17.pdf,0
2016,wesleyan,0,0,1,1,1,"White, non-Hispanic",423,1608,1622,cds2016-17.pdf,0
2016,wesleyan,0,0,1,1,1,"American Indian or Alaska Native, non-Hispanic",2,3,3,cds2016-17.pdf,0
2016,wesleyan,0,0,1,1,1,"Asian, non-Hispanic",53,212,213,cds2016-17.pdf,0
2016,wesleyan,0,0,1,1,1,"Native Hawaiian or other Pacific Islander, non-Hispanic",1,5,5,cds2016-17.pdf,0
2016,wesleyan,0,0,1,1,1,"Two or more races, non-Hispanic",34,158,158,cds2016-17.pdf,0
2016,wesleyan,0,0,1,1,1,Race and/or ethnicity unknown,28,136,149,cds2016-17.pdf,0
2016,wesleyan,0,0,1,1,1,Total,774,2913,2971,cds2016-17.pdf,0
2016,williams,0,0,1,1,1,Nonresident,41,162,177,2016-2017_williams_common_data_set.pdf,0
2016,williams,0,0,1,1,1,Hispanic/Latino,72,251,253,2016-2017_williams_common_data_set.pdf,0
2016,williams,0,0,1,1,1,"Black or African American, non-Hispanic",43,153,153,2016-2017_williams_common_data_set.pdf,0
2016,williams,0,0,1,1,1,"White, non-Hispanic",297,1088,1104,2016-2017_williams_common_data_set.pdf,0
2016,williams,0,0,1,1,1,"American Indian or Alaska Native, non-Hispanic",0,2,2,2016-2017_williams_common_data_set.pdf,0
2016,williams,0,0,1,1,1,"Asian, non-Hispanic",74,263,264,2016-2017_williams_common_data_set.pdf,0
2016,williams,0,0,1,1,1,"Native Hawaiian or other Pacific Islander, non-Hispanic",0,0,0,2016-2017_williams_common_data_set.pdf,0
2016,williams,0,0,1,1,1,"Two or more races, non-Hispanic",26,123,123,2016-2017_williams_common_data_set.pdf,0
2016,williams,0,0,1,1,1,Race and/or ethnicity unknown,0,0,0,2016-2017_williams_common_data_set.pdf,0
2016,williams,0,0,1,1,1,Total,553,2042,2076,2016-2017_williams_common_data_set.pdf,0
2016,wustl,0,0,0,0,1,Nonresident,125,538,612,wustl_cds_2016-2017.pdf,0
2016,wustl,0,0,0,0,1,Hispanic/Latino,168,535,554,wustl_cds_2016-2017.pdf,0
2016,wustl,0,0,0,0,1,"Black or African American, non-Hispanic",186,504,559,wustl_cds_2016-2017.pdf,0
2016,wustl,0,0,0,0,1,"White, non-Hispanic",884,3798,4022,wustl_cds_2016-2017.pdf,0
2016,wustl,0,0,0,0,1,"American Indian or Alaska Native, non-Hispanic",1,4,6,wustl_cds_2016-2017.pdf,0
2016,wustl,0,0,0,0,1,"Asian, non-Hispanic",297,1287,1312,wustl_cds_2016-2017.pdf,0
2016,wustl,0,0,0,0,1,"Native Hawaiian or other Pacific Islander, non-Hispanic",0,0,0,wustl_cds_2016-2017.pdf,0
2016,wustl,0,0,0,0,1,"Two or more races, non-Hispanic",85,315,324,wustl_cds_2016-2017.pdf,0
2016,wustl,0,0,0,0,1,Race and/or ethnicity unknown,30,135,166,wustl_cds_2016-2017.pdf,0
2016,wustl,0,0,0,0,1,Total,1776,7116,7555,wustl_cds_2016-2017.pdf,0
2016,yale,1,1,0,0,1,Nonresident,155,587,587,cds2016-2017.pdf,0
2016,yale,1,1,0,0,1,Hispanic/Latino,180,666,666,cds2016-2017.pdf,0
2016,yale,1,1,0,0,1,"Black or African American, non-Hispanic",99,374,374,cds2016-2017.pdf,0
2016,yale,1,1,0,0,1,"White, non-Hispanic",582,2526,2527,cds2016-2017.pdf,0
2016,yale,1,1,0,0,1,"American Indian or Alaska Native, non-Hispanic",12,31,31,cds2016-2017.pdf,0
2016,yale,1,1,0,0,1,"Asian, non-Hispanic",251,945,945,cds2016-2017.pdf,0
2016,yale,1,1,0,0,1,"Native Hawaiian or other Pacific Islander, non-Hispanic",3,4,4,cds2016-2017.pdf,0
2016,yale,1,1,0,0,1,"Two or more races, non-Hispanic",76,307,307,cds2016-2017.pdf,0
2016,yale,1,1,0,0,1,Race and/or ethnicity unknown,9,31,31,cds2016-2017.pdf,0
2016,yale,1,1,0,0,1,Total,1367,5471,5472,cds2016-2017.pdf,0
2017,amherst,0,0,1,1,1,Nonresident,38,169,169,amherst_cds_2017_B_Enrollment_and_Persistence_2.pdf,0
2017,amherst,0,0,1,1,1,Hispanic/Latino,54,234,234,amherst_cds_2017_B_Enrollment_and_Persistence_2.pdf,0
2017,amherst,0,0,1,1,1,"Black or African American, non-Hispanic",49,209,209,amherst_cds_2017_B_Enrollment_and_Persistence_2.pdf,0
2017,amherst,0,0,1,1,1,"White, non-Hispanic",219,804,804,amherst_cds_2017_B_Enrollment_and_Persistence_2.pdf,0
2017,amherst,0,0,1,1,1,"American Indian or Alaska Native, non-Hispanic",4,11,11,amherst_cds_2017_B_Enrollment_and_Persistence_2.pdf,0
2017,amherst,0,0,1,1,1,"Asian, non-Hispanic",68,262,262,amherst_cds_2017_B_Enrollment_and_Persistence_2.pdf,0
2017,amherst,0,0,1,1,1,"Native Hawaiian or other Pacific Islander, non-Hispanic",0,1,1,amherst_cds_2017_B_Enrollment_and_Persistence_2.pdf,0
2017,amherst,0,0,1,1,1,"Two or more races, non-Hispanic",30,96,96,amherst_cds_2017_B_Enrollment_and_Persistence_2.pdf,0
2017,amherst,0,0,1,1,1,Race and/or ethnicity unknown,9,50,50,amherst_cds_2017_B_Enrollment_and_Persistence_2.pdf,0
2017,amherst,0,0,1,1,1,Total,471,1836,1836,amherst_cds_2017_B_Enrollment_and_Persistence_2.pdf,0
2017,army,0,0,0,0,1,Nonresident,13,54,54,cds_2017-2018.pdf,0
2017,army,0,0,0,0,1,Hispanic/Latino,133,453,453,cds_2017-2018.pdf,0
2017,army,0,0,0,0,1,"Black or African American, non-Hispanic",166,542,542,cds_2017-2018.pdf,0
2017,army,0,0,0,0,1,"White, non-Hispanic",725,2801,2801,cds_2017-2018.pdf,0
2017,army,0,0,0,0,1,"American Indian or Alaska Native, non-Hispanic",12,52,52,cds_2017-2018.pdf,0
2017,army,0,0,0,0,1,"Asian, non-Hispanic",95,372,372,cds_2017-2018.pdf,0
2017,army,0,0,0,0,1,"Native Hawaiian or other Pacific Islander, non-Hispanic",0,13,13,cds_2017-2018.pdf,0
2017,army,0,0,0,0,1,"Two or more races, non-Hispanic",45,146,146,cds_2017-2018.pdf,0
2017,army,0,0,0,0,1,Race and/or ethnicity unknown,21,58,58,cds_2017-2018.pdf,0
2017,army,0,0,0,0,1,Total,1210,4491,4491,cds_2017-2018.pdf,0
2017,barnard,0,0,0,1,1,Nonresident,61,234,238,Barnard_CDS_2017-2018.pdf,0
2017,barnard,0,0,0,1,1,Hispanic/Latino,69,309,309,Barnard_CDS_2017-2018.pdf,0
2017,barnard,0,0,0,1,1,"Black or African American, non-Hispanic",36,157,157,Barnard_CDS_2017-2018.pdf,0
2017,barnard,0,0,0,1,1,"White, non-Hispanic",306,1354,1354,Barnard_CDS_2017-2018.pdf,0
2017,barnard,0,0,0,1,1,"American Indian or Alaska Native, non-Hispanic",2,6,6,Barnard_CDS_2017-2018.pdf,0
2017,barnard,0,0,0,1,1,"Asian, non-Hispanic",92,383,383,Barnard_CDS_2017-2018.pdf,0
2017,barnard,0,0,0,1,1,"Native Hawaiian or other Pacific Islander, non-Hispanic",1,2,2,Barnard_CDS_2017-2018.pdf,0
2017,barnard,0,0,0,1,1,"Two or more races, non-Hispanic",33,148,148,Barnard_CDS_2017-2018.pdf,0
2017,barnard,0,0,0,1,1,Race and/or ethnicity unknown,3,7,7,Barnard_CDS_2017-2018.pdf,0
2017,barnard,0,0,0,1,1,Total,603,2600,2604,Barnard_CDS_2017-2018.pdf,0
2017,bates,0,0,1,1,1,Nonresident,39,132,132,CDS_2017-2018.pdf,0
2017,bates,0,0,1,1,1,Hispanic/Latino,41,161,161,CDS_2017-2018.pdf,0
2017,bates,0,0,1,1,1,"Black or African American, non-Hispanic",28,87,87,CDS_2017-2018.pdf,0
2017,bates,0,0,1,1,1,"White, non-Hispanic",357,1245,1245,CDS_2017-2018.pdf,0
2017,bates,0,0,1,1,1,"American Indian or Alaska Native, non-Hispanic",0,2,2,CDS_2017-2018.pdf,0
2017,bates,0,0,1,1,1,"Asian, non-Hispanic",22,69,69,CDS_2017-2018.pdf,0
2017,bates,0,0,1,1,1,"Native Hawaiian or other Pacific Islander, non-Hispanic",1,1,1,CDS_2017-2018.pdf,0
2017,bates,0,0,1,1,1,"Two or more races, non-Hispanic",20,84,84,CDS_2017-2018.pdf,0
2017,bates,0,0,1,1,1,Race and/or ethnicity unknown,2,6,6,CDS_2017-2018.pdf,0
2017,bates,0,0,1,1,1,Total,510,1787,1787,CDS_2017-2018.pdf,0
2017,bowdoin,0,0,1,1,1,Nonresident,34,89,91,common-data-elements-2017-2018.pdf,0
2017,bowdoin,0,0,1,1,1,Hispanic/Latino,49,202,202,common-data-elements-2017-2018.pdf,0
2017,bowdoin,0,0,1,1,1,"Black or African American, non-Hispanic",37,117,117,common-data-elements-2017-2018.pdf,0
2017,bowdoin,0,0,1,1,1,"White, non-Hispanic",297,1128,1130,common-data-elements-2017-2018.pdf,0
2017,bowdoin,0,0,1,1,1,"American Indian or Alaska Native, non-Hispanic",1,5,5,common-data-elements-2017-2018.pdf,0
2017,bowdoin,0,0,1,1,1,"Asian, non-Hispanic",45,120,120,common-data-elements-2017-2018.pdf,0
2017,bowdoin,0,0,1,1,1,"Native Hawaiian or other Pacific Islander, non-Hispanic",0,1,1,common-data-elements-2017-2018.pdf,0
2017,bowdoin,0,0,1,1,1,"Two or more races, non-Hispanic",34,132,132,common-data-elements-2017-2018.pdf,0
2017,bowdoin,0,0,1,1,1,Race and/or ethnicity unknown,4,18,18,common-data-elements-2017-2018.pdf,0
2017,bowdoin,0,0,1,1,1,Total,501,1812,1816,common-data-elements-2017-2018.pdf,0
2017,brown,1,1,0,0,1,Nonresident,195,751,870,CDS_2017-2018.pdf,0
2017,brown,1,1,0,0,1,Hispanic/Latino,179,770,781,CDS_2017-2018.pdf,0
2017,brown,1,1,0,0,1,"Black or African American, non-Hispanic",117,424,433,CDS_2017-2018.pdf,0
2017,brown,1,1,0,0,1,"White, non-Hispanic",698,2928,2972,CDS_2017-2018.pdf,0
2017,brown,1,1,0,0,1,"American Indian or Alaska Native, non-Hispanic",5,30,30,CDS_2017-2018.pdf,0
2017,brown,1,1,0,0,1,"Asian, non-Hispanic",275,985,1029,CDS_2017-2018.pdf,0
2017,brown,1,1,0,0,1,"Native Hawaiian or other Pacific Islander, non-Hispanic",2,12,12,CDS_2017-2018.pdf,0
2017,brown,1,1,0,0,1,"Two or more races, non-Hispanic",83,403,409,CDS_2017-2018.pdf,0
2017,brown,1,1,0,0,1,Race and/or ethnicity unknown,83,367,452,CDS_2017-2018.pdf,0
2017,brown,1,1,0,0,1,Total,1637,6670,6988,CDS_2017-2018.pdf,0
2017,brynmawr,0,0,0,1,0,Nonresident,90,300,303,BrynMawr_CDS_2017-2018.pdf,0
2017,brynmawr,0,0,0,1,0,Hispanic/Latino,37,122,122,BrynMawr_CDS_2017-2018.pdf,0
2017,brynmawr,0,0,0,1,0,"Black or African American, non-Hispanic",16,81,81,BrynMawr_CDS_2017-2018.pdf,0
2017,brynmawr,0,0,0,1,0,"White, non-Hispanic",139,492,493,BrynMawr_CDS_2017-2018.pdf,0
2017,brynmawr,0,0,0,1,0,"American Indian or Alaska Native, non-Hispanic",0,0,0,BrynMawr_CDS_2017-2018.pdf,0
2017,brynmawr,0,0,0,1,0,"Asian, non-Hispanic",36,163,163,BrynMawr_CDS_2017-2018.pdf,0
2017,brynmawr,0,0,0,1,0,"Native Hawaiian or other Pacific Islander, non-Hispanic",0,1,1,BrynMawr_CDS_2017-2018.pdf,0
2017,brynmawr,0,0,0,1,0,"Two or more races, non-Hispanic",15,74,74,BrynMawr_CDS_2017-2018.pdf,0
2017,brynmawr,0,0,0,1,0,Race and/or ethnicity unknown,21,95,97,BrynMawr_CDS_2017-2018.pdf,0
2017,brynmawr,0,0,0,1,0,Total,354,1328,1334,BrynMawr_CDS_2017-2018.pdf,0
2017,bucknell,0,0,0,1,0,Nonresident,59,220,228,cds_2017-18.pdf,0
2017,bucknell,0,0,0,1,0,Hispanic/Latino,73,249,249,cds_2017-18.pdf,0
2017,bucknell,0,0,0,1,0,"Black or African American, non-Hispanic",32,127,127,cds_2017-18.pdf,0
2017,bucknell,0,0,0,1,0,"White, non-Hispanic",698,2655,2668,cds_2017-18.pdf,0
2017,bucknell,0,0,0,1,0,"Asian, non-Hispanic",57,182,184,cds_2017-18.pdf,0
2017,bucknell,0,0,0,1,0,"Two or more races, non-Hispanic",51,147,147,cds_2017-18.pdf,0
2017,bucknell,0,0,0,1,0,Race and/or ethnicity unknown,3,8,8,cds_2017-18.pdf,0
2017,bucknell,0,0,0,1,0,Total,973,3588,3611,cds_2017-18.pdf,0
2017,caltech,0,1,0,0,1,Nonresident,19,82,82,cds_2017-18.pdf,0
2017,caltech,0,1,0,0,1,Hispanic/Latino,29,115,115,cds_2017-18.pdf,0
2017,caltech,0,1,0,0,1,"Black or African American, non-Hispanic",3,13,13,cds_2017-18.pdf,0
2017,caltech,0,1,0,0,1,"White, non-Hispanic",55,267,267,cds_2017-18.pdf,0
2017,caltech,0,1,0,0,1,"American Indian or Alaska Native, non-Hispanic",0,0,0,cds_2017-18.pdf,0
2017,caltech,0,1,0,0,1,"Asian, non-Hispanic",112,416,416,cds_2017-18.pdf,0
2017,caltech,0,1,0,0,1,"Native Hawaiian or other Pacific Islander, non-Hispanic",0,0,0,cds_2017-18.pdf,0
2017,caltech,0,1,0,0,1,"Two or more races, non-Hispanic",17,68,68,cds_2017-18.pdf,0
2017,caltech,0,1,0,0,1,Race and/or ethnicity unknown,0,0,0,cds_2017-18.pdf,0
2017,caltech,0,1,0,0,1,Total,235,961,961,cds_2017-18.pdf,0
2017,carleton,0,0,0,1,1,Nonresident,58,207,,Carleton_CDS_2017-18.pdf,0
2017,carleton,0,0,0,1,1,Hispanic/Latino,42,163,,Carleton_CDS_2017-18.pdf,0
2017,carleton,0,0,0,1,1,"Black or African American, non-Hispanic",30,97,,Carleton_CDS_2017-18.pdf,0
2017,carleton,0,0,0,1,1,"White, non-Hispanic",309,1238,,Carleton_CDS_2017-18.pdf,0
2017,carleton,0,0,0,1,1,"American Indian or Alaska Native, non-Hispanic",0,1,,Carleton_CDS_2017-18.pdf,0
2017,carleton,0,0,0,1,1,"Asian, non-Hispanic",42,156,,Carleton_CDS_2017-18.pdf,0
2017,carleton,0,0,0,1,1,"Native Hawaiian or other Pacific Islander, non-Hispanic",0,0,,Carleton_CDS_2017-18.pdf,0
2017,carleton,0,0,0,1,1,"Two or more races, non-Hispanic",33,125,,Carleton_CDS_2017-18.pdf,0
2017,carleton,0,0,0,1,1,Race and/or ethnicity unknown,8,36,,Carleton_CDS_2017-18.pdf,0
2017,carleton,0,0,0,1,1,Total,522,2023,0,Carleton_CDS_2017-18.pdf,0
2017,cmc,0,0,0,0,1,Total,352,1334,1338,cds_2017-2018.pdf,0
2017,colgate,0,0,0,0,1,Nonresident,82,267,271,cds_2017-18.pdf,0
2017,colgate,0,0,0,0,1,Hispanic/Latino,66,256,257,cds_2017-18.pdf,0
2017,colgate,0,0,0,0,1,"Black or African American, non-Hispanic",30,135,135,cds_2017-18.pdf,0
2017,colgate,0,0,0,0,1,"White, non-Hispanic",476,1849,1856,cds_2017-18.pdf,0
2017,colgate,0,0,0,0,1,"American Indian or Alaska Native, non-Hispanic",2,3,3,cds_2017-18.pdf,0
2017,colgate,0,0,0,0,1,"Asian, non-Hispanic",38,117,117,cds_2017-18.pdf,0
2017,colgate,0,0,0,0,1,"Native Hawaiian or other Pacific Islander, non-Hispanic",0,0,1,cds_2017-18.pdf,0
2017,colgate,0,0,0,0,1,"Two or more races, non-Hispanic",31,108,109,cds_2017-18.pdf,0
2017,colgate,0,0,0,0,1,Race and/or ethnicity unknown,46,117,124,cds_2017-18.pdf,0
2017,colgate,0,0,0,0,1,Total,771,2852,2873,cds_2017-18.pdf,0
2017,conncoll,0,0,1,1,0,Nonresident,38,133,,Connecticut-College-CDS_2017-2018-April-20-update.pdf,0
2017,conncoll,0,0,1,1,0,Hispanic/Latino,28,137,,Connecticut-College-CDS_2017-2018-April-20-update.pdf,0
2017,conncoll,0,0,1,1,0,"Black or African American, non-Hispanic",21,67,,Connecticut-College-CDS_2017-2018-April-20-update.pdf,0
2017,conncoll,0,0,1,1,0,"White, non-Hispanic",316,1261,,Connecticut-College-CDS_2017-2018-April-20-update.pdf,0
2017,conncoll,0,0,1,1,0,"American Indian or Alaska Native, non-Hispanic",0,1,,Connecticut-College-CDS_2017-2018-April-20-update.pdf,0
2017,conncoll,0,0,1,1,0,"Asian, non-Hispanic",16,79,,Connecticut-College-CDS_2017-2018-April-20-update.pdf,0
2017,conncoll,0,0,1,1,0,"Native Hawaiian or other Pacific Islander, non-Hispanic",0,1,,Connecticut-College-CDS_2017-2018-April-20-update.pdf,0
2017,conncoll,0,0,1,1,0,"Two or more races, non-Hispanic",22,61,,Connecticut-College-CDS_2017-2018-April-20-update.pdf,0
2017,conncoll,0,0,1,1,0,Race and/or ethnicity unknown,3,26,,Connecticut-College-CDS_2017-2018-April-20-update.pdf,0
2017,conncoll,0,0,1,1,0,Total,444,1766,0,Connecticut-College-CDS_2017-2018-April-20-update.pdf,0
2017,cornell,1,1,0,0,1,Nonresident,346,1514,1602,CDS_2017-2018.pdf,0
2017,cornell,1,1,0,0,1,Hispanic/Latino,476,1904,1906,CDS_2017-2018.pdf,0
2017,cornell,1,1,0,0,1,"Black or African American, non-Hispanic",268,978,978,CDS_2017-2018.pdf,0
2017,cornell,1,1,0,0,1,"White, non-Hispanic",1176,5699,5700,CDS_2017-2018.pdf,0
2017,cornell,1,1,0,0,1,"American Indian or Alaska Native, non-Hispanic",10,57,57,CDS_2017-2018.pdf,0
2017,cornell,1,1,0,0,1,"Asian, non-Hispanic",644,2818,2818,CDS_2017-2018.pdf,0
2017,cornell,1,1,0,0,1,"Native Hawaiian or other Pacific Islander, non-Hispanic",4,17,17,CDS_2017-2018.pdf,0
2017,cornell,1,1,0,0,1,"Two or more races, non-Hispanic",172,686,686,CDS_2017-2018.pdf,0
2017,cornell,1,1,0,0,1,Race and/or ethnicity unknown,253,1142,1143,CDS_2017-2018.pdf,0
2017,cornell,1,1,0,0,1,Total,3349,14815,14907,CDS_2017-2018.pdf,0
2017,dartmouth,1,1,0,0,1,Nonresident,112,373,405,cds_2017-2018.pdf,0
2017,dartmouth,1,1,0,0,1,Hispanic/Latino,120,434,436,cds_2017-2018.pdf,0
2017,dartmouth,1,1,0,0,1,"Black or African American, non-Hispanic",67,288,290,cds_2017-2018.pdf,0
2017,dartmouth,1,1,0,0,1,"White, non-Hispanic",619,2167,2189,cds_2017-2018.pdf,0
2017,dartmouth,1,1,0,0,1,"American Indian or Alaska Native, non-Hispanic",16,80,80,cds_2017-2018.pdf,0
2017,dartmouth,1,1,0,0,1,"Asian, non-Hispanic",196,646,652,cds_2017-2018.pdf,0
2017,dartmouth,1,1,0,0,1,"Native Hawaiian or other Pacific Islander, non-Hispanic",3,14,14,cds_2017-2018.pdf,0
2017,dartmouth,1,1,0,0,1,"Two or more races, non-Hispanic",71,233,233,cds_2017-2018.pdf,0
2017,dartmouth,1,1,0,0,1,Race and/or ethnicity unknown,11,80,111,cds_2017-2018.pdf,0
2017,dartmouth,1,1,0,0,1,Total,1215,4315,4410,cds_2017-2018.pdf,0
2017,duke,0,1,0,0,1,Nonresident,166,681,,Duke_CDS_2017-2018.pdf,0
2017,duke,0,1,0,0,1,Hispanic/Latino,173,570,,Duke_CDS_2017-2018.pdf,0
2017,duke,0,1,0,0,1,"Black or African American, non-Hispanic",202,675,,Duke_CDS_2017-2018.pdf,0
2017,duke,0,1,0,0,1,"White, non-Hispanic",727,2852,,Duke_CDS_2017-2018.pdf,0
2017,duke,0,1,0,0,1,"American Indian or Alaska Native, non-Hispanic",18,49,,Duke_CDS_2017-2018.pdf,0
2017,duke,0,1,0,0,1,"Asian, non-Hispanic",340,1399,,Duke_CDS_2017-2018.pdf,0
2017,duke,0,1,0,0,1,"Native Hawaiian or other Pacific Islander, non-Hispanic",4,10,,Duke_CDS_2017-2018.pdf,0
2017,duke,0,1,0,0,1,"Two or more races, non-Hispanic",43,137,,Duke_CDS_2017-2018.pdf,0
2017,duke,0,1,0,0,1,Race and/or ethnicity unknown,71,175,,Duke_CDS_2017-2018.pdf,0
2017,duke,0,1,0,0,1,Total,1744,6548,0,Duke_CDS_2017-2018.pdf,0
2017,georgetown,0,0,0,0,1,Nonresident,175,895,1032,georgetown_cds_2017-2018.pdf,0
2017,georgetown,0,0,0,0,1,Hispanic/Latino,243,745,749,georgetown_cds_2017-2018.pdf,0
2017,georgetown,0,0,0,0,1,"Black or African American, non-Hispanic",116,459,462,georgetown_cds_2017-2018.pdf,0
2017,georgetown,0,0,0,0,1,"White, non-Hispanic",810,3876,3941,georgetown_cds_2017-2018.pdf,0
2017,georgetown,0,0,0,0,1,"American Indian or Alaska Native, non-Hispanic",,0,0,georgetown_cds_2017-2018.pdf,0
2017,georgetown,0,0,0,0,1,"Asian, non-Hispanic",142,678,683,georgetown_cds_2017-2018.pdf,0
2017,georgetown,0,0,0,0,1,"Native Hawaiian or other Pacific Islander, non-Hispanic",2,7,7,georgetown_cds_2017-2018.pdf,0
2017,georgetown,0,0,0,0,1,"Two or more races, non-Hispanic",76,326,327,georgetown_cds_2017-2018.pdf,0
2017,georgetown,0,0,0,0,1,Race and/or ethnicity unknown,33,138,262,georgetown_cds_2017-2018.pdf,0
2017,georgetown,0,0,0,0,1,Total,1597,7124,7463,georgetown_cds_2017-2018.pdf,0
2017,grinnell,0,0,0,0,1,Nonresident,96,326,326,GC_CDS_2017-18.pdf,0
2017,grinnell,0,0,0,0,1,Hispanic/Latino,33,119,119,GC_CDS_2017-18.pdf,0
2017,grinnell,0,0,0,0,1,"Black or African American, non-Hispanic",28,99,100,GC_CDS_2017-18.pdf,0
2017,grinnell,0,0,0,0,1,"White, non-Hispanic",224,848,870,GC_CDS_2017-18.pdf,0
2017,grinnell,0,0,0,0,1,"American Indian or Alaska Native, non-Hispanic",0,0,0,GC_CDS_2017-18.pdf,0
2017,grinnell,0,0,0,0,1,"Asian, non-Hispanic",28,128,129,GC_CDS_2017-18.pdf,0
2017,grinnell,0,0,0,0,1,"Native Hawaiian or other Pacific Islander, non-Hispanic",0,0,0,GC_CDS_2017-18.pdf,0
2017,grinnell,0,0,0,0,1,"Two or more races, non-Hispanic",20,74,75,GC_CDS_2017-18.pdf,0
2017,grinnell,0,0,0,0,1,Race and/or ethnicity unknown,18,66,93,GC_CDS_2017-18.pdf,0
2017,grinnell,0,0,0,0,1,Total,447,1660,1712,GC_CDS_2017-18.pdf,0
2017,hamilton,0,0,1,1,1,Nonresident,31,121,,hamilton_cds_2017-2018.pdf,0
2017,hamilton,0,0,1,1,1,Hispanic/Latino,57,167,,hamilton_cds_2017-2018.pdf,0
2017,hamilton,0,0,1,1,1,"Black or African American, non-Hispanic",26,80,,hamilton_cds_2017-2018.pdf,0
2017,hamilton,0,0,1,1,1,"White, non-Hispanic",284,1200,,hamilton_cds_2017-2018.pdf,0
2017,hamilton,0,0,1,1,1,"American Indian or Alaska Native, non-Hispanic",0,1,,hamilton_cds_2017-2018.pdf,0
2017,hamilton,0,0,1,1,1,"Asian, non-Hispanic",34,135,,hamilton_cds_2017-2018.pdf,0
2017,hamilton,0,0,1,1,1,"Native Hawaiian or other Pacific Islander, non-Hispanic",0,0,,hamilton_cds_2017-2018.pdf,0
2017,hamilton,0,0,1,1,1,"Two or more races, non-Hispanic",26,74,,hamilton_cds_2017-2018.pdf,0
2017,hamilton,0,0,1,1,1,Race and/or ethnicity unknown,22,107,,hamilton_cds_2017-2018.pdf,0
2017,hamilton,0,0,1,1,1,Total,480,1885,0,hamilton_cds_2017-2018.pdf,0
2017,hampshire,0,0,0,1,0,Nonresident,14,62,66,hampshire-cds-2017-2018.pdf,0
2017,hampshire,0,0,0,1,0,Hispanic/Latino,51,150,155,hampshire-cds-2017-2018.pdf,0
2017,hampshire,0,0,0,1,0,"Black or African American, non-Hispanic",38,91,94,hampshire-cds-2017-2018.pdf,0
2017,hampshire,0,0,0,1,0,"White, non-Hispanic",179,788,788,hampshire-cds-2017-2018.pdf,0
2017,hampshire,0,0,0,1,0,"American Indian or Alaska Native, non-Hispanic",0,1,1,hampshire-cds-2017-2018.pdf,0
2017,hampshire,0,0,0,1,0,"Asian, non-Hispanic",5,29,29,hampshire-cds-2017-2018.pdf,0
2017,hampshire,0,0,0,1,0,"Native Hawaiian or other Pacific Islander, non-Hispanic",0,0,0,hampshire-cds-2017-2018.pdf,0
2017,hampshire,0,0,0,1,0,"Two or more races, non-Hispanic",20,81,81,hampshire-cds-2017-2018.pdf,0
2017,hampshire,0,0,0,1,0,Race and/or ethnicity unknown,18,54,54,hampshire-cds-2017-2018.pdf,0
2017,hampshire,0,0,0,1,0,Total,325,1256,1268,hampshire-cds-2017-2018.pdf,0
2017,harvard,1,1,0,0,1,Nonresident,192,718,776,harvard_cds_2017-18.pdf,0
2017,harvard,1,1,0,0,1,Hispanic/Latino,195,777,777,harvard_cds_2017-18.pdf,0
2017,harvard,1,1,0,0,1,"Black or African American, non-Hispanic",160,523,523,harvard_cds_2017-18.pdf,0
2017,harvard,1,1,0,0,1,"White, non-Hispanic",647,2704,2709,harvard_cds_2017-18.pdf,0
2017,harvard,1,1,0,0,1,"American Indian or Alaska Native, non-Hispanic",1,15,15,harvard_cds_2017-18.pdf,0
2017,harvard,1,1,0,0,1,"Asian, non-Hispanic",334,1388,1389,harvard_cds_2017-18.pdf,0
2017,harvard,1,1,0,0,1,"Native Hawaiian or other Pacific Islander, non-Hispanic",2,4,4,harvard_cds_2017-18.pdf,0
2017,harvard,1,1,0,0,1,"Two or more races, non-Hispanic",123,460,460,harvard_cds_2017-18.pdf,0
2017,harvard,1,1,0,0,1,Race and/or ethnicity unknown,31,112,113,harvard_cds_2017-18.pdf,0
2017,harvard,1,1,0,0,1,Total,1685,6701,6766,harvard_cds_2017-18.pdf,0
2017,haverford,0,0,0,1,0,Nonresident,38,117,121,cds_2017-2018.pdf,0
2017,haverford,0,0,0,1,0,Hispanic/Latino,36,123,123,cds_2017-2018.pdf,0
2017,haverford,0,0,0,1,0,"Black or African American, non-Hispanic",27,89,89,cds_2017-2018.pdf,0
2017,haverford,0,0,0,1,0,"White, non-Hispanic",180,735,735,cds_2017-2018.pdf,0
2017,haverford,0,0,0,1,0,"American Indian or Alaska Native, non-Hispanic",0,0,0,cds_2017-2018.pdf,0
2017,haverford,0,0,0,1,0,"Asian, non-Hispanic",56,155,155,cds_2017-2018.pdf,0
2017,haverford,0,0,0,1,0,"Native Hawaiian or other Pacific Islander, non-Hispanic",0,0,0,cds_2017-2018.pdf,0
2017,haverford,0,0,0,1,0,"Two or more races, non-Hispanic",6,33,34,cds_2017-2018.pdf,0
2017,haverford,0,0,0,1,0,Race and/or ethnicity unknown,6,39,39,cds_2017-2018.pdf,0
2017,haverford,0,0,0,1,0,Total,349,1291,1296,cds_2017-2018.pdf,0
2017,hmc,0,0,0,0,1,Nonresident,21,85,85,cds_2017-2018.pdf,0
2017,hmc,0,0,0,0,1,Hispanic/Latino,43,148,148,cds_2017-2018.pdf,0
2017,hmc,0,0,0,0,1,"Black or African American, non-Hispanic",12,32,32,cds_2017-2018.pdf,0
2017,hmc,0,0,0,0,1,"White, non-Hispanic",71,286,286,cds_2017-2018.pdf,0
2017,hmc,0,0,0,0,1,"American Indian or Alaska Native, non-Hispanic",0,4,4,cds_2017-2018.pdf,0
2017,hmc,0,0,0,0,1,"Asian, non-Hispanic",31,147,147,cds_2017-2018.pdf,0
2017,hmc,0,0,0,0,1,"Native Hawaiian or other Pacific Islander, non-Hispanic",1,4,4,cds_2017-2018.pdf,0
2017,hmc,0,0,0,0,1,"Two or more races, non-Hispanic",32,92,92,cds_2017-2018.pdf,0
2017,hmc,0,0,0,0,1,Race and/or ethnicity unknown,14,46,46,cds_2017-2018.pdf,0
2017,hmc,0,0,0,0,1,Total,225,844,844,cds_2017-2018.pdf,0
2017,macalester,0,0,0,1,0,Nonresident,77,320,332,Macalester_CDS_2017-18.pdf,0
2017,macalester,0,0,0,1,0,Hispanic/Latino,58,160,160,Macalester_CDS_2017-18.pdf,0
2017,macalester,0,0,0,1,0,"Black or African American, non-Hispanic",26,70,71,Macalester_CDS_2017-18.pdf,0
2017,macalester,0,0,0,1,0,"White, non-Hispanic",306,1299,1305,Macalester_CDS_2017-18.pdf,0
2017,macalester,0,0,0,1,0,"American Indian or Alaska Native, non-Hispanic",,3,3,Macalester_CDS_2017-18.pdf,0
2017,macalester,0,0,0,1,0,"Asian, non-Hispanic",40,139,139,Macalester_CDS_2017-18.pdf,0
2017,macalester,0,0,0,1,0,"Native Hawaiian or other Pacific Islander, non-Hispanic",,2,2,Macalester_CDS_2017-18.pdf,0
2017,macalester,0,0,0,1,0,"Two or more races, non-Hispanic",35,119,119,Macalester_CDS_2017-18.pdf,0
2017,macalester,0,0,0,1,0,Race and/or ethnicity unknown,1,4,5,Macalester_CDS_2017-18.pdf,0
2017,macalester,0,0,0,1,0,Total,543,2116,2136,Macalester_CDS_2017-18.pdf,0
2017,middlebury,0,0,1,1,1,Total,635,2532,2561,CDS_2017-2018.pdf,0
2017,mtholyoke,0,0,0,1,0,Nonresident,151,596,605,mtholyoke_cds_2017-2018.pdf,0
2017,mtholyoke,0,0,0,1,0,Hispanic/Latino,39,153,153,mtholyoke_cds_2017-2018.pdf,0
2017,mtholyoke,0,0,0,1,0,"Black or African American, non-Hispanic",25,117,117,mtholyoke_cds_2017-2018.pdf,0
2017,mtholyoke,0,0,0,1,0,"White, non-Hispanic",238,992,1004,mtholyoke_cds_2017-2018.pdf,0
2017,mtholyoke,0,0,0,1,0,"American Indian or Alaska Native, non-Hispanic",2,4,4,mtholyoke_cds_2017-2018.pdf,0
2017,mtholyoke,0,0,0,1,0,"Asian, non-Hispanic",41,217,218,mtholyoke_cds_2017-2018.pdf,0
2017,mtholyoke,0,0,0,1,0,"Native Hawaiian or other Pacific Islander, non-Hispanic",1,1,1,mtholyoke_cds_2017-2018.pdf,0
2017,mtholyoke,0,0,0,1,0,"Two or more races, non-Hispanic",24,79,79,mtholyoke_cds_2017-2018.pdf,0
2017,mtholyoke,0,0,0,1,0,Race and/or ethnicity unknown,8,27,29,mtholyoke_cds_2017-2018.pdf,0
2017,mtholyoke,0,0,0,1,0,Total,529,2186,2210,mtholyoke_cds_2017-2018.pdf,0
2017,northwestern,0,0,0,0,1,Nonresident,191,752,,cds_2017-18.pdf,0
2017,northwestern,0,0,0,0,1,Hispanic/Latino,223,1037,,cds_2017-18.pdf,0
2017,northwestern,0,0,0,0,1,"Black or African American, non-Hispanic",123,481,,cds_2017-18.pdf,0
2017,northwestern,0,0,0,0,1,"White, non-Hispanic",847,3840,,cds_2017-18.pdf,0
2017,northwestern,0,0,0,0,1,"American Indian or Alaska Native, non-Hispanic",2,7,,cds_2017-18.pdf,0
2017,northwestern,0,0,0,0,1,"Asian, non-Hispanic",288,1420,,cds_2017-18.pdf,0
2017,northwestern,0,0,0,0,1,"Native Hawaiian or other Pacific Islander, non-Hispanic",0,0,,cds_2017-18.pdf,0
2017,northwestern,0,0,0,0,1,"Two or more races, non-Hispanic",122,449,,cds_2017-18.pdf,0
2017,northwestern,0,0,0,0,1,Race and/or ethnicity unknown,107,285,,cds_2017-18.pdf,0
2017,northwestern,0,0,0,0,1,Total,1903,8271,,cds_2017-18.pdf,0
2017,notredame,0,0,0,0,1,Nonresident,128,527,574,CDS_2017-2018.pdf,0
2017,notredame,0,0,0,0,1,Hispanic/Latino,232,898,898,CDS_2017-2018.pdf,0
2017,notredame,0,0,0,0,1,"Black or African American, non-Hispanic",72,329,329,CDS_2017-2018.pdf,0
2017,notredame,0,0,0,0,1,"White, non-Hispanic",1388,5876,5877,CDS_2017-2018.pdf,0
2017,notredame,0,0,0,0,1,"American Indian or Alaska Native, non-Hispanic",5,13,13,CDS_2017-2018.pdf,0
2017,notredame,0,0,0,0,1,"Asian, non-Hispanic",97,423,423,CDS_2017-2018.pdf,0
2017,notredame,0,0,0,0,1,"Native Hawaiian or other Pacific Islander, non-Hispanic",1,5,5,CDS_2017-2018.pdf,0
2017,notredame,0,0,0,0,1,"Two or more races, non-Hispanic",117,408,408,CDS_2017-2018.pdf,0
2017,notredame,0,0,0,0,1,Race and/or ethnicity unknown,11,48,49,CDS_2017-2018.pdf,0
2017,notredame,0,0,0,0,1,Total,2051,8527,8576,CDS_2017-2018.pdf,0
2017,penn,1,1,0,0,1,Nonresident,334,1261,1261,UPenn_CDS_2017-18.pdf,0
2017,penn,1,1,0,0,1,Hispanic/Latino,262,1044,1044,UPenn_CDS_2017-18.pdf,0
2017,penn,1,1,0,0,1,"Black or African American, non-Hispanic",165,715,715,UPenn_CDS_2017-18.pdf,0
2017,penn,1,1,0,0,1,"White, non-Hispanic",971,4278,4278,UPenn_CDS_2017-18.pdf,0
2017,penn,1,1,0,0,1,"American Indian or Alaska Native, non-Hispanic",3,12,12,UPenn_CDS_2017-18.pdf,0
2017,penn,1,1,0,0,1,"Asian, non-Hispanic",489,2081,2081,UPenn_CDS_2017-18.pdf,0
2017,penn,1,1,0,0,1,"Native Hawaiian or other Pacific Islander, non-Hispanic",2,3,3,UPenn_CDS_2017-18.pdf,0
2017,penn,1,1,0,0,1,"Two or more races, non-Hispanic",122,460,460,UPenn_CDS_2017-18.pdf,0
2017,penn,1,1,0,0,1,Race and/or ethnicity unknown,64,179,179,UPenn_CDS_2017-18.pdf,0
2017,penn,1,1,0,0,1,Total,2412,10033,10033,UPenn_CDS_2017-18.pdf,0
2017,pomona,0,0,0,1,1,Nonresident,48,186,196,cds-2017-2018.pdf,0
2017,pomona,0,0,0,1,1,Hispanic/Latino,78,272,273,cds-2017-2018.pdf,0
2017,pomona,0,0,0,1,1,"Black or African American, non-Hispanic",36,158,159,cds-2017-2018.pdf,0
2017,pomona,0,0,0,1,1,"White, non-Hispanic",131,600,600,cds-2017-2018.pdf,0
2017,pomona,0,0,0,1,1,"American Indian or Alaska Native, non-Hispanic",2,8,8,cds-2017-2018.pdf,0
2017,pomona,0,0,0,1,1,"Asian, non-Hispanic",64,245,246,cds-2017-2018.pdf,0
2017,pomona,0,0,0,1,1,"Native Hawaiian or other Pacific Islander, non-Hispanic",3,5,5,cds-2017-2018.pdf,0
2017,pomona,0,0,0,1,1,"Two or more races, non-Hispanic",30,115,115,cds-2017-2018.pdf,0
2017,pomona,0,0,0,1,1,Race and/or ethnicity unknown,19,82,101,cds-2017-2018.pdf,0
2017,pomona,0,0,0,1,1,Total,411,1671,1703,cds-2017-2018.pdf,0
2017,princeton,1,1,0,0,1,Nonresident,163,629,,cds_1718_princeton.pdf,0
2017,princeton,1,1,0,0,1,Hispanic/Latino,143,531,,cds_1718_princeton.pdf,0
2017,princeton,1,1,0,0,1,"Black or African American, non-Hispanic",106,404,,cds_1718_princeton.pdf,0
2017,princeton,1,1,0,0,1,"White, non-Hispanic",519,2236,,cds_1718_princeton.pdf,0
2017,princeton,1,1,0,0,1,"American Indian or Alaska Native, non-Hispanic",2,8,,cds_1718_princeton.pdf,0
2017,princeton,1,1,0,0,1,"Asian, non-Hispanic",293,1125,,cds_1718_princeton.pdf,0
2017,princeton,1,1,0,0,1,"Native Hawaiian or other Pacific Islander, non-Hispanic",1,9,,cds_1718_princeton.pdf,0
2017,princeton,1,1,0,0,1,"Two or more races, non-Hispanic",63,227,,cds_1718_princeton.pdf,0
2017,princeton,1,1,0,0,1,Race and/or ethnicity unknown,15,77,,cds_1718_princeton.pdf,0
2017,princeton,1,1,0,0,1,Total,1305,5246,0,cds_1718_princeton.pdf,0
2017,reed,0,0,0,1,0,Nonresident,61,146,160,reed-cds-secB-2017-2018.pdf,0
2017,reed,0,0,0,1,0,Hispanic/Latino,43,147,148,reed-cds-secB-2017-2018.pdf,0
2017,reed,0,0,0,1,0,"Black or African American, non-Hispanic",8,30,30,reed-cds-secB-2017-2018.pdf,0
2017,reed,0,0,0,1,0,"White, non-Hispanic",240,842,850,reed-cds-secB-2017-2018.pdf,0
2017,reed,0,0,0,1,0,"American Indian or Alaska Native, non-Hispanic",1,5,5,reed-cds-secB-2017-2018.pdf,0
2017,reed,0,0,0,1,0,"Asian, non-Hispanic",20,88,89,reed-cds-secB-2017-2018.pdf,0
2017,reed,0,0,0,1,0,"Native Hawaiian or other Pacific Islander, non-Hispanic",0,3,3,reed-cds-secB-2017-2018.pdf,0
2017,reed,0,0,0,1,0,"Two or more races, non-Hispanic",30,112,113,reed-cds-secB-2017-2018.pdf,0
2017,reed,0,0,0,1,0,Race and/or ethnicity unknown,8,42,49,reed-cds-secB-2017-2018.pdf,0
2017,reed,0,0,0,1,0,Total,411,1415,1447,reed-cds-secB-2017-2018.pdf,0
2017,rice,0,0,0,0,1,Nonresident,107,463,488,cds_2017-18.pdf,0
2017,rice,0,0,0,0,1,Hispanic/Latino,183,582,584,cds_2017-18.pdf,0
2017,rice,0,0,0,0,1,"Black or African American, non-Hispanic",76,271,272,cds_2017-18.pdf,0
2017,rice,0,0,0,0,1,"White, non-Hispanic",306,1373,1374,cds_2017-18.pdf,0
2017,rice,0,0,0,0,1,"American Indian or Alaska Native, non-Hispanic",2,6,6,cds_2017-18.pdf,0
2017,rice,0,0,0,0,1,"Asian, non-Hispanic",301,1028,1030,cds_2017-18.pdf,0
2017,rice,0,0,0,0,1,"Native Hawaiian or other Pacific Islander, non-Hispanic",2,6,6,cds_2017-18.pdf,0
2017,rice,0,0,0,0,1,"Two or more races, non-Hispanic",51,168,168,cds_2017-18.pdf,0
2017,rice,0,0,0,0,1,Race and/or ethnicity unknown,18,73,73,cds_2017-18.pdf,0
2017,rice,0,0,0,0,1,Total,1046,3970,4001,cds_2017-18.pdf,0
2017,richmond,0,0,0,0,1,Nonresident,81,273,347,cds_2017-18.pdf,0
2017,richmond,0,0,0,0,1,Hispanic/Latino,86,281,283,cds_2017-18.pdf,0
2017,richmond,0,0,0,0,1,"Black or African American, non-Hispanic",57,240,243,cds_2017-18.pdf,0
2017,richmond,0,0,0,0,1,"White, non-Hispanic",445,1771,1788,cds_2017-18.pdf,0
2017,richmond,0,0,0,0,1,"American Indian or Alaska Native, non-Hispanic",0,4,5,cds_2017-18.pdf,0
2017,richmond,0,0,0,0,1,"Asian, non-Hispanic",63,262,262,cds_2017-18.pdf,0
2017,richmond,0,0,0,0,1,"Native Hawaiian or other Pacific Islander, non-Hispanic",0,0,0,cds_2017-18.pdf,0
2017,richmond,0,0,0,0,1,"Two or more races, non-Hispanic",38,131,131,cds_2017-18.pdf,0
2017,richmond,0,0,0,0,1,Race and/or ethnicity unknown,31,132,135,cds_2017-18.pdf,0
2017,richmond,0,0,0,0,1,Total,801,3094,3194,cds_2017-18.pdf,0
2017,smith,0,0,0,1,1,Nonresident,95,349,350,CDS_2017-2018.pdf,0
2017,smith,0,0,0,1,1,Hispanic/Latino,68,260,260,CDS_2017-2018.pdf,0
2017,smith,0,0,0,1,1,"Black or African American, non-Hispanic",43,166,166,CDS_2017-2018.pdf,0
2017,smith,0,0,0,1,1,"White, non-Hispanic",307,1197,1197,CDS_2017-2018.pdf,0
2017,smith,0,0,0,1,1,"American Indian or Alaska Native, non-Hispanic",1,3,3,CDS_2017-2018.pdf,0
2017,smith,0,0,0,1,1,"Asian, non-Hispanic",58,275,275,CDS_2017-2018.pdf,0
2017,smith,0,0,0,1,1,"Native Hawaiian or other Pacific Islander, non-Hispanic",0,3,3,CDS_2017-2018.pdf,0
2017,smith,0,0,0,1,1,"Two or more races, non-Hispanic",31,110,110,CDS_2017-2018.pdf,0
2017,smith,0,0,0,1,1,Race and/or ethnicity unknown,35,156,157,CDS_2017-2018.pdf,0
2017,smith,0,0,0,1,1,Total,638,2519,2521,CDS_2017-2018.pdf,0
2017,stanford,0,1,0,0,1,Nonresident,180,646,647,cds_2017-2018.pdf,0
2017,stanford,0,1,0,0,1,Hispanic/Latino,249,1102,1102,cds_2017-2018.pdf,0
2017,stanford,0,1,0,0,1,"Black or African American, non-Hispanic",117,470,471,cds_2017-2018.pdf,0
2017,stanford,0,1,0,0,1,"White, non-Hispanic",573,2518,2518,cds_2017-2018.pdf,0
2017,stanford,0,1,0,0,1,"American Indian or Alaska Native, non-Hispanic",18,63,63,cds_2017-2018.pdf,0
2017,stanford,0,1,0,0,1,"Asian, non-Hispanic",400,1529,1529,cds_2017-2018.pdf,0
2017,stanford,0,1,0,0,1,"Native Hawaiian or other Pacific Islander, non-Hispanic",5,22,22,cds_2017-2018.pdf,0
2017,stanford,0,1,0,0,1,"Two or more races, non-Hispanic",150,679,679,cds_2017-2018.pdf,0
2017,stanford,0,1,0,0,1,Race and/or ethnicity unknown,8,27,31,cds_2017-2018.pdf,0
2017,stanford,0,1,0,0,1,Total,1700,7056,7062,cds_2017-2018.pdf,0
2017,swarthmore,0,0,0,1,1,Nonresident,55,208,211,cds-2017-2018.pdf,0
2017,swarthmore,0,0,0,1,1,Hispanic/Latino,43,199,200,cds-2017-2018.pdf,0
2017,swarthmore,0,0,0,1,1,"Black or African American, non-Hispanic",27,116,116,cds-2017-2018.pdf,0
2017,swarthmore,0,0,0,1,1,"White, non-Hispanic",154,664,669,cds-2017-2018.pdf,0
2017,swarthmore,0,0,0,1,1,"American Indian or Alaska Native, non-Hispanic",1,3,3,cds-2017-2018.pdf,0
2017,swarthmore,0,0,0,1,1,"Asian, non-Hispanic",63,270,270,cds-2017-2018.pdf,0
2017,swarthmore,0,0,0,1,1,"Native Hawaiian or other Pacific Islander, non-Hispanic",0,2,2,cds-2017-2018.pdf,0
2017,swarthmore,0,0,0,1,1,"Two or more races, non-Hispanic",28,115,117,cds-2017-2018.pdf,0
2017,swarthmore,0,0,0,1,1,Race and/or ethnicity unknown,21,52,53,cds-2017-2018.pdf,0
2017,swarthmore,0,0,0,1,1,Total,392,1629,1641,cds-2017-2018.pdf,0
2017,trinity,0,0,1,1,0,Nonresident,77,257,261,CDS_2017-2018.pdf,0
2017,trinity,0,0,1,1,0,Hispanic/Latino,46,175,175,CDS_2017-2018.pdf,0
2017,trinity,0,0,1,1,0,"Black or African American, non-Hispanic",44,131,132,CDS_2017-2018.pdf,0
2017,trinity,0,0,1,1,0,"White, non-Hispanic",355,1414,1426,CDS_2017-2018.pdf,0
2017,trinity,0,0,1,1,0,"American Indian or Alaska Native, non-Hispanic",2,2,2,CDS_2017-2018.pdf,0
2017,trinity,0,0,1,1,0,"Asian, non-Hispanic",28,85,87,CDS_2017-2018.pdf,0
2017,trinity,0,0,1,1,0,"Native Hawaiian or other Pacific Islander, non-Hispanic",0,0,0,CDS_2017-2018.pdf,0
2017,trinity,0,0,1,1,0,"Two or more races, non-Hispanic",18,55,55,CDS_2017-2018.pdf,0
2017,trinity,0,0,1,1,0,Race and/or ethnicity unknown,10,55,83,CDS_2017-2018.pdf,0
2017,trinity,0,0,1,1,0,Total,580,2174,2221,CDS_2017-2018.pdf,0
2017,tufts,0,0,1,1,0,Nonresident,136,560,581,CDS_2017-2018.pdf,0
2017,tufts,0,0,1,1,0,Hispanic/Latino,105,373,378,CDS_2017-2018.pdf,0
2017,tufts,0,0,1,1,0,"Black or African American, non-Hispanic",51,222,223,CDS_2017-2018.pdf,0
2017,tufts,0,0,1,1,0,"White, non-Hispanic",784,3107,3123,CDS_2017-2018.pdf,0
2017,tufts,0,0,1,1,0,"American Indian or Alaska Native, non-Hispanic",0,0,0,CDS_2017-2018.pdf,0
2017,tufts,0,0,1,1,0,"Asian, non-Hispanic",176,654,655,CDS_2017-2018.pdf,0
2017,tufts,0,0,1,1,0,"Native Hawaiian or other Pacific Islander, non-Hispanic",0,0,0,CDS_2017-2018.pdf,0
2017,tufts,0,0,1,1,0,"Two or more races, non-Hispanic",75,271,272,CDS_2017-2018.pdf,0
2017,tufts,0,0,1,1,0,Race and/or ethnicity unknown,83,305,309,CDS_2017-2018.pdf,0
2017,tufts,0,0,1,1,0,Total,1410,5492,5541,CDS_2017-2018.pdf,0
2017,ucla,0,0,0,0,1,Nonresident,641,3637,3645,cds_2017-18.pdf,0
2017,ucla,0,0,0,0,1,Hispanic/Latino,1361,6884,6884,cds_2017-18.pdf,0
2017,ucla,0,0,0,0,1,"Black or African American, non-Hispanic",190,1059,1059,cds_2017-18.pdf,0
2017,ucla,0,0,0,0,1,"White, non-Hispanic",1624,8278,8278,cds_2017-18.pdf,0
2017,ucla,0,0,0,0,1,"American Indian or Alaska Native, non-Hispanic",11,55,55,cds_2017-18.pdf,0
2017,ucla,0,0,0,0,1,"Asian, non-Hispanic",1687,8705,8705,cds_2017-18.pdf,0
2017,ucla,0,0,0,0,1,"Native Hawaiian or other Pacific Islander, non-Hispanic",13,87,87,cds_2017-18.pdf,0
2017,ucla,0,0,0,0,1,"Two or more races, non-Hispanic",363,1616,1616,cds_2017-18.pdf,0
2017,ucla,0,0,0,0,1,Race and/or ethnicity unknown,148,669,673,cds_2017-18.pdf,0
2017,ucla,0,0,0,0,1,Total,6038,30990,31002,cds_2017-18.pdf,0
2017,umich,0,0,0,0,1,Nonresident,310,2003,2157,cds_2017-2018.pdf,0
2017,umich,0,0,0,0,1,Hispanic/Latino,479,1692,1696,cds_2017-2018.pdf,0
2017,umich,0,0,0,0,1,"Black or African American, non-Hispanic",277,1258,1263,cds_2017-2018.pdf,0
2017,umich,0,0,0,0,1,"White, non-Hispanic",4145,17882,17940,cds_2017-2018.pdf,0
2017,umich,0,0,0,0,1,"American Indian or Alaska Native, non-Hispanic",11,43,43,cds_2017-2018.pdf,0
2017,umich,0,0,0,0,1,"Asian, non-Hispanic",943,4130,4153,cds_2017-2018.pdf,0
2017,umich,0,0,0,0,1,"Native Hawaiian or other Pacific Islander, non-Hispanic",8,16,16,cds_2017-2018.pdf,0
2017,umich,0,0,0,0,1,"Two or more races, non-Hispanic",302,1201,1206,cds_2017-2018.pdf,0
2017,umich,0,0,0,0,1,Race and/or ethnicity unknown,372,1325,1347,cds_2017-2018.pdf,0
2017,vassar,0,0,0,1,1,Nonresident,47,174,192,Vassar-College-CDS-2017-2018.pdf,0
2017,vassar,0,0,0,1,1,Hispanic/Latino,64,263,264,Vassar-College-CDS-2017-2018.pdf,0
2017,vassar,0,0,0,1,1,"Black or African American, non-Hispanic",22,96,97,Vassar-College-CDS-2017-2018.pdf,0
2017,vassar,0,0,0,1,1,"White, non-Hispanic",356,1314,1324,Vassar-College-CDS-2017-2018.pdf,0
2017,vassar,0,0,0,1,1,"American Indian or Alaska Native, non-Hispanic",1,2,2,Vassar-College-CDS-2017-2018.pdf,0
2017,vassar,0,0,0,1,1,"Asian, non-Hispanic",75,297,297,Vassar-College-CDS-2017-2018.pdf,0
2017,vassar,0,0,0,1,1,"Native Hawaiian or other Pacific Islander, non-Hispanic",0,0,0,Vassar-College-CDS-2017-2018.pdf,0
2017,vassar,0,0,0,1,1,"Two or more races, non-Hispanic",58,170,170,Vassar-College-CDS-2017-2018.pdf,0
2017,vassar,0,0,0,1,1,Race and/or ethnicity unknown,1,7,7,Vassar-College-CDS-2017-2018.pdf,0
2017,vassar,0,0,0,1,1,Total,624,2323,2353,Vassar-College-CDS-2017-2018.pdf,0
2017,washandlee,0,0,0,1,1,Nonresident,15,64,66,wlu_cds_2017-18.pdf,0
2017,washandlee,0,0,0,1,1,Hispanic/Latino,31,82,82,wlu_cds_2017-18.pdf,0
2017,washandlee,0,0,0,1,1,"Black or African American, non-Hispanic",11,41,41,wlu_cds_2017-18.pdf,0
2017,washandlee,0,0,0,1,1,"White, non-Hispanic",377,1501,1507,wlu_cds_2017-18.pdf,0
2017,washandlee,0,0,0,1,1,"Asian, non-Hispanic",21,62,62,wlu_cds_2017-18.pdf,0
2017,washandlee,0,0,0,1,1,"Two or more races, non-Hispanic",14,56,56,wlu_cds_2017-18.pdf,0
2017,washandlee,0,0,0,1,1,Race and/or ethnicity unknown,2,13,13,wlu_cds_2017-18.pdf,0
2017,washandlee,0,0,0,1,1,Total,471,1819,1827,wlu_cds_2017-18.pdf,0
2017,wellesley,0,0,0,1,1,Nonresident,81,307,20,Wellesley_CDS_2017-2018.pdf,0
2017,wellesley,0,0,0,1,1,Hispanic/Latino,79,281,3,Wellesley_CDS_2017-2018.pdf,0
2017,wellesley,0,0,0,1,1,"Black or African American, non-Hispanic",40,147,0,Wellesley_CDS_2017-2018.pdf,0
2017,wellesley,0,0,0,1,1,"White, non-Hispanic",219,932,5,Wellesley_CDS_2017-2018.pdf,0
2017,wellesley,0,0,0,1,1,"American Indian or Alaska Native, non-Hispanic",2,4,0,Wellesley_CDS_2017-2018.pdf,0
2017,wellesley,0,0,0,1,1,"Asian, non-Hispanic",137,554,1,Wellesley_CDS_2017-2018.pdf,0
2017,wellesley,0,0,0,1,1,"Native Hawaiian or other Pacific Islander, non-Hispanic",0,0,0,Wellesley_CDS_2017-2018.pdf,0
2017,wellesley,0,0,0,1,1,"Two or more races, non-Hispanic",45,148,1,Wellesley_CDS_2017-2018.pdf,0
2017,wellesley,0,0,0,1,1,Race and/or ethnicity unknown,0,2,103,Wellesley_CDS_2017-2018.pdf,0
2017,wellesley,0,0,0,1,1,Total,603,2375,133,Wellesley_CDS_2017-2018.pdf,0
2017,wesleyan,0,0,1,1,1,Nonresident,108,338,359,CDS_2017-2018.pdf,0
2017,wesleyan,0,0,1,1,1,Hispanic/Latino,93,327,334,CDS_2017-2018.pdf,0
2017,wesleyan,0,0,1,1,1,"Black or African American, non-Hispanic",47,187,212,CDS_2017-2018.pdf,0
2017,wesleyan,0,0,1,1,1,"White, non-Hispanic",399,1561,1584,CDS_2017-2018.pdf,0
2017,wesleyan,0,0,1,1,1,"American Indian or Alaska Native, non-Hispanic",1,2,2,CDS_2017-2018.pdf,0
2017,wesleyan,0,0,1,1,1,"Asian, non-Hispanic",60,235,236,CDS_2017-2018.pdf,0
2017,wesleyan,0,0,1,1,1,"Native Hawaiian or other Pacific Islander, non-Hispanic",0,2,2,CDS_2017-2018.pdf,0
2017,wesleyan,0,0,1,1,1,"Two or more races, non-Hispanic",41,155,156,CDS_2017-2018.pdf,0
2017,wesleyan,0,0,1,1,1,Race and/or ethnicity unknown,12,80,91,CDS_2017-2018.pdf,0
2017,wesleyan,0,0,1,1,1,Total,761,2887,2976,CDS_2017-2018.pdf,0
2017,williams,0,0,1,1,1,Nonresident,41,159,170,2017-2018_williams_common_data_set.pdf,0
2017,williams,0,0,1,1,1,Hispanic/Latino,79,262,263,2017-2018_williams_common_data_set.pdf,0
2017,williams,0,0,1,1,1,"Black or African American, non-Hispanic",52,167,169,2017-2018_williams_common_data_set.pdf,0
2017,williams,0,0,1,1,1,"White, non-Hispanic",262,1043,1058,2017-2018_williams_common_data_set.pdf,0
2017,williams,0,0,1,1,1,"American Indian or Alaska Native, non-Hispanic",0,2,2,2017-2018_williams_common_data_set.pdf,0
2017,williams,0,0,1,1,1,"Asian, non-Hispanic",59,257,258,2017-2018_williams_common_data_set.pdf,0
2017,williams,0,0,1,1,1,"Native Hawaiian or other Pacific Islander, non-Hispanic",0,0,0,2017-2018_williams_common_data_set.pdf,0
2017,williams,0,0,1,1,1,"Two or more races, non-Hispanic",29,114,115,2017-2018_williams_common_data_set.pdf,0
2017,williams,0,0,1,1,1,Race and/or ethnicity unknown,26,26,26,2017-2018_williams_common_data_set.pdf,0
2017,williams,0,0,1,1,1,Total,548,2030,2061,2017-2018_williams_common_data_set.pdf,0
2017,wustl,0,0,0,0,1,Nonresident,127,533,603,wustl_cds_2017-2018.pdf,0
2017,wustl,0,0,0,0,1,Hispanic/Latino,194,627,649,wustl_cds_2017-2018.pdf,0
2017,wustl,0,0,0,0,1,"Black or African American, non-Hispanic",148,562,621,wustl_cds_2017-2018.pdf,0
2017,wustl,0,0,0,0,1,"White, non-Hispanic",896,3803,4010,wustl_cds_2017-2018.pdf,0
2017,wustl,0,0,0,0,1,"American Indian or Alaska Native, non-Hispanic",1,4,4,wustl_cds_2017-2018.pdf,0
2017,wustl,0,0,0,0,1,"Asian, non-Hispanic",286,1256,1277,wustl_cds_2017-2018.pdf,0
2017,wustl,0,0,0,0,1,"Native Hawaiian or other Pacific Islander, non-Hispanic",1,1,1,wustl_cds_2017-2018.pdf,0
2017,wustl,0,0,0,0,1,"Two or more races, non-Hispanic",101,347,354,wustl_cds_2017-2018.pdf,0
2017,wustl,0,0,0,0,1,Race and/or ethnicity unknown,24,120,156,wustl_cds_2017-2018.pdf,0
2017,wustl,0,0,0,0,1,Total,1778,7253,7675,wustl_cds_2017-2018.pdf,0
2017,yale,1,1,0,0,1,Nonresident,157,614,614,cds_2017-2018.pdf,0
2017,yale,1,1,0,0,1,Hispanic/Latino,207,724,724,cds_2017-2018.pdf,0
2017,yale,1,1,0,0,1,"Black or African American, non-Hispanic",122,404,404,cds_2017-2018.pdf,0
2017,yale,1,1,0,0,1,"White, non-Hispanic",652,2568,2570,cds_2017-2018.pdf,0
2017,yale,1,1,0,0,1,"American Indian or Alaska Native, non-Hispanic",5,33,33,cds_2017-2018.pdf,0
2017,yale,1,1,0,0,1,"Asian, non-Hispanic",299,1012,1012,cds_2017-2018.pdf,0
2017,yale,1,1,0,0,1,"Native Hawaiian or other Pacific Islander, non-Hispanic",0,4,4,cds_2017-2018.pdf,0
2017,yale,1,1,0,0,1,"Two or more races, non-Hispanic",124,358,359,cds_2017-2018.pdf,0
2017,yale,1,1,0,0,1,Race and/or ethnicity unknown,13,26,26,cds_2017-2018.pdf,0
2017,yale,1,1,0,0,1,Total,1579,5743,5746,cds_2017-2018.pdf,0
2018,amherst,0,0,1,1,1,Nonresident,34,151,151,amherst_cds_2018_B_Enrollment_and_Persistence_4.pdf,0
2018,amherst,0,0,1,1,1,Hispanic/Latino,63,238,238,amherst_cds_2018_B_Enrollment_and_Persistence_4.pdf,0
2018,amherst,0,0,1,1,1,"Black or African American, non-Hispanic",48,199,199,amherst_cds_2018_B_Enrollment_and_Persistence_4.pdf,0
2018,amherst,0,0,1,1,1,"White, non-Hispanic",206,807,807,amherst_cds_2018_B_Enrollment_and_Persistence_4.pdf,0
2018,amherst,0,0,1,1,1,"American Indian or Alaska Native, non-Hispanic",3,9,9,amherst_cds_2018_B_Enrollment_and_Persistence_4.pdf,0
2018,amherst,0,0,1,1,1,"Asian, non-Hispanic",80,280,280,amherst_cds_2018_B_Enrollment_and_Persistence_4.pdf,0
2018,amherst,0,0,1,1,1,"Native Hawaiian or other Pacific Islander, non-Hispanic",0,0,0,amherst_cds_2018_B_Enrollment_and_Persistence_4.pdf,0
2018,amherst,0,0,1,1,1,"Two or more races, non-Hispanic",46,126,126,amherst_cds_2018_B_Enrollment_and_Persistence_4.pdf,0
2018,amherst,0,0,1,1,1,Race and/or ethnicity unknown,12,45,45,amherst_cds_2018_B_Enrollment_and_Persistence_4.pdf,0
2018,amherst,0,0,1,1,1,Total,492,1855,1855,amherst_cds_2018_B_Enrollment_and_Persistence_4.pdf,0
2018,barnard,0,0,0,1,1,Hispanic/Latino,72,300,300,Barnard_CDS_2018-2019.pdf,0
2018,barnard,0,0,0,1,1,"Black or African American, non-Hispanic",36,147,149,Barnard_CDS_2018-2019.pdf,0
2018,barnard,0,0,0,1,1,"White, non-Hispanic",308,1318,1318,Barnard_CDS_2018-2019.pdf,0
2018,barnard,0,0,0,1,1,"American Indian or Alaska Native, non-Hispanic",1,6,6,Barnard_CDS_2018-2019.pdf,0
2018,barnard,0,0,0,1,1,"Asian, non-Hispanic",81,374,374,Barnard_CDS_2018-2019.pdf,0
2018,barnard,0,0,0,1,1,"Native Hawaiian or other Pacific Islander, non-Hispanic",0,2,2,Barnard_CDS_2018-2019.pdf,0
2018,barnard,0,0,0,1,1,"Two or more races, non-Hispanic",45,153,153,Barnard_CDS_2018-2019.pdf,0
2018,barnard,0,0,0,1,1,Race and/or ethnicity unknown,4,8,8,Barnard_CDS_2018-2019.pdf,0
2018,barnard,0,0,0,1,1,Total,605,2557,2562,Barnard_CDS_2018-2019.pdf,0
2018,bates,0,0,1,1,1,Nonresident,43,142,142,CDS_2018-2019.pdf,0
2018,bates,0,0,1,1,1,Hispanic/Latino,36,138,138,CDS_2018-2019.pdf,0
2018,bates,0,0,1,1,1,"Black or African American, non-Hispanic",25,94,94,CDS_2018-2019.pdf,0
2018,bates,0,0,1,1,1,"White, non-Hispanic",379,1294,1294,CDS_2018-2019.pdf,0
2018,bates,0,0,1,1,1,"American Indian or Alaska Native, non-Hispanic",0,2,2,CDS_2018-2019.pdf,0
2018,bates,0,0,1,1,1,"Asian, non-Hispanic",24,72,72,CDS_2018-2019.pdf,0
2018,bates,0,0,1,1,1,"Native Hawaiian or other Pacific Islander, non-Hispanic",0,1,1,CDS_2018-2019.pdf,0
2018,bates,0,0,1,1,1,"Two or more races, non-Hispanic",30,81,81,CDS_2018-2019.pdf,0
2018,bates,0,0,1,1,1,Race and/or ethnicity unknown,6,8,8,CDS_2018-2019.pdf,0
2018,bates,0,0,1,1,1,Total,543,1832,1832,CDS_2018-2019.pdf,0
2018,bowdoin,0,0,1,1,1,Nonresident,39,107,110,common-data-set-2018-19.pdf,0
2018,bowdoin,0,0,1,1,1,Hispanic/Latino,52,189,189,common-data-set-2018-19.pdf,0
2018,bowdoin,0,0,1,1,1,"Black or African American, non-Hispanic",48,147,147,common-data-set-2018-19.pdf,0
2018,bowdoin,0,0,1,1,1,"White, non-Hispanic",291,1109,1109,common-data-set-2018-19.pdf,0
2018,bowdoin,0,0,1,1,1,"American Indian or Alaska Native, non-Hispanic",2,4,4,common-data-set-2018-19.pdf,0
2018,bowdoin,0,0,1,1,1,"Asian, non-Hispanic",45,137,137,common-data-set-2018-19.pdf,0
2018,bowdoin,0,0,1,1,1,"Native Hawaiian or other Pacific Islander, non-Hispanic",1,2,2,common-data-set-2018-19.pdf,0
2018,bowdoin,0,0,1,1,1,"Two or more races, non-Hispanic",30,118,118,common-data-set-2018-19.pdf,0
2018,bowdoin,0,0,1,1,1,Race and/or ethnicity unknown,2,12,12,common-data-set-2018-19.pdf,0
2018,bowdoin,0,0,1,1,1,Total,510,1825,1828,common-data-set-2018-19.pdf,0
2018,brown,1,1,0,0,1,Nonresident,177,751,870,CDS_2018_2019_FINAL.pdf,0
2018,brown,1,1,0,0,1,Hispanic/Latino,201,774,789,CDS_2018_2019_FINAL.pdf,0
2018,brown,1,1,0,0,1,"Black or African American, non-Hispanic",116,435,441,CDS_2018_2019_FINAL.pdf,0
2018,brown,1,1,0,0,1,"White, non-Hispanic",688,2900,2939,CDS_2018_2019_FINAL.pdf,0
2018,brown,1,1,0,0,1,"American Indian or Alaska Native, non-Hispanic",6,24,24,CDS_2018_2019_FINAL.pdf,0
2018,brown,1,1,0,0,1,"Asian, non-Hispanic",263,1043,1069,CDS_2018_2019_FINAL.pdf,0
2018,brown,1,1,0,0,1,"Native Hawaiian or other Pacific Islander, non-Hispanic",4,10,10,CDS_2018_2019_FINAL.pdf,0
2018,brown,1,1,0,0,1,"Two or more races, non-Hispanic",106,419,427,CDS_2018_2019_FINAL.pdf,0
2018,brown,1,1,0,0,1,Race and/or ethnicity unknown,91,396,474,CDS_2018_2019_FINAL.pdf,0
2018,brown,1,1,0,0,1,Total,1652,6752,7043,CDS_2018_2019_FINAL.pdf,0
2018,brynmawr,0,0,0,1,0,Nonresident,80,291,295,BrynMawr_CDS_2018-2019.pdf,0
2018,brynmawr,0,0,0,1,0,Hispanic/Latino,38,134,134,BrynMawr_CDS_2018-2019.pdf,0
2018,brynmawr,0,0,0,1,0,"Black or African American, non-Hispanic",17,78,78,BrynMawr_CDS_2018-2019.pdf,0
2018,brynmawr,0,0,0,1,0,"White, non-Hispanic",169,524,525,BrynMawr_CDS_2018-2019.pdf,0
2018,brynmawr,0,0,0,1,0,"American Indian or Alaska Native, non-Hispanic",0,0,0,BrynMawr_CDS_2018-2019.pdf,0
2018,brynmawr,0,0,0,1,0,"Asian, non-Hispanic",56,175,175,BrynMawr_CDS_2018-2019.pdf,0
2018,brynmawr,0,0,0,1,0,"Native Hawaiian or other Pacific Islander, non-Hispanic",1,1,1,BrynMawr_CDS_2018-2019.pdf,0
2018,brynmawr,0,0,0,1,0,"Two or more races, non-Hispanic",23,75,75,BrynMawr_CDS_2018-2019.pdf,0
2018,brynmawr,0,0,0,1,0,Race and/or ethnicity unknown,7,75,77,BrynMawr_CDS_2018-2019.pdf,0
2018,brynmawr,0,0,0,1,0,Total,391,1353,1360,BrynMawr_CDS_2018-2019.pdf,0
2018,bucknell,0,0,0,1,0,Nonresident,65,239,243,cds_2018-19.pdf,0
2018,bucknell,0,0,0,1,0,Hispanic/Latino,62,248,248,cds_2018-19.pdf,0
2018,bucknell,0,0,0,1,0,"Black or African American, non-Hispanic",36,127,127,cds_2018-19.pdf,0
2018,bucknell,0,0,0,1,0,"White, non-Hispanic",706,2596,2606,cds_2018-19.pdf,0
2018,bucknell,0,0,0,1,0,"American Indian or Alaska Native, non-Hispanic",1,2,2,cds_2018-19.pdf,0
2018,bucknell,0,0,0,1,0,"Asian, non-Hispanic",55,203,203,cds_2018-19.pdf,0
2018,bucknell,0,0,0,1,0,"Native Hawaiian or other Pacific Islander, non-Hispanic",0,0,0,cds_2018-19.pdf,0
2018,bucknell,0,0,0,1,0,"Two or more races, non-Hispanic",48,161,161,cds_2018-19.pdf,0
2018,bucknell,0,0,0,1,0,Race and/or ethnicity unknown,1,7,7,cds_2018-19.pdf,0
2018,bucknell,0,0,0,1,0,Total,974,3583,3597,cds_2018-19.pdf,0
2018,caltech,0,1,0,0,1,Nonresident,17,83,91,cds_2018-19.pdf,0
2018,caltech,0,1,0,0,1,Hispanic/Latino,42,131,132,cds_2018-19.pdf,0
2018,caltech,0,1,0,0,1,"Black or African American, non-Hispanic",4,14,14,cds_2018-19.pdf,0
2018,caltech,0,1,0,0,1,"White, non-Hispanic",62,257,260,cds_2018-19.pdf,0
2018,caltech,0,1,0,0,1,"American Indian or Alaska Native, non-Hispanic",0,0,0,cds_2018-19.pdf,0
2018,caltech,0,1,0,0,1,"Asian, non-Hispanic",83,383,383,cds_2018-19.pdf,0
2018,caltech,0,1,0,0,1,"Native Hawaiian or other Pacific Islander, non-Hispanic",0,0,0,cds_2018-19.pdf,0
2018,caltech,0,1,0,0,1,"Two or more races, non-Hispanic",23,80,80,cds_2018-19.pdf,0
2018,caltech,0,1,0,0,1,Race and/or ethnicity unknown,0,0,0,cds_2018-19.pdf,0
2018,caltech,0,1,0,0,1,Total,231,948,960,cds_2018-19.pdf,0
2018,carleton,0,0,0,1,1,Nonresident,66,225,,Carleton_CDS_2018-19.pdf,0
2018,carleton,0,0,0,1,1,Hispanic/Latino,42,163,,Carleton_CDS_2018-19.pdf,0
2018,carleton,0,0,0,1,1,"Black or African American, non-Hispanic",20,98,,Carleton_CDS_2018-19.pdf,0
2018,carleton,0,0,0,1,1,"White, non-Hispanic",304,1220,,Carleton_CDS_2018-19.pdf,0
2018,carleton,0,0,0,1,1,"American Indian or Alaska Native, non-Hispanic",2,2,,Carleton_CDS_2018-19.pdf,0
2018,carleton,0,0,0,1,1,"Asian, non-Hispanic",54,168,,Carleton_CDS_2018-19.pdf,0
2018,carleton,0,0,0,1,1,"Native Hawaiian or other Pacific Islander, non-Hispanic",0,0,,Carleton_CDS_2018-19.pdf,0
2018,carleton,0,0,0,1,1,"Two or more races, non-Hispanic",40,142,,Carleton_CDS_2018-19.pdf,0
2018,carleton,0,0,0,1,1,Race and/or ethnicity unknown,1,28,,Carleton_CDS_2018-19.pdf,0
2018,carleton,0,0,0,1,1,Total,529,2046,0,Carleton_CDS_2018-19.pdf,0
2018,cmc,0,0,0,0,1,Total,325,1318,,cds_2018-2019.pdf,0
2018,colgate,0,0,0,0,1,Nonresident,72,276,277,cds_2018-19.pdf,0
2018,colgate,0,0,0,0,1,Hispanic/Latino,74,271,273,cds_2018-19.pdf,0
2018,colgate,0,0,0,0,1,"Black or African American, non-Hispanic",31,135,135,cds_2018-19.pdf,0
2018,colgate,0,0,0,0,1,"White, non-Hispanic",542,1894,1911,cds_2018-19.pdf,0
2018,colgate,0,0,0,0,1,"American Indian or Alaska Native, non-Hispanic",0,4,4,cds_2018-19.pdf,0
2018,colgate,0,0,0,0,1,"Asian, non-Hispanic",50,137,137,cds_2018-19.pdf,0
2018,colgate,0,0,0,0,1,"Native Hawaiian or other Pacific Islander, non-Hispanic",2,2,2,cds_2018-19.pdf,0
2018,colgate,0,0,0,0,1,"Two or more races, non-Hispanic",32,114,115,cds_2018-19.pdf,0
2018,colgate,0,0,0,0,1,Race and/or ethnicity unknown,12,101,104,cds_2018-19.pdf,0
2018,colgate,0,0,0,0,1,Total,815,2934,2958,cds_2018-19.pdf,0
2018,conncoll,0,0,1,1,0,Nonresident,39,132,,Common-Data-Set-2018-19.pdf,0
2018,conncoll,0,0,1,1,0,Hispanic/Latino,52,153,,Common-Data-Set-2018-19.pdf,0
2018,conncoll,0,0,1,1,0,"Black or African American, non-Hispanic",18,75,,Common-Data-Set-2018-19.pdf,0
2018,conncoll,0,0,1,1,0,"White, non-Hispanic",345,1252,,Common-Data-Set-2018-19.pdf,0
2018,conncoll,0,0,1,1,0,"American Indian or Alaska Native, non-Hispanic",1,2,,Common-Data-Set-2018-19.pdf,0
2018,conncoll,0,0,1,1,0,"Asian, non-Hispanic",24,87,,Common-Data-Set-2018-19.pdf,0
2018,conncoll,0,0,1,1,0,"Native Hawaiian or other Pacific Islander, non-Hispanic",1,2,,Common-Data-Set-2018-19.pdf,0
2018,conncoll,0,0,1,1,0,"Two or more races, non-Hispanic",19,67,,Common-Data-Set-2018-19.pdf,0
2018,conncoll,0,0,1,1,0,Race and/or ethnicity unknown,9,28,,Common-Data-Set-2018-19.pdf,0
2018,conncoll,0,0,1,1,0,Total,508,1798,0,Common-Data-Set-2018-19.pdf,0
2018,cornell,1,1,0,0,1,Nonresident,340,1589,1661,CDS_2018-2019.pdf,0
2018,cornell,1,1,0,0,1,Hispanic/Latino,503,2043,2043,CDS_2018-2019.pdf,0
2018,cornell,1,1,0,0,1,"Black or African American, non-Hispanic",265,1038,1038,CDS_2018-2019.pdf,0
2018,cornell,1,1,0,0,1,"White, non-Hispanic",1125,5516,5518,CDS_2018-2019.pdf,0
2018,cornell,1,1,0,0,1,"American Indian or Alaska Native, non-Hispanic",9,56,56,CDS_2018-2019.pdf,0
2018,cornell,1,1,0,0,1,"Asian, non-Hispanic",624,2927,2927,CDS_2018-2019.pdf,0
2018,cornell,1,1,0,0,1,"Native Hawaiian or other Pacific Islander, non-Hispanic",4,14,14,CDS_2018-2019.pdf,0
2018,cornell,1,1,0,0,1,"Two or more races, non-Hispanic",168,712,712,CDS_2018-2019.pdf,0
2018,cornell,1,1,0,0,1,Race and/or ethnicity unknown,257,1210,1213,CDS_2018-2019.pdf,0
2018,cornell,1,1,0,0,1,Total,3295,15105,15182,CDS_2018-2019.pdf,0
2018,dartmouth,1,1,0,0,1,Nonresident,128,403,434,cds_2018-2019.pdf,0
2018,dartmouth,1,1,0,0,1,Hispanic/Latino,117,429,430,cds_2018-2019.pdf,0
2018,dartmouth,1,1,0,0,1,"Black or African American, non-Hispanic",58,260,263,cds_2018-2019.pdf,0
2018,dartmouth,1,1,0,0,1,"White, non-Hispanic",605,2185,2221,cds_2018-2019.pdf,0
2018,dartmouth,1,1,0,0,1,"American Indian or Alaska Native, non-Hispanic",16,74,74,cds_2018-2019.pdf,0
2018,dartmouth,1,1,0,0,1,"Asian, non-Hispanic",171,662,671,cds_2018-2019.pdf,0
2018,dartmouth,1,1,0,0,1,"Native Hawaiian or other Pacific Islander, non-Hispanic",1,13,13,cds_2018-2019.pdf,0
2018,dartmouth,1,1,0,0,1,"Two or more races, non-Hispanic",60,230,232,cds_2018-2019.pdf,0
2018,dartmouth,1,1,0,0,1,Race and/or ethnicity unknown,11,56,79,cds_2018-2019.pdf,0
2018,dartmouth,1,1,0,0,1,Total,1167,4312,4417,cds_2018-2019.pdf,0
2018,duke,0,1,0,0,1,Nonresident,135,636,664,Duke_CDS_2018-2019.pdf,0
2018,duke,0,1,0,0,1,Hispanic/Latino,162,624,630,Duke_CDS_2018-2019.pdf,0
2018,duke,0,1,0,0,1,"Black or African American, non-Hispanic",157,669,672,Duke_CDS_2018-2019.pdf,0
2018,duke,0,1,0,0,1,"White, non-Hispanic",746,2801,2830,Duke_CDS_2018-2019.pdf,0
2018,duke,0,1,0,0,1,"American Indian or Alaska Native, non-Hispanic",16,47,47,Duke_CDS_2018-2019.pdf,0
2018,duke,0,1,0,0,1,"Asian, non-Hispanic",411,1454,1458,Duke_CDS_2018-2019.pdf,0
2018,duke,0,1,0,0,1,"Native Hawaiian or other Pacific Islander, non-Hispanic",4,11,11,Duke_CDS_2018-2019.pdf,0
2018,duke,0,1,0,0,1,"Two or more races, non-Hispanic",26,108,109,Duke_CDS_2018-2019.pdf,0
2018,duke,0,1,0,0,1,Race and/or ethnicity unknown,88,246,261,Duke_CDS_2018-2019.pdf,0
2018,duke,0,1,0,0,1,Total,1745,6596,6682,Duke_CDS_2018-2019.pdf,0
2018,georgetown,0,0,0,0,1,Nonresident,183,991,1121,georgetown_cds_2018-2019.pdf,0
2018,georgetown,0,0,0,0,1,Hispanic/Latino,166,728,731,georgetown_cds_2018-2019.pdf,0
2018,georgetown,0,0,0,0,1,"Black or African American, non-Hispanic",123,478,484,georgetown_cds_2018-2019.pdf,0
2018,georgetown,0,0,0,0,1,"White, non-Hispanic",824,3687,3738,georgetown_cds_2018-2019.pdf,0
2018,georgetown,0,0,0,0,1,"American Indian or Alaska Native, non-Hispanic",1,1,1,georgetown_cds_2018-2019.pdf,0
2018,georgetown,0,0,0,0,1,"Asian, non-Hispanic",200,700,706,georgetown_cds_2018-2019.pdf,0
2018,georgetown,0,0,0,0,1,"Native Hawaiian or other Pacific Islander, non-Hispanic",0,3,3,georgetown_cds_2018-2019.pdf,0
2018,georgetown,0,0,0,0,1,"Two or more races, non-Hispanic",88,338,339,georgetown_cds_2018-2019.pdf,0
2018,georgetown,0,0,0,0,1,Race and/or ethnicity unknown,36,157,336,georgetown_cds_2018-2019.pdf,0
2018,georgetown,0,0,0,0,1,Total,1621,7083,7459,georgetown_cds_2018-2019.pdf,0
2018,grinnell,0,0,0,0,1,Nonresident,86,323,323,GC_CDS_2018-19.pdf,0
2018,grinnell,0,0,0,0,1,Hispanic/Latino,39,127,128,GC_CDS_2018-19.pdf,0
2018,grinnell,0,0,0,0,1,"Black or African American, non-Hispanic",20,89,89,GC_CDS_2018-19.pdf,0
2018,grinnell,0,0,0,0,1,"White, non-Hispanic",227,844,860,GC_CDS_2018-19.pdf,0
2018,grinnell,0,0,0,0,1,"American Indian or Alaska Native, non-Hispanic",0,0,0,GC_CDS_2018-19.pdf,0
2018,grinnell,0,0,0,0,1,"Asian, non-Hispanic",42,132,132,GC_CDS_2018-19.pdf,0
2018,grinnell,0,0,0,0,1,"Native Hawaiian or other Pacific Islander, non-Hispanic",0,0,0,GC_CDS_2018-19.pdf,0
2018,grinnell,0,0,0,0,1,"Two or more races, non-Hispanic",29,84,87,GC_CDS_2018-19.pdf,0
2018,grinnell,0,0,0,0,1,Race and/or ethnicity unknown,20,78,97,GC_CDS_2018-19.pdf,0
2018,grinnell,0,0,0,0,1,Total,463,1677,1716,GC_CDS_2018-19.pdf,0
2018,hamilton,0,0,1,1,1,Nonresident,34,126,,hamilton_cds_2018-2019.pdf,0
2018,hamilton,0,0,1,1,1,Hispanic/Latino,49,183,,hamilton_cds_2018-2019.pdf,0
2018,hamilton,0,0,1,1,1,"Black or African American, non-Hispanic",20,84,,hamilton_cds_2018-2019.pdf,0
2018,hamilton,0,0,1,1,1,"White, non-Hispanic",306,1195,,hamilton_cds_2018-2019.pdf,0
2018,hamilton,0,0,1,1,1,"American Indian or Alaska Native, non-Hispanic",1,1,,hamilton_cds_2018-2019.pdf,0
2018,hamilton,0,0,1,1,1,"Asian, non-Hispanic",33,129,,hamilton_cds_2018-2019.pdf,0
2018,hamilton,0,0,1,1,1,"Native Hawaiian or other Pacific Islander, non-Hispanic",0,0,,hamilton_cds_2018-2019.pdf,0
2018,hamilton,0,0,1,1,1,"Two or more races, non-Hispanic",25,86,,hamilton_cds_2018-2019.pdf,0
2018,hamilton,0,0,1,1,1,Race and/or ethnicity unknown,13,101,,hamilton_cds_2018-2019.pdf,0
2018,hamilton,0,0,1,1,1,Total,481,1905,0,hamilton_cds_2018-2019.pdf,0
2018,hampshire,0,0,0,1,0,Nonresident,17,65,73,hampshire-cds-2018-2019.pdf,0
2018,hampshire,0,0,0,1,0,Hispanic/Latino,27,136,138,hampshire-cds-2018-2019.pdf,0
2018,hampshire,0,0,0,1,0,"Black or African American, non-Hispanic",21,92,98,hampshire-cds-2018-2019.pdf,0
2018,hampshire,0,0,0,1,0,"White, non-Hispanic",171,719,719,hampshire-cds-2018-2019.pdf,0
2018,hampshire,0,0,0,1,0,"American Indian or Alaska Native, non-Hispanic",1,3,3,hampshire-cds-2018-2019.pdf,0
2018,hampshire,0,0,0,1,0,"Asian, non-Hispanic",11,34,34,hampshire-cds-2018-2019.pdf,0
2018,hampshire,0,0,0,1,0,"Native Hawaiian or other Pacific Islander, non-Hispanic",0,0,0,hampshire-cds-2018-2019.pdf,0
2018,hampshire,0,0,0,1,0,"Two or more races, non-Hispanic",14,67,67,hampshire-cds-2018-2019.pdf,0
2018,hampshire,0,0,0,1,0,Race and/or ethnicity unknown,20,59,59,hampshire-cds-2018-2019.pdf,0
2018,hampshire,0,0,0,1,0,Total,282,1175,1191,hampshire-cds-2018-2019.pdf,0
2018,harvard,1,1,0,0,1,Nonresident,205,814,876,harvard_cds_2018-19.pdf,0
2018,harvard,1,1,0,0,1,Hispanic/Latino,176,742,742,harvard_cds_2018-19.pdf,0
2018,harvard,1,1,0,0,1,"Black or African American, non-Hispanic",167,572,572,harvard_cds_2018-19.pdf,0
2018,harvard,1,1,0,0,1,"White, non-Hispanic",600,2607,2609,harvard_cds_2018-19.pdf,0
2018,harvard,1,1,0,0,1,"American Indian or Alaska Native, non-Hispanic",6,16,16,harvard_cds_2018-19.pdf,0
2018,harvard,1,1,0,0,1,"Asian, non-Hispanic",347,1389,1391,harvard_cds_2018-19.pdf,0
2018,harvard,1,1,0,0,1,"Native Hawaiian or other Pacific Islander, non-Hispanic",1,3,3,harvard_cds_2018-19.pdf,0
2018,harvard,1,1,0,0,1,"Two or more races, non-Hispanic",126,476,476,harvard_cds_2018-19.pdf,0
2018,harvard,1,1,0,0,1,Race and/or ethnicity unknown,24,103,103,harvard_cds_2018-19.pdf,0
2018,harvard,1,1,0,0,1,Total,1652,6722,6788,harvard_cds_2018-19.pdf,0
2018,hmc,0,0,0,0,1,Nonresident,18,83,86,cds_2018-2019.pdf,0
2018,hmc,0,0,0,0,1,Hispanic/Latino,48,176,176,cds_2018-2019.pdf,0
2018,hmc,0,0,0,0,1,"Black or African American, non-Hispanic",6,31,31,cds_2018-2019.pdf,0
2018,hmc,0,0,0,0,1,"White, non-Hispanic",65,278,278,cds_2018-2019.pdf,0
2018,hmc,0,0,0,0,1,"American Indian or Alaska Native, non-Hispanic",2,2,2,cds_2018-2019.pdf,0
2018,hmc,0,0,0,0,1,"Asian, non-Hispanic",61,167,167,cds_2018-2019.pdf,0
2018,hmc,0,0,0,0,1,"Native Hawaiian or other Pacific Islander, non-Hispanic",0,4,4,cds_2018-2019.pdf,0
2018,hmc,0,0,0,0,1,"Two or more races, non-Hispanic",19,94,94,cds_2018-2019.pdf,0
2018,hmc,0,0,0,0,1,Race and/or ethnicity unknown,15,51,51,cds_2018-2019.pdf,0
2018,hmc,0,0,0,0,1,Total,234,886,889,cds_2018-2019.pdf,0
2018,macalester,0,0,0,1,0,Nonresident,95,336,343,Macalester_CDS_2018-19.pdf,0
2018,macalester,0,0,0,1,0,Hispanic/Latino,52,168,169,Macalester_CDS_2018-19.pdf,0
2018,macalester,0,0,0,1,0,"Black or African American, non-Hispanic",19,74,74,Macalester_CDS_2018-19.pdf,0
2018,macalester,0,0,0,1,0,"White, non-Hispanic",338,1259,1262,Macalester_CDS_2018-19.pdf,0
2018,macalester,0,0,0,1,0,"American Indian or Alaska Native, non-Hispanic",3,4,4,Macalester_CDS_2018-19.pdf,0
2018,macalester,0,0,0,1,0,"Asian, non-Hispanic",65,173,174,Macalester_CDS_2018-19.pdf,0
2018,macalester,0,0,0,1,0,"Native Hawaiian or other Pacific Islander, non-Hispanic",0,1,1,Macalester_CDS_2018-19.pdf,0
2018,macalester,0,0,0,1,0,"Two or more races, non-Hispanic",47,140,141,Macalester_CDS_2018-19.pdf,0
2018,macalester,0,0,0,1,0,Race and/or ethnicity unknown,2,5,6,Macalester_CDS_2018-19.pdf,0
2018,macalester,0,0,0,1,0,Total,621,2160,2174,Macalester_CDS_2018-19.pdf,0
2018,middlebury,0,0,1,1,1,Total,628,2550,2579,CDS_2018-2019.pdf,0
2018,mtholyoke,0,0,0,1,0,Nonresident,174,595,602,mtholyoke_cds_2018-2019.pdf,0
2018,mtholyoke,0,0,0,1,0,Hispanic/Latino,51,159,161,mtholyoke_cds_2018-2019.pdf,0
2018,mtholyoke,0,0,0,1,0,"Black or African American, non-Hispanic",23,99,99,mtholyoke_cds_2018-2019.pdf,0
2018,mtholyoke,0,0,0,1,0,"White, non-Hispanic",271,994,1002,mtholyoke_cds_2018-2019.pdf,0
2018,mtholyoke,0,0,0,1,0,"American Indian or Alaska Native, non-Hispanic",2,3,3,mtholyoke_cds_2018-2019.pdf,0
2018,mtholyoke,0,0,0,1,0,"Asian, non-Hispanic",62,214,215,mtholyoke_cds_2018-2019.pdf,0
2018,mtholyoke,0,0,0,1,0,"Native Hawaiian or other Pacific Islander, non-Hispanic",2,4,4,mtholyoke_cds_2018-2019.pdf,0
2018,mtholyoke,0,0,0,1,0,"Two or more races, non-Hispanic",28,88,88,mtholyoke_cds_2018-2019.pdf,0
2018,mtholyoke,0,0,0,1,0,Race and/or ethnicity unknown,15,34,34,mtholyoke_cds_2018-2019.pdf,0
2018,mtholyoke,0,0,0,1,0,Total,628,2190,2208,mtholyoke_cds_2018-2019.pdf,0
2018,northwestern,0,0,0,0,1,Nonresident,213,780,,cds_2018-19.pdf,0
2018,northwestern,0,0,0,0,1,Hispanic/Latino,256,1034,,cds_2018-19.pdf,0
2018,northwestern,0,0,0,0,1,"Black or African American, non-Hispanic",114,473,,cds_2018-19.pdf,0
2018,northwestern,0,0,0,0,1,"White, non-Hispanic",793,3689,,cds_2018-19.pdf,0
2018,northwestern,0,0,0,0,1,"American Indian or Alaska Native, non-Hispanic",2,8,,cds_2018-19.pdf,0
2018,northwestern,0,0,0,0,1,"Asian, non-Hispanic",365,1446,,cds_2018-19.pdf,0
2018,northwestern,0,0,0,0,1,"Native Hawaiian or other Pacific Islander, non-Hispanic",0,1,,cds_2018-19.pdf,0
2018,northwestern,0,0,0,0,1,"Two or more races, non-Hispanic",130,471,,cds_2018-19.pdf,0
2018,northwestern,0,0,0,0,1,Race and/or ethnicity unknown,58,329,,cds_2018-19.pdf,0
2018,northwestern,0,0,0,0,1,Total,1931,8231,,cds_2018-19.pdf,0
2018,notredame,0,0,0,0,1,Nonresident,134,541,590,CDS_2018-2019.pdf,0
2018,notredame,0,0,0,0,1,Hispanic/Latino,240,927,927,CDS_2018-2019.pdf,0
2018,notredame,0,0,0,0,1,"Black or African American, non-Hispanic",82,324,324,CDS_2018-2019.pdf,0
2018,notredame,0,0,0,0,1,"White, non-Hispanic",1402,5864,5864,CDS_2018-2019.pdf,0
2018,notredame,0,0,0,0,1,"American Indian or Alaska Native, non-Hispanic",9,19,19,CDS_2018-2019.pdf,0
2018,notredame,0,0,0,0,1,"Asian, non-Hispanic",85,408,408,CDS_2018-2019.pdf,0
2018,notredame,0,0,0,0,1,"Native Hawaiian or other Pacific Islander, non-Hispanic",2,4,4,CDS_2018-2019.pdf,0
2018,notredame,0,0,0,0,1,"Two or more races, non-Hispanic",105,431,431,CDS_2018-2019.pdf,0
2018,notredame,0,0,0,0,1,Race and/or ethnicity unknown,11,50,50,CDS_2018-2019.pdf,0
2018,notredame,0,0,0,0,1,Total,2070,8568,8617,CDS_2018-2019.pdf,0
2018,penn,1,1,0,0,1,Nonresident,1320,1590,,UPenn_CDS_2018-19.pdf,0
2018,penn,1,1,0,0,1,Hispanic/Latino,1065,1158,,UPenn_CDS_2018-19.pdf,0
2018,penn,1,1,0,0,1,"Black or African American, non-Hispanic",757,880,,UPenn_CDS_2018-19.pdf,0
2018,penn,1,1,0,0,1,"White, non-Hispanic",4157,4897,,UPenn_CDS_2018-19.pdf,0
2018,penn,1,1,0,0,1,"American Indian or Alaska Native, non-Hispanic",10,12,,UPenn_CDS_2018-19.pdf,0
2018,penn,1,1,0,0,1,"Asian, non-Hispanic",2181,2367,,UPenn_CDS_2018-19.pdf,0
2018,penn,1,1,0,0,1,"Native Hawaiian or other Pacific Islander, non-Hispanic",6,6,,UPenn_CDS_2018-19.pdf,0
2018,penn,1,1,0,0,1,"Two or more races, non-Hispanic",469,553,,UPenn_CDS_2018-19.pdf,0
2018,penn,1,1,0,0,1,Race and/or ethnicity unknown,218,388,,UPenn_CDS_2018-19.pdf,0
2018,pomona,0,0,0,1,1,Nonresident,46,189,197,cds-2018-2019.pdf,0
2018,pomona,0,0,0,1,1,Hispanic/Latino,66,286,288,cds-2018-2019.pdf,0
2018,pomona,0,0,0,1,1,"Black or African American, non-Hispanic",42,161,161,cds-2018-2019.pdf,0
2018,pomona,0,0,0,1,1,"White, non-Hispanic",148,571,576,cds-2018-2019.pdf,0
2018,pomona,0,0,0,1,1,"American Indian or Alaska Native, non-Hispanic",1,6,6,cds-2018-2019.pdf,0
2018,pomona,0,0,0,1,1,"Asian, non-Hispanic",62,249,256,cds-2018-2019.pdf,0
2018,pomona,0,0,0,1,1,"Native Hawaiian or other Pacific Islander, non-Hispanic",0,4,4,cds-2018-2019.pdf,0
2018,pomona,0,0,0,1,1,"Two or more races, non-Hispanic",31,115,115,cds-2018-2019.pdf,0
2018,pomona,0,0,0,1,1,Race and/or ethnicity unknown,16,74,76,cds-2018-2019.pdf,0
2018,pomona,0,0,0,1,1,Total,412,1655,1679,cds-2018-2019.pdf,0
2018,princeton,1,1,0,0,1,Nonresident,167,653,,cds_1819_princeton.pdf,0
2018,princeton,1,1,0,0,1,Hispanic/Latino,135,556,,cds_1819_princeton.pdf,0
2018,princeton,1,1,0,0,1,"Black or African American, non-Hispanic",113,413,,cds_1819_princeton.pdf,0
2018,princeton,1,1,0,0,1,"White, non-Hispanic",537,2200,,cds_1819_princeton.pdf,0
2018,princeton,1,1,0,0,1,"American Indian or Alaska Native, non-Hispanic",4,9,,cds_1819_princeton.pdf,0
2018,princeton,1,1,0,0,1,"Asian, non-Hispanic",290,1136,,cds_1819_princeton.pdf,0
2018,princeton,1,1,0,0,1,"Native Hawaiian or other Pacific Islander, non-Hispanic",1,6,,cds_1819_princeton.pdf,0
2018,princeton,1,1,0,0,1,"Two or more races, non-Hispanic",73,253,,cds_1819_princeton.pdf,0
2018,princeton,1,1,0,0,1,Race and/or ethnicity unknown,18,75,,cds_1819_princeton.pdf,0
2018,princeton,1,1,0,0,1,Total,1338,5301,0,cds_1819_princeton.pdf,0
2018,reed,0,0,0,1,0,Nonresident,30,142,155,reed-cds-secB-2018-2019.pdf,0
2018,reed,0,0,0,1,0,Hispanic/Latino,27,149,150,reed-cds-secB-2018-2019.pdf,0
2018,reed,0,0,0,1,0,"Black or African American, non-Hispanic",9,34,34,reed-cds-secB-2018-2019.pdf,0
2018,reed,0,0,0,1,0,"White, non-Hispanic",209,853,857,reed-cds-secB-2018-2019.pdf,0
2018,reed,0,0,0,1,0,"American Indian or Alaska Native, non-Hispanic",0,3,3,reed-cds-secB-2018-2019.pdf,0
2018,reed,0,0,0,1,0,"Asian, non-Hispanic",39,103,106,reed-cds-secB-2018-2019.pdf,0
2018,reed,0,0,0,1,0,"Native Hawaiian or other Pacific Islander, non-Hispanic",0,1,1,reed-cds-secB-2018-2019.pdf,0
2018,reed,0,0,0,1,0,"Two or more races, non-Hispanic",41,133,134,reed-cds-secB-2018-2019.pdf,0
2018,reed,0,0,0,1,0,Race and/or ethnicity unknown,8,38,43,reed-cds-secB-2018-2019.pdf,0
2018,reed,0,0,0,1,0,Total,363,1456,1483,reed-cds-secB-2018-2019.pdf,0
2018,rice,0,0,0,0,1,Nonresident,117,463,491,cds_2018-19.pdf,0
2018,rice,0,0,0,0,1,Hispanic/Latino,167,615,615,cds_2018-19.pdf,0
2018,rice,0,0,0,0,1,"Black or African American, non-Hispanic",83,283,283,cds_2018-19.pdf,0
2018,rice,0,0,0,0,1,"White, non-Hispanic",300,1317,1318,cds_2018-19.pdf,0
2018,rice,0,0,0,0,1,"American Indian or Alaska Native, non-Hispanic",1,6,6,cds_2018-19.pdf,0
2018,rice,0,0,0,0,1,"Asian, non-Hispanic",229,1018,1018,cds_2018-19.pdf,0
2018,rice,0,0,0,0,1,"Native Hawaiian or other Pacific Islander, non-Hispanic",1,6,6,cds_2018-19.pdf,0
2018,rice,0,0,0,0,1,"Two or more races, non-Hispanic",49,178,178,cds_2018-19.pdf,0
2018,rice,0,0,0,0,1,Race and/or ethnicity unknown,11,76,77,cds_2018-19.pdf,0
2018,rice,0,0,0,0,1,Total,958,3962,3992,cds_2018-19.pdf,0
2018,richmond,0,0,0,0,1,Nonresident,76,295,355,cds_2018-19.pdf,0
2018,richmond,0,0,0,0,1,Hispanic/Latino,80,264,265,cds_2018-19.pdf,0
2018,richmond,0,0,0,0,1,"Black or African American, non-Hispanic",59,249,254,cds_2018-19.pdf,0
2018,richmond,0,0,0,0,1,"White, non-Hispanic",487,1826,1839,cds_2018-19.pdf,0
2018,richmond,0,0,0,0,1,"American Indian or Alaska Native, non-Hispanic",1,3,3,cds_2018-19.pdf,0
2018,richmond,0,0,0,0,1,"Asian, non-Hispanic",60,230,231,cds_2018-19.pdf,0
2018,richmond,0,0,0,0,1,"Native Hawaiian or other Pacific Islander, non-Hispanic",1,1,1,cds_2018-19.pdf,0
2018,richmond,0,0,0,0,1,"Two or more races, non-Hispanic",30,128,128,cds_2018-19.pdf,0
2018,richmond,0,0,0,0,1,Race and/or ethnicity unknown,38,151,151,cds_2018-19.pdf,0
2018,richmond,0,0,0,0,1,Total,832,3147,3227,cds_2018-19.pdf,0
2018,smith,0,0,0,1,1,Nonresident,84,344,348,Smith College_Common Data Set 2018-2019_Version 1.pdf,0
2018,smith,0,0,0,1,1,Hispanic/Latino,81,288,288,Smith College_Common Data Set 2018-2019_Version 1.pdf,0
2018,smith,0,0,0,1,1,"Black or African American, non-Hispanic",37,166,166,Smith College_Common Data Set 2018-2019_Version 1.pdf,0
2018,smith,0,0,0,1,1,"White, non-Hispanic",297,1193,1194,Smith College_Common Data Set 2018-2019_Version 1.pdf,0
2018,smith,0,0,0,1,1,"American Indian or Alaska Native, non-Hispanic",1,3,3,Smith College_Common Data Set 2018-2019_Version 1.pdf,0
2018,smith,0,0,0,1,1,"Asian, non-Hispanic",60,233,233,Smith College_Common Data Set 2018-2019_Version 1.pdf,0
2018,smith,0,0,0,1,1,"Native Hawaiian or other Pacific Islander, non-Hispanic",0,2,2,Smith College_Common Data Set 2018-2019_Version 1.pdf,0
2018,smith,0,0,0,1,1,"Two or more races, non-Hispanic",35,120,120,Smith College_Common Data Set 2018-2019_Version 1.pdf,0
2018,smith,0,0,0,1,1,Race and/or ethnicity unknown,18,147,148,Smith College_Common Data Set 2018-2019_Version 1.pdf,0
2018,smith,0,0,0,1,1,Total,613,2496,2502,Smith College_Common Data Set 2018-2019_Version 1.pdf,0
2018,stanford,0,1,0,0,1,Nonresident,192,739,739,cds_2018-2019.pdf,0
2018,stanford,0,1,0,0,1,Hispanic/Latino,287,1113,1113,cds_2018-2019.pdf,0
2018,stanford,0,1,0,0,1,"Black or African American, non-Hispanic",98,460,462,cds_2018-2019.pdf,0
2018,stanford,0,1,0,0,1,"White, non-Hispanic",533,2415,2415,cds_2018-2019.pdf,0
2018,stanford,0,1,0,0,1,"American Indian or Alaska Native, non-Hispanic",12,56,56,cds_2018-2019.pdf,0
2018,stanford,0,1,0,0,1,"Asian, non-Hispanic",386,1552,1552,cds_2018-2019.pdf,0
2018,stanford,0,1,0,0,1,"Native Hawaiian or other Pacific Islander, non-Hispanic",7,22,22,cds_2018-2019.pdf,0
2018,stanford,0,1,0,0,1,"Two or more races, non-Hispanic",175,671,673,cds_2018-2019.pdf,0
2018,stanford,0,1,0,0,1,Race and/or ethnicity unknown,6,55,55,cds_2018-2019.pdf,0
2018,stanford,0,1,0,0,1,Total,1696,7083,7087,cds_2018-2019.pdf,0
2018,swarthmore,0,0,0,1,1,Nonresident,55,210,215,cds-2018-2019.pdf,0
2018,swarthmore,0,0,0,1,1,Hispanic/Latino,57,204,208,cds-2018-2019.pdf,0
2018,swarthmore,0,0,0,1,1,"Black or African American, non-Hispanic",30,125,125,cds-2018-2019.pdf,0
2018,swarthmore,0,0,0,1,1,"White, non-Hispanic",155,643,647,cds-2018-2019.pdf,0
2018,swarthmore,0,0,0,1,1,"American Indian or Alaska Native, non-Hispanic",2,5,5,cds-2018-2019.pdf,0
2018,swarthmore,0,0,0,1,1,"Asian, non-Hispanic",66,265,265,cds-2018-2019.pdf,0
2018,swarthmore,0,0,0,1,1,"Native Hawaiian or other Pacific Islander, non-Hispanic",1,2,2,cds-2018-2019.pdf,0
2018,swarthmore,0,0,0,1,1,"Two or more races, non-Hispanic",34,116,117,cds-2018-2019.pdf,0
2018,swarthmore,0,0,0,1,1,Race and/or ethnicity unknown,14,62,63,cds-2018-2019.pdf,0
2018,swarthmore,0,0,0,1,1,Total,414,1632,1647,cds-2018-2019.pdf,0
2018,trinity,0,0,1,1,0,Nonresident,89,283,284,CDS_2018-2019.pdf,0
2018,trinity,0,0,1,1,0,Hispanic/Latino,52,186,186,CDS_2018-2019.pdf,0
2018,trinity,0,0,1,1,0,"Black or African American, non-Hispanic",33,134,134,CDS_2018-2019.pdf,0
2018,trinity,0,0,1,1,0,"White, non-Hispanic",358,1367,1370,CDS_2018-2019.pdf,0
2018,trinity,0,0,1,1,0,"American Indian or Alaska Native, non-Hispanic",0,2,2,CDS_2018-2019.pdf,0
2018,trinity,0,0,1,1,0,"Asian, non-Hispanic",22,80,81,CDS_2018-2019.pdf,0
2018,trinity,0,0,1,1,0,"Native Hawaiian or other Pacific Islander, non-Hispanic",0,0,0,CDS_2018-2019.pdf,0
2018,trinity,0,0,1,1,0,"Two or more races, non-Hispanic",17,58,58,CDS_2018-2019.pdf,0
2018,trinity,0,0,1,1,0,Race and/or ethnicity unknown,8,52,67,CDS_2018-2019.pdf,0
2018,trinity,0,0,1,1,0,Total,579,2162,2182,CDS_2018-2019.pdf,0
2018,tufts,0,0,1,1,0,Nonresident,159,588,590,CDS_2018-2019.pdf,0
2018,tufts,0,0,1,1,0,Hispanic/Latino,117,388,389,CDS_2018-2019.pdf,0
2018,tufts,0,0,1,1,0,"Black or African American, non-Hispanic",73,239,240,CDS_2018-2019.pdf,0
2018,tufts,0,0,1,1,0,"White, non-Hispanic",806,3089,3102,CDS_2018-2019.pdf,0
2018,tufts,0,0,1,1,0,"American Indian or Alaska Native, non-Hispanic",1,1,1,CDS_2018-2019.pdf,0
2018,tufts,0,0,1,1,0,"Asian, non-Hispanic",229,733,736,CDS_2018-2019.pdf,0
2018,tufts,0,0,1,1,0,"Native Hawaiian or other Pacific Islander, non-Hispanic",1,1,1,CDS_2018-2019.pdf,0
2018,tufts,0,0,1,1,0,"Two or more races, non-Hispanic",91,295,296,CDS_2018-2019.pdf,0
2018,tufts,0,0,1,1,0,Race and/or ethnicity unknown,64,263,288,CDS_2018-2019.pdf,0
2018,tufts,0,0,1,1,0,Total,1541,5597,5643,CDS_2018-2019.pdf,0
2018,ucla,0,0,0,0,1,Nonresident,644,3645,3654,cds_2018-19.pdf,0
2018,ucla,0,0,0,0,1,Hispanic/Latino,1236,6993,6994,cds_2018-19.pdf,0
2018,ucla,0,0,0,0,1,"Black or African American, non-Hispanic",219,1080,1080,cds_2018-19.pdf,0
2018,ucla,0,0,0,0,1,"White, non-Hispanic",1644,8396,8396,cds_2018-19.pdf,0
2018,ucla,0,0,0,0,1,"American Indian or Alaska Native, non-Hispanic",16,66,66,cds_2018-19.pdf,0
2018,ucla,0,0,0,0,1,"Asian, non-Hispanic",1889,8817,8817,cds_2018-19.pdf,0
2018,ucla,0,0,0,0,1,"Native Hawaiian or other Pacific Islander, non-Hispanic",12,82,82,cds_2018-19.pdf,0
2018,ucla,0,0,0,0,1,"Two or more races, non-Hispanic",403,1742,1742,cds_2018-19.pdf,0
2018,ucla,0,0,0,0,1,Race and/or ethnicity unknown,177,738,746,cds_2018-19.pdf,0
2018,ucla,0,0,0,0,1,Total,6240,31559,31577,cds_2018-19.pdf,0
2018,umich,0,0,0,0,1,Nonresident,292,2107,2244,cds_2018-2019.pdf,0
2018,umich,0,0,0,0,1,Hispanic/Latino,495,1904,1911,cds_2018-2019.pdf,0
2018,umich,0,0,0,0,1,"Black or African American, non-Hispanic",266,1283,1284,cds_2018-2019.pdf,0
2018,umich,0,0,0,0,1,"White, non-Hispanic",3784,17604,17656,cds_2018-2019.pdf,0
2018,umich,0,0,0,0,1,"American Indian or Alaska Native, non-Hispanic",3,35,36,cds_2018-2019.pdf,0
2018,umich,0,0,0,0,1,"Asian, non-Hispanic",1131,4416,4435,cds_2018-2019.pdf,0
2018,umich,0,0,0,0,1,"Native Hawaiian or other Pacific Islander, non-Hispanic",0,15,16,cds_2018-2019.pdf,0
2018,umich,0,0,0,0,1,"Two or more races, non-Hispanic",369,1332,1337,cds_2018-2019.pdf,0
2018,umich,0,0,0,0,1,Race and/or ethnicity unknown,355,1383,1399,cds_2018-2019.pdf,0
2018,vassar,0,0,0,1,1,Nonresident,70,208,209,Vassar-College-CDS-2018-2019.pdf,0
2018,vassar,0,0,0,1,1,Hispanic/Latino,69,280,280,Vassar-College-CDS-2018-2019.pdf,0
2018,vassar,0,0,0,1,1,"Black or African American, non-Hispanic",28,99,99,Vassar-College-CDS-2018-2019.pdf,0
2018,vassar,0,0,0,1,1,"White, non-Hispanic",388,1367,1370,Vassar-College-CDS-2018-2019.pdf,0
2018,vassar,0,0,0,1,1,"American Indian or Alaska Native, non-Hispanic",0,1,1,Vassar-College-CDS-2018-2019.pdf,0
2018,vassar,0,0,0,1,1,"Asian, non-Hispanic",78,290,291,Vassar-College-CDS-2018-2019.pdf,0
2018,vassar,0,0,0,1,1,"Native Hawaiian or other Pacific Islander, non-Hispanic",0,0,0,Vassar-College-CDS-2018-2019.pdf,0
2018,vassar,0,0,0,1,1,"Two or more races, non-Hispanic",52,187,187,Vassar-College-CDS-2018-2019.pdf,0
2018,vassar,0,0,0,1,1,Race and/or ethnicity unknown,0,4,19,Vassar-College-CDS-2018-2019.pdf,0
2018,vassar,0,0,0,1,1,Total,685,2436,2456,Vassar-College-CDS-2018-2019.pdf,0
2018,washandlee,0,0,0,1,1,Nonresident,16,69,70,wlu_cds_2018-19.pdf,0
2018,washandlee,0,0,0,1,1,Hispanic/Latino,28,87,87,wlu_cds_2018-19.pdf,0
2018,washandlee,0,0,0,1,1,"Black or African American, non-Hispanic",17,49,49,wlu_cds_2018-19.pdf,0
2018,washandlee,0,0,0,1,1,"White, non-Hispanic",363,1471,1475,wlu_cds_2018-19.pdf,0
2018,washandlee,0,0,0,1,1,"Asian, non-Hispanic",23,69,71,wlu_cds_2018-19.pdf,0
2018,washandlee,0,0,0,1,1,"Two or more races, non-Hispanic",24,65,65,wlu_cds_2018-19.pdf,0
2018,washandlee,0,0,0,1,1,Race and/or ethnicity unknown,3,12,12,wlu_cds_2018-19.pdf,0
2018,washandlee,0,0,0,1,1,Total,474,1822,1829,wlu_cds_2018-19.pdf,0
2018,wellesley,0,0,0,1,1,Nonresident,85,324,343,Wellesley_CDS_2018-2019.pdf,0
2018,wellesley,0,0,0,1,1,Hispanic/Latino,90,317,318,Wellesley_CDS_2018-2019.pdf,0
2018,wellesley,0,0,0,1,1,"Black or African American, non-Hispanic",42,156,157,Wellesley_CDS_2018-2019.pdf,0
2018,wellesley,0,0,0,1,1,"White, non-Hispanic",235,917,921,Wellesley_CDS_2018-2019.pdf,0
2018,wellesley,0,0,0,1,1,"American Indian or Alaska Native, non-Hispanic",,3,3,Wellesley_CDS_2018-2019.pdf,0
2018,wellesley,0,0,0,1,1,"Asian, non-Hispanic",122,520,523,Wellesley_CDS_2018-2019.pdf,0
2018,wellesley,0,0,0,1,1,"Two or more races, non-Hispanic",38,152,153,Wellesley_CDS_2018-2019.pdf,0
2018,wellesley,0,0,0,1,1,Race and/or ethnicity unknown,2,3,116,Wellesley_CDS_2018-2019.pdf,0
2018,wellesley,0,0,0,1,1,Total,614,2392,2534,Wellesley_CDS_2018-2019.pdf,0
2018,wesleyan,0,0,1,1,1,Nonresident,102,364,368,CDS_2018-2019.pdf,0
2018,wesleyan,0,0,1,1,1,Hispanic/Latino,84,339,349,CDS_2018-2019.pdf,0
2018,wesleyan,0,0,1,1,1,"Black or African American, non-Hispanic",41,173,204,CDS_2018-2019.pdf,0
2018,wesleyan,0,0,1,1,1,"White, non-Hispanic",458,1567,1595,CDS_2018-2019.pdf,0
2018,wesleyan,0,0,1,1,1,"American Indian or Alaska Native, non-Hispanic",0,1,2,CDS_2018-2019.pdf,0
2018,wesleyan,0,0,1,1,1,"Asian, non-Hispanic",50,214,216,CDS_2018-2019.pdf,0
2018,wesleyan,0,0,1,1,1,"Native Hawaiian or other Pacific Islander, non-Hispanic",0,1,1,CDS_2018-2019.pdf,0
2018,wesleyan,0,0,1,1,1,"Two or more races, non-Hispanic",53,182,182,CDS_2018-2019.pdf,0
2018,wesleyan,0,0,1,1,1,Race and/or ethnicity unknown,15,81,92,CDS_2018-2019.pdf,0
2018,wesleyan,0,0,1,1,1,Total,803,2922,3009,CDS_2018-2019.pdf,0
2018,williams,0,0,1,1,1,Nonresident,45,158,171,2018-2019_williams_common_data_set.pdf,0
2018,williams,0,0,1,1,1,Hispanic/Latino,65,263,264,2018-2019_williams_common_data_set.pdf,0
2018,williams,0,0,1,1,1,"Black or African American, non-Hispanic",33,165,165,2018-2019_williams_common_data_set.pdf,0
2018,williams,0,0,1,1,1,"White, non-Hispanic",263,1016,1051,2018-2019_williams_common_data_set.pdf,0
2018,williams,0,0,1,1,1,"American Indian or Alaska Native, non-Hispanic",1,2,2,2018-2019_williams_common_data_set.pdf,0
2018,williams,0,0,1,1,1,"Asian, non-Hispanic",67,256,259,2018-2019_williams_common_data_set.pdf,0
2018,williams,0,0,1,1,1,"Native Hawaiian or other Pacific Islander, non-Hispanic",0,0,0,2018-2019_williams_common_data_set.pdf,0
2018,williams,0,0,1,1,1,"Two or more races, non-Hispanic",30,106,107,2018-2019_williams_common_data_set.pdf,0
2018,williams,0,0,1,1,1,Race and/or ethnicity unknown,29,54,54,2018-2019_williams_common_data_set.pdf,0
2018,williams,0,0,1,1,1,Total,533,2020,2073,2018-2019_williams_common_data_set.pdf,0
2018,wustl,0,0,0,0,1,Nonresident,130,551,607,wustl_cds_2018-2019.pdf,0
2018,wustl,0,0,0,0,1,Hispanic/Latino,169,688,704,wustl_cds_2018-2019.pdf,0
2018,wustl,0,0,0,0,1,"Black or African American, non-Hispanic",172,663,721,wustl_cds_2018-2019.pdf,0
2018,wustl,0,0,0,0,1,"White, non-Hispanic",897,3750,3959,wustl_cds_2018-2019.pdf,0
2018,wustl,0,0,0,0,1,"American Indian or Alaska Native, non-Hispanic",0,3,3,wustl_cds_2018-2019.pdf,0
2018,wustl,0,0,0,0,1,"Asian, non-Hispanic",291,1208,1238,wustl_cds_2018-2019.pdf,0
2018,wustl,0,0,0,0,1,"Native Hawaiian or other Pacific Islander, non-Hispanic",4,5,5,wustl_cds_2018-2019.pdf,0
2018,wustl,0,0,0,0,1,"Two or more races, non-Hispanic",90,349,353,wustl_cds_2018-2019.pdf,0
2018,wustl,0,0,0,0,1,Race and/or ethnicity unknown,44,139,161,wustl_cds_2018-2019.pdf,0
2018,wustl,0,0,0,0,1,Total,1797,7356,7751,wustl_cds_2018-2019.pdf,0
2018,yale,1,1,0,0,1,Nonresident,172,646,646,cds_yale_2018-2019.pdf,0
2018,yale,1,1,0,0,1,Hispanic/Latino,236,798,798,cds_yale_2018-2019.pdf,0
2018,yale,1,1,0,0,1,"Black or African American, non-Hispanic",129,449,449,cds_yale_2018-2019.pdf,0
2018,yale,1,1,0,0,1,"White, non-Hispanic",619,2523,2524,cds_yale_2018-2019.pdf,0
2018,yale,1,1,0,0,1,"American Indian or Alaska Native, non-Hispanic",6,28,28,cds_yale_2018-2019.pdf,0
2018,yale,1,1,0,0,1,"Asian, non-Hispanic",306,1122,1122,cds_yale_2018-2019.pdf,0
2018,yale,1,1,0,0,1,"Native Hawaiian or other Pacific Islander, non-Hispanic",2,4,4,cds_yale_2018-2019.pdf,0
2018,yale,1,1,0,0,1,"Two or more races, non-Hispanic",96,367,367,cds_yale_2018-2019.pdf,0
2018,yale,1,1,0,0,1,Race and/or ethnicity unknown,7,26,26,cds_yale_2018-2019.pdf,0
2018,yale,1,1,0,0,1,Total,1573,5963,5964,cds_yale_2018-2019.pdf,0
2019,amherst,0,0,1,1,1,Nonresident,53,162,162,amherst_cds_2019_B_Enrollment_and_Persistence_5.pdf,0
2019,amherst,0,0,1,1,1,Hispanic/Latino,66,242,242,amherst_cds_2019_B_Enrollment_and_Persistence_5.pdf,0
2019,amherst,0,0,1,1,1,"Black or African American, non-Hispanic",49,187,187,amherst_cds_2019_B_Enrollment_and_Persistence_5.pdf,0
2019,amherst,0,0,1,1,1,"White, non-Hispanic",186,796,796,amherst_cds_2019_B_Enrollment_and_Persistence_5.pdf,0
2019,amherst,0,0,1,1,1,"American Indian or Alaska Native, non-Hispanic",2,9,9,amherst_cds_2019_B_Enrollment_and_Persistence_5.pdf,0
2019,amherst,0,0,1,1,1,"Asian, non-Hispanic",66,272,272,amherst_cds_2019_B_Enrollment_and_Persistence_5.pdf,0
2019,amherst,0,0,1,1,1,"Native Hawaiian or other Pacific Islander, non-Hispanic",2,2,2,amherst_cds_2019_B_Enrollment_and_Persistence_5.pdf,0
2019,amherst,0,0,1,1,1,"Two or more races, non-Hispanic",27,120,120,amherst_cds_2019_B_Enrollment_and_Persistence_5.pdf,0
2019,amherst,0,0,1,1,1,Race and/or ethnicity unknown,19,49,49,amherst_cds_2019_B_Enrollment_and_Persistence_5.pdf,0
2019,amherst,0,0,1,1,1,Total,470,1839,1839,amherst_cds_2019_B_Enrollment_and_Persistence_5.pdf,0
2019,army,0,0,0,0,1,Nonresident,16,59,59,cds_2019-2020.pdf,0
2019,army,0,0,0,0,1,Hispanic/Latino,109,443,443,cds_2019-2020.pdf,0
2019,army,0,0,0,0,1,"Black or African American, non-Hispanic",145,547,547,cds_2019-2020.pdf,0
2019,army,0,0,0,0,1,"White, non-Hispanic",766,2823,2823,cds_2019-2020.pdf,0
2019,army,0,0,0,0,1,"American Indian or Alaska Native, non-Hispanic",5,37,37,cds_2019-2020.pdf,0
2019,army,0,0,0,0,1,"Asian, non-Hispanic",90,362,362,cds_2019-2020.pdf,0
2019,army,0,0,0,0,1,"Native Hawaiian or other Pacific Islander, non-Hispanic",5,8,8,cds_2019-2020.pdf,0
2019,army,0,0,0,0,1,"Two or more races, non-Hispanic",29,135,135,cds_2019-2020.pdf,0
2019,army,0,0,0,0,1,Race and/or ethnicity unknown,6,43,43,cds_2019-2020.pdf,0
2019,army,0,0,0,0,1,Total,1171,4457,4457,cds_2019-2020.pdf,0
2019,barnard,0,0,0,1,1,Nonresident,76,296,301,Barnard_CDS_2019-2020.pdf,0
2019,barnard,0,0,0,1,1,Hispanic/Latino,63,297,297,Barnard_CDS_2019-2020.pdf,0
2019,barnard,0,0,0,1,1,"Black or African American, non-Hispanic",38,140,142,Barnard_CDS_2019-2020.pdf,0
2019,barnard,0,0,0,1,1,"White, non-Hispanic",286,1304,1306,Barnard_CDS_2019-2020.pdf,0
2019,barnard,0,0,0,1,1,"American Indian or Alaska Native, non-Hispanic",1,3,3,Barnard_CDS_2019-2020.pdf,0
2019,barnard,0,0,0,1,1,"Asian, non-Hispanic",117,405,405,Barnard_CDS_2019-2020.pdf,0
2019,barnard,0,0,0,1,1,"Native Hawaiian or other Pacific Islander, non-Hispanic",1,3,3,Barnard_CDS_2019-2020.pdf,0
2019,barnard,0,0,0,1,1,"Two or more races, non-Hispanic",46,163,163,Barnard_CDS_2019-2020.pdf,0
2019,barnard,0,0,0,1,1,Race and/or ethnicity unknown,4,11,11,Barnard_CDS_2019-2020.pdf,0
2019,barnard,0,0,0,1,1,Total,632,2622,2631,Barnard_CDS_2019-2020.pdf,0
2019,bates,0,0,1,1,1,Nonresident,41,150,150,CDS_2019-2020.pdf,0
2019,bates,0,0,1,1,1,Hispanic/Latino,36,139,139,CDS_2019-2020.pdf,0
2019,bates,0,0,1,1,1,"Black or African American, non-Hispanic",32,101,101,CDS_2019-2020.pdf,0
2019,bates,0,0,1,1,1,"White, non-Hispanic",317,1222,1222,CDS_2019-2020.pdf,0
2019,bates,0,0,1,1,1,"American Indian or Alaska Native, non-Hispanic",2,2,2,CDS_2019-2020.pdf,0
2019,bates,0,0,1,1,1,"Asian, non-Hispanic",33,91,91,CDS_2019-2020.pdf,0
2019,bates,0,0,1,1,1,"Native Hawaiian or other Pacific Islander, non-Hispanic",1,2,2,CDS_2019-2020.pdf,0
2019,bates,0,0,1,1,1,"Two or more races, non-Hispanic",35,103,103,CDS_2019-2020.pdf,0
2019,bates,0,0,1,1,1,Race and/or ethnicity unknown,2,10,10,CDS_2019-2020.pdf,0
2019,bates,0,0,1,1,1,Total,499,1820,1820,CDS_2019-2020.pdf,0
2019,bowdoin,0,0,1,1,1,Nonresident,37,120,121,common-data-set-2019-20.pdf,0
2019,bowdoin,0,0,1,1,1,Hispanic/Latino,64,208,208,common-data-set-2019-20.pdf,0
2019,bowdoin,0,0,1,1,1,"Black or African American, non-Hispanic",33,140,140,common-data-set-2019-20.pdf,0
2019,bowdoin,0,0,1,1,1,"White, non-Hispanic",285,1086,1088,common-data-set-2019-20.pdf,0
2019,bowdoin,0,0,1,1,1,"American Indian or Alaska Native, non-Hispanic",1,6,6,common-data-set-2019-20.pdf,0
2019,bowdoin,0,0,1,1,1,"Asian, non-Hispanic",33,132,132,common-data-set-2019-20.pdf,0
2019,bowdoin,0,0,1,1,1,"Native Hawaiian or other Pacific Islander, non-Hispanic",1,3,3,common-data-set-2019-20.pdf,0
2019,bowdoin,0,0,1,1,1,"Two or more races, non-Hispanic",44,128,128,common-data-set-2019-20.pdf,0
2019,bowdoin,0,0,1,1,1,Race and/or ethnicity unknown,0,9,9,common-data-set-2019-20.pdf,0
2019,bowdoin,0,0,1,1,1,Total,498,1832,1835,common-data-set-2019-20.pdf,0
2019,brown,1,1,0,0,1,Nonresident,190,782,932,CDS_2019_2020.pdf,0
2019,brown,1,1,0,0,1,Hispanic/Latino,163,759,769,CDS_2019_2020.pdf,0
2019,brown,1,1,0,0,1,"Black or African American, non-Hispanic",126,463,468,CDS_2019_2020.pdf,0
2019,brown,1,1,0,0,1,"White, non-Hispanic",673,2923,2963,CDS_2019_2020.pdf,0
2019,brown,1,1,0,0,1,"American Indian or Alaska Native, non-Hispanic",3,24,24,CDS_2019_2020.pdf,0
2019,brown,1,1,0,0,1,"Asian, non-Hispanic",306,1140,1172,CDS_2019_2020.pdf,0
2019,brown,1,1,0,0,1,"Native Hawaiian or other Pacific Islander, non-Hispanic",3,12,12,CDS_2019_2020.pdf,0
2019,brown,1,1,0,0,1,"Two or more races, non-Hispanic",118,415,419,CDS_2019_2020.pdf,0
2019,brown,1,1,0,0,1,Race and/or ethnicity unknown,78,316,401,CDS_2019_2020.pdf,0
2019,brown,1,1,0,0,1,Total,1660,6834,7160,CDS_2019_2020.pdf,0
2019,brynmawr,0,0,0,1,0,Nonresident,65,283,287,BrynMawr_CDS_2019-2020.pdf,0
2019,brynmawr,0,0,0,1,0,Hispanic/Latino,31,136,136,BrynMawr_CDS_2019-2020.pdf,0
2019,brynmawr,0,0,0,1,0,"Black or African American, non-Hispanic",14,75,75,BrynMawr_CDS_2019-2020.pdf,0
2019,brynmawr,0,0,0,1,0,"White, non-Hispanic",195,588,589,BrynMawr_CDS_2019-2020.pdf,0
2019,brynmawr,0,0,0,1,0,"American Indian or Alaska Native, non-Hispanic",0,0,0,BrynMawr_CDS_2019-2020.pdf,0
2019,brynmawr,0,0,0,1,0,"Asian, non-Hispanic",42,158,158,BrynMawr_CDS_2019-2020.pdf,0
2019,brynmawr,0,0,0,1,0,"Native Hawaiian or other Pacific Islander, non-Hispanic",0,1,1,BrynMawr_CDS_2019-2020.pdf,0
2019,brynmawr,0,0,0,1,0,"Two or more races, non-Hispanic",20,74,74,BrynMawr_CDS_2019-2020.pdf,0
2019,brynmawr,0,0,0,1,0,Race and/or ethnicity unknown,7,61,64,BrynMawr_CDS_2019-2020.pdf,0
2019,brynmawr,0,0,0,1,0,Total,374,1376,1384,BrynMawr_CDS_2019-2020.pdf,0
2019,bucknell,0,0,0,1,0,Nonresident,53,228,235,cds_2019-20.pdf,0
2019,bucknell,0,0,0,1,0,Hispanic/Latino,64,235,235,cds_2019-20.pdf,0
2019,bucknell,0,0,0,1,0,"Black or African American, non-Hispanic",34,123,123,cds_2019-20.pdf,0
2019,bucknell,0,0,0,1,0,"White, non-Hispanic",746,2685,2693,cds_2019-20.pdf,0
2019,bucknell,0,0,0,1,0,"American Indian or Alaska Native, non-Hispanic",0,2,2,cds_2019-20.pdf,0
2019,bucknell,0,0,0,1,0,"Asian, non-Hispanic",41,179,181,cds_2019-20.pdf,0
2019,bucknell,0,0,0,1,0,"Native Hawaiian or other Pacific Islander, non-Hispanic",1,1,1,cds_2019-20.pdf,0
2019,bucknell,0,0,0,1,0,"Two or more races, non-Hispanic",25,150,151,cds_2019-20.pdf,0
2019,bucknell,0,0,0,1,0,Race and/or ethnicity unknown,0,5,6,cds_2019-20.pdf,0
2019,bucknell,0,0,0,1,0,Total,964,3608,3627,cds_2019-20.pdf,0
2019,caltech,0,1,0,0,1,Nonresident,13,79,79,cds_2019-20.pdf,0
2019,caltech,0,1,0,0,1,Hispanic/Latino,57,161,161,cds_2019-20.pdf,0
2019,caltech,0,1,0,0,1,"Black or African American, non-Hispanic",6,16,16,cds_2019-20.pdf,0
2019,caltech,0,1,0,0,1,"White, non-Hispanic",63,253,253,cds_2019-20.pdf,0
2019,caltech,0,1,0,0,1,"American Indian or Alaska Native, non-Hispanic",0,0,0,cds_2019-20.pdf,0
2019,caltech,0,1,0,0,1,"Asian, non-Hispanic",75,343,343,cds_2019-20.pdf,0
2019,caltech,0,1,0,0,1,"Native Hawaiian or other Pacific Islander, non-Hispanic",1,1,1,cds_2019-20.pdf,0
2019,caltech,0,1,0,0,1,"Two or more races, non-Hispanic",19,84,84,cds_2019-20.pdf,0
2019,caltech,0,1,0,0,1,Race and/or ethnicity unknown,1,1,1,cds_2019-20.pdf,0
2019,caltech,0,1,0,0,1,Total,235,938,938,cds_2019-20.pdf,0
2019,carleton,0,0,0,1,1,Nonresident,56,225,234,Carleton_CDS_2019-20.pdf,0
2019,carleton,0,0,0,1,1,Hispanic/Latino,48,173,180,Carleton_CDS_2019-20.pdf,0
2019,carleton,0,0,0,1,1,"Black or African American, non-Hispanic",28,100,101,Carleton_CDS_2019-20.pdf,0
2019,carleton,0,0,0,1,1,"White, non-Hispanic",281,1195,1221,Carleton_CDS_2019-20.pdf,0
2019,carleton,0,0,0,1,1,"American Indian or Alaska Native, non-Hispanic",,2,2,Carleton_CDS_2019-20.pdf,0
2019,carleton,0,0,0,1,1,"Asian, non-Hispanic",54,188,190,Carleton_CDS_2019-20.pdf,0
2019,carleton,0,0,0,1,1,"Native Hawaiian or other Pacific Islander, non-Hispanic",0,0,0,Carleton_CDS_2019-20.pdf,0
2019,carleton,0,0,0,1,1,"Two or more races, non-Hispanic",43,152,155,Carleton_CDS_2019-20.pdf,0
2019,carleton,0,0,0,1,1,Race and/or ethnicity unknown,15,34,36,Carleton_CDS_2019-20.pdf,0
2019,carleton,0,0,0,1,1,Total,525,2069,2119,Carleton_CDS_2019-20.pdf,0
2019,cmc,0,0,0,0,1,Nonresident,54,209,216,cds_2019-2020.pdf,0
2019,cmc,0,0,0,0,1,Hispanic/Latino,51,205,205,cds_2019-2020.pdf,0
2019,cmc,0,0,0,0,1,"Black or African American, non-Hispanic",17,59,59,cds_2019-2020.pdf,0
2019,cmc,0,0,0,0,1,"White, non-Hispanic",121,550,550,cds_2019-2020.pdf,0
2019,cmc,0,0,0,0,1,"American Indian or Alaska Native, non-Hispanic",0,1,1,cds_2019-2020.pdf,0
2019,cmc,0,0,0,0,1,"Asian, non-Hispanic",43,154,154,cds_2019-2020.pdf,0
2019,cmc,0,0,0,0,1,"Two or more races, non-Hispanic",27,87,88,cds_2019-2020.pdf,0
2019,cmc,0,0,0,0,1,Race and/or ethnicity unknown,14,68,68,cds_2019-2020.pdf,0
2019,colgate,0,0,0,0,1,Nonresident,79,281,287,cds_2019-20.pdf,0
2019,colgate,0,0,0,0,1,Hispanic/Latino,65,255,255,cds_2019-20.pdf,0
2019,colgate,0,0,0,0,1,"Black or African American, non-Hispanic",30,116,116,cds_2019-20.pdf,0
2019,colgate,0,0,0,0,1,"White, non-Hispanic",514,1938,1948,cds_2019-20.pdf,0
2019,colgate,0,0,0,0,1,"American Indian or Alaska Native, non-Hispanic",0,2,2,cds_2019-20.pdf,0
2019,colgate,0,0,0,0,1,"Asian, non-Hispanic",38,150,150,cds_2019-20.pdf,0
2019,colgate,0,0,0,0,1,"Native Hawaiian or other Pacific Islander, non-Hispanic",3,5,5,cds_2019-20.pdf,0
2019,colgate,0,0,0,0,1,"Two or more races, non-Hispanic",36,119,119,cds_2019-20.pdf,0
2019,colgate,0,0,0,0,1,Race and/or ethnicity unknown,21,98,98,cds_2019-20.pdf,0
2019,colgate,0,0,0,0,1,Total,786,2964,2980,cds_2019-20.pdf,0
2019,conncoll,0,0,1,1,0,Nonresident,64,161,,Common-Data-Set-2019-20.pdf,0
2019,conncoll,0,0,1,1,0,Hispanic/Latino,57,180,,Common-Data-Set-2019-20.pdf,0
2019,conncoll,0,0,1,1,0,"Black or African American, non-Hispanic",17,69,,Common-Data-Set-2019-20.pdf,0
2019,conncoll,0,0,1,1,0,"White, non-Hispanic",322,1227,,Common-Data-Set-2019-20.pdf,0
2019,conncoll,0,0,1,1,0,"American Indian or Alaska Native, non-Hispanic",1,2,,Common-Data-Set-2019-20.pdf,0
2019,conncoll,0,0,1,1,0,"Asian, non-Hispanic",18,74,,Common-Data-Set-2019-20.pdf,0
2019,conncoll,0,0,1,1,0,"Native Hawaiian or other Pacific Islander, non-Hispanic",1,1,,Common-Data-Set-2019-20.pdf,0
2019,conncoll,0,0,1,1,0,"Two or more races, non-Hispanic",16,68,,Common-Data-Set-2019-20.pdf,0
2019,conncoll,0,0,1,1,0,Race and/or ethnicity unknown,12,35,,Common-Data-Set-2019-20.pdf,0
2019,conncoll,0,0,1,1,0,Total,508,1817,0,Common-Data-Set-2019-20.pdf,0
2019,cornell,1,1,0,0,1,Nonresident,297,1553,1618,CDS_2019-2020.pdf,0
2019,cornell,1,1,0,0,1,Hispanic/Latino,505,2079,2079,CDS_2019-2020.pdf,0
2019,cornell,1,1,0,0,1,"Black or African American, non-Hispanic",209,999,999,CDS_2019-2020.pdf,0
2019,cornell,1,1,0,0,1,"White, non-Hispanic",1117,5359,5359,CDS_2019-2020.pdf,0
2019,cornell,1,1,0,0,1,"American Indian or Alaska Native, non-Hispanic",8,45,45,CDS_2019-2020.pdf,0
2019,cornell,1,1,0,0,1,"Asian, non-Hispanic",647,2978,2978,CDS_2019-2020.pdf,0
2019,cornell,1,1,0,0,1,"Native Hawaiian or other Pacific Islander, non-Hispanic",3,15,15,CDS_2019-2020.pdf,0
2019,cornell,1,1,0,0,1,"Two or more races, non-Hispanic",177,742,742,CDS_2019-2020.pdf,0
2019,cornell,1,1,0,0,1,Race and/or ethnicity unknown,226,1206,1208,CDS_2019-2020.pdf,0
2019,cornell,1,1,0,0,1,Total,3189,14976,15043,CDS_2019-2020.pdf,0
2019,dartmouth,1,1,0,0,1,Nonresident,120,428,455,cds_2019-2020.pdf,0
2019,dartmouth,1,1,0,0,1,Hispanic/Latino,119,459,459,cds_2019-2020.pdf,0
2019,dartmouth,1,1,0,0,1,"Black or African American, non-Hispanic",67,254,254,cds_2019-2020.pdf,0
2019,dartmouth,1,1,0,0,1,"White, non-Hispanic",605,2207,2248,cds_2019-2020.pdf,0
2019,dartmouth,1,1,0,0,1,"American Indian or Alaska Native, non-Hispanic",17,59,59,cds_2019-2020.pdf,0
2019,dartmouth,1,1,0,0,1,"Asian, non-Hispanic",169,646,650,cds_2019-2020.pdf,0
2019,dartmouth,1,1,0,0,1,"Native Hawaiian or other Pacific Islander, non-Hispanic",0,8,8,cds_2019-2020.pdf,0
2019,dartmouth,1,1,0,0,1,"Two or more races, non-Hispanic",73,242,243,cds_2019-2020.pdf,0
2019,dartmouth,1,1,0,0,1,Race and/or ethnicity unknown,20,62,83,cds_2019-2020.pdf,0
2019,dartmouth,1,1,0,0,1,Total,1190,4365,4459,cds_2019-2020.pdf,0
2019,duke,0,1,0,0,1,Nonresident,157,631,663,Duke_CDS_2019-2020.pdf,0
2019,duke,0,1,0,0,1,Hispanic/Latino,190,634,638,Duke_CDS_2019-2020.pdf,0
2019,duke,0,1,0,0,1,"Black or African American, non-Hispanic",139,578,583,Duke_CDS_2019-2020.pdf,0
2019,duke,0,1,0,0,1,"White, non-Hispanic",680,2703,2746,Duke_CDS_2019-2020.pdf,0
2019,duke,0,1,0,0,1,"American Indian or Alaska Native, non-Hispanic",4,41,41,Duke_CDS_2019-2020.pdf,0
2019,duke,0,1,0,0,1,"Asian, non-Hispanic",345,1375,1383,Duke_CDS_2019-2020.pdf,0
2019,duke,0,1,0,0,1,"Native Hawaiian or other Pacific Islander, non-Hispanic",1,2,2,Duke_CDS_2019-2020.pdf,0
2019,duke,0,1,0,0,1,"Two or more races, non-Hispanic",131,305,306,Duke_CDS_2019-2020.pdf,0
2019,duke,0,1,0,0,1,Race and/or ethnicity unknown,84,277,287,Duke_CDS_2019-2020.pdf,0
2019,duke,0,1,0,0,1,Total,1731,6546,6649,Duke_CDS_2019-2020.pdf,0
2019,georgetown,0,0,0,0,1,Nonresident,137,1022,1168,georgetown_cds_2019-2020.pdf,0
2019,georgetown,0,0,0,0,1,Hispanic/Latino,132,709,714,georgetown_cds_2019-2020.pdf,0
2019,georgetown,0,0,0,0,1,"Black or African American, non-Hispanic",93,464,476,georgetown_cds_2019-2020.pdf,0
2019,georgetown,0,0,0,0,1,"White, non-Hispanic",865,3617,3663,georgetown_cds_2019-2020.pdf,0
2019,georgetown,0,0,0,0,1,"American Indian or Alaska Native, non-Hispanic",3,4,4,georgetown_cds_2019-2020.pdf,0
2019,georgetown,0,0,0,0,1,"Asian, non-Hispanic",215,777,780,georgetown_cds_2019-2020.pdf,0
2019,georgetown,0,0,0,0,1,"Native Hawaiian or other Pacific Islander, non-Hispanic",1,5,5,georgetown_cds_2019-2020.pdf,0
2019,georgetown,0,0,0,0,1,"Two or more races, non-Hispanic",97,349,349,georgetown_cds_2019-2020.pdf,0
2019,georgetown,0,0,0,0,1,Race and/or ethnicity unknown,39,194,354,georgetown_cds_2019-2020.pdf,0
2019,georgetown,0,0,0,0,1,Total,1582,7141,7513,georgetown_cds_2019-2020.pdf,0
2019,grinnell,0,0,0,0,1,Nonresident,91,346,346,GC_CDS_2019-20.pdf,0
2019,grinnell,0,0,0,0,1,Hispanic/Latino,37,135,136,GC_CDS_2019-20.pdf,0
2019,grinnell,0,0,0,0,1,"Black or African American, non-Hispanic",18,78,78,GC_CDS_2019-20.pdf,0
2019,grinnell,0,0,0,0,1,"White, non-Hispanic",241,858,869,GC_CDS_2019-20.pdf,0
2019,grinnell,0,0,0,0,1,"American Indian or Alaska Native, non-Hispanic",0,0,0,GC_CDS_2019-20.pdf,0
2019,grinnell,0,0,0,0,1,"Asian, non-Hispanic",30,129,131,GC_CDS_2019-20.pdf,0
2019,grinnell,0,0,0,0,1,"Native Hawaiian or other Pacific Islander, non-Hispanic",0,0,0,GC_CDS_2019-20.pdf,0
2019,grinnell,0,0,0,0,1,"Two or more races, non-Hispanic",18,75,76,GC_CDS_2019-20.pdf,0
2019,grinnell,0,0,0,0,1,Race and/or ethnicity unknown,24,76,97,GC_CDS_2019-20.pdf,0
2019,grinnell,0,0,0,0,1,Total,459,1697,1733,GC_CDS_2019-20.pdf,0
2019,hamilton,0,0,1,1,1,Nonresident,39,131,,hamilton_cds_2019-2020.pdf,0
2019,hamilton,0,0,1,1,1,Hispanic/Latino,49,181,,hamilton_cds_2019-2020.pdf,0
2019,hamilton,0,0,1,1,1,"Black or African American, non-Hispanic",15,73,,hamilton_cds_2019-2020.pdf,0
2019,hamilton,0,0,1,1,1,"White, non-Hispanic",298,1229,,hamilton_cds_2019-2020.pdf,0
2019,hamilton,0,0,1,1,1,"American Indian or Alaska Native, non-Hispanic",1,1,,hamilton_cds_2019-2020.pdf,0
2019,hamilton,0,0,1,1,1,"Asian, non-Hispanic",39,133,,hamilton_cds_2019-2020.pdf,0
2019,hamilton,0,0,1,1,1,"Native Hawaiian or other Pacific Islander, non-Hispanic",0,0,,hamilton_cds_2019-2020.pdf,0
2019,hamilton,0,0,1,1,1,"Two or more races, non-Hispanic",25,90,,hamilton_cds_2019-2020.pdf,0
2019,hamilton,0,0,1,1,1,Race and/or ethnicity unknown,7,76,,hamilton_cds_2019-2020.pdf,0
2019,hamilton,0,0,1,1,1,Total,473,1914,0,hamilton_cds_2019-2020.pdf,0
2019,hampshire,0,0,0,1,0,Nonresident,0,42,42,hampshire-cds-2019-2020.pdf,0
2019,hampshire,0,0,0,1,0,Hispanic/Latino,2,88,88,hampshire-cds-2019-2020.pdf,0
2019,hampshire,0,0,0,1,0,"Black or African American, non-Hispanic",6,62,62,hampshire-cds-2019-2020.pdf,0
2019,hampshire,0,0,0,1,0,"White, non-Hispanic",6,448,448,hampshire-cds-2019-2020.pdf,0
2019,hampshire,0,0,0,1,0,"American Indian or Alaska Native, non-Hispanic",0,1,1,hampshire-cds-2019-2020.pdf,0
2019,hampshire,0,0,0,1,0,"Asian, non-Hispanic",2,23,23,hampshire-cds-2019-2020.pdf,0
2019,hampshire,0,0,0,1,0,"Native Hawaiian or other Pacific Islander, non-Hispanic",0,0,0,hampshire-cds-2019-2020.pdf,0
2019,hampshire,0,0,0,1,0,"Two or more races, non-Hispanic",0,36,36,hampshire-cds-2019-2020.pdf,0
2019,hampshire,0,0,0,1,0,Race and/or ethnicity unknown,3,45,45,hampshire-cds-2019-2020.pdf,0
2019,hampshire,0,0,0,1,0,Total,19,745,745,hampshire-cds-2019-2020.pdf,0
2019,harvard,1,1,0,0,1,Nonresident,214,814,863,harvard_cds_2019-2020.pdf,0
2019,harvard,1,1,0,0,1,Hispanic/Latino,195,735,738,harvard_cds_2019-2020.pdf,0
2019,harvard,1,1,0,0,1,"Black or African American, non-Hispanic",146,597,597,harvard_cds_2019-2020.pdf,0
2019,harvard,1,1,0,0,1,"White, non-Hispanic",559,2487,2492,harvard_cds_2019-2020.pdf,0
2019,harvard,1,1,0,0,1,"American Indian or Alaska Native, non-Hispanic",4,16,16,harvard_cds_2019-2020.pdf,0
2019,harvard,1,1,0,0,1,"Asian, non-Hispanic",370,1433,1435,harvard_cds_2019-2020.pdf,0
2019,harvard,1,1,0,0,1,"Native Hawaiian or other Pacific Islander, non-Hispanic",1,3,3,harvard_cds_2019-2020.pdf,0
2019,harvard,1,1,0,0,1,"Two or more races, non-Hispanic",127,519,519,harvard_cds_2019-2020.pdf,0
2019,harvard,1,1,0,0,1,Race and/or ethnicity unknown,28,91,92,harvard_cds_2019-2020.pdf,0
2019,harvard,1,1,0,0,1,Total,1644,6695,6755,harvard_cds_2019-2020.pdf,0
2019,hmc,0,0,0,0,1,Nonresident,22,72,75,cds_2019-2020.pdf,0
2019,hmc,0,0,0,0,1,Hispanic/Latino,38,175,175,cds_2019-2020.pdf,0
2019,hmc,0,0,0,0,1,"Black or African American, non-Hispanic",10,36,36,cds_2019-2020.pdf,0
2019,hmc,0,0,0,0,1,"White, non-Hispanic",71,274,274,cds_2019-2020.pdf,0
2019,hmc,0,0,0,0,1,"American Indian or Alaska Native, non-Hispanic",0,2,2,cds_2019-2020.pdf,0
2019,hmc,0,0,0,0,1,"Asian, non-Hispanic",46,176,176,cds_2019-2020.pdf,0
2019,hmc,0,0,0,0,1,"Native Hawaiian or other Pacific Islander, non-Hispanic",1,5,5,cds_2019-2020.pdf,0
2019,hmc,0,0,0,0,1,"Two or more races, non-Hispanic",23,95,95,cds_2019-2020.pdf,0
2019,hmc,0,0,0,0,1,Race and/or ethnicity unknown,13,58,65,cds_2019-2020.pdf,0
2019,hmc,0,0,0,0,1,Total,224,893,903,cds_2019-2020.pdf,0
2019,macalester,0,0,0,1,0,Nonresident,68,306,319,Macalester_CDS_2019-20.pdf,0
2019,macalester,0,0,0,1,0,Hispanic/Latino,44,183,183,Macalester_CDS_2019-20.pdf,0
2019,macalester,0,0,0,1,0,"Black or African American, non-Hispanic",31,88,88,Macalester_CDS_2019-20.pdf,0
2019,macalester,0,0,0,1,0,"White, non-Hispanic",286,1182,1186,Macalester_CDS_2019-20.pdf,0
2019,macalester,0,0,0,1,0,"American Indian or Alaska Native, non-Hispanic",3,6,6,Macalester_CDS_2019-20.pdf,0
2019,macalester,0,0,0,1,0,"Asian, non-Hispanic",27,164,164,Macalester_CDS_2019-20.pdf,0
2019,macalester,0,0,0,1,0,"Native Hawaiian or other Pacific Islander, non-Hispanic",1,2,2,Macalester_CDS_2019-20.pdf,0
2019,macalester,0,0,0,1,0,"Two or more races, non-Hispanic",38,140,142,Macalester_CDS_2019-20.pdf,0
2019,macalester,0,0,0,1,0,Race and/or ethnicity unknown,4,8,8,Macalester_CDS_2019-20.pdf,0
2019,macalester,0,0,0,1,0,Total,502,2079,2098,Macalester_CDS_2019-20.pdf,0
2019,middlebury,0,0,1,1,1,Total,605,2555,2580,CDS_2019-2020.pdf,0
2019,mtholyoke,0,0,0,1,0,Nonresident,142,583,587,mtholyoke_cds_2019-2020.pdf,0
2019,mtholyoke,0,0,0,1,0,Hispanic/Latino,45,160,162,mtholyoke_cds_2019-2020.pdf,0
2019,mtholyoke,0,0,0,1,0,"Black or African American, non-Hispanic",26,102,102,mtholyoke_cds_2019-2020.pdf,0
2019,mtholyoke,0,0,0,1,0,"White, non-Hispanic",226,1013,1021,mtholyoke_cds_2019-2020.pdf,0
2019,mtholyoke,0,0,0,1,0,"American Indian or Alaska Native, non-Hispanic",0,2,2,mtholyoke_cds_2019-2020.pdf,0
2019,mtholyoke,0,0,0,1,0,"Asian, non-Hispanic",29,183,183,mtholyoke_cds_2019-2020.pdf,0
2019,mtholyoke,0,0,0,1,0,"Native Hawaiian or other Pacific Islander, non-Hispanic",0,2,2,mtholyoke_cds_2019-2020.pdf,0
2019,mtholyoke,0,0,0,1,0,"Two or more races, non-Hispanic",24,96,96,mtholyoke_cds_2019-2020.pdf,0
2019,mtholyoke,0,0,0,1,0,Race and/or ethnicity unknown,4,34,35,mtholyoke_cds_2019-2020.pdf,0
2019,mtholyoke,0,0,0,1,0,Total,496,2175,2190,mtholyoke_cds_2019-2020.pdf,0
2019,northwestern,0,0,0,0,1,Nonresident,221,841,,cds_2019-20.pdf,0
2019,northwestern,0,0,0,0,1,Hispanic/Latino,259,1032,,cds_2019-20.pdf,0
2019,northwestern,0,0,0,0,1,"Black or African American, non-Hispanic",113,466,,cds_2019-20.pdf,0
2019,northwestern,0,0,0,0,1,"White, non-Hispanic",837,3639,,cds_2019-20.pdf,0
2019,northwestern,0,0,0,0,1,"American Indian or Alaska Native, non-Hispanic",2,6,,cds_2019-20.pdf,0
2019,northwestern,0,0,0,0,1,"Asian, non-Hispanic",408,1523,,cds_2019-20.pdf,0
2019,northwestern,0,0,0,0,1,"Native Hawaiian or other Pacific Islander, non-Hispanic",1,3,,cds_2019-20.pdf,0
2019,northwestern,0,0,0,0,1,"Two or more races, non-Hispanic",144,526,,cds_2019-20.pdf,0
2019,northwestern,0,0,0,0,1,Race and/or ethnicity unknown,21,283,,cds_2019-20.pdf,0
2019,northwestern,0,0,0,0,1,Total,2006,8319,0,cds_2019-20.pdf,0
2019,notredame,0,0,0,0,1,Nonresident,125,531,572,CDS_2019-2020.pdf,0
2019,notredame,0,0,0,0,1,Hispanic/Latino,285,1000,1000,CDS_2019-2020.pdf,0
2019,notredame,0,0,0,0,1,"Black or African American, non-Hispanic",66,315,315,CDS_2019-2020.pdf,0
2019,notredame,0,0,0,0,1,"White, non-Hispanic",1298,5855,5855,CDS_2019-2020.pdf,0
2019,notredame,0,0,0,0,1,"American Indian or Alaska Native, non-Hispanic",4,18,18,CDS_2019-2020.pdf,0
2019,notredame,0,0,0,0,1,"Asian, non-Hispanic",100,400,400,CDS_2019-2020.pdf,0
2019,notredame,0,0,0,0,1,"Native Hawaiian or other Pacific Islander, non-Hispanic",5,9,9,CDS_2019-2020.pdf,0
2019,notredame,0,0,0,0,1,"Two or more races, non-Hispanic",129,477,477,CDS_2019-2020.pdf,0
2019,notredame,0,0,0,0,1,Race and/or ethnicity unknown,39,84,86,CDS_2019-2020.pdf,0
2019,notredame,0,0,0,0,1,Total,2051,8689,8732,CDS_2019-2020.pdf,0
2019,penn,1,1,0,0,1,Nonresident,1347,1610,,UPenn_CDS_2019-20.pdf,0
2019,penn,1,1,0,0,1,Hispanic/Latino,1014,1145,,UPenn_CDS_2019-20.pdf,0
2019,penn,1,1,0,0,1,"Black or African American, non-Hispanic",770,958,,UPenn_CDS_2019-20.pdf,0
2019,penn,1,1,0,0,1,"White, non-Hispanic",3860,4671,,UPenn_CDS_2019-20.pdf,0
2019,penn,1,1,0,0,1,"American Indian or Alaska Native, non-Hispanic",11,13,,UPenn_CDS_2019-20.pdf,0
2019,penn,1,1,0,0,1,"Asian, non-Hispanic",2254,2466,,UPenn_CDS_2019-20.pdf,0
2019,penn,1,1,0,0,1,"Native Hawaiian or other Pacific Islander, non-Hispanic",5,6,,UPenn_CDS_2019-20.pdf,0
2019,penn,1,1,0,0,1,"Two or more races, non-Hispanic",508,579,,UPenn_CDS_2019-20.pdf,0
2019,penn,1,1,0,0,1,Race and/or ethnicity unknown,250,424,,UPenn_CDS_2019-20.pdf,0
2019,pomona,0,0,0,1,1,Nonresident,46,187,194,cds-2019-2020.pdf,0
2019,pomona,0,0,0,1,1,Hispanic/Latino,71,294,294,cds-2019-2020.pdf,0
2019,pomona,0,0,0,1,1,"Black or African American, non-Hispanic",39,164,164,cds-2019-2020.pdf,0
2019,pomona,0,0,0,1,1,"White, non-Hispanic",140,581,591,cds-2019-2020.pdf,0
2019,pomona,0,0,0,1,1,"American Indian or Alaska Native, non-Hispanic",1,8,8,cds-2019-2020.pdf,0
2019,pomona,0,0,0,1,1,"Asian, non-Hispanic",78,274,281,cds-2019-2020.pdf,0
2019,pomona,0,0,0,1,1,"Native Hawaiian or other Pacific Islander, non-Hispanic",3,6,6,cds-2019-2020.pdf,0
2019,pomona,0,0,0,1,1,"Two or more races, non-Hispanic",25,114,118,cds-2019-2020.pdf,0
2019,pomona,0,0,0,1,1,Race and/or ethnicity unknown,13,60,61,cds-2019-2020.pdf,0
2019,pomona,0,0,0,1,1,Total,416,1688,1717,cds-2019-2020.pdf,0
2019,princeton,1,1,0,0,1,Nonresident,146,638,658,cds_1920_princeton.pdf,0
2019,princeton,1,1,0,0,1,Hispanic/Latino,145,565,565,cds_1920_princeton.pdf,0
2019,princeton,1,1,0,0,1,"Black or African American, non-Hispanic",97,419,419,cds_1920_princeton.pdf,0
2019,princeton,1,1,0,0,1,"White, non-Hispanic",520,2136,2136,cds_1920_princeton.pdf,0
2019,princeton,1,1,0,0,1,"American Indian or Alaska Native, non-Hispanic",4,10,10,cds_1920_princeton.pdf,0
2019,princeton,1,1,0,0,1,"Asian, non-Hispanic",332,1184,1184,cds_1920_princeton.pdf,0
2019,princeton,1,1,0,0,1,"Native Hawaiian or other Pacific Islander, non-Hispanic",1,6,6,cds_1920_princeton.pdf,0
2019,princeton,1,1,0,0,1,"Two or more races, non-Hispanic",78,280,280,cds_1920_princeton.pdf,0
2019,princeton,1,1,0,0,1,Race and/or ethnicity unknown,12,70,70,cds_1920_princeton.pdf,0
2019,princeton,1,1,0,0,1,Total,1335,5308,5328,cds_1920_princeton.pdf,0
2019,reed,0,0,0,1,0,Nonresident,40,160,173,reed-cds-secB-2019-2020.pdf,0
2019,reed,0,0,0,1,0,Hispanic/Latino,40,140,142,reed-cds-secB-2019-2020.pdf,0
2019,reed,0,0,0,1,0,"Black or African American, non-Hispanic",2,21,21,reed-cds-secB-2019-2020.pdf,0
2019,reed,0,0,0,1,0,"White, non-Hispanic",239,833,837,reed-cds-secB-2019-2020.pdf,0
2019,reed,0,0,0,1,0,"American Indian or Alaska Native, non-Hispanic",0,2,2,reed-cds-secB-2019-2020.pdf,0
2019,reed,0,0,0,1,0,"Asian, non-Hispanic",24,109,112,reed-cds-secB-2019-2020.pdf,0
2019,reed,0,0,0,1,0,"Native Hawaiian or other Pacific Islander, non-Hispanic",0,0,0,reed-cds-secB-2019-2020.pdf,0
2019,reed,0,0,0,1,0,"Two or more races, non-Hispanic",44,134,135,reed-cds-secB-2019-2020.pdf,0
2019,reed,0,0,0,1,0,Race and/or ethnicity unknown,5,30,35,reed-cds-secB-2019-2020.pdf,0
2019,reed,0,0,0,1,0,Total,394,1429,1457,reed-cds-secB-2019-2020.pdf,0
2019,rice,0,0,0,0,1,Nonresident,105,477,487,cds_2019-20.pdf,0
2019,rice,0,0,0,0,1,Hispanic/Latino,156,644,644,cds_2019-20.pdf,0
2019,rice,0,0,0,0,1,"Black or African American, non-Hispanic",72,293,293,cds_2019-20.pdf,0
2019,rice,0,0,0,0,1,"White, non-Hispanic",296,1262,1262,cds_2019-20.pdf,0
2019,rice,0,0,0,0,1,"American Indian or Alaska Native, non-Hispanic",0,4,4,cds_2019-20.pdf,0
2019,rice,0,0,0,0,1,"Asian, non-Hispanic",280,1054,1054,cds_2019-20.pdf,0
2019,rice,0,0,0,0,1,"Native Hawaiian or other Pacific Islander, non-Hispanic",0,6,6,cds_2019-20.pdf,0
2019,rice,0,0,0,0,1,"Two or more races, non-Hispanic",46,184,184,cds_2019-20.pdf,0
2019,rice,0,0,0,0,1,Race and/or ethnicity unknown,6,54,55,cds_2019-20.pdf,0
2019,rice,0,0,0,0,1,Total,961,3978,3989,cds_2019-20.pdf,0
2019,richmond,0,0,0,0,1,Nonresident,67,271,337,cds_2019-20.pdf,0
2019,richmond,0,0,0,0,1,Hispanic/Latino,95,282,283,cds_2019-20.pdf,0
2019,richmond,0,0,0,0,1,"Black or African American, non-Hispanic",46,227,232,cds_2019-20.pdf,0
2019,richmond,0,0,0,0,1,"White, non-Hispanic",493,1791,1803,cds_2019-20.pdf,0
2019,richmond,0,0,0,0,1,"American Indian or Alaska Native, non-Hispanic",2,3,3,cds_2019-20.pdf,0
2019,richmond,0,0,0,0,1,"Asian, non-Hispanic",51,224,227,cds_2019-20.pdf,0
2019,richmond,0,0,0,0,1,"Native Hawaiian or other Pacific Islander, non-Hispanic",0,1,1,cds_2019-20.pdf,0
2019,richmond,0,0,0,0,1,"Two or more races, non-Hispanic",42,140,141,cds_2019-20.pdf,0
2019,richmond,0,0,0,0,1,Race and/or ethnicity unknown,36,130,134,cds_2019-20.pdf,0
2019,richmond,0,0,0,0,1,Total,832,3069,3161,cds_2019-20.pdf,0
2019,sarahlawrence,0,0,0,1,0,Nonresident,42,155,155,slc-cds-2019-2020.pdf,0
2019,sarahlawrence,0,0,0,1,0,Hispanic/Latino,42,124,124,slc-cds-2019-2020.pdf,0
2019,sarahlawrence,0,0,0,1,0,"Black or African American, non-Hispanic",13,57,57,slc-cds-2019-2020.pdf,0
2019,sarahlawrence,0,0,0,1,0,"White, non-Hispanic",257,832,833,slc-cds-2019-2020.pdf,0
2019,sarahlawrence,0,0,0,1,0,"American Indian or Alaska Native, non-Hispanic",0,1,1,slc-cds-2019-2020.pdf,0
2019,sarahlawrence,0,0,0,1,0,"Asian, non-Hispanic",16,63,63,slc-cds-2019-2020.pdf,0
2019,sarahlawrence,0,0,0,1,0,"Native Hawaiian or other Pacific Islander, non-Hispanic",0,0,0,slc-cds-2019-2020.pdf,0
2019,sarahlawrence,0,0,0,1,0,"Two or more races, non-Hispanic",14,69,69,slc-cds-2019-2020.pdf,0
2019,sarahlawrence,0,0,0,1,0,Race and/or ethnicity unknown,14,63,131,slc-cds-2019-2020.pdf,0
2019,sarahlawrence,0,0,0,1,0,Total,398,1364,1433,slc-cds-2019-2020.pdf,0
2019,smith,0,0,0,1,1,Nonresident,98,351,354,Smith College_Common Data Set 2019-2020_Complete (updated with 20-21 tuiton.pdf,0
2019,smith,0,0,0,1,1,Hispanic/Latino,86,299,299,Smith College_Common Data Set 2019-2020_Complete (updated with 20-21 tuiton.pdf,0
2019,smith,0,0,0,1,1,"Black or African American, non-Hispanic",36,161,161,Smith College_Common Data Set 2019-2020_Complete (updated with 20-21 tuiton.pdf,0
2019,smith,0,0,0,1,1,"White, non-Hispanic",306,1248,1250,Smith College_Common Data Set 2019-2020_Complete (updated with 20-21 tuiton.pdf,0
2019,smith,0,0,0,1,1,"American Indian or Alaska Native, non-Hispanic",0,1,1,Smith College_Common Data Set 2019-2020_Complete (updated with 20-21 tuiton.pdf,0
2019,smith,0,0,0,1,1,"Asian, non-Hispanic",63,243,243,Smith College_Common Data Set 2019-2020_Complete (updated with 20-21 tuiton.pdf,0
2019,smith,0,0,0,1,1,"Native Hawaiian or other Pacific Islander, non-Hispanic",0,2,2,Smith College_Common Data Set 2019-2020_Complete (updated with 20-21 tuiton.pdf,0
2019,smith,0,0,0,1,1,"Two or more races, non-Hispanic",32,119,119,Smith College_Common Data Set 2019-2020_Complete (updated with 20-21 tuiton.pdf,0
2019,smith,0,0,0,1,1,Race and/or ethnicity unknown,12,102,102,Smith College_Common Data Set 2019-2020_Complete (updated with 20-21 tuiton.pdf,0
2019,smith,0,0,0,1,1,Total,633,2526,2531,Smith College_Common Data Set 2019-2020_Complete (updated with 20-21 tuiton.pdf,0
2019,stanford,0,1,0,0,1,Nonresident,197,747,748,cds_2019-2020.pdf,0
2019,stanford,0,1,0,0,1,Hispanic/Latino,292,1156,1156,cds_2019-2020.pdf,0
2019,stanford,0,1,0,0,1,"Black or African American, non-Hispanic",116,477,477,cds_2019-2020.pdf,0
2019,stanford,0,1,0,0,1,"White, non-Hispanic",488,2264,2264,cds_2019-2020.pdf,0
2019,stanford,0,1,0,0,1,"American Indian or Alaska Native, non-Hispanic",16,57,57,cds_2019-2020.pdf,0
2019,stanford,0,1,0,0,1,"Asian, non-Hispanic",413,1590,1590,cds_2019-2020.pdf,0
2019,stanford,0,1,0,0,1,"Native Hawaiian or other Pacific Islander, non-Hispanic",6,25,25,cds_2019-2020.pdf,0
2019,stanford,0,1,0,0,1,"Two or more races, non-Hispanic",170,653,653,cds_2019-2020.pdf,0
2019,stanford,0,1,0,0,1,Race and/or ethnicity unknown,0,25,26,cds_2019-2020.pdf,0
2019,stanford,0,1,0,0,1,Total,1698,6994,6996,cds_2019-2020.pdf,0
2019,swarthmore,0,0,0,1,1,Nonresident,64,230,234,cds-2019-2020.pdf,0
2019,swarthmore,0,0,0,1,1,Hispanic/Latino,57,210,211,cds-2019-2020.pdf,0
2019,swarthmore,0,0,0,1,1,"Black or African American, non-Hispanic",35,128,128,cds-2019-2020.pdf,0
2019,swarthmore,0,0,0,1,1,"White, non-Hispanic",145,632,636,cds-2019-2020.pdf,0
2019,swarthmore,0,0,0,1,1,"American Indian or Alaska Native, non-Hispanic",2,6,6,cds-2019-2020.pdf,0
2019,swarthmore,0,0,0,1,1,"Asian, non-Hispanic",63,258,258,cds-2019-2020.pdf,0
2019,swarthmore,0,0,0,1,1,"Native Hawaiian or other Pacific Islander, non-Hispanic",1,2,2,cds-2019-2020.pdf,0
2019,swarthmore,0,0,0,1,1,"Two or more races, non-Hispanic",35,125,126,cds-2019-2020.pdf,0
2019,swarthmore,0,0,0,1,1,Race and/or ethnicity unknown,15,66,66,cds-2019-2020.pdf,0
2019,swarthmore,0,0,0,1,1,Total,417,1657,1667,cds-2019-2020.pdf,0
2019,trinity,0,0,1,1,0,Nonresident,74,287,290,CDS_2019-2020.pdf,0
2019,trinity,0,0,1,1,0,Hispanic/Latino,49,179,179,CDS_2019-2020.pdf,0
2019,trinity,0,0,1,1,0,"Black or African American, non-Hispanic",42,141,142,CDS_2019-2020.pdf,0
2019,trinity,0,0,1,1,0,"White, non-Hispanic",354,1361,1367,CDS_2019-2020.pdf,0
2019,trinity,0,0,1,1,0,"American Indian or Alaska Native, non-Hispanic",2,4,4,CDS_2019-2020.pdf,0
2019,trinity,0,0,1,1,0,"Asian, non-Hispanic",21,81,81,CDS_2019-2020.pdf,0
2019,trinity,0,0,1,1,0,"Native Hawaiian or other Pacific Islander, non-Hispanic",1,1,1,CDS_2019-2020.pdf,0
2019,trinity,0,0,1,1,0,"Two or more races, non-Hispanic",21,62,62,CDS_2019-2020.pdf,0
2019,trinity,0,0,1,1,0,Race and/or ethnicity unknown,16,51,69,CDS_2019-2020.pdf,0
2019,trinity,0,0,1,1,0,Total,580,2167,2195,CDS_2019-2020.pdf,0
2019,tufts,0,0,1,1,0,Nonresident,193,620,636,CDS_2019-2020.pdf,0
2019,tufts,0,0,1,1,0,Hispanic/Latino,126,431,433,CDS_2019-2020.pdf,0
2019,tufts,0,0,1,1,0,"Black or African American, non-Hispanic",70,254,254,CDS_2019-2020.pdf,0
2019,tufts,0,0,1,1,0,"White, non-Hispanic",825,3101,3118,CDS_2019-2020.pdf,0
2019,tufts,0,0,1,1,0,"American Indian or Alaska Native, non-Hispanic",1,3,3,CDS_2019-2020.pdf,0
2019,tufts,0,0,1,1,0,"Asian, non-Hispanic",249,841,845,CDS_2019-2020.pdf,0
2019,tufts,0,0,1,1,0,"Native Hawaiian or other Pacific Islander, non-Hispanic",1,2,2,CDS_2019-2020.pdf,0
2019,tufts,0,0,1,1,0,"Two or more races, non-Hispanic",86,320,324,CDS_2019-2020.pdf,0
2019,tufts,0,0,1,1,0,Race and/or ethnicity unknown,62,256,292,CDS_2019-2020.pdf,0
2019,tufts,0,0,1,1,0,Total,1613,5828,5907,CDS_2019-2020.pdf,0
2019,ucla,0,0,0,0,1,Nonresident,537,3559,3565,cds_2019-20.pdf,0
2019,ucla,0,0,0,0,1,Hispanic/Latino,1270,7056,7056,cds_2019-20.pdf,0
2019,ucla,0,0,0,0,1,"Black or African American, non-Hispanic",212,1057,1057,cds_2019-20.pdf,0
2019,ucla,0,0,0,0,1,"White, non-Hispanic",1492,8309,8310,cds_2019-20.pdf,0
2019,ucla,0,0,0,0,1,"American Indian or Alaska Native, non-Hispanic",17,70,70,cds_2019-20.pdf,0
2019,ucla,0,0,0,0,1,"Asian, non-Hispanic",1800,8731,8731,cds_2019-20.pdf,0
2019,ucla,0,0,0,0,1,"Native Hawaiian or other Pacific Islander, non-Hispanic",15,74,74,cds_2019-20.pdf,0
2019,ucla,0,0,0,0,1,"Two or more races, non-Hispanic",425,1885,1885,cds_2019-20.pdf,0
2019,ucla,0,0,0,0,1,Race and/or ethnicity unknown,152,794,795,cds_2019-20.pdf,0
2019,ucla,0,0,0,0,1,Total,5920,31535,31543,cds_2019-20.pdf,0
2019,umich,0,0,0,0,1,Nonresident,305,2298,2426,cds_2019-2020.pdf,0
2019,umich,0,0,0,0,1,Hispanic/Latino,518,2138,2143,cds_2019-2020.pdf,0
2019,umich,0,0,0,0,1,"Black or African American, non-Hispanic",242,1242,1245,cds_2019-2020.pdf,0
2019,umich,0,0,0,0,1,"White, non-Hispanic",3811,17603,17659,cds_2019-2020.pdf,0
2019,umich,0,0,0,0,1,"American Indian or Alaska Native, non-Hispanic",13,37,37,cds_2019-2020.pdf,0
2019,umich,0,0,0,0,1,"Asian, non-Hispanic",1227,4843,4858,cds_2019-2020.pdf,0
2019,umich,0,0,0,0,1,"Native Hawaiian or other Pacific Islander, non-Hispanic",2,13,13,cds_2019-2020.pdf,0
2019,umich,0,0,0,0,1,"Two or more races, non-Hispanic",346,1472,1475,cds_2019-2020.pdf,0
2019,umich,0,0,0,0,1,Race and/or ethnicity unknown,366,1400,1410,cds_2019-2020.pdf,0
2019,umich,0,0,0,0,1,Total,6830,31046,31266,cds_2019-2020.pdf,0
2019,vassar,0,0,0,1,1,Nonresident,61,218,228,Vassar-College-CDS-2019-2020.pdf,0
2019,vassar,0,0,0,1,1,Hispanic/Latino,81,268,270,Vassar-College-CDS-2019-2020.pdf,0
2019,vassar,0,0,0,1,1,"Black or African American, non-Hispanic",16,90,91,Vassar-College-CDS-2019-2020.pdf,0
2019,vassar,0,0,0,1,1,"White, non-Hispanic",374,1333,1336,Vassar-College-CDS-2019-2020.pdf,0
2019,vassar,0,0,0,1,1,"American Indian or Alaska Native, non-Hispanic",0,1,1,Vassar-College-CDS-2019-2020.pdf,0
2019,vassar,0,0,0,1,1,"Asian, non-Hispanic",81,287,288,Vassar-College-CDS-2019-2020.pdf,0
2019,vassar,0,0,0,1,1,"Native Hawaiian or other Pacific Islander, non-Hispanic",0,0,0,Vassar-College-CDS-2019-2020.pdf,0
2019,vassar,0,0,0,1,1,"Two or more races, non-Hispanic",75,216,216,Vassar-College-CDS-2019-2020.pdf,0
2019,vassar,0,0,0,1,1,Race and/or ethnicity unknown,2,8,11,Vassar-College-CDS-2019-2020.pdf,0
2019,vassar,0,0,0,1,1,Total,690,2421,2441,Vassar-College-CDS-2019-2020.pdf,0
2019,washandlee,0,0,0,1,1,Nonresident,25,73,,wlu_cds_2019-20.pdf,0
2019,washandlee,0,0,0,1,1,Hispanic/Latino,31,102,,wlu_cds_2019-20.pdf,0
2019,washandlee,0,0,0,1,1,"Black or African American, non-Hispanic",18,56,,wlu_cds_2019-20.pdf,0
2019,washandlee,0,0,0,1,1,"White, non-Hispanic",349,1462,,wlu_cds_2019-20.pdf,0
2019,washandlee,0,0,0,1,1,"Asian, non-Hispanic",17,67,,wlu_cds_2019-20.pdf,0
2019,washandlee,0,0,0,1,1,"Two or more races, non-Hispanic",19,73,,wlu_cds_2019-20.pdf,0
2019,washandlee,0,0,0,1,1,Race and/or ethnicity unknown,3,10,,wlu_cds_2019-20.pdf,0
2019,washandlee,0,0,0,1,1,Total,462,1843,0,wlu_cds_2019-20.pdf,0
2019,wellesley,0,0,0,1,1,Nonresident,81,313,330,Wellesley_CDS_2019-2020.pdf,0
2019,wellesley,0,0,0,1,1,Hispanic/Latino,71,313,314,Wellesley_CDS_2019-2020.pdf,0
2019,wellesley,0,0,0,1,1,"Black or African American, non-Hispanic",40,159,160,Wellesley_CDS_2019-2020.pdf,0
2019,wellesley,0,0,0,1,1,"White, non-Hispanic",207,874,877,Wellesley_CDS_2019-2020.pdf,0
2019,wellesley,0,0,0,1,1,"American Indian or Alaska Native, non-Hispanic",0,2,2,Wellesley_CDS_2019-2020.pdf,0
2019,wellesley,0,0,0,1,1,"Asian, non-Hispanic",153,551,554,Wellesley_CDS_2019-2020.pdf,0
2019,wellesley,0,0,0,1,1,"Native Hawaiian or other Pacific Islander, non-Hispanic",0,0,0,Wellesley_CDS_2019-2020.pdf,0
2019,wellesley,0,0,0,1,1,"Two or more races, non-Hispanic",52,170,172,Wellesley_CDS_2019-2020.pdf,0
2019,wellesley,0,0,0,1,1,Race and/or ethnicity unknown,8,9,110,Wellesley_CDS_2019-2020.pdf,0
2019,wellesley,0,0,0,1,1,Total,612,2391,2519,Wellesley_CDS_2019-2020.pdf,0
2019,wesleyan,0,0,1,1,1,Nonresident,103,402,405,CDS_2019-2020.pdf,0
2019,wesleyan,0,0,1,1,1,Hispanic/Latino,80,327,340,CDS_2019-2020.pdf,0
2019,wesleyan,0,0,1,1,1,"Black or African American, non-Hispanic",42,161,195,CDS_2019-2020.pdf,0
2019,wesleyan,0,0,1,1,1,"White, non-Hispanic",408,1578,1599,CDS_2019-2020.pdf,0
2019,wesleyan,0,0,1,1,1,"American Indian or Alaska Native, non-Hispanic",,1,2,CDS_2019-2020.pdf,0
2019,wesleyan,0,0,1,1,1,"Asian, non-Hispanic",70,217,220,CDS_2019-2020.pdf,0
2019,wesleyan,0,0,1,1,1,"Native Hawaiian or other Pacific Islander, non-Hispanic",2,3,3,CDS_2019-2020.pdf,0
2019,wesleyan,0,0,1,1,1,"Two or more races, non-Hispanic",53,177,178,CDS_2019-2020.pdf,0
2019,wesleyan,0,0,1,1,1,Race and/or ethnicity unknown,13,67,76,CDS_2019-2020.pdf,0
2019,wesleyan,0,0,1,1,1,Total,771,2933,3018,CDS_2019-2020.pdf,0
2019,williams,0,0,1,1,1,Nonresident,59,173,186,2019-2020_williams_common_data_set_with_tuit_decr.pdf,0
2019,williams,0,0,1,1,1,Hispanic/Latino,63,271,271,2019-2020_williams_common_data_set_with_tuit_decr.pdf,0
2019,williams,0,0,1,1,1,"Black or African American, non-Hispanic",30,139,141,2019-2020_williams_common_data_set_with_tuit_decr.pdf,0
2019,williams,0,0,1,1,1,"White, non-Hispanic",257,993,1024,2019-2020_williams_common_data_set_with_tuit_decr.pdf,0
2019,williams,0,0,1,1,1,"American Indian or Alaska Native, non-Hispanic",0,2,3,2019-2020_williams_common_data_set_with_tuit_decr.pdf,0
2019,williams,0,0,1,1,1,"Asian, non-Hispanic",65,251,254,2019-2020_williams_common_data_set_with_tuit_decr.pdf,0
2019,williams,0,0,1,1,1,"Native Hawaiian or other Pacific Islander, non-Hispanic",1,1,1,2019-2020_williams_common_data_set_with_tuit_decr.pdf,0
2019,williams,0,0,1,1,1,"Two or more races, non-Hispanic",46,121,121,2019-2020_williams_common_data_set_with_tuit_decr.pdf,0
2019,williams,0,0,1,1,1,Race and/or ethnicity unknown,25,74,77,2019-2020_williams_common_data_set_with_tuit_decr.pdf,0
2019,williams,0,0,1,1,1,Total,546,2025,2078,2019-2020_williams_common_data_set_with_tuit_decr.pdf,0
2019,wustl,0,0,0,0,1,Nonresident,134,560,645,wustl_cds_2019-2020.pdf,0
2019,wustl,0,0,0,0,1,Hispanic/Latino,195,733,742,wustl_cds_2019-2020.pdf,0
2019,wustl,0,0,0,0,1,"Black or African American, non-Hispanic",134,693,763,wustl_cds_2019-2020.pdf,0
2019,wustl,0,0,0,0,1,"White, non-Hispanic",799,3639,3838,wustl_cds_2019-2020.pdf,0
2019,wustl,0,0,0,0,1,"American Indian or Alaska Native, non-Hispanic",2,6,6,wustl_cds_2019-2020.pdf,0
2019,wustl,0,0,0,0,1,"Asian, non-Hispanic",305,1211,1237,wustl_cds_2019-2020.pdf,0
2019,wustl,0,0,0,0,1,"Native Hawaiian or other Pacific Islander, non-Hispanic",4,9,9,wustl_cds_2019-2020.pdf,0
2019,wustl,0,0,0,0,1,"Two or more races, non-Hispanic",113,386,391,wustl_cds_2019-2020.pdf,0
2019,wustl,0,0,0,0,1,Race and/or ethnicity unknown,46,167,191,wustl_cds_2019-2020.pdf,0
2019,wustl,0,0,0,0,1,Total,1732,7404,7822,wustl_cds_2019-2020.pdf,0
2019,yale,1,1,0,0,1,Nonresident,146,621,621,cds_2019-2020_yale_vf_030420.pdf,0
2019,yale,1,1,0,0,1,Hispanic/Latino,233,860,860,cds_2019-2020_yale_vf_030420.pdf,0
2019,yale,1,1,0,0,1,"Black or African American, non-Hispanic",117,463,463,cds_2019-2020_yale_vf_030420.pdf,0
2019,yale,1,1,0,0,1,"White, non-Hispanic",563,2460,2461,cds_2019-2020_yale_vf_030420.pdf,0
2019,yale,1,1,0,0,1,"American Indian or Alaska Native, non-Hispanic",8,29,29,cds_2019-2020_yale_vf_030420.pdf,0
2019,yale,1,1,0,0,1,"Asian, non-Hispanic",352,1221,1221,cds_2019-2020_yale_vf_030420.pdf,0
2019,yale,1,1,0,0,1,"Native Hawaiian or other Pacific Islander, non-Hispanic",2,6,6,cds_2019-2020_yale_vf_030420.pdf,0
2019,yale,1,1,0,0,1,"Two or more races, non-Hispanic",110,397,398,cds_2019-2020_yale_vf_030420.pdf,0
2019,yale,1,1,0,0,1,Race and/or ethnicity unknown,19,32,33,cds_2019-2020_yale_vf_030420.pdf,0
2019,yale,1,1,0,0,1,Total,1550,6089,6092,cds_2019-2020_yale_vf_030420.pdf,0
2020,airforce,0,0,0,0,1,Nonresident,59,59,,cds_2020-2021.pdf,0
2020,airforce,0,0,0,0,1,Hispanic/Latino,493,493,,cds_2020-2021.pdf,0
2020,airforce,0,0,0,0,1,"Black or African American, non-Hispanic",285,285,,cds_2020-2021.pdf,0
2020,airforce,0,0,0,0,1,"White, non-Hispanic",2745,2745,,cds_2020-2021.pdf,0
2020,airforce,0,0,0,0,1,"American Indian or Alaska Native, non-Hispanic",6,6,,cds_2020-2021.pdf,0
2020,airforce,0,0,0,0,1,"Asian, non-Hispanic",285,285,,cds_2020-2021.pdf,0
2020,airforce,0,0,0,0,1,"Native Hawaiian or other Pacific Islander, non-Hispanic",20,20,,cds_2020-2021.pdf,0
2020,airforce,0,0,0,0,1,"Two or more races, non-Hispanic",312,312,,cds_2020-2021.pdf,0
2020,airforce,0,0,0,0,1,Race and/or ethnicity unknown,102,102,,cds_2020-2021.pdf,0
2020,airforce,0,0,0,0,1,Total,4307,4307,,cds_2020-2021.pdf,0
2020,amherst,0,0,1,1,1,Nonresident,57,178,178,amherst_cds_2020_02._Enrollment_and_Persistence.pdf,0
2020,amherst,0,0,1,1,1,Hispanic/Latino,72,244,244,amherst_cds_2020_02._Enrollment_and_Persistence.pdf,0
2020,amherst,0,0,1,1,1,"Black or African American, non-Hispanic",47,182,182,amherst_cds_2020_02._Enrollment_and_Persistence.pdf,0
2020,amherst,0,0,1,1,1,"White, non-Hispanic",157,705,705,amherst_cds_2020_02._Enrollment_and_Persistence.pdf,0
2020,amherst,0,0,1,1,1,"American Indian or Alaska Native, non-Hispanic",0,10,10,amherst_cds_2020_02._Enrollment_and_Persistence.pdf,0
2020,amherst,0,0,1,1,1,"Asian, non-Hispanic",71,270,270,amherst_cds_2020_02._Enrollment_and_Persistence.pdf,0
2020,amherst,0,0,1,1,1,"Native Hawaiian or other Pacific Islander, non-Hispanic",1,3,3,amherst_cds_2020_02._Enrollment_and_Persistence.pdf,0
2020,amherst,0,0,1,1,1,"Two or more races, non-Hispanic",28,123,123,amherst_cds_2020_02._Enrollment_and_Persistence.pdf,0
2020,amherst,0,0,1,1,1,Race and/or ethnicity unknown,1,30,30,amherst_cds_2020_02._Enrollment_and_Persistence.pdf,0
2020,amherst,0,0,1,1,1,Total,434,1745,1745,amherst_cds_2020_02._Enrollment_and_Persistence.pdf,0
2020,army,0,0,0,0,1,Nonresident,11,58,58,cds_2020-2021.pdf,0
2020,army,0,0,0,0,1,Hispanic/Latino,134,540,540,cds_2020-2021.pdf,0
2020,army,0,0,0,0,1,"Black or African American, non-Hispanic",171,579,579,cds_2020-2021.pdf,0
2020,army,0,0,0,0,1,"White, non-Hispanic",762,2817,2817,cds_2020-2021.pdf,0
2020,army,0,0,0,0,1,"American Indian or Alaska Native, non-Hispanic",9,34,34,cds_2020-2021.pdf,0
2020,army,0,0,0,0,1,"Asian, non-Hispanic",105,351,351,cds_2020-2021.pdf,0
2020,army,0,0,0,0,1,"Native Hawaiian or other Pacific Islander, non-Hispanic",5,10,10,cds_2020-2021.pdf,0
2020,army,0,0,0,0,1,"Two or more races, non-Hispanic",21,118,118,cds_2020-2021.pdf,0
2020,army,0,0,0,0,1,Race and/or ethnicity unknown,3,29,29,cds_2020-2021.pdf,0
2020,army,0,0,0,0,1,Total,1221,4536,4536,cds_2020-2021.pdf,0
2020,barnard,0,0,0,1,1,Nonresident,51,337,337,Barnard_CDS_2020-2021.pdf,0
2020,barnard,0,0,0,1,1,Hispanic/Latino,105,317,317,Barnard_CDS_2020-2021.pdf,0
2020,barnard,0,0,0,1,1,"Black or African American, non-Hispanic",35,143,143,Barnard_CDS_2020-2021.pdf,0
2020,barnard,0,0,0,1,1,"White, non-Hispanic",273,1241,1241,Barnard_CDS_2020-2021.pdf,0
2020,barnard,0,0,0,1,1,"American Indian or Alaska Native, non-Hispanic",0,3,3,Barnard_CDS_2020-2021.pdf,0
2020,barnard,0,0,0,1,1,"Asian, non-Hispanic",159,493,493,Barnard_CDS_2020-2021.pdf,0
2020,barnard,0,0,0,1,1,"Native Hawaiian or other Pacific Islander, non-Hispanic",0,3,3,Barnard_CDS_2020-2021.pdf,0
2020,barnard,0,0,0,1,1,"Two or more races, non-Hispanic",51,175,175,Barnard_CDS_2020-2021.pdf,0
2020,barnard,0,0,0,1,1,Race and/or ethnicity unknown,16,32,32,Barnard_CDS_2020-2021.pdf,0
2020,barnard,0,0,0,1,1,Total,690,2744,2744,Barnard_CDS_2020-2021.pdf,0
2020,bates,0,0,1,1,1,Nonresident,41,149,149,CDS_2020-2021.pdf,0
2020,bates,0,0,1,1,1,Hispanic/Latino,44,133,133,CDS_2020-2021.pdf,0
2020,bates,0,0,1,1,1,"Black or African American, non-Hispanic",23,106,106,CDS_2020-2021.pdf,0
2020,bates,0,0,1,1,1,"White, non-Hispanic",307,1266,1266,CDS_2020-2021.pdf,0
2020,bates,0,0,1,1,1,"American Indian or Alaska Native, non-Hispanic",1,3,3,CDS_2020-2021.pdf,0
2020,bates,0,0,1,1,1,"Asian, non-Hispanic",22,92,92,CDS_2020-2021.pdf,0
2020,bates,0,0,1,1,1,"Native Hawaiian or other Pacific Islander, non-Hispanic",0,1,1,CDS_2020-2021.pdf,0
2020,bates,0,0,1,1,1,"Two or more races, non-Hispanic",40,118,118,CDS_2020-2021.pdf,0
2020,bates,0,0,1,1,1,Race and/or ethnicity unknown,1,8,8,CDS_2020-2021.pdf,0
2020,bates,0,0,1,1,1,Total,479,1876,1876,CDS_2020-2021.pdf,0
2020,bowdoin,0,0,1,1,1,Nonresident,30,128,128,common-data-set-2020-21.pdf,0
2020,bowdoin,0,0,1,1,1,Hispanic/Latino,43,189,189,common-data-set-2020-21.pdf,0
2020,bowdoin,0,0,1,1,1,"Black or African American, non-Hispanic",27,137,137,common-data-set-2020-21.pdf,0
2020,bowdoin,0,0,1,1,1,"White, non-Hispanic",267,998,999,common-data-set-2020-21.pdf,0
2020,bowdoin,0,0,1,1,1,"American Indian or Alaska Native, non-Hispanic",2,6,6,common-data-set-2020-21.pdf,0
2020,bowdoin,0,0,1,1,1,"Asian, non-Hispanic",49,166,166,common-data-set-2020-21.pdf,0
2020,bowdoin,0,0,1,1,1,"Native Hawaiian or other Pacific Islander, non-Hispanic",0,1,1,common-data-set-2020-21.pdf,0
2020,bowdoin,0,0,1,1,1,"Two or more races, non-Hispanic",44,143,143,common-data-set-2020-21.pdf,0
2020,bowdoin,0,0,1,1,1,Race and/or ethnicity unknown,1,8,8,common-data-set-2020-21.pdf,0
2020,bowdoin,0,0,1,1,1,Total,463,1776,1777,common-data-set-2020-21.pdf,0
2020,brown,1,1,0,0,1,Nonresident,193,734,807,CDS_2020_2021_Final2_0.pdf,0
2020,brown,1,1,0,0,1,Hispanic/Latino,191,739,745,CDS_2020_2021_Final2_0.pdf,0
2020,brown,1,1,0,0,1,"Black or African American, non-Hispanic",124,480,482,CDS_2020_2021_Final2_0.pdf,0
2020,brown,1,1,0,0,1,"White, non-Hispanic",722,2760,2773,CDS_2020_2021_Final2_0.pdf,0
2020,brown,1,1,0,0,1,"American Indian or Alaska Native, non-Hispanic",8,23,24,CDS_2020_2021_Final2_0.pdf,0
2020,brown,1,1,0,0,1,"Asian, non-Hispanic",353,1227,1238,CDS_2020_2021_Final2_0.pdf,0
2020,brown,1,1,0,0,1,"Native Hawaiian or other Pacific Islander, non-Hispanic",3,10,10,CDS_2020_2021_Final2_0.pdf,0
2020,brown,1,1,0,0,1,"Two or more races, non-Hispanic",127,417,418,CDS_2020_2021_Final2_0.pdf,0
2020,brown,1,1,0,0,1,Race and/or ethnicity unknown,30,242,295,CDS_2020_2021_Final2_0.pdf,0
2020,brown,1,1,0,0,1,Total,1751,6632,6792,CDS_2020_2021_Final2_0.pdf,0
2020,brynmawr,0,0,0,1,0,Nonresident,41,241,241,BrynMawr_CDS_2020-2021.pdf,0
2020,brynmawr,0,0,0,1,0,Hispanic/Latino,47,136,136,BrynMawr_CDS_2020-2021.pdf,0
2020,brynmawr,0,0,0,1,0,"Black or African American, non-Hispanic",24,70,70,BrynMawr_CDS_2020-2021.pdf,0
2020,brynmawr,0,0,0,1,0,"White, non-Hispanic",174,599,599,BrynMawr_CDS_2020-2021.pdf,0
2020,brynmawr,0,0,0,1,0,"American Indian or Alaska Native, non-Hispanic",0,0,,BrynMawr_CDS_2020-2021.pdf,0
2020,brynmawr,0,0,0,1,0,"Asian, non-Hispanic",44,150,150,BrynMawr_CDS_2020-2021.pdf,0
2020,brynmawr,0,0,0,1,0,"Native Hawaiian or other Pacific Islander, non-Hispanic",0,0,,BrynMawr_CDS_2020-2021.pdf,0
2020,brynmawr,0,0,0,1,0,"Two or more races, non-Hispanic",16,62,62,BrynMawr_CDS_2020-2021.pdf,0
2020,brynmawr,0,0,0,1,0,Race and/or ethnicity unknown,13,42,43,BrynMawr_CDS_2020-2021.pdf,0
2020,brynmawr,0,0,0,1,0,Total,359,1300,1301,BrynMawr_CDS_2020-2021.pdf,0
2020,bucknell,0,0,0,1,0,Nonresident,43,189,189,cds_2020-21.pdf,0
2020,bucknell,0,0,0,1,0,Hispanic/Latino,59,247,247,cds_2020-21.pdf,0
2020,bucknell,0,0,0,1,0,"Black or African American, non-Hispanic",48,146,146,cds_2020-21.pdf,0
2020,bucknell,0,0,0,1,0,"White, non-Hispanic",755,2764,2770,cds_2020-21.pdf,0
2020,bucknell,0,0,0,1,0,"American Indian or Alaska Native, non-Hispanic",0,1,1,cds_2020-21.pdf,0
2020,bucknell,0,0,0,1,0,"Asian, non-Hispanic",46,177,179,cds_2020-21.pdf,0
2020,bucknell,0,0,0,1,0,"Native Hawaiian or other Pacific Islander, non-Hispanic",0,1,1,cds_2020-21.pdf,0
2020,bucknell,0,0,0,1,0,"Two or more races, non-Hispanic",35,156,159,cds_2020-21.pdf,0
2020,bucknell,0,0,0,1,0,Race and/or ethnicity unknown,0,3,3,cds_2020-21.pdf,0
2020,bucknell,0,0,0,1,0,Total,986,3684,3695,cds_2020-21.pdf,0
2020,caltech,0,1,0,0,1,Nonresident,21,68,68,cds_2020-21.pdf,0
2020,caltech,0,1,0,0,1,Hispanic/Latino,38,163,163,cds_2020-21.pdf,0
2020,caltech,0,1,0,0,1,"Black or African American, non-Hispanic",4,17,17,cds_2020-21.pdf,0
2020,caltech,0,1,0,0,1,"White, non-Hispanic",48,211,211,cds_2020-21.pdf,0
2020,caltech,0,1,0,0,1,"American Indian or Alaska Native, non-Hispanic",0,0,0,cds_2020-21.pdf,0
2020,caltech,0,1,0,0,1,"Asian, non-Hispanic",89,358,358,cds_2020-21.pdf,0
2020,caltech,0,1,0,0,1,"Native Hawaiian or other Pacific Islander, non-Hispanic",0,1,1,cds_2020-21.pdf,0
2020,caltech,0,1,0,0,1,"Two or more races, non-Hispanic",21,79,79,cds_2020-21.pdf,0
2020,caltech,0,1,0,0,1,Race and/or ethnicity unknown,4,4,4,cds_2020-21.pdf,0
2020,caltech,0,1,0,0,1,Total,225,901,901,cds_2020-21.pdf,0
2020,carleton,0,0,0,1,1,Nonresident,34,191,196,Carleton_CDS_2020-21.pdf,0
2020,carleton,0,0,0,1,1,Hispanic/Latino,42,171,173,Carleton_CDS_2020-21.pdf,0
2020,carleton,0,0,0,1,1,"Black or African American, non-Hispanic",43,113,113,Carleton_CDS_2020-21.pdf,0
2020,carleton,0,0,0,1,1,"White, non-Hispanic",230,1067,1077,Carleton_CDS_2020-21.pdf,0
2020,carleton,0,0,0,1,1,"American Indian or Alaska Native, non-Hispanic",0,1,1,Carleton_CDS_2020-21.pdf,0
2020,carleton,0,0,0,1,1,"Asian, non-Hispanic",46,188,190,Carleton_CDS_2020-21.pdf,0
2020,carleton,0,0,0,1,1,"Native Hawaiian or other Pacific Islander, non-Hispanic",0,0,0,Carleton_CDS_2020-21.pdf,0
2020,carleton,0,0,0,1,1,"Two or more races, non-Hispanic",43,149,150,Carleton_CDS_2020-21.pdf,0
2020,carleton,0,0,0,1,1,Race and/or ethnicity unknown,15,38,40,Carleton_CDS_2020-21.pdf,0
2020,carleton,0,0,0,1,1,Total,453,1918,1940,Carleton_CDS_2020-21.pdf,0
2020,cmc,0,0,0,0,1,Nonresident,41,179,179,cds_2020-2021.pdf,0
2020,cmc,0,0,0,0,1,Hispanic/Latino,55,215,215,cds_2020-2021.pdf,0
2020,cmc,0,0,0,0,1,"Black or African American, non-Hispanic",23,63,63,cds_2020-2021.pdf,0
2020,cmc,0,0,0,0,1,"White, non-Hispanic",107,478,478,cds_2020-2021.pdf,0
2020,cmc,0,0,0,0,1,"American Indian or Alaska Native, non-Hispanic",0,2,2,cds_2020-2021.pdf,0
2020,cmc,0,0,0,0,1,"Asian, non-Hispanic",53,170,170,cds_2020-2021.pdf,0
2020,cmc,0,0,0,0,1,"Two or more races, non-Hispanic",21,90,90,cds_2020-2021.pdf,0
2020,cmc,0,0,0,0,1,Race and/or ethnicity unknown,14,63,63,cds_2020-2021.pdf,0
2020,cmc,0,0,0,0,1,Total,315,1262,1262,cds_2020-2021.pdf,0
2020,colgate,0,0,0,0,1,Nonresident,70,282,282,cds_2020-21.pdf,0
2020,colgate,0,0,0,0,1,Hispanic/Latino,78,280,281,cds_2020-21.pdf,0
2020,colgate,0,0,0,0,1,"Black or African American, non-Hispanic",38,126,126,cds_2020-21.pdf,0
2020,colgate,0,0,0,0,1,"White, non-Hispanic",489,1971,1977,cds_2020-21.pdf,0
2020,colgate,0,0,0,0,1,"American Indian or Alaska Native, non-Hispanic",0,2,2,cds_2020-21.pdf,0
2020,colgate,0,0,0,0,1,"Asian, non-Hispanic",43,160,161,cds_2020-21.pdf,0
2020,colgate,0,0,0,0,1,"Native Hawaiian or other Pacific Islander, non-Hispanic",0,5,5,cds_2020-21.pdf,0
2020,colgate,0,0,0,0,1,"Two or more races, non-Hispanic",38,126,126,cds_2020-21.pdf,0
2020,colgate,0,0,0,0,1,Race and/or ethnicity unknown,9,80,82,cds_2020-21.pdf,0
2020,colgate,0,0,0,0,1,Total,765,3032,3042,cds_2020-21.pdf,0
2020,conncoll,0,0,1,1,0,Nonresident,24,140,,Common-Data-Set-2020-21.pdf,0
2020,conncoll,0,0,1,1,0,Hispanic/Latino,57,178,,Common-Data-Set-2020-21.pdf,0
2020,conncoll,0,0,1,1,0,"Black or African American, non-Hispanic",23,77,,Common-Data-Set-2020-21.pdf,0
2020,conncoll,0,0,1,1,0,"White, non-Hispanic",294,1154,,Common-Data-Set-2020-21.pdf,0
2020,conncoll,0,0,1,1,0,"American Indian or Alaska Native, non-Hispanic",0,1,,Common-Data-Set-2020-21.pdf,0
2020,conncoll,0,0,1,1,0,"Asian, non-Hispanic",14,67,,Common-Data-Set-2020-21.pdf,0
2020,conncoll,0,0,1,1,0,"Native Hawaiian or other Pacific Islander, non-Hispanic",0,0,,Common-Data-Set-2020-21.pdf,0
2020,conncoll,0,0,1,1,0,"Two or more races, non-Hispanic",18,70,,Common-Data-Set-2020-21.pdf,0
2020,conncoll,0,0,1,1,0,Race and/or ethnicity unknown,4,24,,Common-Data-Set-2020-21.pdf,0
2020,conncoll,0,0,1,1,0,Total,434,1711,0,Common-Data-Set-2020-21.pdf,0
2020,cornell,1,1,0,0,1,Nonresident,291,1433,1433,CDS_2020-2021.pdf,0
2020,cornell,1,1,0,0,1,Hispanic/Latino,530,2158,2158,CDS_2020-2021.pdf,0
2020,cornell,1,1,0,0,1,"Black or African American, non-Hispanic",258,1057,1057,CDS_2020-2021.pdf,0
2020,cornell,1,1,0,0,1,"White, non-Hispanic",1060,5121,5121,CDS_2020-2021.pdf,0
2020,cornell,1,1,0,0,1,"American Indian or Alaska Native, non-Hispanic",7,35,35,CDS_2020-2021.pdf,0
2020,cornell,1,1,0,0,1,"Asian, non-Hispanic",731,3071,3071,CDS_2020-2021.pdf,0
2020,cornell,1,1,0,0,1,"Native Hawaiian or other Pacific Islander, non-Hispanic",3,16,16,CDS_2020-2021.pdf,0
2020,cornell,1,1,0,0,1,"Two or more races, non-Hispanic",154,739,739,CDS_2020-2021.pdf,0
2020,cornell,1,1,0,0,1,Race and/or ethnicity unknown,215,1111,1113,CDS_2020-2021.pdf,0
2020,cornell,1,1,0,0,1,Total,3249,14741,14743,CDS_2020-2021.pdf,0
2020,dartmouth,1,1,0,0,1,Nonresident,112,439,448,cds_2020-2021.pdf,0
2020,dartmouth,1,1,0,0,1,Hispanic/Latino,113,430,431,cds_2020-2021.pdf,0
2020,dartmouth,1,1,0,0,1,"Black or African American, non-Hispanic",62,245,245,cds_2020-2021.pdf,0
2020,dartmouth,1,1,0,0,1,"White, non-Hispanic",508,2032,2036,cds_2020-2021.pdf,0
2020,dartmouth,1,1,0,0,1,"American Indian or Alaska Native, non-Hispanic",14,56,56,cds_2020-2021.pdf,0
2020,dartmouth,1,1,0,0,1,"Asian, non-Hispanic",162,629,632,cds_2020-2021.pdf,0
2020,dartmouth,1,1,0,0,1,"Native Hawaiian or other Pacific Islander, non-Hispanic",0,4,4,cds_2020-2021.pdf,0
2020,dartmouth,1,1,0,0,1,"Two or more races, non-Hispanic",70,241,242,cds_2020-2021.pdf,0
2020,dartmouth,1,1,0,0,1,Race and/or ethnicity unknown,16,70,76,cds_2020-2021.pdf,0
2020,dartmouth,1,1,0,0,1,Total,1057,4146,4170,cds_2020-2021.pdf,0
2020,duke,0,1,0,0,1,Nonresident,96,538,,Duke_CDS_2020-2021.pdf,0
2020,duke,0,1,0,0,1,Hispanic/Latino,156,673,,Duke_CDS_2020-2021.pdf,0
2020,duke,0,1,0,0,1,"Black or African American, non-Hispanic",125,582,,Duke_CDS_2020-2021.pdf,0
2020,duke,0,1,0,0,1,"White, non-Hispanic",636,2698,,Duke_CDS_2020-2021.pdf,0
2020,duke,0,1,0,0,1,"American Indian or Alaska Native, non-Hispanic",4,34,,Duke_CDS_2020-2021.pdf,0
2020,duke,0,1,0,0,1,"Asian, non-Hispanic",368,1426,,Duke_CDS_2020-2021.pdf,0
2020,duke,0,1,0,0,1,"Native Hawaiian or other Pacific Islander, non-Hispanic",0,3,,Duke_CDS_2020-2021.pdf,0
2020,duke,0,1,0,0,1,"Two or more races, non-Hispanic",114,377,,Duke_CDS_2020-2021.pdf,0
2020,duke,0,1,0,0,1,Race and/or ethnicity unknown,81,319,,Duke_CDS_2020-2021.pdf,0
2020,duke,0,1,0,0,1,Total,1580,6650,0,Duke_CDS_2020-2021.pdf,0
2020,fandm,0,0,0,1,0,Nonresident,83,378,,fandm_cds_2020-21.pdf,0
2020,fandm,0,0,0,1,0,Hispanic/Latino,69,256,,fandm_cds_2020-21.pdf,0
2020,fandm,0,0,0,1,0,"Black or African American, non-Hispanic",50,156,,fandm_cds_2020-21.pdf,0
2020,fandm,0,0,0,1,0,"White, non-Hispanic",300,1246,,fandm_cds_2020-21.pdf,0
2020,fandm,0,0,0,1,0,"American Indian or Alaska Native, non-Hispanic",1,2,,fandm_cds_2020-21.pdf,0
2020,fandm,0,0,0,1,0,"Asian, non-Hispanic",24,97,,fandm_cds_2020-21.pdf,0
2020,fandm,0,0,0,1,0,"Two or more races, non-Hispanic",19,66,,fandm_cds_2020-21.pdf,0
2020,fandm,0,0,0,1,0,Race and/or ethnicity unknown,7,35,,fandm_cds_2020-21.pdf,0
2020,fandm,0,0,0,1,0,Total,553,2236,,fandm_cds_2020-21.pdf,0
2020,georgetown,0,0,0,0,1,Nonresident,127,1008,1074,georgetown_cds_2020-2021.pdf,0
2020,georgetown,0,0,0,0,1,Hispanic/Latino,117,677,677,georgetown_cds_2020-2021.pdf,0
2020,georgetown,0,0,0,0,1,"Black or African American, non-Hispanic",90,471,484,georgetown_cds_2020-2021.pdf,0
2020,georgetown,0,0,0,0,1,"White, non-Hispanic",842,3511,3548,georgetown_cds_2020-2021.pdf,0
2020,georgetown,0,0,0,0,1,"American Indian or Alaska Native, non-Hispanic",2,6,6,georgetown_cds_2020-2021.pdf,0
2020,georgetown,0,0,0,0,1,"Asian, non-Hispanic",244,863,863,georgetown_cds_2020-2021.pdf,0
2020,georgetown,0,0,0,0,1,"Native Hawaiian or other Pacific Islander, non-Hispanic",2,5,5,georgetown_cds_2020-2021.pdf,0
2020,georgetown,0,0,0,0,1,"Two or more races, non-Hispanic",111,387,388,georgetown_cds_2020-2021.pdf,0
2020,georgetown,0,0,0,0,1,Race and/or ethnicity unknown,49,190,312,georgetown_cds_2020-2021.pdf,0
2020,georgetown,0,0,0,0,1,Total,1584,7118,7357,georgetown_cds_2020-2021.pdf,0
2020,grinnell,0,0,0,0,1,Nonresident,53,284,284,GC_CDS_2020-21.pdf,0
2020,grinnell,0,0,0,0,1,Hispanic/Latino,31,135,135,GC_CDS_2020-21.pdf,0
2020,grinnell,0,0,0,0,1,"Black or African American, non-Hispanic",16,70,70,GC_CDS_2020-21.pdf,0
2020,grinnell,0,0,0,0,1,"White, non-Hispanic",205,757,759,GC_CDS_2020-21.pdf,0
2020,grinnell,0,0,0,0,1,"American Indian or Alaska Native, non-Hispanic",0,0,0,GC_CDS_2020-21.pdf,0
2020,grinnell,0,0,0,0,1,"Asian, non-Hispanic",28,116,116,GC_CDS_2020-21.pdf,0
2020,grinnell,0,0,0,0,1,"Native Hawaiian or other Pacific Islander, non-Hispanic",0,0,0,GC_CDS_2020-21.pdf,0
2020,grinnell,0,0,0,0,1,"Two or more races, non-Hispanic",17,69,69,GC_CDS_2020-21.pdf,0
2020,grinnell,0,0,0,0,1,Race and/or ethnicity unknown,15,59,60,GC_CDS_2020-21.pdf,0
2020,grinnell,0,0,0,0,1,Total,365,1490,1493,GC_CDS_2020-21.pdf,0
2020,hamilton,0,0,1,1,1,Nonresident,9,103,,hamilton_cds_2020-2021.pdf,0
2020,hamilton,0,0,1,1,1,Hispanic/Latino,44,193,,hamilton_cds_2020-2021.pdf,0
2020,hamilton,0,0,1,1,1,"Black or African American, non-Hispanic",12,72,,hamilton_cds_2020-2021.pdf,0
2020,hamilton,0,0,1,1,1,"White, non-Hispanic",310,1240,,hamilton_cds_2020-2021.pdf,0
2020,hamilton,0,0,1,1,1,"American Indian or Alaska Native, non-Hispanic",0,1,,hamilton_cds_2020-2021.pdf,0
2020,hamilton,0,0,1,1,1,"Asian, non-Hispanic",36,138,,hamilton_cds_2020-2021.pdf,0
2020,hamilton,0,0,1,1,1,"Native Hawaiian or other Pacific Islander, non-Hispanic",0,0,,hamilton_cds_2020-2021.pdf,0
2020,hamilton,0,0,1,1,1,"Two or more races, non-Hispanic",22,100,,hamilton_cds_2020-2021.pdf,0
2020,hamilton,0,0,1,1,1,Race and/or ethnicity unknown,5,52,,hamilton_cds_2020-2021.pdf,0
2020,hamilton,0,0,1,1,1,Total,438,1899,0,hamilton_cds_2020-2021.pdf,0
2020,hampshire,0,0,0,1,0,Nonresident,2,23,23,hampshire-cds-2020-2021.pdf,0
2020,hampshire,0,0,0,1,0,Hispanic/Latino,6,62,65,hampshire-cds-2020-2021.pdf,0
2020,hampshire,0,0,0,1,0,"Black or African American, non-Hispanic",5,40,42,hampshire-cds-2020-2021.pdf,0
2020,hampshire,0,0,0,1,0,"White, non-Hispanic",45,314,314,hampshire-cds-2020-2021.pdf,0
2020,hampshire,0,0,0,1,0,"American Indian or Alaska Native, non-Hispanic",1,2,2,hampshire-cds-2020-2021.pdf,0
2020,hampshire,0,0,0,1,0,"Asian, non-Hispanic",2,16,16,hampshire-cds-2020-2021.pdf,0
2020,hampshire,0,0,0,1,0,"Native Hawaiian or other Pacific Islander, non-Hispanic",0,0,0,hampshire-cds-2020-2021.pdf,0
2020,hampshire,0,0,0,1,0,"Two or more races, non-Hispanic",2,29,29,hampshire-cds-2020-2021.pdf,0
2020,hampshire,0,0,0,1,0,Race and/or ethnicity unknown,4,31,31,hampshire-cds-2020-2021.pdf,0
2020,hampshire,0,0,0,1,0,Total,67,517,522,hampshire-cds-2020-2021.pdf,0
2020,harvard,1,1,0,0,1,Nonresident,125,594,626,harvard_cds_2020-2021.pdf,0
2020,harvard,1,1,0,0,1,Hispanic/Latino,180,629,629,harvard_cds_2020-2021.pdf,0
2020,harvard,1,1,0,0,1,"Black or African American, non-Hispanic",154,590,590,harvard_cds_2020-2021.pdf,0
2020,harvard,1,1,0,0,1,"White, non-Hispanic",482,1729,1730,harvard_cds_2020-2021.pdf,0
2020,harvard,1,1,0,0,1,"American Indian or Alaska Native, non-Hispanic",4,12,12,harvard_cds_2020-2021.pdf,0
2020,harvard,1,1,0,0,1,"Asian, non-Hispanic",337,1185,1186,harvard_cds_2020-2021.pdf,0
2020,harvard,1,1,0,0,1,"Native Hawaiian or other Pacific Islander, non-Hispanic",2,4,4,harvard_cds_2020-2021.pdf,0
2020,harvard,1,1,0,0,1,"Two or more races, non-Hispanic",99,371,371,harvard_cds_2020-2021.pdf,0
2020,harvard,1,1,0,0,1,Race and/or ethnicity unknown,19,73,74,harvard_cds_2020-2021.pdf,0
2020,harvard,1,1,0,0,1,Total,1402,5187,5222,harvard_cds_2020-2021.pdf,0
2020,haverford,0,0,0,1,0,Nonresident,32,151,151,cds_2020-2021.pdf,0
2020,haverford,0,0,0,1,0,Hispanic/Latino,43,165,165,cds_2020-2021.pdf,0
2020,haverford,0,0,0,1,0,"Black or African American, non-Hispanic",17,75,75,cds_2020-2021.pdf,0
2020,haverford,0,0,0,1,0,"White, non-Hispanic",182,668,668,cds_2020-2021.pdf,0
2020,haverford,0,0,0,1,0,"Asian, non-Hispanic",35,147,147,cds_2020-2021.pdf,0
2020,haverford,0,0,0,1,0,"Two or more races, non-Hispanic",24,80,80,cds_2020-2021.pdf,0
2020,haverford,0,0,0,1,0,Race and/or ethnicity unknown,1,20,21,cds_2020-2021.pdf,0
2020,haverford,0,0,0,1,0,Total,334,1306,1307,cds_2020-2021.pdf,0
2020,hmc,0,0,0,0,1,Nonresident,13,61,63,cds_2020-2021.pdf,0
2020,hmc,0,0,0,0,1,Hispanic/Latino,43,168,171,cds_2020-2021.pdf,0
2020,hmc,0,0,0,0,1,"Black or African American, non-Hispanic",8,34,34,cds_2020-2021.pdf,0
2020,hmc,0,0,0,0,1,"White, non-Hispanic",46,229,231,cds_2020-2021.pdf,0
2020,hmc,0,0,0,0,1,"American Indian or Alaska Native, non-Hispanic",1,2,2,cds_2020-2021.pdf,0
2020,hmc,0,0,0,0,1,"Asian, non-Hispanic",61,190,203,cds_2020-2021.pdf,0
2020,hmc,0,0,0,0,1,"Native Hawaiian or other Pacific Islander, non-Hispanic",0,3,3,cds_2020-2021.pdf,0
2020,hmc,0,0,0,0,1,"Two or more races, non-Hispanic",20,85,85,cds_2020-2021.pdf,0
2020,hmc,0,0,0,0,1,Race and/or ethnicity unknown,15,55,62,cds_2020-2021.pdf,0
2020,hmc,0,0,0,0,1,Total,207,827,854,cds_2020-2021.pdf,0
2020,macalester,0,0,0,1,0,Nonresident,69,294,294,Macalester_CDS_2020-21.pdf,0
2020,macalester,0,0,0,1,0,Hispanic/Latino,70,217,217,Macalester_CDS_2020-21.pdf,0
2020,macalester,0,0,0,1,0,"Black or African American, non-Hispanic",26,98,98,Macalester_CDS_2020-21.pdf,0
2020,macalester,0,0,0,1,0,"White, non-Hispanic",275,1090,1090,Macalester_CDS_2020-21.pdf,0
2020,macalester,0,0,0,1,0,"American Indian or Alaska Native, non-Hispanic",1,7,7,Macalester_CDS_2020-21.pdf,0
2020,macalester,0,0,0,1,0,"Asian, non-Hispanic",56,175,175,Macalester_CDS_2020-21.pdf,0
2020,macalester,0,0,0,1,0,"Native Hawaiian or other Pacific Islander, non-Hispanic",1,2,2,Macalester_CDS_2020-21.pdf,0
2020,macalester,0,0,0,1,0,"Two or more races, non-Hispanic",45,158,158,Macalester_CDS_2020-21.pdf,0
2020,macalester,0,0,0,1,0,Race and/or ethnicity unknown,4,8,8,Macalester_CDS_2020-21.pdf,0
2020,macalester,0,0,0,1,0,Total,547,2049,2049,Macalester_CDS_2020-21.pdf,0
2020,middlebury,0,0,1,1,1,Total,602,2571,2580,CDS_2020-2021.pdf,0
2020,mtholyoke,0,0,0,1,0,Nonresident,102,532,532,mtholyoke_cds_2020-2021.pdf,0
2020,mtholyoke,0,0,0,1,0,Hispanic/Latino,48,169,170,mtholyoke_cds_2020-2021.pdf,0
2020,mtholyoke,0,0,0,1,0,"Black or African American, non-Hispanic",36,111,111,mtholyoke_cds_2020-2021.pdf,0
2020,mtholyoke,0,0,0,1,0,"White, non-Hispanic",223,844,846,mtholyoke_cds_2020-2021.pdf,0
2020,mtholyoke,0,0,0,1,0,"American Indian or Alaska Native, non-Hispanic",0,1,1,mtholyoke_cds_2020-2021.pdf,0
2020,mtholyoke,0,0,0,1,0,"Asian, non-Hispanic",30,143,143,mtholyoke_cds_2020-2021.pdf,0
2020,mtholyoke,0,0,0,1,0,"Native Hawaiian or other Pacific Islander, non-Hispanic",0,2,2,mtholyoke_cds_2020-2021.pdf,0
2020,mtholyoke,0,0,0,1,0,"Two or more races, non-Hispanic",14,84,84,mtholyoke_cds_2020-2021.pdf,0
2020,mtholyoke,0,0,0,1,0,Race and/or ethnicity unknown,3,26,26,mtholyoke_cds_2020-2021.pdf,0
2020,mtholyoke,0,0,0,1,0,Total,456,1912,1915,mtholyoke_cds_2020-2021.pdf,0
2020,northwestern,0,0,0,0,1,Nonresident,177,831,831,cds_2020-21.pdf,0
2020,northwestern,0,0,0,0,1,Hispanic/Latino,294,1062,1064,cds_2020-21.pdf,0
2020,northwestern,0,0,0,0,1,"Black or African American, non-Hispanic",113,483,484,cds_2020-21.pdf,0
2020,northwestern,0,0,0,0,1,"White, non-Hispanic",717,3396,3398,cds_2020-21.pdf,0
2020,northwestern,0,0,0,0,1,"American Indian or Alaska Native, non-Hispanic",2,7,7,cds_2020-21.pdf,0
2020,northwestern,0,0,0,0,1,"Asian, non-Hispanic",420,1604,1605,cds_2020-21.pdf,0
2020,northwestern,0,0,0,0,1,"Native Hawaiian or other Pacific Islander, non-Hispanic",0,2,,cds_2020-21.pdf,0
2020,northwestern,0,0,0,0,1,"Two or more races, non-Hispanic",107,514,515,cds_2020-21.pdf,0
2020,northwestern,0,0,0,0,1,Race and/or ethnicity unknown,71,285,288,cds_2020-21.pdf,0
2020,northwestern,0,0,0,0,1,Total,1901,8184,8194,cds_2020-21.pdf,0
2020,notredame,0,0,0,0,1,Nonresident,94,486,505,CDS_2020-2021.pdf,0
2020,notredame,0,0,0,0,1,Hispanic/Latino,234,1018,1018,CDS_2020-2021.pdf,0
2020,notredame,0,0,0,0,1,"Black or African American, non-Hispanic",80,305,305,CDS_2020-2021.pdf,0
2020,notredame,0,0,0,0,1,"White, non-Hispanic",1479,6004,6005,CDS_2020-2021.pdf,0
2020,notredame,0,0,0,0,1,"American Indian or Alaska Native, non-Hispanic",8,24,24,CDS_2020-2021.pdf,0
2020,notredame,0,0,0,0,1,"Asian, non-Hispanic",152,438,438,CDS_2020-2021.pdf,0
2020,notredame,0,0,0,0,1,"Native Hawaiian or other Pacific Islander, non-Hispanic",5,11,11,CDS_2020-2021.pdf,0
2020,notredame,0,0,0,0,1,"Two or more races, non-Hispanic",111,491,491,CDS_2020-2021.pdf,0
2020,notredame,0,0,0,0,1,Race and/or ethnicity unknown,30,77,77,CDS_2020-2021.pdf,0
2020,notredame,0,0,0,0,1,Total,2193,8854,8874,CDS_2020-2021.pdf,0
2020,penn,1,1,0,0,1,Nonresident,1286,1324,,UPenn_CDS_2020-21.pdf,0
2020,penn,1,1,0,0,1,Hispanic/Latino,1033,1116,,UPenn_CDS_2020-21.pdf,0
2020,penn,1,1,0,0,1,"Black or African American, non-Hispanic",762,890,,UPenn_CDS_2020-21.pdf,0
2020,penn,1,1,0,0,1,"White, non-Hispanic",3545,4252,,UPenn_CDS_2020-21.pdf,0
2020,penn,1,1,0,0,1,"American Indian or Alaska Native, non-Hispanic",13,14,,UPenn_CDS_2020-21.pdf,0
2020,penn,1,1,0,0,1,"Asian, non-Hispanic",2433,2616,,UPenn_CDS_2020-21.pdf,0
2020,penn,1,1,0,0,1,"Native Hawaiian or other Pacific Islander, non-Hispanic",6,6,,UPenn_CDS_2020-21.pdf,0
2020,penn,1,1,0,0,1,"Two or more races, non-Hispanic",478,566,,UPenn_CDS_2020-21.pdf,0
2020,penn,1,1,0,0,1,Race and/or ethnicity unknown,316,371,,UPenn_CDS_2020-21.pdf,0
2020,pomona,0,0,0,1,1,Nonresident,42,160,163,cds-2020-2021.pdf,0
2020,pomona,0,0,0,1,1,Hispanic/Latino,66,271,271,cds-2020-2021.pdf,0
2020,pomona,0,0,0,1,1,"Black or African American, non-Hispanic",43,158,158,cds-2020-2021.pdf,0
2020,pomona,0,0,0,1,1,"White, non-Hispanic",122,439,444,cds-2020-2021.pdf,0
2020,pomona,0,0,0,1,1,"American Indian or Alaska Native, non-Hispanic",,2,2,cds-2020-2021.pdf,0
2020,pomona,0,0,0,1,1,"Asian, non-Hispanic",79,269,270,cds-2020-2021.pdf,0
2020,pomona,0,0,0,1,1,"Native Hawaiian or other Pacific Islander, non-Hispanic",,5,5,cds-2020-2021.pdf,0
2020,pomona,0,0,0,1,1,"Two or more races, non-Hispanic",30,104,104,cds-2020-2021.pdf,0
2020,pomona,0,0,0,1,1,Race and/or ethnicity unknown,17,56,60,cds-2020-2021.pdf,0
2020,pomona,0,0,0,1,1,Total,399,1464,1477,cds-2020-2021.pdf,0
2020,princeton,1,1,0,0,1,Nonresident,129,546,,cds_2021_princeton.pdf,0
2020,princeton,1,1,0,0,1,Hispanic/Latino,99,499,,cds_2021_princeton.pdf,0
2020,princeton,1,1,0,0,1,"Black or African American, non-Hispanic",114,418,,cds_2021_princeton.pdf,0
2020,princeton,1,1,0,0,1,"White, non-Hispanic",412,1702,,cds_2021_princeton.pdf,0
2020,princeton,1,1,0,0,1,"American Indian or Alaska Native, non-Hispanic",0,9,,cds_2021_princeton.pdf,0
2020,princeton,1,1,0,0,1,"Asian, non-Hispanic",296,1179,,cds_2021_princeton.pdf,0
2020,princeton,1,1,0,0,1,"Native Hawaiian or other Pacific Islander, non-Hispanic",2,5,,cds_2021_princeton.pdf,0
2020,princeton,1,1,0,0,1,"Two or more races, non-Hispanic",81,277,,cds_2021_princeton.pdf,0
2020,princeton,1,1,0,0,1,Race and/or ethnicity unknown,13,53,,cds_2021_princeton.pdf,0
2020,princeton,1,1,0,0,1,Total,1146,4688,0,cds_2021_princeton.pdf,0
2020,reed,0,0,0,1,0,Nonresident,33,145,145,reed-cds-secB-2020-2021.pdf,0
2020,reed,0,0,0,1,0,Hispanic/Latino,54,143,144,reed-cds-secB-2020-2021.pdf,0
2020,reed,0,0,0,1,0,"Black or African American, non-Hispanic",2,18,18,reed-cds-secB-2020-2021.pdf,0
2020,reed,0,0,0,1,0,"White, non-Hispanic",209,790,797,reed-cds-secB-2020-2021.pdf,0
2020,reed,0,0,0,1,0,"American Indian or Alaska Native, non-Hispanic",1,1,1,reed-cds-secB-2020-2021.pdf,0
2020,reed,0,0,0,1,0,"Asian, non-Hispanic",25,91,93,reed-cds-secB-2020-2021.pdf,0
2020,reed,0,0,0,1,0,"Native Hawaiian or other Pacific Islander, non-Hispanic",0,0,0,reed-cds-secB-2020-2021.pdf,0
2020,reed,0,0,0,1,0,"Two or more races, non-Hispanic",34,136,137,reed-cds-secB-2020-2021.pdf,0
2020,reed,0,0,0,1,0,Race and/or ethnicity unknown,6,25,31,reed-cds-secB-2020-2021.pdf,0
2020,reed,0,0,0,1,0,Total,364,1349,1366,reed-cds-secB-2020-2021.pdf,0
2020,rice,0,0,0,0,1,Nonresident,102,479,497,cds_2020-21.pdf,0
2020,rice,0,0,0,0,1,Hispanic/Latino,144,650,651,cds_2020-21.pdf,0
2020,rice,0,0,0,0,1,"Black or African American, non-Hispanic",77,308,308,cds_2020-21.pdf,0
2020,rice,0,0,0,0,1,"White, non-Hispanic",303,1246,1249,cds_2020-21.pdf,0
2020,rice,0,0,0,0,1,"American Indian or Alaska Native, non-Hispanic",0,3,3,cds_2020-21.pdf,0
2020,rice,0,0,0,0,1,"Asian, non-Hispanic",303,1118,1119,cds_2020-21.pdf,0
2020,rice,0,0,0,0,1,"Native Hawaiian or other Pacific Islander, non-Hispanic",1,5,5,cds_2020-21.pdf,0
2020,rice,0,0,0,0,1,"Two or more races, non-Hispanic",54,201,201,cds_2020-21.pdf,0
2020,rice,0,0,0,0,1,Race and/or ethnicity unknown,9,42,43,cds_2020-21.pdf,0
2020,rice,0,0,0,0,1,Total,993,4052,4076,cds_2020-21.pdf,0
2020,richmond,0,0,0,0,1,Nonresident,72,242,243,cds_2020-21.pdf,0
2020,richmond,0,0,0,0,1,Hispanic/Latino,95,347,348,cds_2020-21.pdf,0
2020,richmond,0,0,0,0,1,"Black or African American, non-Hispanic",36,226,228,cds_2020-21.pdf,0
2020,richmond,0,0,0,0,1,"White, non-Hispanic",504,1971,1985,cds_2020-21.pdf,0
2020,richmond,0,0,0,0,1,"American Indian or Alaska Native, non-Hispanic",0,3,4,cds_2020-21.pdf,0
2020,richmond,0,0,0,0,1,"Asian, non-Hispanic",50,222,222,cds_2020-21.pdf,0
2020,richmond,0,0,0,0,1,"Native Hawaiian or other Pacific Islander, non-Hispanic",0,1,1,cds_2020-21.pdf,0
2020,richmond,0,0,0,0,1,Race and/or ethnicity unknown,7,111,111,cds_2020-21.pdf,0
2020,richmond,0,0,0,0,1,Total,806,3272,3291,cds_2020-21.pdf,0
2020,smith,0,0,0,1,1,Nonresident,68,317,317,Smith_CDS_2020-2021_update 4-7-21.pdf,0
2020,smith,0,0,0,1,1,Hispanic/Latino,70,295,295,Smith_CDS_2020-2021_update 4-7-21.pdf,0
2020,smith,0,0,0,1,1,"Black or African American, non-Hispanic",38,156,156,Smith_CDS_2020-2021_update 4-7-21.pdf,0
2020,smith,0,0,0,1,1,"White, non-Hispanic",242,1016,1016,Smith_CDS_2020-2021_update 4-7-21.pdf,0
2020,smith,0,0,0,1,1,"American Indian or Alaska Native, non-Hispanic",1,2,2,Smith_CDS_2020-2021_update 4-7-21.pdf,0
2020,smith,0,0,0,1,1,"Asian, non-Hispanic",64,222,222,Smith_CDS_2020-2021_update 4-7-21.pdf,0
2020,smith,0,0,0,1,1,"Native Hawaiian or other Pacific Islander, non-Hispanic",3,3,3,Smith_CDS_2020-2021_update 4-7-21.pdf,0
2020,smith,0,0,0,1,1,"Two or more races, non-Hispanic",31,114,114,Smith_CDS_2020-2021_update 4-7-21.pdf,0
2020,smith,0,0,0,1,1,Race and/or ethnicity unknown,10,58,58,Smith_CDS_2020-2021_update 4-7-21.pdf,0
2020,smith,0,0,0,1,1,Total,527,2183,2183,Smith_CDS_2020-2021_update 4-7-21.pdf,0
2020,stanford,0,1,0,0,1,Nonresident,159,679,679,cds_2020-2021.pdf,0
2020,stanford,0,1,0,0,1,Hispanic/Latino,287,1082,1082,cds_2020-2021.pdf,0
2020,stanford,0,1,0,0,1,"Black or African American, non-Hispanic",133,473,473,cds_2020-2021.pdf,0
2020,stanford,0,1,0,0,1,"White, non-Hispanic",402,1846,1846,cds_2020-2021.pdf,0
2020,stanford,0,1,0,0,1,"American Indian or Alaska Native, non-Hispanic",12,62,62,cds_2020-2021.pdf,0
2020,stanford,0,1,0,0,1,"Asian, non-Hispanic",455,1579,1579,cds_2020-2021.pdf,0
2020,stanford,0,1,0,0,1,"Native Hawaiian or other Pacific Islander, non-Hispanic",3,22,22,cds_2020-2021.pdf,0
2020,stanford,0,1,0,0,1,"Two or more races, non-Hispanic",153,609,609,cds_2020-2021.pdf,0
2020,stanford,0,1,0,0,1,Race and/or ethnicity unknown,2,14,14,cds_2020-2021.pdf,0
2020,stanford,0,1,0,0,1,Total,1606,6366,6366,cds_2020-2021.pdf,0
2020,swarthmore,0,0,0,1,1,Nonresident,53,216,216,cds-2020-2021.pdf,0
2020,swarthmore,0,0,0,1,1,Hispanic/Latino,52,188,188,cds-2020-2021.pdf,0
2020,swarthmore,0,0,0,1,1,"Black or African American, non-Hispanic",30,115,117,cds-2020-2021.pdf,0
2020,swarthmore,0,0,0,1,1,"White, non-Hispanic",109,474,474,cds-2020-2021.pdf,0
2020,swarthmore,0,0,0,1,1,"American Indian or Alaska Native, non-Hispanic",0,4,4,cds-2020-2021.pdf,0
2020,swarthmore,0,0,0,1,1,"Asian, non-Hispanic",83,256,256,cds-2020-2021.pdf,0
2020,swarthmore,0,0,0,1,1,"Native Hawaiian or other Pacific Islander, non-Hispanic",0,2,2,cds-2020-2021.pdf,0
2020,swarthmore,0,0,0,1,1,"Two or more races, non-Hispanic",36,128,128,cds-2020-2021.pdf,0
2020,swarthmore,0,0,0,1,1,Race and/or ethnicity unknown,10,52,52,cds-2020-2021.pdf,0
2020,swarthmore,0,0,0,1,1,Total,373,1435,1437,cds-2020-2021.pdf,0
2020,trinity,0,0,1,1,0,Nonresident,73,288,288,CDS_2020-2021.pdf,0
2020,trinity,0,0,1,1,0,Hispanic/Latino,57,201,201,CDS_2020-2021.pdf,0
2020,trinity,0,0,1,1,0,"Black or African American, non-Hispanic",30,151,151,CDS_2020-2021.pdf,0
2020,trinity,0,0,1,1,0,"White, non-Hispanic",365,1360,1364,CDS_2020-2021.pdf,0
2020,trinity,0,0,1,1,0,"American Indian or Alaska Native, non-Hispanic",2,5,5,CDS_2020-2021.pdf,0
2020,trinity,0,0,1,1,0,"Asian, non-Hispanic",20,84,84,CDS_2020-2021.pdf,0
2020,trinity,0,0,1,1,0,"Native Hawaiian or other Pacific Islander, non-Hispanic",0,1,1,CDS_2020-2021.pdf,0
2020,trinity,0,0,1,1,0,"Two or more races, non-Hispanic",19,67,67,CDS_2020-2021.pdf,0
2020,trinity,0,0,1,1,0,Race and/or ethnicity unknown,6,37,39,CDS_2020-2021.pdf,0
2020,trinity,0,0,1,1,0,Total,572,2194,2200,CDS_2020-2021.pdf,0
2020,tufts,0,0,1,1,0,Nonresident,183,652,655,CDS_2020-2021.pdf,0
2020,tufts,0,0,1,1,0,Hispanic/Latino,171,510,511,CDS_2020-2021.pdf,0
2020,tufts,0,0,1,1,0,"Black or African American, non-Hispanic",90,275,275,CDS_2020-2021.pdf,0
2020,tufts,0,0,1,1,0,"White, non-Hispanic",735,3073,3100,CDS_2020-2021.pdf,0
2020,tufts,0,0,1,1,0,"American Indian or Alaska Native, non-Hispanic",0,4,4,CDS_2020-2021.pdf,0
2020,tufts,0,0,1,1,0,"Asian, non-Hispanic",266,916,921,CDS_2020-2021.pdf,0
2020,tufts,0,0,1,1,0,"Native Hawaiian or other Pacific Islander, non-Hispanic",1,2,2,CDS_2020-2021.pdf,0
2020,tufts,0,0,1,1,0,"Two or more races, non-Hispanic",110,362,363,CDS_2020-2021.pdf,0
2020,tufts,0,0,1,1,0,Race and/or ethnicity unknown,57,259,283,CDS_2020-2021.pdf,0
2020,tufts,0,0,1,1,0,Total,1613,6053,6114,CDS_2020-2021.pdf,0
2020,ucla,0,0,0,0,1,Nonresident,482,3358,3358,cds_2020-21.pdf,0
2020,ucla,0,0,0,0,1,Hispanic/Latino,1325,6918,6918,cds_2020-21.pdf,0
2020,ucla,0,0,0,0,1,"Black or African American, non-Hispanic",188,1012,1012,cds_2020-21.pdf,0
2020,ucla,0,0,0,0,1,"White, non-Hispanic",1609,8306,8306,cds_2020-21.pdf,0
2020,ucla,0,0,0,0,1,"American Indian or Alaska Native, non-Hispanic",6,46,46,cds_2020-21.pdf,0
2020,ucla,0,0,0,0,1,"Asian, non-Hispanic",2134,9133,9133,cds_2020-21.pdf,0
2020,ucla,0,0,0,0,1,"Native Hawaiian or other Pacific Islander, non-Hispanic",5,62,62,cds_2020-21.pdf,0
2020,ucla,0,0,0,0,1,"Two or more races, non-Hispanic",466,1993,1993,cds_2020-21.pdf,0
2020,ucla,0,0,0,0,1,Race and/or ethnicity unknown,171,808,808,cds_2020-21.pdf,0
2020,ucla,0,0,0,0,1,Total,6386,31636,31636,cds_2020-21.pdf,0
2020,umich,0,0,0,0,1,Nonresident,242,2282,2302,cds_2020-2021.pdf,0
2020,umich,0,0,0,0,1,Hispanic/Latino,433,2176,2187,cds_2020-2021.pdf,0
2020,umich,0,0,0,0,1,"Black or African American, non-Hispanic",235,1246,1249,cds_2020-2021.pdf,0
2020,umich,0,0,0,0,1,"White, non-Hispanic",3870,17243,17307,cds_2020-2021.pdf,0
2020,umich,0,0,0,0,1,"American Indian or Alaska Native, non-Hispanic",6,36,36,cds_2020-2021.pdf,0
2020,umich,0,0,0,0,1,"Asian, non-Hispanic",1334,5083,5111,cds_2020-2021.pdf,0
2020,umich,0,0,0,0,1,"Native Hawaiian or other Pacific Islander, non-Hispanic",2,14,14,cds_2020-2021.pdf,0
2020,umich,0,0,0,0,1,"Two or more races, non-Hispanic",354,1502,1508,cds_2020-2021.pdf,0
2020,umich,0,0,0,0,1,Race and/or ethnicity unknown,403,1607,1615,cds_2020-2021.pdf,0
2020,umich,0,0,0,0,1,Total,6879,31189,31329,cds_2020-2021.pdf,0
2020,union,0,0,0,1,0,Nonresident,33,164,165,union-cds-2020-2021.pdf,0
2020,union,0,0,0,1,0,Hispanic/Latino,51,193,195,union-cds-2020-2021.pdf,0
2020,union,0,0,0,1,0,"Black or African American, non-Hispanic",28,92,93,union-cds-2020-2021.pdf,0
2020,union,0,0,0,1,0,"White, non-Hispanic",308,1388,1395,union-cds-2020-2021.pdf,0
2020,union,0,0,0,1,0,"American Indian or Alaska Native, non-Hispanic",2,4,4,union-cds-2020-2021.pdf,0
2020,union,0,0,0,1,0,"Asian, non-Hispanic",29,121,121,union-cds-2020-2021.pdf,0
2020,union,0,0,0,1,0,"Native Hawaiian or other Pacific Islander, non-Hispanic",0,0,0,union-cds-2020-2021.pdf,0
2020,union,0,0,0,1,0,"Two or more races, non-Hispanic",15,66,66,union-cds-2020-2021.pdf,0
2020,union,0,0,0,1,0,Race and/or ethnicity unknown,0,0,8,union-cds-2020-2021.pdf,0
2020,union,0,0,0,1,0,Total,466,2028,2047,union-cds-2020-2021.pdf,0
2020,vassar,0,0,0,1,1,Nonresident,48,204,210,Vassar-CDS-2020-2021.pdf,0
2020,vassar,0,0,0,1,1,Hispanic/Latino,56,248,248,Vassar-CDS-2020-2021.pdf,0
2020,vassar,0,0,0,1,1,"Black or African American, non-Hispanic",32,96,97,Vassar-CDS-2020-2021.pdf,0
2020,vassar,0,0,0,1,1,"White, non-Hispanic",339,1369,1373,Vassar-CDS-2020-2021.pdf,0
2020,vassar,0,0,0,1,1,"American Indian or Alaska Native, non-Hispanic",2,3,3,Vassar-CDS-2020-2021.pdf,0
2020,vassar,0,0,0,1,1,"Asian, non-Hispanic",66,279,279,Vassar-CDS-2020-2021.pdf,0
2020,vassar,0,0,0,1,1,"Native Hawaiian or other Pacific Islander, non-Hispanic",0,0,0,Vassar-CDS-2020-2021.pdf,0
2020,vassar,0,0,0,1,1,"Two or more races, non-Hispanic",39,213,213,Vassar-CDS-2020-2021.pdf,0
2020,vassar,0,0,0,1,1,Race and/or ethnicity unknown,6,9,12,Vassar-CDS-2020-2021.pdf,0
2020,vassar,0,0,0,1,1,Total,588,2421,2435,Vassar-CDS-2020-2021.pdf,0
2020,washandlee,0,0,0,1,1,Nonresident,22,78,78,wlu_cds_2020-21.pdf,0
2020,washandlee,0,0,0,1,1,Hispanic/Latino,37,117,117,wlu_cds_2020-21.pdf,0
2020,washandlee,0,0,0,1,1,"Black or African American, non-Hispanic",20,62,62,wlu_cds_2020-21.pdf,0
2020,washandlee,0,0,0,1,1,"White, non-Hispanic",342,1407,1409,wlu_cds_2020-21.pdf,0
2020,washandlee,0,0,0,1,1,"Asian, non-Hispanic",12,68,68,wlu_cds_2020-21.pdf,0
2020,washandlee,0,0,0,1,1,"Native Hawaiian or other Pacific Islander, non-Hispanic",1,1,1,wlu_cds_2020-21.pdf,0
2020,washandlee,0,0,0,1,1,"Two or more races, non-Hispanic",21,75,75,wlu_cds_2020-21.pdf,0
2020,washandlee,0,0,0,1,1,Race and/or ethnicity unknown,4,12,12,wlu_cds_2020-21.pdf,0
2020,washandlee,0,0,0,1,1,Total,459,1820,1822,wlu_cds_2020-21.pdf,0
2020,wellesley,0,0,0,1,1,Nonresident,79,307,307,Wellesley_CDS_2020-2021.pdf,0
2020,wellesley,0,0,0,1,1,Hispanic/Latino,96,317,318,Wellesley_CDS_2020-2021.pdf,0
2020,wellesley,0,0,0,1,1,"Black or African American, non-Hispanic",40,161,161,Wellesley_CDS_2020-2021.pdf,0
2020,wellesley,0,0,0,1,1,"White, non-Hispanic",203,798,800,Wellesley_CDS_2020-2021.pdf,0
2020,wellesley,0,0,0,1,1,"American Indian or Alaska Native, non-Hispanic",0,2,2,Wellesley_CDS_2020-2021.pdf,0
2020,wellesley,0,0,0,1,1,"Asian, non-Hispanic",129,517,519,Wellesley_CDS_2020-2021.pdf,0
2020,wellesley,0,0,0,1,1,"Native Hawaiian or other Pacific Islander, non-Hispanic",1,1,1,Wellesley_CDS_2020-2021.pdf,0
2020,wellesley,0,0,0,1,1,"Two or more races, non-Hispanic",29,146,146,Wellesley_CDS_2020-2021.pdf,0
2020,wellesley,0,0,0,1,1,Race and/or ethnicity unknown,4,11,26,Wellesley_CDS_2020-2021.pdf,0
2020,wellesley,0,0,0,1,1,Total,581,2260,2280,Wellesley_CDS_2020-2021.pdf,0
2020,wesleyan,0,0,1,1,1,Nonresident,47,324,325,CDS_2020-2021.pdf,0
2020,wesleyan,0,0,1,1,1,Hispanic/Latino,90,327,328,CDS_2020-2021.pdf,0
2020,wesleyan,0,0,1,1,1,"Black or African American, non-Hispanic",35,163,163,CDS_2020-2021.pdf,0
2020,wesleyan,0,0,1,1,1,"White, non-Hispanic",405,1556,1556,CDS_2020-2021.pdf,0
2020,wesleyan,0,0,1,1,1,"American Indian or Alaska Native, non-Hispanic",0,1,1,CDS_2020-2021.pdf,0
2020,wesleyan,0,0,1,1,1,"Asian, non-Hispanic",66,223,228,CDS_2020-2021.pdf,0
2020,wesleyan,0,0,1,1,1,"Native Hawaiian or other Pacific Islander, non-Hispanic",1,2,2,CDS_2020-2021.pdf,0
2020,wesleyan,0,0,1,1,1,"Two or more races, non-Hispanic",57,193,193,CDS_2020-2021.pdf,0
2020,wesleyan,0,0,1,1,1,Race and/or ethnicity unknown,19,55,56,CDS_2020-2021.pdf,0
2020,wesleyan,0,0,1,1,1,Total,720,2844,2852,CDS_2020-2021.pdf,0
2020,williams,0,0,1,1,1,Nonresident,42,166,166,2020-2021_CDS_Williams_College_tuit-2.pdf,0
2020,williams,0,0,1,1,1,Hispanic/Latino,52,252,255,2020-2021_CDS_Williams_College_tuit-2.pdf,0
2020,williams,0,0,1,1,1,"Black or African American, non-Hispanic",15,129,130,2020-2021_CDS_Williams_College_tuit-2.pdf,0
2020,williams,0,0,1,1,1,"White, non-Hispanic",223,873,900,2020-2021_CDS_Williams_College_tuit-2.pdf,0
2020,williams,0,0,1,1,1,"American Indian or Alaska Native, non-Hispanic",0,1,1,2020-2021_CDS_Williams_College_tuit-2.pdf,0
2020,williams,0,0,1,1,1,"Asian, non-Hispanic",90,272,275,2020-2021_CDS_Williams_College_tuit-2.pdf,0
2020,williams,0,0,1,1,1,"Native Hawaiian or other Pacific Islander, non-Hispanic",0,1,1,2020-2021_CDS_Williams_College_tuit-2.pdf,0
2020,williams,0,0,1,1,1,"Two or more races, non-Hispanic",37,124,125,2020-2021_CDS_Williams_College_tuit-2.pdf,0
2020,williams,0,0,1,1,1,Race and/or ethnicity unknown,23,99,109,2020-2021_CDS_Williams_College_tuit-2.pdf,0
2020,williams,0,0,1,1,1,Total,482,1917,1962,2020-2021_CDS_Williams_College_tuit-2.pdf,0
2020,wustl,0,0,0,0,1,Nonresident,112,524,549,wustl_cds_2020-2021.pdf,0
2020,wustl,0,0,0,0,1,Hispanic/Latino,202,776,788,wustl_cds_2020-2021.pdf,0
2020,wustl,0,0,0,0,1,"Black or African American, non-Hispanic",115,646,694,wustl_cds_2020-2021.pdf,0
2020,wustl,0,0,0,0,1,"White, non-Hispanic",809,3509,3658,wustl_cds_2020-2021.pdf,0
2020,wustl,0,0,0,0,1,"American Indian or Alaska Native, non-Hispanic",5,8,8,wustl_cds_2020-2021.pdf,0
2020,wustl,0,0,0,0,1,"Asian, non-Hispanic",430,1340,1366,wustl_cds_2020-2021.pdf,0
2020,wustl,0,0,0,0,1,"Native Hawaiian or other Pacific Islander, non-Hispanic",1,10,10,wustl_cds_2020-2021.pdf,0
2020,wustl,0,0,0,0,1,"Two or more races, non-Hispanic",106,399,410,wustl_cds_2020-2021.pdf,0
2020,wustl,0,0,0,0,1,Race and/or ethnicity unknown,24,154,170,wustl_cds_2020-2021.pdf,0
2020,wustl,0,0,0,0,1,Total,1804,7366,7653,wustl_cds_2020-2021.pdf,0
2020,yale,1,1,0,0,1,Nonresident,117,472,472,cds_2020-2021_yale_vf_030521.pdf,0
2020,yale,1,1,0,0,1,Hispanic/Latino,177,707,707,cds_2020-2021_yale_vf_030521.pdf,0
2020,yale,1,1,0,0,1,"Black or African American, non-Hispanic",112,428,428,cds_2020-2021_yale_vf_030521.pdf,0
2020,yale,1,1,0,0,1,"White, non-Hispanic",416,1644,1644,cds_2020-2021_yale_vf_030521.pdf,0
2020,yale,1,1,0,0,1,"American Indian or Alaska Native, non-Hispanic",3,13,13,cds_2020-2021_yale_vf_030521.pdf,0
2020,yale,1,1,0,0,1,"Asian, non-Hispanic",353,1123,1123,cds_2020-2021_yale_vf_030521.pdf,0
2020,yale,1,1,0,0,1,"Native Hawaiian or other Pacific Islander, non-Hispanic",2,5,5,cds_2020-2021_yale_vf_030521.pdf,0
2020,yale,1,1,0,0,1,"Two or more races, non-Hispanic",76,293,293,cds_2020-2021_yale_vf_030521.pdf,0
2020,yale,1,1,0,0,1,Race and/or ethnicity unknown,8,18,18,cds_2020-2021_yale_vf_030521.pdf,0
2020,yale,1,1,0,0,1,Total,1264,4703,4703,cds_2020-2021_yale_vf_030521.pdf,0
2021,amherst,0,0,1,1,1,Nonresident,60,206,206,amherst_cds_2021_B_Enrollment_and_Persistence_8.pdf,0
2021,amherst,0,0,1,1,1,Hispanic/Latino,89,304,304,amherst_cds_2021_B_Enrollment_and_Persistence_8.pdf,0
2021,amherst,0,0,1,1,1,"Black or African American, non-Hispanic",61,203,203,amherst_cds_2021_B_Enrollment_and_Persistence_8.pdf,0
2021,amherst,0,0,1,1,1,"White, non-Hispanic",184,764,764,amherst_cds_2021_B_Enrollment_and_Persistence_8.pdf,0
2021,amherst,0,0,1,1,1,"American Indian or Alaska Native, non-Hispanic",0,5,5,amherst_cds_2021_B_Enrollment_and_Persistence_8.pdf,0
2021,amherst,0,0,1,1,1,"Asian, non-Hispanic",74,299,299,amherst_cds_2021_B_Enrollment_and_Persistence_8.pdf,0
2021,amherst,0,0,1,1,1,"Native Hawaiian or other Pacific Islander, non-Hispanic",1,4,4,amherst_cds_2021_B_Enrollment_and_Persistence_8.pdf,0
2021,amherst,0,0,1,1,1,"Two or more races, non-Hispanic",41,147,147,amherst_cds_2021_B_Enrollment_and_Persistence_8.pdf,0
2021,amherst,0,0,1,1,1,Race and/or ethnicity unknown,4,39,39,amherst_cds_2021_B_Enrollment_and_Persistence_8.pdf,0
2021,amherst,0,0,1,1,1,Total,514,1971,1971,amherst_cds_2021_B_Enrollment_and_Persistence_8.pdf,0
2021,army,0,0,0,0,1,Nonresident,16,55,55,cds_2021-2022.pdf,0
2021,army,0,0,0,0,1,Hispanic/Latino,144,560,560,cds_2021-2022.pdf,0
2021,army,0,0,0,0,1,"Black or African American, non-Hispanic",160,591,591,cds_2021-2022.pdf,0
2021,army,0,0,0,0,1,"White, non-Hispanic",737,2853,2853,cds_2021-2022.pdf,0
2021,army,0,0,0,0,1,"American Indian or Alaska Native, non-Hispanic",11,35,35,cds_2021-2022.pdf,0
2021,army,0,0,0,0,1,"Asian, non-Hispanic",121,391,391,cds_2021-2022.pdf,0
2021,army,0,0,0,0,1,"Native Hawaiian or other Pacific Islander, non-Hispanic",11,19,19,cds_2021-2022.pdf,0
2021,army,0,0,0,0,1,"Two or more races, non-Hispanic",1,78,78,cds_2021-2022.pdf,0
2021,army,0,0,0,0,1,Race and/or ethnicity unknown,0,12,12,cds_2021-2022.pdf,0
2021,army,0,0,0,0,1,Total,1201,4594,4594,cds_2021-2022.pdf,0
2021,barnard,0,0,0,1,1,Nonresident,72,381,382,Barnard_CDS_2021-2022.pdf,0
2021,barnard,0,0,0,1,1,Hispanic/Latino,133,389,391,Barnard_CDS_2021-2022.pdf,0
2021,barnard,0,0,0,1,1,"Black or African American, non-Hispanic",60,170,170,Barnard_CDS_2021-2022.pdf,0
2021,barnard,0,0,0,1,1,"White, non-Hispanic",274,1235,1235,Barnard_CDS_2021-2022.pdf,0
2021,barnard,0,0,0,1,1,"American Indian or Alaska Native, non-Hispanic",0,1,1,Barnard_CDS_2021-2022.pdf,0
2021,barnard,0,0,0,1,1,"Asian, non-Hispanic",139,555,556,Barnard_CDS_2021-2022.pdf,0
2021,barnard,0,0,0,1,1,"Native Hawaiian or other Pacific Islander, non-Hispanic",0,0,0,Barnard_CDS_2021-2022.pdf,0
2021,barnard,0,0,0,1,1,"Two or more races, non-Hispanic",68,213,213,Barnard_CDS_2021-2022.pdf,0
2021,barnard,0,0,0,1,1,Race and/or ethnicity unknown,23,63,95,Barnard_CDS_2021-2022.pdf,0
2021,barnard,0,0,0,1,1,Total,769,3007,3043,Barnard_CDS_2021-2022.pdf,0
2021,bates,0,0,1,1,1,Nonresident,54,159,159,CDS_2021-2022.pdf,0
2021,bates,0,0,1,1,1,Hispanic/Latino,45,142,142,CDS_2021-2022.pdf,0
2021,bates,0,0,1,1,1,"Black or African American, non-Hispanic",32,101,101,CDS_2021-2022.pdf,0
2021,bates,0,0,1,1,1,"White, non-Hispanic",342,1176,1176,CDS_2021-2022.pdf,0
2021,bates,0,0,1,1,1,"American Indian or Alaska Native, non-Hispanic",2,4,4,CDS_2021-2022.pdf,0
2021,bates,0,0,1,1,1,"Asian, non-Hispanic",36,103,103,CDS_2021-2022.pdf,0
2021,bates,0,0,1,1,1,"Native Hawaiian or other Pacific Islander, non-Hispanic",1,2,2,CDS_2021-2022.pdf,0
2021,bates,0,0,1,1,1,"Two or more races, non-Hispanic",39,125,125,CDS_2021-2022.pdf,0
2021,bates,0,0,1,1,1,Race and/or ethnicity unknown,2,9,9,CDS_2021-2022.pdf,0
2021,bates,0,0,1,1,1,Total,553,1821,1821,CDS_2021-2022.pdf,0
2021,bowdoin,0,0,1,1,1,Nonresident,38,137,139,bowdoin_cds_2021-2022.pdf,0
2021,bowdoin,0,0,1,1,1,Hispanic/Latino,72,217,217,bowdoin_cds_2021-2022.pdf,0
2021,bowdoin,0,0,1,1,1,"Black or African American, non-Hispanic",25,115,115,bowdoin_cds_2021-2022.pdf,0
2021,bowdoin,0,0,1,1,1,"White, non-Hispanic",271,1119,1120,bowdoin_cds_2021-2022.pdf,0
2021,bowdoin,0,0,1,1,1,"American Indian or Alaska Native, non-Hispanic",0,4,4,bowdoin_cds_2021-2022.pdf,0
2021,bowdoin,0,0,1,1,1,"Asian, non-Hispanic",57,174,174,bowdoin_cds_2021-2022.pdf,0
2021,bowdoin,0,0,1,1,1,"Native Hawaiian or other Pacific Islander, non-Hispanic",1,2,2,bowdoin_cds_2021-2022.pdf,0
2021,bowdoin,0,0,1,1,1,"Two or more races, non-Hispanic",53,172,172,bowdoin_cds_2021-2022.pdf,0
2021,bowdoin,0,0,1,1,1,Race and/or ethnicity unknown,0,8,8,bowdoin_cds_2021-2022.pdf,0
2021,bowdoin,0,0,1,1,1,Total,517,1948,1951,bowdoin_cds_2021-2022.pdf,0
2021,brown,1,1,0,0,1,Nonresident,192,787,899,CDS_2021_2022_0.pdf,0
2021,brown,1,1,0,0,1,Hispanic/Latino,224,802,811,CDS_2021_2022_0.pdf,0
2021,brown,1,1,0,0,1,"Black or African American, non-Hispanic",162,541,545,CDS_2021_2022_0.pdf,0
2021,brown,1,1,0,0,1,"White, non-Hispanic",643,2941,2952,CDS_2021_2022_0.pdf,0
2021,brown,1,1,0,0,1,"American Indian or Alaska Native, non-Hispanic",6,24,24,CDS_2021_2022_0.pdf,0
2021,brown,1,1,0,0,1,"Asian, non-Hispanic",301,1295,1304,CDS_2021_2022_0.pdf,0
2021,brown,1,1,0,0,1,"Native Hawaiian or other Pacific Islander, non-Hispanic",2,12,12,CDS_2021_2022_0.pdf,0
2021,brown,1,1,0,0,1,"Two or more races, non-Hispanic",136,506,510,CDS_2021_2022_0.pdf,0
2021,brown,1,1,0,0,1,Race and/or ethnicity unknown,39,217,292,CDS_2021_2022_0.pdf,0
2021,brown,1,1,0,0,1,Total,1705,7125,7349,CDS_2021_2022_0.pdf,0
2021,brynmawr,0,0,0,1,0,Nonresident,50,219,219,BrynMawr_CDS_2021-2022.pdf,0
2021,brynmawr,0,0,0,1,0,Hispanic/Latino,33,138,138,BrynMawr_CDS_2021-2022.pdf,0
2021,brynmawr,0,0,0,1,0,"Black or African American, non-Hispanic",26,77,77,BrynMawr_CDS_2021-2022.pdf,0
2021,brynmawr,0,0,0,1,0,"White, non-Hispanic",240,721,722,BrynMawr_CDS_2021-2022.pdf,0
2021,brynmawr,0,0,0,1,0,"American Indian or Alaska Native, non-Hispanic",0,0,0,BrynMawr_CDS_2021-2022.pdf,0
2021,brynmawr,0,0,0,1,0,"Asian, non-Hispanic",46,167,167,BrynMawr_CDS_2021-2022.pdf,0
2021,brynmawr,0,0,0,1,0,"Native Hawaiian or other Pacific Islander, non-Hispanic",0,0,0,BrynMawr_CDS_2021-2022.pdf,0
2021,brynmawr,0,0,0,1,0,"Two or more races, non-Hispanic",19,71,71,BrynMawr_CDS_2021-2022.pdf,0
2021,brynmawr,0,0,0,1,0,Race and/or ethnicity unknown,8,29,31,BrynMawr_CDS_2021-2022.pdf,0
2021,brynmawr,0,0,0,1,0,Total,422,1422,1425,BrynMawr_CDS_2021-2022.pdf,0
2021,bucknell,0,0,0,1,0,Nonresident,39,183,186,cds_2021-22.pdf,0
2021,bucknell,0,0,0,1,0,Hispanic/Latino,84,260,261,cds_2021-22.pdf,0
2021,bucknell,0,0,0,1,0,"Black or African American, non-Hispanic",36,150,150,cds_2021-22.pdf,0
2021,bucknell,0,0,0,1,0,"White, non-Hispanic",772,2804,2809,cds_2021-22.pdf,0
2021,bucknell,0,0,0,1,0,"American Indian or Alaska Native, non-Hispanic",,1,1,cds_2021-22.pdf,0
2021,bucknell,0,0,0,1,0,"Asian, non-Hispanic",57,179,179,cds_2021-22.pdf,0
2021,bucknell,0,0,0,1,0,"Native Hawaiian or other Pacific Islander, non-Hispanic",1,2,2,cds_2021-22.pdf,0
2021,bucknell,0,0,0,1,0,"Two or more races, non-Hispanic",37,132,133,cds_2021-22.pdf,0
2021,bucknell,0,0,0,1,0,Race and/or ethnicity unknown,1,3,3,cds_2021-22.pdf,0
2021,bucknell,0,0,0,1,0,Total,1027,3714,3724,cds_2021-22.pdf,0
2021,caltech,0,1,0,0,1,Nonresident,26,78,78,cds_2021-22.pdf,0
2021,caltech,0,1,0,0,1,Hispanic/Latino,80,220,220,cds_2021-22.pdf,0
2021,caltech,0,1,0,0,1,"Black or African American, non-Hispanic",12,25,25,cds_2021-22.pdf,0
2021,caltech,0,1,0,0,1,"White, non-Hispanic",43,224,224,cds_2021-22.pdf,0
2021,caltech,0,1,0,0,1,"American Indian or Alaska Native, non-Hispanic",1,1,1,cds_2021-22.pdf,0
2021,caltech,0,1,0,0,1,"Asian, non-Hispanic",75,341,341,cds_2021-22.pdf,0
2021,caltech,0,1,0,0,1,"Native Hawaiian or other Pacific Islander, non-Hispanic",0,1,1,cds_2021-22.pdf,0
2021,caltech,0,1,0,0,1,"Two or more races, non-Hispanic",33,93,93,cds_2021-22.pdf,0
2021,caltech,0,1,0,0,1,Race and/or ethnicity unknown,0,4,4,cds_2021-22.pdf,0
2021,caltech,0,1,0,0,1,Total,270,987,987,cds_2021-22.pdf,0
2021,carleton,0,0,0,1,1,Nonresident,64,206,209,Carleton_CDS_2021-22.pdf,0
2021,carleton,0,0,0,1,1,Hispanic/Latino,48,180,182,Carleton_CDS_2021-22.pdf,0
2021,carleton,0,0,0,1,1,"Black or African American, non-Hispanic",31,126,128,Carleton_CDS_2021-22.pdf,0
2021,carleton,0,0,0,1,1,"White, non-Hispanic",299,1086,1104,Carleton_CDS_2021-22.pdf,0
2021,carleton,0,0,0,1,1,"American Indian or Alaska Native, non-Hispanic",0,2,2,Carleton_CDS_2021-22.pdf,0
2021,carleton,0,0,0,1,1,"Asian, non-Hispanic",49,199,202,Carleton_CDS_2021-22.pdf,0
2021,carleton,0,0,0,1,1,"Native Hawaiian or other Pacific Islander, non-Hispanic",0,0,0,Carleton_CDS_2021-22.pdf,0
2021,carleton,0,0,0,1,1,"Two or more races, non-Hispanic",49,164,164,Carleton_CDS_2021-22.pdf,0
2021,carleton,0,0,0,1,1,Race and/or ethnicity unknown,15,45,54,Carleton_CDS_2021-22.pdf,0
2021,carleton,0,0,0,1,1,Total,555,2008,2045,Carleton_CDS_2021-22.pdf,0
2021,cmc,0,0,0,0,1,Nonresident,63,217,219,cds_2021-2022.pdf,0
2021,cmc,0,0,0,0,1,Hispanic/Latino,60,221,221,cds_2021-2022.pdf,0
2021,cmc,0,0,0,0,1,"Black or African American, non-Hispanic",21,73,73,cds_2021-2022.pdf,0
2021,cmc,0,0,0,0,1,"White, non-Hispanic",121,521,521,cds_2021-2022.pdf,0
2021,cmc,0,0,0,0,1,"American Indian or Alaska Native, non-Hispanic",0,1,1,cds_2021-2022.pdf,0
2021,cmc,0,0,0,0,1,"Asian, non-Hispanic",50,205,205,cds_2021-2022.pdf,0
2021,cmc,0,0,0,0,1,"Two or more races, non-Hispanic",20,95,95,cds_2021-2022.pdf,0
2021,cmc,0,0,0,0,1,Race and/or ethnicity unknown,22,77,77,cds_2021-2022.pdf,0
2021,cmc,0,0,0,0,1,Total,358,1414,1416,cds_2021-2022.pdf,0
2021,colgate,0,0,0,0,1,Nonresident,79,278,279,cds_2021-22.pdf,0
2021,colgate,0,0,0,0,1,Hispanic/Latino,82,292,292,cds_2021-22.pdf,0
2021,colgate,0,0,0,0,1,"Black or African American, non-Hispanic",43,138,138,cds_2021-22.pdf,0
2021,colgate,0,0,0,0,1,"White, non-Hispanic",572,2065,2074,cds_2021-22.pdf,0
2021,colgate,0,0,0,0,1,"American Indian or Alaska Native, non-Hispanic",2,2,2,cds_2021-22.pdf,0
2021,colgate,0,0,0,0,1,"Asian, non-Hispanic",49,173,174,cds_2021-22.pdf,0
2021,colgate,0,0,0,0,1,"Native Hawaiian or other Pacific Islander, non-Hispanic",0,4,4,cds_2021-22.pdf,0
2021,colgate,0,0,0,0,1,"Two or more races, non-Hispanic",43,143,143,cds_2021-22.pdf,0
2021,colgate,0,0,0,0,1,Race and/or ethnicity unknown,17,57,58,cds_2021-22.pdf,0
2021,colgate,0,0,0,0,1,Total,887,3152,3164,cds_2021-22.pdf,0
2021,columbia,1,1,0,0,1,Nonresident,202,1083,,Common%20Data%20Set%20Columbia%20College%20Engineering%202021-2022.pdf,0
2021,columbia,1,1,0,0,1,Hispanic/Latino,272,1047,,Common%20Data%20Set%20Columbia%20College%20Engineering%202021-2022.pdf,0
2021,columbia,1,1,0,0,1,"Black or African American, non-Hispanic",156,557,,Common%20Data%20Set%20Columbia%20College%20Engineering%202021-2022.pdf,0
2021,columbia,1,1,0,0,1,"White, non-Hispanic",475,2014,,Common%20Data%20Set%20Columbia%20College%20Engineering%202021-2022.pdf,0
2021,columbia,1,1,0,0,1,"American Indian or Alaska Native, non-Hispanic",6,30,,Common%20Data%20Set%20Columbia%20College%20Engineering%202021-2022.pdf,0
2021,columbia,1,1,0,0,1,"Asian, non-Hispanic",311,1429,,Common%20Data%20Set%20Columbia%20College%20Engineering%202021-2022.pdf,0
2021,columbia,1,1,0,0,1,"Native Hawaiian or other Pacific Islander, non-Hispanic",4,8,,Common%20Data%20Set%20Columbia%20College%20Engineering%202021-2022.pdf,0
2021,columbia,1,1,0,0,1,"Two or more races, non-Hispanic",109,448,,Common%20Data%20Set%20Columbia%20College%20Engineering%202021-2022.pdf,0
2021,columbia,1,1,0,0,1,Race and/or ethnicity unknown,25,94,,Common%20Data%20Set%20Columbia%20College%20Engineering%202021-2022.pdf,0
2021,columbia,1,1,0,0,1,Total,1560,6710,,Common%20Data%20Set%20Columbia%20College%20Engineering%202021-2022.pdf,0
2021,conncoll,0,0,1,1,0,Nonresident,34,159,,Common-Data-Set-2021-22.pdf,0
2021,conncoll,0,0,1,1,0,Hispanic/Latino,52,194,,Common-Data-Set-2021-22.pdf,0
2021,conncoll,0,0,1,1,0,"Black or African American, non-Hispanic",26,82,,Common-Data-Set-2021-22.pdf,0
2021,conncoll,0,0,1,1,0,"White, non-Hispanic",329,1208,,Common-Data-Set-2021-22.pdf,0
2021,conncoll,0,0,1,1,0,"American Indian or Alaska Native, non-Hispanic",0,0,,Common-Data-Set-2021-22.pdf,0
2021,conncoll,0,0,1,1,0,"Asian, non-Hispanic",18,67,,Common-Data-Set-2021-22.pdf,0
2021,conncoll,0,0,1,1,0,"Native Hawaiian or other Pacific Islander, non-Hispanic",1,1,,Common-Data-Set-2021-22.pdf,0
2021,conncoll,0,0,1,1,0,"Two or more races, non-Hispanic",16,63,,Common-Data-Set-2021-22.pdf,0
2021,conncoll,0,0,1,1,0,Race and/or ethnicity unknown,16,36,,Common-Data-Set-2021-22.pdf,0
2021,conncoll,0,0,1,1,0,Total,492,1810,0,Common-Data-Set-2021-22.pdf,0
2021,cornell,1,1,0,0,1,Nonresident,365,1507,1558,CDS_2021-2022.pdf,0
2021,cornell,1,1,0,0,1,Hispanic/Latino,583,2285,2285,CDS_2021-2022.pdf,0
2021,cornell,1,1,0,0,1,"Black or African American, non-Hispanic",338,1129,1129,CDS_2021-2022.pdf,0
2021,cornell,1,1,0,0,1,"White, non-Hispanic",1160,5265,5265,CDS_2021-2022.pdf,0
2021,cornell,1,1,0,0,1,"American Indian or Alaska Native, non-Hispanic",14,43,43,CDS_2021-2022.pdf,0
2021,cornell,1,1,0,0,1,"Asian, non-Hispanic",831,3350,3350,CDS_2021-2022.pdf,0
2021,cornell,1,1,0,0,1,"Native Hawaiian or other Pacific Islander, non-Hispanic",7,19,19,CDS_2021-2022.pdf,0
2021,cornell,1,1,0,0,1,"Two or more races, non-Hispanic",217,821,821,CDS_2021-2022.pdf,0
2021,cornell,1,1,0,0,1,Race and/or ethnicity unknown,203,1032,1033,CDS_2021-2022.pdf,0
2021,cornell,1,1,0,0,1,Total,3718,15451,15503,CDS_2021-2022.pdf,0
2021,dartmouth,1,1,0,0,1,Nonresident,166,528,540,cds_2021-2022.pdf,0
2021,dartmouth,1,1,0,0,1,Hispanic/Latino,128,453,454,cds_2021-2022.pdf,0
2021,dartmouth,1,1,0,0,1,"Black or African American, non-Hispanic",74,243,243,cds_2021-2022.pdf,0
2021,dartmouth,1,1,0,0,1,"White, non-Hispanic",573,2254,2260,cds_2021-2022.pdf,0
2021,dartmouth,1,1,0,0,1,"American Indian or Alaska Native, non-Hispanic",18,53,53,cds_2021-2022.pdf,0
2021,dartmouth,1,1,0,0,1,"Asian, non-Hispanic",154,642,643,cds_2021-2022.pdf,0
2021,dartmouth,1,1,0,0,1,"Native Hawaiian or other Pacific Islander, non-Hispanic",,1,1,cds_2021-2022.pdf,0
2021,dartmouth,1,1,0,0,1,"Two or more races, non-Hispanic",90,279,279,cds_2021-2022.pdf,0
2021,dartmouth,1,1,0,0,1,Race and/or ethnicity unknown,18,80,83,cds_2021-2022.pdf,0
2021,dartmouth,1,1,0,0,1,Total,1221,4533,4556,cds_2021-2022.pdf,0
2021,duke,0,1,0,0,1,Nonresident,172,584,595,Duke_CDS_2021-2022.pdf,0
2021,duke,0,1,0,0,1,Hispanic/Latino,226,719,721,Duke_CDS_2021-2022.pdf,0
2021,duke,0,1,0,0,1,"Black or African American, non-Hispanic",143,548,555,Duke_CDS_2021-2022.pdf,0
2021,duke,0,1,0,0,1,"White, non-Hispanic",670,2727,2741,Duke_CDS_2021-2022.pdf,0
2021,duke,0,1,0,0,1,"American Indian or Alaska Native, non-Hispanic",4,27,27,Duke_CDS_2021-2022.pdf,0
2021,duke,0,1,0,0,1,"Asian, non-Hispanic",329,1464,1469,Duke_CDS_2021-2022.pdf,0
2021,duke,0,1,0,0,1,"Native Hawaiian or other Pacific Islander, non-Hispanic",0,1,1,Duke_CDS_2021-2022.pdf,0
2021,duke,0,1,0,0,1,"Two or more races, non-Hispanic",135,438,441,Duke_CDS_2021-2022.pdf,0
2021,duke,0,1,0,0,1,Race and/or ethnicity unknown,65,307,333,Duke_CDS_2021-2022.pdf,0
2021,duke,0,1,0,0,1,Total,1744,6815,6883,Duke_CDS_2021-2022.pdf,0
2021,emory,0,0,0,0,1,Nonresident,255,1208,1261,emory_cds_2021-2022.pdf,0
2021,emory,0,0,0,0,1,Hispanic/Latino,185,789,791,emory_cds_2021-2022.pdf,0
2021,emory,0,0,0,0,1,"Black or African American, non-Hispanic",148,568,576,emory_cds_2021-2022.pdf,0
2021,emory,0,0,0,0,1,"White, non-Hispanic",490,2453,2460,emory_cds_2021-2022.pdf,0
2021,emory,0,0,0,0,1,"American Indian or Alaska Native, non-Hispanic",0,4,4,emory_cds_2021-2022.pdf,0
2021,emory,0,0,0,0,1,"Asian, non-Hispanic",318,1630,1636,emory_cds_2021-2022.pdf,0
2021,emory,0,0,0,0,1,"Native Hawaiian or other Pacific Islander, non-Hispanic",0,1,1,emory_cds_2021-2022.pdf,0
2021,emory,0,0,0,0,1,"Two or more races, non-Hispanic",72,319,320,emory_cds_2021-2022.pdf,0
2021,emory,0,0,0,0,1,Race and/or ethnicity unknown,26,78,81,emory_cds_2021-2022.pdf,0
2021,emory,0,0,0,0,1,Total,1494,7050,7130,emory_cds_2021-2022.pdf,0
2021,fandm,0,0,0,1,0,Nonresident,74,390,391,fandm_cds_2021-22.pdf,0
2021,fandm,0,0,0,1,0,Hispanic/Latino,49,218,218,fandm_cds_2021-22.pdf,0
2021,fandm,0,0,0,1,0,"Black or African American, non-Hispanic",28,134,135,fandm_cds_2021-22.pdf,0
2021,fandm,0,0,0,1,0,"White, non-Hispanic",300,1190,1202,fandm_cds_2021-22.pdf,0
2021,fandm,0,0,0,1,0,"American Indian or Alaska Native, non-Hispanic",1,3,3,fandm_cds_2021-22.pdf,0
2021,fandm,0,0,0,1,0,"Asian, non-Hispanic",32,94,95,fandm_cds_2021-22.pdf,0
2021,fandm,0,0,0,1,0,"Native Hawaiian or other Pacific Islander, non-Hispanic",0,0,0,fandm_cds_2021-22.pdf,0
2021,fandm,0,0,0,1,0,"Two or more races, non-Hispanic",15,66,66,fandm_cds_2021-22.pdf,0
2021,fandm,0,0,0,1,0,Race and/or ethnicity unknown,10,32,35,fandm_cds_2021-22.pdf,0
2021,fandm,0,0,0,1,0,Total,509,2127,2145,fandm_cds_2021-22.pdf,0
2021,georgetown,0,0,0,0,1,Nonresident,151,1058,1138,georgetown_cds_2021-2022.pdf,0
2021,georgetown,0,0,0,0,1,Hispanic/Latino,100,592,595,georgetown_cds_2021-2022.pdf,0
2021,georgetown,0,0,0,0,1,"Black or African American, non-Hispanic",90,431,443,georgetown_cds_2021-2022.pdf,0
2021,georgetown,0,0,0,0,1,"White, non-Hispanic",869,3672,3705,georgetown_cds_2021-2022.pdf,0
2021,georgetown,0,0,0,0,1,"American Indian or Alaska Native, non-Hispanic",0,8,8,georgetown_cds_2021-2022.pdf,0
2021,georgetown,0,0,0,0,1,"Asian, non-Hispanic",230,961,966,georgetown_cds_2021-2022.pdf,0
2021,georgetown,0,0,0,0,1,"Native Hawaiian or other Pacific Islander, non-Hispanic",3,6,6,georgetown_cds_2021-2022.pdf,0
2021,georgetown,0,0,0,0,1,"Two or more races, non-Hispanic",111,426,427,georgetown_cds_2021-2022.pdf,0
2021,georgetown,0,0,0,0,1,Race and/or ethnicity unknown,44,171,310,georgetown_cds_2021-2022.pdf,0
2021,georgetown,0,0,0,0,1,Total,1598,7325,7598,georgetown_cds_2021-2022.pdf,0
2021,grinnell,0,0,0,0,1,Nonresident,92,340,340,GC_CDS_2021-22.pdf,0
2021,grinnell,0,0,0,0,1,Hispanic/Latino,37,132,134,GC_CDS_2021-22.pdf,0
2021,grinnell,0,0,0,0,1,"Black or African American, non-Hispanic",24,73,73,GC_CDS_2021-22.pdf,0
2021,grinnell,0,0,0,0,1,"White, non-Hispanic",245,889,899,GC_CDS_2021-22.pdf,0
2021,grinnell,0,0,0,0,1,"Asian, non-Hispanic",37,132,133,GC_CDS_2021-22.pdf,0
2021,grinnell,0,0,0,0,1,"Two or more races, non-Hispanic",28,86,86,GC_CDS_2021-22.pdf,0
2021,grinnell,0,0,0,0,1,Race and/or ethnicity unknown,8,61,83,GC_CDS_2021-22.pdf,0
2021,grinnell,0,0,0,0,1,Total,471,1713,1748,GC_CDS_2021-22.pdf,0
2021,hamilton,0,0,1,1,1,Nonresident,37,138,,hamilton_cds_2021-2022.pdf,0
2021,hamilton,0,0,1,1,1,Hispanic/Latino,63,204,,hamilton_cds_2021-2022.pdf,0
2021,hamilton,0,0,1,1,1,"Black or African American, non-Hispanic",20,64,,hamilton_cds_2021-2022.pdf,0
2021,hamilton,0,0,1,1,1,"White, non-Hispanic",314,1325,,hamilton_cds_2021-2022.pdf,0
2021,hamilton,0,0,1,1,1,"American Indian or Alaska Native, non-Hispanic",0,1,,hamilton_cds_2021-2022.pdf,0
2021,hamilton,0,0,1,1,1,"Asian, non-Hispanic",57,169,,hamilton_cds_2021-2022.pdf,0
2021,hamilton,0,0,1,1,1,"Native Hawaiian or other Pacific Islander, non-Hispanic",0,0,,hamilton_cds_2021-2022.pdf,0
2021,hamilton,0,0,1,1,1,"Two or more races, non-Hispanic",34,111,,hamilton_cds_2021-2022.pdf,0
2021,hamilton,0,0,1,1,1,Race and/or ethnicity unknown,8,37,,hamilton_cds_2021-2022.pdf,0
2021,hamilton,0,0,1,1,1,Total,533,2049,,hamilton_cds_2021-2022.pdf,0
2021,hampshire,0,0,0,1,0,Nonresident,5,29,30,hampshire-cds-2021-2022.pdf,0
2021,hampshire,0,0,0,1,0,Hispanic/Latino,25,52,56,hampshire-cds-2021-2022.pdf,0
2021,hampshire,0,0,0,1,0,"Black or African American, non-Hispanic",17,37,39,hampshire-cds-2021-2022.pdf,0
2021,hampshire,0,0,0,1,0,"White, non-Hispanic",69,276,276,hampshire-cds-2021-2022.pdf,0
2021,hampshire,0,0,0,1,0,"American Indian or Alaska Native, non-Hispanic",0,1,1,hampshire-cds-2021-2022.pdf,0
2021,hampshire,0,0,0,1,0,"Asian, non-Hispanic",2,15,15,hampshire-cds-2021-2022.pdf,0
2021,hampshire,0,0,0,1,0,"Native Hawaiian or other Pacific Islander, non-Hispanic",0,0,0,hampshire-cds-2021-2022.pdf,0
2021,hampshire,0,0,0,1,0,"Two or more races, non-Hispanic",9,30,30,hampshire-cds-2021-2022.pdf,0
2021,hampshire,0,0,0,1,0,Race and/or ethnicity unknown,3,25,25,hampshire-cds-2021-2022.pdf,0
2021,hampshire,0,0,0,1,0,Total,130,465,472,hampshire-cds-2021-2022.pdf,0
2021,harvard,1,1,0,0,1,Nonresident,287,883,934,harvard_cds_2021-2022_revised.pdf,0
2021,harvard,1,1,0,0,1,Hispanic/Latino,228,827,831,harvard_cds_2021-2022_revised.pdf,0
2021,harvard,1,1,0,0,1,"Black or African American, non-Hispanic",186,665,665,harvard_cds_2021-2022_revised.pdf,0
2021,harvard,1,1,0,0,1,"White, non-Hispanic",650,2530,2533,harvard_cds_2021-2022_revised.pdf,0
2021,harvard,1,1,0,0,1,"American Indian or Alaska Native, non-Hispanic",5,16,16,harvard_cds_2021-2022_revised.pdf,0
2021,harvard,1,1,0,0,1,"Asian, non-Hispanic",431,1555,1555,harvard_cds_2021-2022_revised.pdf,0
2021,harvard,1,1,0,0,1,"Native Hawaiian or other Pacific Islander, non-Hispanic",4,7,7,harvard_cds_2021-2022_revised.pdf,0
2021,harvard,1,1,0,0,1,"Two or more races, non-Hispanic",139,532,532,harvard_cds_2021-2022_revised.pdf,0
2021,harvard,1,1,0,0,1,Race and/or ethnicity unknown,19,80,80,harvard_cds_2021-2022_revised.pdf,0
2021,harvard,1,1,0,0,1,Total,1949,7095,7153,harvard_cds_2021-2022_revised.pdf,0
2021,haverford,0,0,0,1,0,Nonresident,37,150,150,cds_2021-2022.pdf,0
2021,haverford,0,0,0,1,0,Hispanic/Latino,47,177,177,cds_2021-2022.pdf,0
2021,haverford,0,0,0,1,0,"Black or African American, non-Hispanic",21,79,79,cds_2021-2022.pdf,0
2021,haverford,0,0,0,1,0,"White, non-Hispanic",212,741,741,cds_2021-2022.pdf,0
2021,haverford,0,0,0,1,0,"American Indian or Alaska Native, non-Hispanic",0,1,1,cds_2021-2022.pdf,0
2021,haverford,0,0,0,1,0,"Asian, non-Hispanic",52,157,157,cds_2021-2022.pdf,0
2021,haverford,0,0,0,1,0,"Native Hawaiian or other Pacific Islander, non-Hispanic",0,0,0,cds_2021-2022.pdf,0
2021,haverford,0,0,0,1,0,"Two or more races, non-Hispanic",40,99,99,cds_2021-2022.pdf,0
2021,haverford,0,0,0,1,0,Race and/or ethnicity unknown,2,16,16,cds_2021-2022.pdf,0
2021,haverford,0,0,0,1,0,Total,411,1420,1420,cds_2021-2022.pdf,0
2021,hmc,0,0,0,0,1,Nonresident,27,77,77,cds_2021-2022.pdf,0
2021,hmc,0,0,0,0,1,Hispanic/Latino,53,191,191,cds_2021-2022.pdf,0
2021,hmc,0,0,0,0,1,"Black or African American, non-Hispanic",18,41,41,cds_2021-2022.pdf,0
2021,hmc,0,0,0,0,1,"White, non-Hispanic",48,234,234,cds_2021-2022.pdf,0
2021,hmc,0,0,0,0,1,"American Indian or Alaska Native, non-Hispanic",1,4,4,cds_2021-2022.pdf,0
2021,hmc,0,0,0,0,1,"Asian, non-Hispanic",41,215,215,cds_2021-2022.pdf,0
2021,hmc,0,0,0,0,1,"Native Hawaiian or other Pacific Islander, non-Hispanic",0,2,2,cds_2021-2022.pdf,0
2021,hmc,0,0,0,0,1,"Two or more races, non-Hispanic",31,89,89,cds_2021-2022.pdf,0
2021,hmc,0,0,0,0,1,Race and/or ethnicity unknown,6,52,52,cds_2021-2022.pdf,0
2021,hmc,0,0,0,0,1,Total,225,905,905,cds_2021-2022.pdf,0
2021,jhu,0,1,0,0,1,Nonresident,222,785,,cds_2021-2022.pdf,0
2021,jhu,0,1,0,0,1,Hispanic/Latino,304,1056,,cds_2021-2022.pdf,0
2021,jhu,0,1,0,0,1,"Black or African American, non-Hispanic",137,479,,cds_2021-2022.pdf,0
2021,jhu,0,1,0,0,1,"White, non-Hispanic",285,1368,,cds_2021-2022.pdf,0
2021,jhu,0,1,0,0,1,"American Indian or Alaska Native, non-Hispanic",0,4,,cds_2021-2022.pdf,0
2021,jhu,0,1,0,0,1,"Asian, non-Hispanic",352,1524,,cds_2021-2022.pdf,0
2021,jhu,0,1,0,0,1,"Native Hawaiian or other Pacific Islander, non-Hispanic",0,3,,cds_2021-2022.pdf,0
2021,jhu,0,1,0,0,1,"Two or more races, non-Hispanic",93,391,,cds_2021-2022.pdf,0
2021,jhu,0,1,0,0,1,Race and/or ethnicity unknown,27,117,,cds_2021-2022.pdf,0
2021,jhu,0,1,0,0,1,Total,1420,5727,0,cds_2021-2022.pdf,0
2021,macalester,0,0,0,1,0,Nonresident,57,298,303,Macalester_CDS_2021-22.pdf,0
2021,macalester,0,0,0,1,0,Hispanic/Latino,61,221,221,Macalester_CDS_2021-22.pdf,0
2021,macalester,0,0,0,1,0,"Black or African American, non-Hispanic",36,111,111,Macalester_CDS_2021-22.pdf,0
2021,macalester,0,0,0,1,0,"White, non-Hispanic",350,1226,1229,Macalester_CDS_2021-22.pdf,0
2021,macalester,0,0,0,1,0,"American Indian or Alaska Native, non-Hispanic",1,8,8,Macalester_CDS_2021-22.pdf,0
2021,macalester,0,0,0,1,0,"Asian, non-Hispanic",41,180,180,Macalester_CDS_2021-22.pdf,0
2021,macalester,0,0,0,1,0,"Native Hawaiian or other Pacific Islander, non-Hispanic",1,2,2,Macalester_CDS_2021-22.pdf,0
2021,macalester,0,0,0,1,0,"Two or more races, non-Hispanic",54,180,181,Macalester_CDS_2021-22.pdf,0
2021,macalester,0,0,0,1,0,Race and/or ethnicity unknown,0,9,9,Macalester_CDS_2021-22.pdf,0
2021,macalester,0,0,0,1,0,Total,601,2235,2244,Macalester_CDS_2021-22.pdf,0
2021,middlebury,0,0,1,1,1,Total,680,2837,21,CDS_2021-2022.pdf,0
2021,mit,0,1,0,0,1,Nonresident,120,472,481,2021-22-common-data-set.html,0
2021,mit,0,1,0,0,1,Hispanic/Latino,163,702,702,2021-22-common-data-set.html,0
2021,mit,0,1,0,0,1,"Black or African American, non-Hispanic",118,336,336,2021-22-common-data-set.html,0
2021,mit,0,1,0,0,1,"White, non-Hispanic",238,1116,1116,2021-22-common-data-set.html,0
2021,mit,0,1,0,0,1,"American Indian or Alaska Native, non-Hispanic",1,6,6,2021-22-common-data-set.html,0
2021,mit,0,1,0,0,1,"Asian, non-Hispanic",415,1536,1536,2021-22-common-data-set.html,0
2021,mit,0,1,0,0,1,"Native Hawaiian or other Pacific Islander, non-Hispanic",0,4,4,2021-22-common-data-set.html,0
2021,mit,0,1,0,0,1,"Two or more races, non-Hispanic",89,365,365,2021-22-common-data-set.html,0
2021,mit,0,1,0,0,1,Race and/or ethnicity unknown,33,92,92,2021-22-common-data-set.html,0
2021,mit,0,1,0,0,1,Total,1177,4629,4638,2021-22-common-data-set.html,0
2021,mtholyoke,0,0,0,1,0,Nonresident,116,502,505,mtholyoke_cds_2021-2022.pdf,0
2021,mtholyoke,0,0,0,1,0,Hispanic/Latino,49,191,191,mtholyoke_cds_2021-2022.pdf,0
2021,mtholyoke,0,0,0,1,0,"Black or African American, non-Hispanic",19,107,107,mtholyoke_cds_2021-2022.pdf,0
2021,mtholyoke,0,0,0,1,0,"White, non-Hispanic",336,1116,1118,mtholyoke_cds_2021-2022.pdf,0
2021,mtholyoke,0,0,0,1,0,"American Indian or Alaska Native, non-Hispanic",1,3,3,mtholyoke_cds_2021-2022.pdf,0
2021,mtholyoke,0,0,0,1,0,"Asian, non-Hispanic",53,171,172,mtholyoke_cds_2021-2022.pdf,0
2021,mtholyoke,0,0,0,1,0,"Native Hawaiian or other Pacific Islander, non-Hispanic",2,3,3,mtholyoke_cds_2021-2022.pdf,0
2021,mtholyoke,0,0,0,1,0,"Two or more races, non-Hispanic",27,95,95,mtholyoke_cds_2021-2022.pdf,0
2021,mtholyoke,0,0,0,1,0,Race and/or ethnicity unknown,5,26,26,mtholyoke_cds_2021-2022.pdf,0
2021,mtholyoke,0,0,0,1,0,Total,608,2214,2220,mtholyoke_cds_2021-2022.pdf,0
2021,northwestern,0,0,0,0,1,Nonresident,216,869,870,cds_2021-22.pdf,0
2021,northwestern,0,0,0,0,1,Hispanic/Latino,351,1176,1178,cds_2021-22.pdf,0
2021,northwestern,0,0,0,0,1,"Black or African American, non-Hispanic",154,515,517,cds_2021-22.pdf,0
2021,northwestern,0,0,0,0,1,"White, non-Hispanic",723,3339,3341,cds_2021-22.pdf,0
2021,northwestern,0,0,0,0,1,"American Indian or Alaska Native, non-Hispanic",2,6,6,cds_2021-22.pdf,0
2021,northwestern,0,0,0,0,1,"Asian, non-Hispanic",401,1739,1741,cds_2021-22.pdf,0
2021,northwestern,0,0,0,0,1,"Native Hawaiian or other Pacific Islander, non-Hispanic",0,1,1,cds_2021-22.pdf,0
2021,northwestern,0,0,0,0,1,"Two or more races, non-Hispanic",164,567,568,cds_2021-22.pdf,0
2021,northwestern,0,0,0,0,1,Race and/or ethnicity unknown,75,272,272,cds_2021-22.pdf,0
2021,northwestern,0,0,0,0,1,Total,2086,8484,8494,cds_2021-22.pdf,0
2021,notredame,0,0,0,0,1,Nonresident,147,549,572,CDS_2021-2022.pdf,0
2021,notredame,0,0,0,0,1,Hispanic/Latino,296,1097,1097,CDS_2021-2022.pdf,0
2021,notredame,0,0,0,0,1,"Black or African American, non-Hispanic",99,326,326,CDS_2021-2022.pdf,0
2021,notredame,0,0,0,0,1,"White, non-Hispanic",1238,5882,5882,CDS_2021-2022.pdf,0
2021,notredame,0,0,0,0,1,"American Indian or Alaska Native, non-Hispanic",0,18,18,CDS_2021-2022.pdf,0
2021,notredame,0,0,0,0,1,"Asian, non-Hispanic",121,473,473,CDS_2021-2022.pdf,0
2021,notredame,0,0,0,0,1,"Native Hawaiian or other Pacific Islander, non-Hispanic",1,12,12,CDS_2021-2022.pdf,0
2021,notredame,0,0,0,0,1,"Two or more races, non-Hispanic",133,505,505,CDS_2021-2022.pdf,0
2021,notredame,0,0,0,0,1,Race and/or ethnicity unknown,24,88,88,CDS_2021-2022.pdf,0
2021,notredame,0,0,0,0,1,Total,2059,8950,8973,CDS_2021-2022.pdf,0
2021,penn,1,1,0,0,1,Nonresident,1311,1311,,UPenn_CDS_2021-22.pdf,0
2021,penn,1,1,0,0,1,Hispanic/Latino,1028,1028,,UPenn_CDS_2021-22.pdf,0
2021,penn,1,1,0,0,1,"Black or African American, non-Hispanic",773,773,,UPenn_CDS_2021-22.pdf,0
2021,penn,1,1,0,0,1,"White, non-Hispanic",3350,3350,,UPenn_CDS_2021-22.pdf,0
2021,penn,1,1,0,0,1,"American Indian or Alaska Native, non-Hispanic",11,11,,UPenn_CDS_2021-22.pdf,0
2021,penn,1,1,0,0,1,"Asian, non-Hispanic",2615,2615,,UPenn_CDS_2021-22.pdf,0
2021,penn,1,1,0,0,1,"Native Hawaiian or other Pacific Islander, non-Hispanic",3,3,,UPenn_CDS_2021-22.pdf,0
2021,penn,1,1,0,0,1,"Two or more races, non-Hispanic",475,475,,UPenn_CDS_2021-22.pdf,0
2021,penn,1,1,0,0,1,Race and/or ethnicity unknown,396,396,,UPenn_CDS_2021-22.pdf,0
2021,pomona,0,0,0,1,1,Nonresident,65,192,200,cds-2021-2022.pdf,0
2021,pomona,0,0,0,1,1,Hispanic/Latino,68,280,281,cds-2021-2022.pdf,0
2021,pomona,0,0,0,1,1,"Black or African American, non-Hispanic",32,154,154,cds-2021-2022.pdf,0
2021,pomona,0,0,0,1,1,"White, non-Hispanic",148,599,602,cds-2021-2022.pdf,0
2021,pomona,0,0,0,1,1,"American Indian or Alaska Native, non-Hispanic",1,5,5,cds-2021-2022.pdf,0
2021,pomona,0,0,0,1,1,"Asian, non-Hispanic",69,303,305,cds-2021-2022.pdf,0
2021,pomona,0,0,0,1,1,"Native Hawaiian or other Pacific Islander, non-Hispanic",4,8,8,cds-2021-2022.pdf,0
2021,pomona,0,0,0,1,1,"Two or more races, non-Hispanic",48,142,142,cds-2021-2022.pdf,0
2021,pomona,0,0,0,1,1,Race and/or ethnicity unknown,16,64,67,cds-2021-2022.pdf,0
2021,pomona,0,0,0,1,1,Total,451,1747,1764,cds-2021-2022.pdf,0
2021,princeton,1,1,0,0,1,Nonresident,159,610,,cds_2122_princeton.pdf,0
2021,princeton,1,1,0,0,1,Hispanic/Latino,146,551,,cds_2122_princeton.pdf,0
2021,princeton,1,1,0,0,1,"Black or African American, non-Hispanic",102,436,,cds_2122_princeton.pdf,0
2021,princeton,1,1,0,0,1,"White, non-Hispanic",484,2016,,cds_2122_princeton.pdf,0
2021,princeton,1,1,0,0,1,"American Indian or Alaska Native, non-Hispanic",2,10,,cds_2122_princeton.pdf,0
2021,princeton,1,1,0,0,1,"Asian, non-Hispanic",273,1199,,cds_2122_princeton.pdf,0
2021,princeton,1,1,0,0,1,"Native Hawaiian or other Pacific Islander, non-Hispanic",1,5,,cds_2122_princeton.pdf,0
2021,princeton,1,1,0,0,1,"Two or more races, non-Hispanic",95,336,,cds_2122_princeton.pdf,0
2021,princeton,1,1,0,0,1,Race and/or ethnicity unknown,26,73,,cds_2122_princeton.pdf,0
2021,princeton,1,1,0,0,1,Total,1288,5236,0,cds_2122_princeton.pdf,0
2021,reed,0,0,0,1,0,Nonresident,31,132,137,reed-cds-secB-2021-2022.pdf,0
2021,reed,0,0,0,1,0,Hispanic/Latino,56,169,171,reed-cds-secB-2021-2022.pdf,0
2021,reed,0,0,0,1,0,"Black or African American, non-Hispanic",10,20,20,reed-cds-secB-2021-2022.pdf,0
2021,reed,0,0,0,1,0,"White, non-Hispanic",312,900,910,reed-cds-secB-2021-2022.pdf,0
2021,reed,0,0,0,1,0,"American Indian or Alaska Native, non-Hispanic",1,2,2,reed-cds-secB-2021-2022.pdf,0
2021,reed,0,0,0,1,0,"Asian, non-Hispanic",41,121,124,reed-cds-secB-2021-2022.pdf,0
2021,reed,0,0,0,1,0,"Two or more races, non-Hispanic",47,156,157,reed-cds-secB-2021-2022.pdf,0
2021,reed,0,0,0,1,0,Race and/or ethnicity unknown,4,21,27,reed-cds-secB-2021-2022.pdf,0
2021,reed,0,0,0,1,0,Total,502,1521,1548,reed-cds-secB-2021-2022.pdf,0
2021,rice,0,0,0,0,1,Nonresident,156,524,530,cds_2021-22.pdf,0
2021,rice,0,0,0,0,1,Hispanic/Latino,183,660,660,cds_2021-22.pdf,0
2021,rice,0,0,0,0,1,"Black or African American, non-Hispanic",102,337,337,cds_2021-22.pdf,0
2021,rice,0,0,0,0,1,"White, non-Hispanic",319,1257,1258,cds_2021-22.pdf,0
2021,rice,0,0,0,0,1,"American Indian or Alaska Native, non-Hispanic",2,2,2,cds_2021-22.pdf,0
2021,rice,0,0,0,0,1,"Asian, non-Hispanic",371,1203,1203,cds_2021-22.pdf,0
2021,rice,0,0,0,0,1,"Native Hawaiian or other Pacific Islander, non-Hispanic",2,4,4,cds_2021-22.pdf,0
2021,rice,0,0,0,0,1,"Two or more races, non-Hispanic",59,205,205,cds_2021-22.pdf,0
2021,rice,0,0,0,0,1,Race and/or ethnicity unknown,23,48,48,cds_2021-22.pdf,0
2021,rice,0,0,0,0,1,Total,1217,4240,4247,cds_2021-22.pdf,0
2021,richmond,0,0,0,0,1,Nonresident,90,294,351,cds_2021-22.pdf,0
2021,richmond,0,0,0,0,1,Hispanic/Latino,88,313,313,cds_2021-22.pdf,0
2021,richmond,0,0,0,0,1,"Black or African American, non-Hispanic",57,224,226,cds_2021-22.pdf,0
2021,richmond,0,0,0,0,1,"White, non-Hispanic",517,1832,1837,cds_2021-22.pdf,0
2021,richmond,0,0,0,0,1,"American Indian or Alaska Native, non-Hispanic",1,4,5,cds_2021-22.pdf,0
2021,richmond,0,0,0,0,1,"Asian, non-Hispanic",75,212,215,cds_2021-22.pdf,0
2021,richmond,0,0,0,0,1,"Native Hawaiian or other Pacific Islander, non-Hispanic",2,2,2,cds_2021-22.pdf,0
2021,richmond,0,0,0,0,1,"Two or more races, non-Hispanic",36,137,137,cds_2021-22.pdf,0
2021,richmond,0,0,0,0,1,Race and/or ethnicity unknown,11,78,78,cds_2021-22.pdf,0
2021,richmond,0,0,0,0,1,Total,877,3096,3164,cds_2021-22.pdf,0
2021,smith,0,0,0,1,1,Nonresident,103,364,364,Smith_CDS_2021-2022.pdf,0
2021,smith,0,0,0,1,1,Hispanic/Latino,81,329,329,Smith_CDS_2021-2022.pdf,0
2021,smith,0,0,0,1,1,"Black or African American, non-Hispanic",34,143,143,Smith_CDS_2021-2022.pdf,0
2021,smith,0,0,0,1,1,"White, non-Hispanic",345,1279,1279,Smith_CDS_2021-2022.pdf,0
2021,smith,0,0,0,1,1,"American Indian or Alaska Native, non-Hispanic",0,1,1,Smith_CDS_2021-2022.pdf,0
2021,smith,0,0,0,1,1,"Asian, non-Hispanic",64,254,254,Smith_CDS_2021-2022.pdf,0
2021,smith,0,0,0,1,1,"Native Hawaiian or other Pacific Islander, non-Hispanic",0,3,3,Smith_CDS_2021-2022.pdf,0
2021,smith,0,0,0,1,1,"Two or more races, non-Hispanic",44,140,140,Smith_CDS_2021-2022.pdf,0
2021,smith,0,0,0,1,1,Race and/or ethnicity unknown,5,53,53,Smith_CDS_2021-2022.pdf,0
2021,smith,0,0,0,1,1,Total,676,2566,2566,Smith_CDS_2021-2022.pdf,0
2021,stanford,0,1,0,0,1,Nonresident,247,818,818,cds_2021-2022.pdf,0
2021,stanford,0,1,0,0,1,Hispanic/Latino,387,1339,1339,cds_2021-2022.pdf,0
2021,stanford,0,1,0,0,1,"Black or African American, non-Hispanic",164,547,547,cds_2021-2022.pdf,0
2021,stanford,0,1,0,0,1,"White, non-Hispanic",504,2139,2139,cds_2021-2022.pdf,0
2021,stanford,0,1,0,0,1,"American Indian or Alaska Native, non-Hispanic",17,67,67,cds_2021-2022.pdf,0
2021,stanford,0,1,0,0,1,"Asian, non-Hispanic",580,1917,1917,cds_2021-2022.pdf,0
2021,stanford,0,1,0,0,1,"Native Hawaiian or other Pacific Islander, non-Hispanic",6,21,21,cds_2021-2022.pdf,0
2021,stanford,0,1,0,0,1,"Two or more races, non-Hispanic",215,778,778,cds_2021-2022.pdf,0
2021,stanford,0,1,0,0,1,Race and/or ethnicity unknown,5,19,19,cds_2021-2022.pdf,0
2021,stanford,0,1,0,0,1,Total,2125,7645,7645,cds_2021-2022.pdf,0
2021,swarthmore,0,0,0,1,1,Nonresident,73,255,255,cds-2021-2022.pdf,0
2021,swarthmore,0,0,0,1,1,Hispanic/Latino,63,224,225,cds-2021-2022.pdf,0
2021,swarthmore,0,0,0,1,1,"Black or African American, non-Hispanic",43,126,127,cds-2021-2022.pdf,0
2021,swarthmore,0,0,0,1,1,"White, non-Hispanic",144,545,550,cds-2021-2022.pdf,0
2021,swarthmore,0,0,0,1,1,"American Indian or Alaska Native, non-Hispanic",2,5,5,cds-2021-2022.pdf,0
2021,swarthmore,0,0,0,1,1,"Asian, non-Hispanic",73,287,287,cds-2021-2022.pdf,0
2021,swarthmore,0,0,0,1,1,"Native Hawaiian or other Pacific Islander, non-Hispanic",0,2,2,cds-2021-2022.pdf,0
2021,swarthmore,0,0,0,1,1,"Two or more races, non-Hispanic",44,152,153,cds-2021-2022.pdf,0
2021,swarthmore,0,0,0,1,1,Race and/or ethnicity unknown,12,47,47,cds-2021-2022.pdf,0
2021,swarthmore,0,0,0,1,1,Total,454,1643,1651,cds-2021-2022.pdf,0
2021,trinity,0,0,1,1,0,Nonresident,64,274,275,CDS_2021-2022.pdf,0
2021,trinity,0,0,1,1,0,Hispanic/Latino,54,202,202,CDS_2021-2022.pdf,0
2021,trinity,0,0,1,1,0,"Black or African American, non-Hispanic",25,128,128,CDS_2021-2022.pdf,0
2021,trinity,0,0,1,1,0,"White, non-Hispanic",314,1335,1337,CDS_2021-2022.pdf,0
2021,trinity,0,0,1,1,0,"American Indian or Alaska Native, non-Hispanic",0,3,3,CDS_2021-2022.pdf,0
2021,trinity,0,0,1,1,0,"Asian, non-Hispanic",32,90,90,CDS_2021-2022.pdf,0
2021,trinity,0,0,1,1,0,"Native Hawaiian or other Pacific Islander, non-Hispanic",0,1,1,CDS_2021-2022.pdf,0
2021,trinity,0,0,1,1,0,"Two or more races, non-Hispanic",24,74,74,CDS_2021-2022.pdf,0
2021,trinity,0,0,1,1,0,Race and/or ethnicity unknown,10,36,49,CDS_2021-2022.pdf,0
2021,trinity,0,0,1,1,0,Total,523,2143,2159,CDS_2021-2022.pdf,0
2021,tufts,0,0,1,1,0,Nonresident,217,757,757,CDS_2021-2022.pdf,0
2021,tufts,0,0,1,1,0,Hispanic/Latino,198,604,608,CDS_2021-2022.pdf,0
2021,tufts,0,0,1,1,0,"Black or African American, non-Hispanic",122,341,342,CDS_2021-2022.pdf,0
2021,tufts,0,0,1,1,0,"White, non-Hispanic",760,3168,3179,CDS_2021-2022.pdf,0
2021,tufts,0,0,1,1,0,"American Indian or Alaska Native, non-Hispanic",2,4,4,CDS_2021-2022.pdf,0
2021,tufts,0,0,1,1,0,"Asian, non-Hispanic",276,1028,1031,CDS_2021-2022.pdf,0
2021,tufts,0,0,1,1,0,"Native Hawaiian or other Pacific Islander, non-Hispanic",4,6,6,CDS_2021-2022.pdf,0
2021,tufts,0,0,1,1,0,"Two or more races, non-Hispanic",154,456,457,CDS_2021-2022.pdf,0
2021,tufts,0,0,1,1,0,Race and/or ethnicity unknown,67,264,292,CDS_2021-2022.pdf,0
2021,tufts,0,0,1,1,0,Total,1800,6628,6676,CDS_2021-2022.pdf,0
2021,uchicago,0,1,0,0,1,Nonresident,313,1186,1199,UChicago_CDS_2021-22.pdf,0
2021,uchicago,0,1,0,0,1,Hispanic/Latino,332,1122,1122,UChicago_CDS_2021-22.pdf,0
2021,uchicago,0,1,0,0,1,"Black or African American, non-Hispanic",162,456,456,UChicago_CDS_2021-22.pdf,0
2021,uchicago,0,1,0,0,1,"White, non-Hispanic",626,2513,2513,UChicago_CDS_2021-22.pdf,0
2021,uchicago,0,1,0,0,1,"American Indian or Alaska Native, non-Hispanic",0,1,1,UChicago_CDS_2021-22.pdf,0
2021,uchicago,0,1,0,0,1,"Asian, non-Hispanic",374,1499,1499,UChicago_CDS_2021-22.pdf,0
2021,uchicago,0,1,0,0,1,"Native Hawaiian or other Pacific Islander, non-Hispanic",0,1,1,UChicago_CDS_2021-22.pdf,0
2021,uchicago,0,1,0,0,1,"Two or more races, non-Hispanic",141,525,525,UChicago_CDS_2021-22.pdf,0
2021,uchicago,0,1,0,0,1,Race and/or ethnicity unknown,105,210,210,UChicago_CDS_2021-22.pdf,0
2021,uchicago,0,1,0,0,1,Total,2053,7513,7526,UChicago_CDS_2021-22.pdf,0
2021,ucla,0,0,0,0,1,Nonresident,690,3309,3309,cds_2021-22.pdf,0
2021,ucla,0,0,0,0,1,Hispanic/Latino,1384,6955,6955,cds_2021-22.pdf,0
2021,ucla,0,0,0,0,1,"Black or African American, non-Hispanic",217,1016,1016,cds_2021-22.pdf,0
2021,ucla,0,0,0,0,1,"White, non-Hispanic",1680,8402,8402,cds_2021-22.pdf,0
2021,ucla,0,0,0,0,1,"American Indian or Alaska Native, non-Hispanic",10,52,52,cds_2021-22.pdf,0
2021,ucla,0,0,0,0,1,"Asian, non-Hispanic",1858,9299,9299,cds_2021-22.pdf,0
2021,ucla,0,0,0,0,1,"Native Hawaiian or other Pacific Islander, non-Hispanic",8,58,58,cds_2021-22.pdf,0
2021,ucla,0,0,0,0,1,"Two or more races, non-Hispanic",517,2163,2163,cds_2021-22.pdf,0
2021,ucla,0,0,0,0,1,Race and/or ethnicity unknown,220,864,865,cds_2021-22.pdf,0
2021,ucla,0,0,0,0,1,Total,6584,32118,32119,cds_2021-22.pdf,0
2021,umich,0,0,0,0,1,Nonresident,407,2617,2737,cds_2021-2022.pdf,0
2021,umich,0,0,0,0,1,Hispanic/Latino,640,2352,2358,cds_2021-2022.pdf,0
2021,umich,0,0,0,0,1,"Black or African American, non-Hispanic",309,1262,1267,cds_2021-2022.pdf,0
2021,umich,0,0,0,0,1,"White, non-Hispanic",3803,17067,17124,cds_2021-2022.pdf,0
2021,umich,0,0,0,0,1,"American Indian or Alaska Native, non-Hispanic",9,36,37,cds_2021-2022.pdf,0
2021,umich,0,0,0,0,1,"Asian, non-Hispanic",1339,5481,5499,cds_2021-2022.pdf,0
2021,umich,0,0,0,0,1,"Native Hawaiian or other Pacific Islander, non-Hispanic",2,11,11,cds_2021-2022.pdf,0
2021,umich,0,0,0,0,1,"Two or more races, non-Hispanic",405,1617,1619,cds_2021-2022.pdf,0
2021,umich,0,0,0,0,1,Race and/or ethnicity unknown,376,1620,1630,cds_2021-2022.pdf,0
2021,umich,0,0,0,0,1,Total,7290,32063,32282,cds_2021-2022.pdf,0
2021,vassar,0,0,0,1,1,Nonresident,38,208,212,Vassar-CDS-2021-2022.pdf,0
2021,vassar,0,0,0,1,1,Hispanic/Latino,86,283,283,Vassar-CDS-2021-2022.pdf,0
2021,vassar,0,0,0,1,1,"Black or African American, non-Hispanic",22,97,97,Vassar-CDS-2021-2022.pdf,0
2021,vassar,0,0,0,1,1,"White, non-Hispanic",354,1366,1375,Vassar-CDS-2021-2022.pdf,0
2021,vassar,0,0,0,1,1,"Asian, non-Hispanic",103,316,316,Vassar-CDS-2021-2022.pdf,0
2021,vassar,0,0,0,1,1,"Two or more races, non-Hispanic",48,197,197,Vassar-CDS-2021-2022.pdf,0
2021,vassar,0,0,0,1,1,Race and/or ethnicity unknown,26,33,36,Vassar-CDS-2021-2022.pdf,0
2021,vassar,0,0,0,1,1,Total,677,2500,2516,Vassar-CDS-2021-2022.pdf,0
2021,washandlee,0,0,0,1,1,Nonresident,31,98,103,wlu_cds_2021-22.pdf,0
2021,washandlee,0,0,0,1,1,Hispanic/Latino,42,130,131,wlu_cds_2021-22.pdf,0
2021,washandlee,0,0,0,1,1,"Black or African American, non-Hispanic",20,71,71,wlu_cds_2021-22.pdf,0
2021,washandlee,0,0,0,1,1,"White, non-Hispanic",336,1376,1376,wlu_cds_2021-22.pdf,0
2021,washandlee,0,0,0,1,1,"American Indian or Alaska Native, non-Hispanic",1,1,1,wlu_cds_2021-22.pdf,0
2021,washandlee,0,0,0,1,1,"Asian, non-Hispanic",23,70,70,wlu_cds_2021-22.pdf,0
2021,washandlee,0,0,0,1,1,"Native Hawaiian or other Pacific Islander, non-Hispanic",,1,1,wlu_cds_2021-22.pdf,0
2021,washandlee,0,0,0,1,1,"Two or more races, non-Hispanic",27,86,86,wlu_cds_2021-22.pdf,0
2021,washandlee,0,0,0,1,1,Race and/or ethnicity unknown,4,17,18,wlu_cds_2021-22.pdf,0
2021,washandlee,0,0,0,1,1,Total,484,1850,1857,wlu_cds_2021-22.pdf,0
2021,wellesley,0,0,0,1,1,Nonresident,88,332,340,Wellesley_CDS_2021-2022.pdf,0
2021,wellesley,0,0,0,1,1,Hispanic/Latino,99,354,354,Wellesley_CDS_2021-2022.pdf,0
2021,wellesley,0,0,0,1,1,"Black or African American, non-Hispanic",70,188,189,Wellesley_CDS_2021-2022.pdf,0
2021,wellesley,0,0,0,1,1,"White, non-Hispanic",190,824,826,Wellesley_CDS_2021-2022.pdf,0
2021,wellesley,0,0,0,1,1,"American Indian or Alaska Native, non-Hispanic",1,1,1,Wellesley_CDS_2021-2022.pdf,0
2021,wellesley,0,0,0,1,1,"Asian, non-Hispanic",114,524,524,Wellesley_CDS_2021-2022.pdf,0
2021,wellesley,0,0,0,1,1,"Native Hawaiian or other Pacific Islander, non-Hispanic",3,4,4,Wellesley_CDS_2021-2022.pdf,0
2021,wellesley,0,0,0,1,1,"Two or more races, non-Hispanic",37,150,151,Wellesley_CDS_2021-2022.pdf,0
2021,wellesley,0,0,0,1,1,Race and/or ethnicity unknown,1,6,72,Wellesley_CDS_2021-2022.pdf,0
2021,wellesley,0,0,0,1,1,Total,603,2383,2461,Wellesley_CDS_2021-2022.pdf,0
2021,wesleyan,0,0,1,1,1,Nonresident,69,342,346,CDS_2021-2022.pdf,0
2021,wesleyan,0,0,1,1,1,Hispanic/Latino,99,343,405,CDS_2021-2022.pdf,0
2021,wesleyan,0,0,1,1,1,"Black or African American, non-Hispanic",53,179,213,CDS_2021-2022.pdf,0
2021,wesleyan,0,0,1,1,1,"White, non-Hispanic",507,1819,1842,CDS_2021-2022.pdf,0
2021,wesleyan,0,0,1,1,1,"American Indian or Alaska Native, non-Hispanic",0,0,1,CDS_2021-2022.pdf,0
2021,wesleyan,0,0,1,1,1,"Asian, non-Hispanic",81,256,262,CDS_2021-2022.pdf,0
2021,wesleyan,0,0,1,1,1,"Native Hawaiian or other Pacific Islander, non-Hispanic",0,3,3,CDS_2021-2022.pdf,0
2021,wesleyan,0,0,1,1,1,"Two or more races, non-Hispanic",70,225,228,CDS_2021-2022.pdf,0
2021,wesleyan,0,0,1,1,1,Race and/or ethnicity unknown,31,83,85,CDS_2021-2022.pdf,0
2021,wesleyan,0,0,1,1,1,Total,910,3250,3385,CDS_2021-2022.pdf,0
2021,williams,0,0,1,1,1,Nonresident,42,175,187,2021-2022_williams_cds_v1_FINAL.pdf,0
2021,williams,0,0,1,1,1,Hispanic/Latino,74,258,260,2021-2022_williams_cds_v1_FINAL.pdf,0
2021,williams,0,0,1,1,1,"Black or African American, non-Hispanic",20,98,99,2021-2022_williams_cds_v1_FINAL.pdf,0
2021,williams,0,0,1,1,1,"White, non-Hispanic",302,1053,1080,2021-2022_williams_cds_v1_FINAL.pdf,0
2021,williams,0,0,1,1,1,"American Indian or Alaska Native, non-Hispanic",0,1,1,2021-2022_williams_cds_v1_FINAL.pdf,0
2021,williams,0,0,1,1,1,"Asian, non-Hispanic",68,286,289,2021-2022_williams_cds_v1_FINAL.pdf,0
2021,williams,0,0,1,1,1,"Native Hawaiian or other Pacific Islander, non-Hispanic",0,0,0,2021-2022_williams_cds_v1_FINAL.pdf,0
2021,williams,0,0,1,1,1,"Two or more races, non-Hispanic",41,143,143,2021-2022_williams_cds_v1_FINAL.pdf,0
2021,williams,0,0,1,1,1,Race and/or ethnicity unknown,27,107,107,2021-2022_williams_cds_v1_FINAL.pdf,0
2021,williams,0,0,1,1,1,Total,574,2121,2166,2021-2022_williams_cds_v1_FINAL.pdf,0
2021,wustl,0,0,0,0,1,Nonresident,109,503,566,wustl_cds_2021-2022.pdf,0
2021,wustl,0,0,0,0,1,Hispanic/Latino,259,854,873,wustl_cds_2021-2022.pdf,0
2021,wustl,0,0,0,0,1,"Black or African American, non-Hispanic",175,673,734,wustl_cds_2021-2022.pdf,0
2021,wustl,0,0,0,0,1,"White, non-Hispanic",869,3578,3723,wustl_cds_2021-2022.pdf,0
2021,wustl,0,0,0,0,1,"American Indian or Alaska Native, non-Hispanic",3,10,10,wustl_cds_2021-2022.pdf,0
2021,wustl,0,0,0,0,1,"Asian, non-Hispanic",409,1475,1487,wustl_cds_2021-2022.pdf,0
2021,wustl,0,0,0,0,1,"Native Hawaiian or other Pacific Islander, non-Hispanic",1,11,11,wustl_cds_2021-2022.pdf,0
2021,wustl,0,0,0,0,1,"Two or more races, non-Hispanic",133,461,465,wustl_cds_2021-2022.pdf,0
2021,wustl,0,0,0,0,1,Race and/or ethnicity unknown,22,148,165,wustl_cds_2021-2022.pdf,0
2021,wustl,0,0,0,0,1,Total,1980,7713,8034,wustl_cds_2021-2022.pdf,0
2021,yale,1,1,0,0,1,Nonresident,206,672,673,yale_cds_2021-2022_vf_06062022_0.pdf,0
2021,yale,1,1,0,0,1,Hispanic/Latino,277,972,972,yale_cds_2021-2022_vf_06062022_0.pdf,0
2021,yale,1,1,0,0,1,"Black or African American, non-Hispanic",153,524,524,yale_cds_2021-2022_vf_06062022_0.pdf,0
2021,yale,1,1,0,0,1,"White, non-Hispanic",623,2429,2429,yale_cds_2021-2022_vf_06062022_0.pdf,0
2021,yale,1,1,0,0,1,"American Indian or Alaska Native, non-Hispanic",5,24,24,yale_cds_2021-2022_vf_06062022_0.pdf,0
2021,yale,1,1,0,0,1,"Asian, non-Hispanic",352,1399,1399,yale_cds_2021-2022_vf_06062022_0.pdf,0
2021,yale,1,1,0,0,1,"Native Hawaiian or other Pacific Islander, non-Hispanic",3,8,8,yale_cds_2021-2022_vf_06062022_0.pdf,0
2021,yale,1,1,0,0,1,"Two or more races, non-Hispanic",126,439,439,yale_cds_2021-2022_vf_06062022_0.pdf,0
2021,yale,1,1,0,0,1,Race and/or ethnicity unknown,41,68,68,yale_cds_2021-2022_vf_06062022_0.pdf,0
2021,yale,1,1,0,0,1,Total,1786,6535,6536,yale_cds_2021-2022_vf_06062022_0.pdf,0
2022,airforce,0,0,0,0,1,Nonresident,16,59,,cds_2022-2023.pdf,0
2022,airforce,0,0,0,0,1,Hispanic/Latino,487,,,cds_2022-2023.pdf,0
2022,airforce,0,0,0,0,1,"Black or African American, non-Hispanic",130,,,cds_2022-2023.pdf,0
2022,airforce,0,0,0,0,1,"American Indian or Alaska Native, non-Hispanic",633,2592,,cds_2022-2023.pdf,0
2022,airforce,0,0,0,0,1,"Asian, non-Hispanic",80,295,,cds_2022-2023.pdf,1
2022,airforce,0,0,0,0,1,Race and/or ethnicity unknown,117,336,,cds_2022-2023.pdf,0
2022,airforce,0,0,0,0,1,Total,0,,,cds_2022-2023.pdf,0
2022,amherst,0,0,1,1,1,Nonresident,56,218,218,amherst_cds_2022_B._Enrollment_and_Persistence_0.pdf,0
2022,amherst,0,0,1,1,1,Hispanic/Latino,75,301,301,amherst_cds_2022_B._Enrollment_and_Persistence_0.pdf,0
2022,amherst,0,0,1,1,1,"Black or African American, non-Hispanic",49,205,205,amherst_cds_2022_B._Enrollment_and_Persistence_0.pdf,0
2022,amherst,0,0,1,1,1,"White, non-Hispanic",175,725,725,amherst_cds_2022_B._Enrollment_and_Persistence_0.pdf,0
2022,amherst,0,0,1,1,1,"American Indian or Alaska Native, non-Hispanic",2,4,4,amherst_cds_2022_B._Enrollment_and_Persistence_0.pdf,0
2022,amherst,0,0,1,1,1,"Asian, non-Hispanic",57,263,263,amherst_cds_2022_B._Enrollment_and_Persistence_0.pdf,0
2022,amherst,0,0,1,1,1,"Native Hawaiian or other Pacific Islander, non-Hispanic",0,4,4,amherst_cds_2022_B._Enrollment_and_Persistence_0.pdf,0
2022,amherst,0,0,1,1,1,"Two or more races, non-Hispanic",46,142,142,amherst_cds_2022_B._Enrollment_and_Persistence_0.pdf,0
2022,amherst,0,0,1,1,1,Race and/or ethnicity unknown,7,36,36,amherst_cds_2022_B._Enrollment_and_Persistence_0.pdf,0
2022,amherst,0,0,1,1,1,Total,467,1898,1898,amherst_cds_2022_B._Enrollment_and_Persistence_0.pdf,0
2022,army,0,0,0,0,1,Nonresident,16,59,59,cds_2022-2023.pdf,0
2022,army,0,0,0,0,1,Hispanic/Latino,137,545,545,cds_2022-2023.pdf,0
2022,army,0,0,0,0,1,"Black or African American, non-Hispanic",106,482,483,cds_2022-2023.pdf,0
2022,army,0,0,0,0,1,"White, non-Hispanic",732,2683,2693,cds_2022-2023.pdf,0
2022,army,0,0,0,0,1,"American Indian or Alaska Native, non-Hispanic",14,38,38,cds_2022-2023.pdf,0
2022,army,0,0,0,0,1,"Asian, non-Hispanic",143,412,414,cds_2022-2023.pdf,0
2022,army,0,0,0,0,1,"Native Hawaiian or other Pacific Islander, non-Hispanic",9,27,27,cds_2022-2023.pdf,0
2022,army,0,0,0,0,1,"Two or more races, non-Hispanic",15,75,75,cds_2022-2023.pdf,0
2022,army,0,0,0,0,1,Race and/or ethnicity unknown,1,7,59,cds_2022-2023.pdf,0
2022,army,0,0,0,0,1,Total,1173,4328,4393,cds_2022-2023.pdf,0
2022,barnard,0,0,0,1,1,Nonresident,59,416,423,Barnard_CDS_2022-2023.pdf,0
2022,barnard,0,0,0,1,1,Hispanic/Latino,142,454,454,Barnard_CDS_2022-2023.pdf,0
2022,barnard,0,0,0,1,1,"Black or African American, non-Hispanic",49,180,180,Barnard_CDS_2022-2023.pdf,0
2022,barnard,0,0,0,1,1,"White, non-Hispanic",222,1152,1152,Barnard_CDS_2022-2023.pdf,0
2022,barnard,0,0,0,1,1,"American Indian or Alaska Native, non-Hispanic",1,2,2,Barnard_CDS_2022-2023.pdf,0
2022,barnard,0,0,0,1,1,"Asian, non-Hispanic",155,623,623,Barnard_CDS_2022-2023.pdf,0
2022,barnard,0,0,0,1,1,"Native Hawaiian or other Pacific Islander, non-Hispanic",0,0,0,Barnard_CDS_2022-2023.pdf,0
2022,barnard,0,0,0,1,1,"Two or more races, non-Hispanic",60,235,235,Barnard_CDS_2022-2023.pdf,0
2022,barnard,0,0,0,1,1,Race and/or ethnicity unknown,10,64,373,Barnard_CDS_2022-2023.pdf,0
2022,barnard,0,0,0,1,1,Total,698,3126,3442,Barnard_CDS_2022-2023.pdf,0
2022,bates,0,0,1,1,1,Nonresident,48,158,158,CDS_2022-2023.pdf,0
2022,bates,0,0,1,1,1,Hispanic/Latino,51,162,162,CDS_2022-2023.pdf,0
2022,bates,0,0,1,1,1,"Black or African American, non-Hispanic",14,91,91,CDS_2022-2023.pdf,0
2022,bates,0,0,1,1,1,"White, non-Hispanic",318,1116,1116,CDS_2022-2023.pdf,0
2022,bates,0,0,1,1,1,"American Indian or Alaska Native, non-Hispanic",1,4,4,CDS_2022-2023.pdf,0
2022,bates,0,0,1,1,1,"Asian, non-Hispanic",38,114,114,CDS_2022-2023.pdf,0
2022,bates,0,0,1,1,1,"Native Hawaiian or other Pacific Islander, non-Hispanic",0,2,2,CDS_2022-2023.pdf,0
2022,bates,0,0,1,1,1,"Two or more races, non-Hispanic",44,135,135,CDS_2022-2023.pdf,0
2022,bates,0,0,1,1,1,Race and/or ethnicity unknown,4,8,8,CDS_2022-2023.pdf,0
2022,bates,0,0,1,1,1,Total,518,1790,1790,CDS_2022-2023.pdf,0
2022,bowdoin,0,0,1,1,1,Nonresident,31,121,126,bowdoin-cds_2022-2023.pdf,0
2022,bowdoin,0,0,1,1,1,Hispanic/Latino,85,253,253,bowdoin-cds_2022-2023.pdf,0
2022,bowdoin,0,0,1,1,1,"Black or African American, non-Hispanic",33,115,115,bowdoin-cds_2022-2023.pdf,0
2022,bowdoin,0,0,1,1,1,"White, non-Hispanic",255,1062,1063,bowdoin-cds_2022-2023.pdf,0
2022,bowdoin,0,0,1,1,1,"American Indian or Alaska Native, non-Hispanic",1,2,2,bowdoin-cds_2022-2023.pdf,0
2022,bowdoin,0,0,1,1,1,"Asian, non-Hispanic",51,178,178,bowdoin-cds_2022-2023.pdf,0
2022,bowdoin,0,0,1,1,1,"Native Hawaiian or other Pacific Islander, non-Hispanic",1,3,3,bowdoin-cds_2022-2023.pdf,0
2022,bowdoin,0,0,1,1,1,"Two or more races, non-Hispanic",49,169,169,bowdoin-cds_2022-2023.pdf,0
2022,bowdoin,0,0,1,1,1,Race and/or ethnicity unknown,2,6,6,bowdoin-cds_2022-2023.pdf,0
2022,bowdoin,0,0,1,1,1,Total,508,1909,1915,bowdoin-cds_2022-2023.pdf,0
2022,brown,1,1,0,0,1,Nonresident,232,831,1044,CDS_2022_2023.pdf,0
2022,brown,1,1,0,0,1,Hispanic/Latino,216,839,862,CDS_2022_2023.pdf,0
2022,brown,1,1,0,0,1,"Black or African American, non-Hispanic",172,594,595,CDS_2022_2023.pdf,0
2022,brown,1,1,0,0,1,"White, non-Hispanic",540,2764,2779,CDS_2022_2023.pdf,0
2022,brown,1,1,0,0,1,"American Indian or Alaska Native, non-Hispanic",6,27,27,CDS_2022_2023.pdf,0
2022,brown,1,1,0,0,1,"Asian, non-Hispanic",357,1377,1388,CDS_2022_2023.pdf,0
2022,brown,1,1,0,0,1,"Native Hawaiian or other Pacific Islander, non-Hispanic",4,13,13,CDS_2022_2023.pdf,0
2022,brown,1,1,0,0,1,"Two or more races, non-Hispanic",147,564,566,CDS_2022_2023.pdf,0
2022,brown,1,1,0,0,1,Race and/or ethnicity unknown,43,213,365,CDS_2022_2023.pdf,0
2022,brown,1,1,0,0,1,Total,1717,7222,7639,CDS_2022_2023.pdf,0
2022,brynmawr,0,0,0,1,0,Nonresident,66,203,203,BrynMawr_CDS_2022-2023.pdf,0
2022,brynmawr,0,0,0,1,0,Hispanic/Latino,42,142,142,BrynMawr_CDS_2022-2023.pdf,0
2022,brynmawr,0,0,0,1,0,"Black or African American, non-Hispanic",15,71,71,BrynMawr_CDS_2022-2023.pdf,0
2022,brynmawr,0,0,0,1,0,"White, non-Hispanic",187,716,716,BrynMawr_CDS_2022-2023.pdf,0
2022,brynmawr,0,0,0,1,0,"American Indian or Alaska Native, non-Hispanic",1,1,1,BrynMawr_CDS_2022-2023.pdf,0
2022,brynmawr,0,0,0,1,0,"Asian, non-Hispanic",41,155,157,BrynMawr_CDS_2022-2023.pdf,0
2022,brynmawr,0,0,0,1,0,"Native Hawaiian or other Pacific Islander, non-Hispanic",0,0,0,BrynMawr_CDS_2022-2023.pdf,0
2022,brynmawr,0,0,0,1,0,"Two or more races, non-Hispanic",35,78,78,BrynMawr_CDS_2022-2023.pdf,0
2022,brynmawr,0,0,0,1,0,Race and/or ethnicity unknown,9,36,41,BrynMawr_CDS_2022-2023.pdf,0
2022,bucknell,0,0,0,1,0,Nonresident,40,172,178,cds_2022-23.pdf,0
2022,bucknell,0,0,0,1,0,Hispanic/Latino,86,271,272,cds_2022-23.pdf,0
2022,bucknell,0,0,0,1,0,"Black or African American, non-Hispanic",45,154,154,cds_2022-23.pdf,0
2022,bucknell,0,0,0,1,0,"White, non-Hispanic",770,2824,2829,cds_2022-23.pdf,0
2022,bucknell,0,0,0,1,0,"Asian, non-Hispanic",39,168,170,cds_2022-23.pdf,0
2022,bucknell,0,0,0,1,0,"Native Hawaiian or other Pacific Islander, non-Hispanic",0,2,2,cds_2022-23.pdf,0
2022,bucknell,0,0,0,1,0,"Two or more races, non-Hispanic",53,138,138,cds_2022-23.pdf,0
2022,bucknell,0,0,0,1,0,Race and/or ethnicity unknown,1,2,3,cds_2022-23.pdf,0
2022,caltech,0,1,0,0,1,Nonresident,31,92,92,cds_2022-23.pdf,0
2022,caltech,0,1,0,0,1,Hispanic/Latino,41,216,216,cds_2022-23.pdf,0
2022,caltech,0,1,0,0,1,"Black or African American, non-Hispanic",11,34,34,cds_2022-23.pdf,0
2022,caltech,0,1,0,0,1,"White, non-Hispanic",44,208,208,cds_2022-23.pdf,0
2022,caltech,0,1,0,0,1,"American Indian or Alaska Native, non-Hispanic",0,1,1,cds_2022-23.pdf,0
2022,caltech,0,1,0,0,1,"Asian, non-Hispanic",82,338,338,cds_2022-23.pdf,0
2022,caltech,0,1,0,0,1,"Native Hawaiian or other Pacific Islander, non-Hispanic",0,1,1,cds_2022-23.pdf,0
2022,caltech,0,1,0,0,1,"Two or more races, non-Hispanic",14,87,87,cds_2022-23.pdf,0
2022,caltech,0,1,0,0,1,Race and/or ethnicity unknown,1,5,5,cds_2022-23.pdf,0
2022,caltech,0,1,0,0,1,Total,224,982,982,cds_2022-23.pdf,0
2022,carleton,0,0,0,1,1,Nonresident,52,204,210,Carleton_CDS_2022-23.pdf,0
2022,carleton,0,0,0,1,1,Hispanic/Latino,59,189,190,Carleton_CDS_2022-23.pdf,0
2022,carleton,0,0,0,1,1,"Black or African American, non-Hispanic",36,135,135,Carleton_CDS_2022-23.pdf,0
2022,carleton,0,0,0,1,1,"White, non-Hispanic",259,1051,1058,Carleton_CDS_2022-23.pdf,0
2022,carleton,0,0,0,1,1,"American Indian or Alaska Native, non-Hispanic",1,2,2,Carleton_CDS_2022-23.pdf,0
2022,carleton,0,0,0,1,1,"Asian, non-Hispanic",64,201,202,Carleton_CDS_2022-23.pdf,0
2022,carleton,0,0,0,1,1,"Two or more races, non-Hispanic",50,173,177,Carleton_CDS_2022-23.pdf,0
2022,carleton,0,0,0,1,1,Race and/or ethnicity unknown,10,51,81,Carleton_CDS_2022-23.pdf,0
2022,carleton,0,0,0,1,1,Total,532,2007,2056,Carleton_CDS_2022-23.pdf,0
2022,clark,0,0,0,1,0,Nonresident,25,121,127,clark-cds-2022-2023.pdf,0
2022,clark,0,0,0,1,0,Hispanic/Latino,100,274,287,clark-cds-2022-2023.pdf,0
2022,clark,0,0,0,1,0,"Black or African American, non-Hispanic",51,138,138,clark-cds-2022-2023.pdf,0
2022,clark,0,0,0,1,0,"White, non-Hispanic",369,1465,1472,clark-cds-2022-2023.pdf,0
2022,clark,0,0,0,1,0,"American Indian or Alaska Native, non-Hispanic",0,0,0,clark-cds-2022-2023.pdf,0
2022,clark,0,0,0,1,0,"Asian, non-Hispanic",49,161,165,clark-cds-2022-2023.pdf,0
2022,clark,0,0,0,1,0,"Native Hawaiian or other Pacific Islander, non-Hispanic",0,1,1,clark-cds-2022-2023.pdf,0
2022,clark,0,0,0,1,0,"Two or more races, non-Hispanic",27,102,102,clark-cds-2022-2023.pdf,0
2022,clark,0,0,0,1,0,Race and/or ethnicity unknown,9,74,80,clark-cds-2022-2023.pdf,0
2022,cmc,0,0,0,0,1,Nonresident,48,210,213,cds_2022-2023.pdf,0
2022,cmc,0,0,0,0,1,Hispanic/Latino,51,226,226,cds_2022-2023.pdf,0
2022,cmc,0,0,0,0,1,"Black or African American, non-Hispanic",19,82,82,cds_2022-2023.pdf,0
2022,cmc,0,0,0,0,1,"White, non-Hispanic",108,490,490,cds_2022-2023.pdf,0
2022,cmc,0,0,0,0,1,"American Indian or Alaska Native, non-Hispanic",1,1,,cds_2022-2023.pdf,0
2022,cmc,0,0,0,0,1,"Asian, non-Hispanic",55,215,215,cds_2022-2023.pdf,0
2022,cmc,0,0,0,0,1,"Native Hawaiian or other Pacific Islander, non-Hispanic",3,3,,cds_2022-2023.pdf,0
2022,cmc,0,0,0,0,1,"Two or more races, non-Hispanic",29,98,98,cds_2022-2023.pdf,0
2022,cmc,0,0,0,0,1,Race and/or ethnicity unknown,12,58,58,cds_2022-2023.pdf,0
2022,cmc,0,0,0,0,1,Total,322,1383,1386,cds_2022-2023.pdf,0
2022,colgate,0,0,0,0,1,Nonresident,74,279,279,cds_2022-23.pdf,0
2022,colgate,0,0,0,0,1,Hispanic/Latino,85,291,291,cds_2022-23.pdf,0
2022,colgate,0,0,0,0,1,"Black or African American, non-Hispanic",36,146,146,cds_2022-23.pdf,0
2022,colgate,0,0,0,0,1,"White, non-Hispanic",506,2008,2013,cds_2022-23.pdf,0
2022,colgate,0,0,0,0,1,"American Indian or Alaska Native, non-Hispanic",1,3,3,cds_2022-23.pdf,0
2022,colgate,0,0,0,0,1,"Asian, non-Hispanic",51,179,180,cds_2022-23.pdf,0
2022,colgate,0,0,0,0,1,"Native Hawaiian or other Pacific Islander, non-Hispanic",2,5,5,cds_2022-23.pdf,0
2022,colgate,0,0,0,0,1,"Two or more races, non-Hispanic",43,155,155,cds_2022-23.pdf,0
2022,colgate,0,0,0,0,1,Race and/or ethnicity unknown,14,58,58,cds_2022-23.pdf,0
2022,colgate,0,0,0,0,1,Total,812,3124,3130,cds_2022-23.pdf,0
2022,columbia,1,1,0,0,1,Nonresident,232,1065,,CDS%20College%20Engineering%202022-2023.pdf,0
2022,columbia,1,1,0,0,1,Hispanic/Latino,286,1121,,CDS%20College%20Engineering%202022-2023.pdf,0
2022,columbia,1,1,0,0,1,"Black or African American, non-Hispanic",131,552,,CDS%20College%20Engineering%202022-2023.pdf,0
2022,columbia,1,1,0,0,1,"White, non-Hispanic",373,1915,,CDS%20College%20Engineering%202022-2023.pdf,0
2022,columbia,1,1,0,0,1,"American Indian or Alaska Native, non-Hispanic",6,25,,CDS%20College%20Engineering%202022-2023.pdf,0
2022,columbia,1,1,0,0,1,"Asian, non-Hispanic",287,1415,,CDS%20College%20Engineering%202022-2023.pdf,0
2022,columbia,1,1,0,0,1,"Native Hawaiian or other Pacific Islander, non-Hispanic",4,10,,CDS%20College%20Engineering%202022-2023.pdf,0
2022,columbia,1,1,0,0,1,"Two or more races, non-Hispanic",122,478,,CDS%20College%20Engineering%202022-2023.pdf,0
2022,columbia,1,1,0,0,1,Race and/or ethnicity unknown,22,87,,CDS%20College%20Engineering%202022-2023.pdf,0
2022,columbia,1,1,0,0,1,Total,1463,6668,,CDS%20College%20Engineering%202022-2023.pdf,0
2022,conncoll,0,0,1,1,0,Nonresident,28,147,150,Common-Data-Set-2022-23.pdf,0
2022,conncoll,0,0,1,1,0,Hispanic/Latino,83,224,228,Common-Data-Set-2022-23.pdf,0
2022,conncoll,0,0,1,1,0,"Black or African American, non-Hispanic",23,84,85,Common-Data-Set-2022-23.pdf,0
2022,conncoll,0,0,1,1,0,"White, non-Hispanic",440,1291,1311,Common-Data-Set-2022-23.pdf,0
2022,conncoll,0,0,1,1,0,"American Indian or Alaska Native, non-Hispanic",0,0,0,Common-Data-Set-2022-23.pdf,0
2022,conncoll,0,0,1,1,0,"Asian, non-Hispanic",21,64,67,Common-Data-Set-2022-23.pdf,0
2022,conncoll,0,0,1,1,0,"Native Hawaiian or other Pacific Islander, non-Hispanic",0,1,1,Common-Data-Set-2022-23.pdf,0
2022,conncoll,0,0,1,1,0,"Two or more races, non-Hispanic",22,64,64,Common-Data-Set-2022-23.pdf,0
2022,conncoll,0,0,1,1,0,Race and/or ethnicity unknown,13,40,42,Common-Data-Set-2022-23.pdf,0
2022,conncoll,0,0,1,1,0,Total,630,1915,1948,Common-Data-Set-2022-23.pdf,0
2022,cornell,1,1,0,0,1,Nonresident,336,1201,1591,CDS_2022-2023.pdf,0
2022,cornell,1,1,0,0,1,Hispanic/Latino,538,1773,2311,CDS_2022-2023.pdf,0
2022,cornell,1,1,0,0,1,"Black or African American, non-Hispanic",290,860,1150,CDS_2022-2023.pdf,0
2022,cornell,1,1,0,0,1,"White, non-Hispanic",1071,4076,5147,CDS_2022-2023.pdf,0
2022,cornell,1,1,0,0,1,"American Indian or Alaska Native, non-Hispanic",5,35,40,CDS_2022-2023.pdf,0
2022,cornell,1,1,0,0,1,"Asian, non-Hispanic",823,2846,3670,CDS_2022-2023.pdf,0
2022,cornell,1,1,0,0,1,"Two or more races, non-Hispanic",213,648,862,CDS_2022-2023.pdf,0
2022,cornell,1,1,0,0,1,Race and/or ethnicity unknown,210,730,943,CDS_2022-2023.pdf,0
2022,dartmouth,1,1,0,0,1,Nonresident,171,586,619,cds_2022-2023.pdf,0
2022,dartmouth,1,1,0,0,1,Hispanic/Latino,103,429,429,cds_2022-2023.pdf,0
2022,dartmouth,1,1,0,0,1,"Black or African American, non-Hispanic",68,266,266,cds_2022-2023.pdf,0
2022,dartmouth,1,1,0,0,1,"White, non-Hispanic",509,2096,2101,cds_2022-2023.pdf,0
2022,dartmouth,1,1,0,0,1,"American Indian or Alaska Native, non-Hispanic",13,50,50,cds_2022-2023.pdf,0
2022,dartmouth,1,1,0,0,1,"Asian, non-Hispanic",154,600,602,cds_2022-2023.pdf,0
2022,dartmouth,1,1,0,0,1,"Native Hawaiian or other Pacific Islander, non-Hispanic",0,0,1,cds_2022-2023.pdf,0
2022,dartmouth,1,1,0,0,1,"Two or more races, non-Hispanic",83,300,300,cds_2022-2023.pdf,0
2022,dartmouth,1,1,0,0,1,Race and/or ethnicity unknown,23,85,90,cds_2022-2023.pdf,0
2022,dartmouth,1,1,0,0,1,Total,1124,4412,4458,cds_2022-2023.pdf,0
2022,emory,0,0,0,0,1,Nonresident,238,1208,1283,emory_cds_2022-2023.pdf,0
2022,emory,0,0,0,0,1,Hispanic/Latino,175,801,802,emory_cds_2022-2023.pdf,0
2022,emory,0,0,0,0,1,"Black or African American, non-Hispanic",136,598,598,emory_cds_2022-2023.pdf,0
2022,emory,0,0,0,0,1,"White, non-Hispanic",454,2323,2328,emory_cds_2022-2023.pdf,0
2022,emory,0,0,0,0,1,"American Indian or Alaska Native, non-Hispanic",1,3,3,emory_cds_2022-2023.pdf,0
2022,emory,0,0,0,0,1,"Asian, non-Hispanic",333,1663,1663,emory_cds_2022-2023.pdf,0
2022,emory,0,0,0,0,1,"Native Hawaiian or other Pacific Islander, non-Hispanic",,1,1,emory_cds_2022-2023.pdf,0
2022,emory,0,0,0,0,1,"Two or more races, non-Hispanic",61,323,326,emory_cds_2022-2023.pdf,0
2022,emory,0,0,0,0,1,Race and/or ethnicity unknown,26,97,97,emory_cds_2022-2023.pdf,0
2022,emory,0,0,0,0,1,Total,1424,7017,7101,emory_cds_2022-2023.pdf,0
2022,fandm,0,0,0,1,0,Nonresident,103,378,378,fandm_cds_2022-23.pdf,0
2022,fandm,0,0,0,1,0,Hispanic/Latino,44,205,205,fandm_cds_2022-23.pdf,0
2022,fandm,0,0,0,1,0,"Black or African American, non-Hispanic",18,109,109,fandm_cds_2022-23.pdf,0
2022,fandm,0,0,0,1,0,"White, non-Hispanic",275,1115,1119,fandm_cds_2022-23.pdf,0
2022,fandm,0,0,0,1,0,"American Indian or Alaska Native, non-Hispanic",0,3,3,fandm_cds_2022-23.pdf,0
2022,fandm,0,0,0,1,0,"Asian, non-Hispanic",22,88,88,fandm_cds_2022-23.pdf,0
2022,fandm,0,0,0,1,0,"Native Hawaiian or other Pacific Islander, non-Hispanic",0,0,0,fandm_cds_2022-23.pdf,0
2022,fandm,0,0,0,1,0,"Two or more races, non-Hispanic",22,69,69,fandm_cds_2022-23.pdf,0
2022,fandm,0,0,0,1,0,Race and/or ethnicity unknown,3,19,19,fandm_cds_2022-23.pdf,0
2022,fandm,0,0,0,1,0,Total,487,1986,1990,fandm_cds_2022-23.pdf,0
2022,grinnell,0,0,0,0,1,Nonresident,84,334,336,GC_CDS_2022-23.pdf,0
2022,grinnell,0,0,0,0,1,Hispanic/Latino,45,142,145,GC_CDS_2022-23.pdf,0
2022,grinnell,0,0,0,0,1,"Black or African American, non-Hispanic",25,75,78,GC_CDS_2022-23.pdf,0
2022,grinnell,0,0,0,0,1,"White, non-Hispanic",225,899,928,GC_CDS_2022-23.pdf,0
2022,grinnell,0,0,0,0,1,"American Indian or Alaska Native, non-Hispanic",0,0,2,GC_CDS_2022-23.pdf,0
2022,grinnell,0,0,0,0,1,"Asian, non-Hispanic",34,129,129,GC_CDS_2022-23.pdf,0
2022,grinnell,0,0,0,0,1,"Native Hawaiian or other Pacific Islander, non-Hispanic",0,0,0,GC_CDS_2022-23.pdf,0
2022,grinnell,0,0,0,0,1,"Two or more races, non-Hispanic",21,82,84,GC_CDS_2022-23.pdf,0
2022,grinnell,0,0,0,0,1,Race and/or ethnicity unknown,3,48,57,GC_CDS_2022-23.pdf,0
2022,grinnell,0,0,0,0,1,Total,437,1709,1759,GC_CDS_2022-23.pdf,0
2022,hamilton,0,0,1,1,1,Nonresident,35,151,,hamilton_cds_2022-2023.pdf,0
2022,hamilton,0,0,1,1,1,Hispanic/Latino,49,197,,hamilton_cds_2022-2023.pdf,0
2022,hamilton,0,0,1,1,1,"Black or African American, non-Hispanic",17,65,,hamilton_cds_2022-2023.pdf,0
2022,hamilton,0,0,1,1,1,"White, non-Hispanic",298,1336,,hamilton_cds_2022-2023.pdf,0
2022,hamilton,0,0,1,1,1,"American Indian or Alaska Native, non-Hispanic",0,1,,hamilton_cds_2022-2023.pdf,0
2022,hamilton,0,0,1,1,1,"Asian, non-Hispanic",47,187,,hamilton_cds_2022-2023.pdf,0
2022,hamilton,0,0,1,1,1,"Native Hawaiian or other Pacific Islander, non-Hispanic",0,0,,hamilton_cds_2022-2023.pdf,0
2022,hamilton,0,0,1,1,1,"Two or more races, non-Hispanic",27,109,,hamilton_cds_2022-2023.pdf,0
2022,hamilton,0,0,1,1,1,Race and/or ethnicity unknown,5,25,,hamilton_cds_2022-2023.pdf,0
2022,hamilton,0,0,1,1,1,Total,478,2071,,hamilton_cds_2022-2023.pdf,0
2022,harvard,1,1,0,0,1,Nonresident,252,947,1002,harvard_cds_2022-2023.pdf,0
2022,harvard,1,1,0,0,1,Hispanic/Latino,193,852,853,harvard_cds_2022-2023.pdf,0
2022,harvard,1,1,0,0,1,"Black or African American, non-Hispanic",165,665,665,harvard_cds_2022-2023.pdf,0
2022,harvard,1,1,0,0,1,"White, non-Hispanic",476,2436,2440,harvard_cds_2022-2023.pdf,0
2022,harvard,1,1,0,0,1,"American Indian or Alaska Native, non-Hispanic",7,20,20,harvard_cds_2022-2023.pdf,0
2022,harvard,1,1,0,0,1,"Asian, non-Hispanic",403,1623,1624,harvard_cds_2022-2023.pdf,0
2022,harvard,1,1,0,0,1,"Two or more races, non-Hispanic",123,546,547,harvard_cds_2022-2023.pdf,0
2022,harvard,1,1,0,0,1,Race and/or ethnicity unknown,20,79,79,harvard_cds_2022-2023.pdf,0
2022,harvard,1,1,0,0,1,Total,1644,7178,7240,harvard_cds_2022-2023.pdf,0
2022,haverford,0,0,0,1,0,Nonresident,45,152,154,cds_2022-2023.pdf,0
2022,haverford,0,0,0,1,0,Hispanic/Latino,46,182,182,cds_2022-2023.pdf,0
2022,haverford,0,0,0,1,0,"Black or African American, non-Hispanic",20,75,75,cds_2022-2023.pdf,0
2022,haverford,0,0,0,1,0,"White, non-Hispanic",162,700,701,cds_2022-2023.pdf,0
2022,haverford,0,0,0,1,0,"American Indian or Alaska Native, non-Hispanic",0,0,0,cds_2022-2023.pdf,0
2022,haverford,0,0,0,1,0,"Asian, non-Hispanic",45,175,176,cds_2022-2023.pdf,0
2022,haverford,0,0,0,1,0,"Two or more races, non-Hispanic",40,121,121,cds_2022-2023.pdf,0
2022,haverford,0,0,0,1,0,Race and/or ethnicity unknown,4,12,12,cds_2022-2023.pdf,0
2022,haverford,0,0,0,1,0,Total,362,1417,1421,cds_2022-2023.pdf,0
2022,hmc,0,0,0,0,1,Hispanic/Latino,57,190,190,cds_2022-2023.pdf,0
2022,hmc,0,0,0,0,1,"Black or African American, non-Hispanic",14,54,54,cds_2022-2023.pdf,0
2022,hmc,0,0,0,0,1,"White, non-Hispanic",58,229,229,cds_2022-2023.pdf,0
2022,hmc,0,0,0,0,1,"American Indian or Alaska Native, non-Hispanic",1,4,4,cds_2022-2023.pdf,0
2022,hmc,0,0,0,0,1,"Asian, non-Hispanic",49,202,202,cds_2022-2023.pdf,0
2022,hmc,0,0,0,0,1,"Native Hawaiian or other Pacific Islander, non-Hispanic",0,2,2,cds_2022-2023.pdf,0
2022,hmc,0,0,0,0,1,"Two or more races, non-Hispanic",24,97,97,cds_2022-2023.pdf,0
2022,hmc,0,0,0,0,1,Race and/or ethnicity unknown,9,45,45,cds_2022-2023.pdf,0
2022,hmc,0,0,0,0,1,Total,237,906,906,cds_2022-2023.pdf,0
2022,jhu,0,1,0,0,1,Nonresident,201,835,,cds_2022-2023.pdf,0
2022,jhu,0,1,0,0,1,Hispanic/Latino,324,1151,,cds_2022-2023.pdf,0
2022,jhu,0,1,0,0,1,"Black or African American, non-Hispanic",152,522,,cds_2022-2023.pdf,0
2022,jhu,0,1,0,0,1,"White, non-Hispanic",234,1164,,cds_2022-2023.pdf,0
2022,jhu,0,1,0,0,1,"American Indian or Alaska Native, non-Hispanic",3,5,,cds_2022-2023.pdf,0
2022,jhu,0,1,0,0,1,"Asian, non-Hispanic",372,1504,,cds_2022-2023.pdf,0
2022,jhu,0,1,0,0,1,"Two or more races, non-Hispanic",96,379,,cds_2022-2023.pdf,0
2022,jhu,0,1,0,0,1,Total,1406,5643,0,cds_2022-2023.pdf,0
2022,middlebury,0,0,1,1,1,Nonresident,72,313,331,CDS_2022-2023.pdf,0
2022,middlebury,0,0,1,1,1,Hispanic/Latino,107,331,331,CDS_2022-2023.pdf,0
2022,middlebury,0,0,1,1,1,"Black or African American, non-Hispanic",50,149,149,CDS_2022-2023.pdf,0
2022,middlebury,0,0,1,1,1,"White, non-Hispanic",296,1543,1547,CDS_2022-2023.pdf,0
2022,middlebury,0,0,1,1,1,"American Indian or Alaska Native, non-Hispanic",1,3,3,CDS_2022-2023.pdf,0
2022,middlebury,0,0,1,1,1,"Asian, non-Hispanic",53,200,200,CDS_2022-2023.pdf,0
2022,middlebury,0,0,1,1,1,"Native Hawaiian or other Pacific Islander, non-Hispanic",0,0,0,CDS_2022-2023.pdf,0
2022,middlebury,0,0,1,1,1,"Two or more races, non-Hispanic",55,194,194,CDS_2022-2023.pdf,0
2022,middlebury,0,0,1,1,1,Race and/or ethnicity unknown,5,18,18,CDS_2022-2023.pdf,0
2022,middlebury,0,0,1,1,1,Total,639,2751,2773,CDS_2022-2023.pdf,0
2022,mit,0,1,0,0,1,Nonresident,124,511,530,2022-23-common-data-set.html,0
2022,mit,0,1,0,0,1,Hispanic/Latino,163,687,687,2022-23-common-data-set.html,0
2022,mit,0,1,0,0,1,"Black or African American, non-Hispanic",94,362,362,2022-23-common-data-set.html,0
2022,mit,0,1,0,0,1,"White, non-Hispanic",236,1024,1024,2022-23-common-data-set.html,0
2022,mit,0,1,0,0,1,"American Indian or Alaska Native, non-Hispanic",2,8,8,2022-23-common-data-set.html,0
2022,mit,0,1,0,0,1,"Asian, non-Hispanic",400,1581,1581,2022-23-common-data-set.html,0
2022,mit,0,1,0,0,1,"Native Hawaiian or other Pacific Islander, non-Hispanic",0,2,2,2022-23-common-data-set.html,0
2022,mit,0,1,0,0,1,"Two or more races, non-Hispanic",70,345,345,2022-23-common-data-set.html,0
2022,mit,0,1,0,0,1,Race and/or ethnicity unknown,47,118,118,2022-23-common-data-set.html,0
2022,mit,0,1,0,0,1,Total,1136,4638,4657,2022-23-common-data-set.html,0
2022,mtholyoke,0,0,0,1,0,Nonresident,125,505,510,mtholyoke_cds_2022-2023.pdf,0
2022,mtholyoke,0,0,0,1,0,Hispanic/Latino,43,186,186,mtholyoke_cds_2022-2023.pdf,0
2022,mtholyoke,0,0,0,1,0,"Black or African American, non-Hispanic",27,109,110,mtholyoke_cds_2022-2023.pdf,0
2022,mtholyoke,0,0,0,1,0,"White, non-Hispanic",282,1106,1108,mtholyoke_cds_2022-2023.pdf,0
2022,mtholyoke,0,0,0,1,0,"American Indian or Alaska Native, non-Hispanic",1,2,2,mtholyoke_cds_2022-2023.pdf,0
2022,mtholyoke,0,0,0,1,0,"Asian, non-Hispanic",25,147,148,mtholyoke_cds_2022-2023.pdf,0
2022,mtholyoke,0,0,0,1,0,"Native Hawaiian or other Pacific Islander, non-Hispanic",,2,2,mtholyoke_cds_2022-2023.pdf,0
2022,mtholyoke,0,0,0,1,0,"Two or more races, non-Hispanic",38,102,102,mtholyoke_cds_2022-2023.pdf,0
2022,mtholyoke,0,0,0,1,0,Race and/or ethnicity unknown,3,24,25,mtholyoke_cds_2022-2023.pdf,0
2022,mtholyoke,0,0,0,1,0,Total,544,2183,2193,mtholyoke_cds_2022-2023.pdf,0
2022,northwestern,0,0,0,0,1,Nonresident,205,907,911,cds_2022-23.pdf,0
2022,northwestern,0,0,0,0,1,Hispanic/Latino,304,1234,1239,cds_2022-23.pdf,0
2022,northwestern,0,0,0,0,1,"Black or African American, non-Hispanic",169,569,570,cds_2022-23.pdf,0
2022,northwestern,0,0,0,0,1,"White, non-Hispanic",678,3186,3195,cds_2022-23.pdf,0
2022,northwestern,0,0,0,0,1,"American Indian or Alaska Native, non-Hispanic",3,8,8,cds_2022-23.pdf,0
2022,northwestern,0,0,0,0,1,"Asian, non-Hispanic",437,1818,1821,cds_2022-23.pdf,0
2022,northwestern,0,0,0,0,1,"Native Hawaiian or other Pacific Islander, non-Hispanic",5,6,6,cds_2022-23.pdf,0
2022,northwestern,0,0,0,0,1,"Two or more races, non-Hispanic",167,618,618,cds_2022-23.pdf,0
2022,northwestern,0,0,0,0,1,Race and/or ethnicity unknown,70,291,291,cds_2022-23.pdf,0
2022,northwestern,0,0,0,0,1,Total,2038,8637,8659,cds_2022-23.pdf,0
2022,notredame,0,0,0,0,1,Nonresident,151,556,607,CDS_2022-2023.pdf,0
2022,notredame,0,0,0,0,1,Hispanic/Latino,296,1163,1163,CDS_2022-2023.pdf,0
2022,notredame,0,0,0,0,1,"Black or African American, non-Hispanic",115,350,350,CDS_2022-2023.pdf,0
2022,notredame,0,0,0,0,1,"White, non-Hispanic",1185,5682,5682,CDS_2022-2023.pdf,0
2022,notredame,0,0,0,0,1,"American Indian or Alaska Native, non-Hispanic",3,14,14,CDS_2022-2023.pdf,0
2022,notredame,0,0,0,0,1,"Asian, non-Hispanic",118,508,508,CDS_2022-2023.pdf,0
2022,notredame,0,0,0,0,1,"Native Hawaiian or other Pacific Islander, non-Hispanic",4,15,15,CDS_2022-2023.pdf,0
2022,notredame,0,0,0,0,1,"Two or more races, non-Hispanic",128,517,517,CDS_2022-2023.pdf,0
2022,notredame,0,0,0,0,1,Race and/or ethnicity unknown,37,112,115,CDS_2022-2023.pdf,0
2022,notredame,0,0,0,0,1,Total,2037,8917,8971,CDS_2022-2023.pdf,0
2022,oberlin,0,0,0,1,0,Nonresident,69.0,294.0,,Oberlin_CDS_2022-23.pdf,0
2022,oberlin,0,0,0,1,0,Hispanic/Latino,72.0,245.0,,Oberlin_CDS_2022-23.pdf,0
2022,oberlin,0,0,0,1,0,"Black or African American, non-Hispanic",31.0,136.0,,Oberlin_CDS_2022-23.pdf,0
2022,oberlin,0,0,0,1,0,"White, non-Hispanic",551.0,1836.0,,Oberlin_CDS_2022-23.pdf,0
2022,penn,1,1,0,0,1,Nonresident,1308,1308,,UPenn_CDS_2022-23.pdf,0
2022,penn,1,1,0,0,1,Hispanic/Latino,1012,1012,,UPenn_CDS_2022-23.pdf,0
2022,penn,1,1,0,0,1,"Black or African American, non-Hispanic",771,771,,UPenn_CDS_2022-23.pdf,0
2022,penn,1,1,0,0,1,"White, non-Hispanic",3008,3008,,UPenn_CDS_2022-23.pdf,0
2022,penn,1,1,0,0,1,"American Indian or Alaska Native, non-Hispanic",11,11,,UPenn_CDS_2022-23.pdf,0
2022,penn,1,1,0,0,1,"Asian, non-Hispanic",2688,2688,,UPenn_CDS_2022-23.pdf,0
2022,penn,1,1,0,0,1,"Native Hawaiian or other Pacific Islander, non-Hispanic",1,1,,UPenn_CDS_2022-23.pdf,0
2022,penn,1,1,0,0,1,"Two or more races, non-Hispanic",511,511,,UPenn_CDS_2022-23.pdf,0
2022,penn,1,1,0,0,1,Race and/or ethnicity unknown,450,450,,UPenn_CDS_2022-23.pdf,0
2022,pomona,0,0,0,1,1,Nonresident,54,205,212,cds-2022-2023.pdf,0
2022,pomona,0,0,0,1,1,Hispanic/Latino,67,283,284,cds-2022-2023.pdf,0
2022,pomona,0,0,0,1,1,"Black or African American, non-Hispanic",58,173,173,cds-2022-2023.pdf,0
2022,pomona,0,0,0,1,1,"White, non-Hispanic",107,572,574,cds-2022-2023.pdf,0
2022,pomona,0,0,0,1,1,"American Indian or Alaska Native, non-Hispanic",0,4,4,cds-2022-2023.pdf,0
2022,pomona,0,0,0,1,1,"Asian, non-Hispanic",74,311,315,cds-2022-2023.pdf,0
2022,pomona,0,0,0,1,1,"Native Hawaiian or other Pacific Islander, non-Hispanic",2,8,8,cds-2022-2023.pdf,0
2022,pomona,0,0,0,1,1,"Two or more races, non-Hispanic",36,148,148,cds-2022-2023.pdf,0
2022,pomona,0,0,0,1,1,Race and/or ethnicity unknown,14,70,73,cds-2022-2023.pdf,0
2022,pomona,0,0,0,1,1,Total,412,1774,1791,cds-2022-2023.pdf,0
2022,princeton,1,1,0,0,1,Nonresident,222,681,694,cds_2223_princeton.pdf,0
2022,princeton,1,1,0,0,1,Hispanic/Latino,125,554,554,cds_2223_princeton.pdf,0
2022,princeton,1,1,0,0,1,"Black or African American, non-Hispanic",128,441,441,cds_2223_princeton.pdf,0
2022,princeton,1,1,0,0,1,"White, non-Hispanic",505,2076,2076,cds_2223_princeton.pdf,0
2022,princeton,1,1,0,0,1,"American Indian or Alaska Native, non-Hispanic",2,7,7,cds_2223_princeton.pdf,0
2022,princeton,1,1,0,0,1,"Asian, non-Hispanic",375,1299,1299,cds_2223_princeton.pdf,0
2022,princeton,1,1,0,0,1,Race and/or ethnicity unknown,30,86,86,cds_2223_princeton.pdf,0
2022,princeton,1,1,0,0,1,Total,1497,5527,5540,cds_2223_princeton.pdf,0
2022,reed,0,0,0,1,0,Nonresident,21,120,130,reed-cds-secB-2022-2023.pdf,0
2022,reed,0,0,0,1,0,Hispanic/Latino,55,180,180,reed-cds-secB-2022-2023.pdf,0
2022,reed,0,0,0,1,0,"Black or African American, non-Hispanic",6,16,16,reed-cds-secB-2022-2023.pdf,0
2022,reed,0,0,0,1,0,"White, non-Hispanic",239,899,912,reed-cds-secB-2022-2023.pdf,0
2022,reed,0,0,0,1,0,"American Indian or Alaska Native, non-Hispanic",1,3,3,reed-cds-secB-2022-2023.pdf,0
2022,reed,0,0,0,1,0,"Asian, non-Hispanic",35,115,115,reed-cds-secB-2022-2023.pdf,0
2022,reed,0,0,0,1,0,"Two or more races, non-Hispanic",36,150,151,reed-cds-secB-2022-2023.pdf,0
2022,reed,0,0,0,1,0,Race and/or ethnicity unknown,1,11,16,reed-cds-secB-2022-2023.pdf,0
2022,reed,0,0,0,1,0,Total,394,1494,1523,reed-cds-secB-2022-2023.pdf,0
2022,rice,0,0,0,0,1,Nonresident,160,560,573,cds_2022-23.pdf,0
2022,rice,0,0,0,0,1,Hispanic/Latino,199,693,693,cds_2022-23.pdf,0
2022,rice,0,0,0,0,1,"Black or African American, non-Hispanic",100,355,355,cds_2022-23.pdf,0
2022,rice,0,0,0,0,1,"White, non-Hispanic",307,1263,1264,cds_2022-23.pdf,0
2022,rice,0,0,0,0,1,"American Indian or Alaska Native, non-Hispanic",4,5,5,cds_2022-23.pdf,0
2022,rice,0,0,0,0,1,"Asian, non-Hispanic",350,1320,1320,cds_2022-23.pdf,0
2022,rice,0,0,0,0,1,"Native Hawaiian or other Pacific Islander, non-Hispanic",0,3,3,cds_2022-23.pdf,0
2022,rice,0,0,0,0,1,"Two or more races, non-Hispanic",60,215,215,cds_2022-23.pdf,0
2022,rice,0,0,0,0,1,Race and/or ethnicity unknown,21,66,66,cds_2022-23.pdf,0
2022,rice,0,0,0,0,1,Total,1201,4480,4494,cds_2022-23.pdf,0
2022,richmond,0,0,0,0,1,Nonresident,80,301,364,cds_2022-23.pdf,0
2022,richmond,0,0,0,0,1,"White, non-Hispanic",533,1844,1852,cds_2022-23.pdf,0
2022,richmond,0,0,0,0,1,"Native Hawaiian or other Pacific Islander, non-Hispanic",0,1,1,cds_2022-23.pdf,0
2022,richmond,0,0,0,0,1,"Two or more races, non-Hispanic",43,138,138,cds_2022-23.pdf,0
2022,richmond,0,0,0,0,1,Race and/or ethnicity unknown,14,69,71,cds_2022-23.pdf,0
2022,richmond,0,0,0,0,1,Total,851,3069,3145,cds_2022-23.pdf,0
2022,sarahlawrence,0,0,0,1,0,Nonresident,15,84,87,slc-cds-2022-2023.pdf,0
2022,sarahlawrence,0,0,0,1,0,Hispanic/Latino,47,151,151,slc-cds-2022-2023.pdf,0
2022,sarahlawrence,0,0,0,1,0,"Black or African American, non-Hispanic",23,62,62,slc-cds-2022-2023.pdf,0
2022,sarahlawrence,0,0,0,1,0,"White, non-Hispanic",239,846,846,slc-cds-2022-2023.pdf,0
2022,sarahlawrence,0,0,0,1,0,"American Indian or Alaska Native, non-Hispanic",1,1,1,slc-cds-2022-2023.pdf,0
2022,sarahlawrence,0,0,0,1,0,"Asian, non-Hispanic",26,70,70,slc-cds-2022-2023.pdf,0
2022,sarahlawrence,0,0,0,1,0,"Two or more races, non-Hispanic",19,83,83,slc-cds-2022-2023.pdf,0
2022,sarahlawrence,0,0,0,1,0,Race and/or ethnicity unknown,14,119,161,slc-cds-2022-2023.pdf,0
2022,sarahlawrence,0,0,0,1,0,Total,384,1417,1462,slc-cds-2022-2023.pdf,0
2022,smith,0,0,0,1,1,"Native Hawaiian or other Pacific Islander, non-Hispanic",2,4,4,CDS 2022-2023--Published2022Dec21.pdf,0
2022,smith,0,0,0,1,1,"Two or more races, non-Hispanic",34,143,143,CDS 2022-2023--Published2022Dec21.pdf,0
2022,smith,0,0,0,1,1,Race and/or ethnicity unknown,8,41,43,CDS 2022-2023--Published2022Dec21.pdf,0
2022,smith,0,0,0,1,1,Total,619,2515,2523,CDS 2022-2023--Published2022Dec21.pdf,0
2022,stanford,0,1,0,0,1,Nonresident,233,888,888,cds_2022-2023.pdf,0
2022,stanford,0,1,0,0,1,Hispanic/Latino,289,1364,1482,cds_2022-2023.pdf,0
2022,stanford,0,1,0,0,1,"Black or African American, non-Hispanic",126,572,653,cds_2022-2023.pdf,0
2022,stanford,0,1,0,0,1,"White, non-Hispanic",381,2009,2034,cds_2022-2023.pdf,0
2022,stanford,0,1,0,0,1,"American Indian or Alaska Native, non-Hispanic",17,68,70,cds_2022-2023.pdf,0
2022,stanford,0,1,0,0,1,"Asian, non-Hispanic",505,2045,2073,cds_2022-2023.pdf,0
2022,stanford,0,1,0,0,1,"Native Hawaiian or other Pacific Islander, non-Hispanic",5,18,18,cds_2022-2023.pdf,0
2022,stanford,0,1,0,0,1,"Two or more races, non-Hispanic",172,778,812,cds_2022-2023.pdf,0
2022,stanford,0,1,0,0,1,Race and/or ethnicity unknown,5,19,19,cds_2022-2023.pdf,0
2022,stanford,0,1,0,0,1,Total,1733,7761,8049,cds_2022-2023.pdf,0
2022,stolaf,0,0,0,1,0,Nonresident,84,324,328,stolaf_2022-2023_CDS-B.pdf,0
2022,stolaf,0,0,0,1,0,Hispanic/Latino,83,252,253,stolaf_2022-2023_CDS-B.pdf,0
2022,stolaf,0,0,0,1,0,"Black or African American, non-Hispanic",30,102,102,stolaf_2022-2023_CDS-B.pdf,0
2022,stolaf,0,0,0,1,0,"White, non-Hispanic",589,2026,2043,stolaf_2022-2023_CDS-B.pdf,0
2022,stolaf,0,0,0,1,0,"American Indian or Alaska Native, non-Hispanic",1,3,3,stolaf_2022-2023_CDS-B.pdf,0
2022,stolaf,0,0,0,1,0,"Asian, non-Hispanic",46,175,177,stolaf_2022-2023_CDS-B.pdf,0
2022,stolaf,0,0,0,1,0,"Native Hawaiian or other Pacific Islander, non-Hispanic",0,0,0,stolaf_2022-2023_CDS-B.pdf,0
2022,stolaf,0,0,0,1,0,"Two or more races, non-Hispanic",31,119,122,stolaf_2022-2023_CDS-B.pdf,0
2022,stolaf,0,0,0,1,0,Race and/or ethnicity unknown,5,18,18,stolaf_2022-2023_CDS-B.pdf,0
2022,stolaf,0,0,0,1,0,Total,869,3019,3046,stolaf_2022-2023_CDS-B.pdf,0
2022,swarthmore,0,0,0,1,1,Nonresident,59,227,227,cds-2022-2023.pdf,0
2022,swarthmore,0,0,0,1,1,Hispanic/Latino,58,231,234,cds-2022-2023.pdf,0
2022,swarthmore,0,0,0,1,1,"Black or African American, non-Hispanic",48,146,146,cds-2022-2023.pdf,0
2022,swarthmore,0,0,0,1,1,"White, non-Hispanic",128,512,514,cds-2022-2023.pdf,0
2022,swarthmore,0,0,0,1,1,"American Indian or Alaska Native, non-Hispanic",3,7,7,cds-2022-2023.pdf,0
2022,swarthmore,0,0,0,1,1,"Asian, non-Hispanic",75,286,287,cds-2022-2023.pdf,0
2022,swarthmore,0,0,0,1,1,"Native Hawaiian or other Pacific Islander, non-Hispanic",0,1,1,cds-2022-2023.pdf,0
2022,swarthmore,0,0,0,1,1,"Two or more races, non-Hispanic",46,158,158,cds-2022-2023.pdf,0
2022,swarthmore,0,0,0,1,1,Race and/or ethnicity unknown,16,51,51,cds-2022-2023.pdf,0
2022,swarthmore,0,0,0,1,1,Total,433,1619,1625,cds-2022-2023.pdf,0
2022,trinity,0,0,1,1,0,Nonresident,90,295,298,CDS_2022-2023.pdf,0
2022,trinity,0,0,1,1,0,Hispanic/Latino,36,184,184,CDS_2022-2023.pdf,0
2022,trinity,0,0,1,1,0,"Black or African American, non-Hispanic",35,131,131,CDS_2022-2023.pdf,0
2022,trinity,0,0,1,1,0,"White, non-Hispanic",331,1305,1306,CDS_2022-2023.pdf,0
2022,trinity,0,0,1,1,0,"American Indian or Alaska Native, non-Hispanic",0,4,4,CDS_2022-2023.pdf,0
2022,trinity,0,0,1,1,0,"Asian, non-Hispanic",27,90,90,CDS_2022-2023.pdf,0
2022,trinity,0,0,1,1,0,"Two or more races, non-Hispanic",37,92,92,CDS_2022-2023.pdf,0
2022,trinity,0,0,1,1,0,Race and/or ethnicity unknown,9,39,53,CDS_2022-2023.pdf,0
2022,trinity,0,0,1,1,0,Total,565,2141,2159,CDS_2022-2023.pdf,0
2022,tufts,0,0,1,1,0,Nonresident,220,844,847,CDS_2022-2023.pdf,0
2022,tufts,0,0,1,1,0,Hispanic/Latino,164,667,669,CDS_2022-2023.pdf,0
2022,tufts,0,0,1,1,0,"Black or African American, non-Hispanic",123,408,408,CDS_2022-2023.pdf,0
2022,tufts,0,0,1,1,0,"White, non-Hispanic",690,3009,3028,CDS_2022-2023.pdf,0
2022,tufts,0,0,1,1,0,"American Indian or Alaska Native, non-Hispanic",0,3,3,CDS_2022-2023.pdf,0
2022,tufts,0,0,1,1,0,"Asian, non-Hispanic",275,1057,1057,CDS_2022-2023.pdf,0
2022,tufts,0,0,1,1,0,"Native Hawaiian or other Pacific Islander, non-Hispanic",0,5,5,CDS_2022-2023.pdf,0
2022,tufts,0,0,1,1,0,"Two or more races, non-Hispanic",134,493,493,CDS_2022-2023.pdf,0
2022,tufts,0,0,1,1,0,Race and/or ethnicity unknown,88,261,305,CDS_2022-2023.pdf,0
2022,tufts,0,0,1,1,0,Total,1694,6747,6815,CDS_2022-2023.pdf,0
2022,uchicago,0,1,0,0,1,Nonresident,266,1190,1201,UChicago_CDS_2022-23.pdf,0
2022,uchicago,0,1,0,0,1,Hispanic/Latino,369,1215,1215,UChicago_CDS_2022-23.pdf,0
2022,uchicago,0,1,0,0,1,"Black or African American, non-Hispanic",153,502,502,UChicago_CDS_2022-23.pdf,0
2022,uchicago,0,1,0,0,1,"White, non-Hispanic",487,2393,2393,UChicago_CDS_2022-23.pdf,0
2022,uchicago,0,1,0,0,1,"American Indian or Alaska Native, non-Hispanic",0,1,1,UChicago_CDS_2022-23.pdf,0
2022,uchicago,0,1,0,0,1,"Asian, non-Hispanic",293,1480,1480,UChicago_CDS_2022-23.pdf,0
2022,uchicago,0,1,0,0,1,"Two or more races, non-Hispanic",129,527,527,UChicago_CDS_2022-23.pdf,0
2022,uchicago,0,1,0,0,1,Race and/or ethnicity unknown,32,150,150,UChicago_CDS_2022-23.pdf,0
2022,uchicago,0,1,0,0,1,Total,1729,7459,7470,UChicago_CDS_2022-23.pdf,0
2022,ucla,0,0,0,0,1,Nonresident,454,2961,2961,cds_2022-23.pdf,0
2022,ucla,0,0,0,0,1,Hispanic/Latino,1444,7185,7185,cds_2022-23.pdf,0
2022,ucla,0,0,0,0,1,"Black or African American, non-Hispanic",266,1075,1075,cds_2022-23.pdf,0
2022,ucla,0,0,0,0,1,"White, non-Hispanic",1614,8321,8321,cds_2022-23.pdf,0
2022,ucla,0,0,0,0,1,"American Indian or Alaska Native, non-Hispanic",11,60,60,cds_2022-23.pdf,0
2022,ucla,0,0,0,0,1,"Asian, non-Hispanic",1961,9489,9489,cds_2022-23.pdf,0
2022,ucla,0,0,0,0,1,"Native Hawaiian or other Pacific Islander, non-Hispanic",12,56,56,cds_2022-23.pdf,0
2022,ucla,0,0,0,0,1,"Two or more races, non-Hispanic",487,2298,2298,cds_2022-23.pdf,0
2022,ucla,0,0,0,0,1,Race and/or ethnicity unknown,212,927,978,cds_2022-23.pdf,0
2022,ucla,0,0,0,0,1,Total,6461,32372,32423,cds_2022-23.pdf,0
2022,umich,0,0,0,0,1,Nonresident,298,2715,2866,cds_2022-2023.pdf,0
2022,umich,0,0,0,0,1,Hispanic/Latino,846,2696,2705,cds_2022-2023.pdf,0
2022,umich,0,0,0,0,1,"Black or African American, non-Hispanic",338,1330,1334,cds_2022-2023.pdf,0
2022,umich,0,0,0,0,1,"White, non-Hispanic",3418,16595,16653,cds_2022-2023.pdf,0
2022,umich,0,0,0,0,1,"American Indian or Alaska Native, non-Hispanic",8,39,40,cds_2022-2023.pdf,0
2022,umich,0,0,0,0,1,"Asian, non-Hispanic",1416,5843,5857,cds_2022-2023.pdf,0
2022,umich,0,0,0,0,1,"Native Hawaiian or other Pacific Islander, non-Hispanic",7,18,18,cds_2022-2023.pdf,0
2022,umich,0,0,0,0,1,"Two or more races, non-Hispanic",387,1644,1645,cds_2022-2023.pdf,0
2022,umich,0,0,0,0,1,Race and/or ethnicity unknown,332,1568,1577,cds_2022-2023.pdf,0
2022,umich,0,0,0,0,1,Total,7050,32448,32695,cds_2022-2023.pdf,0
2022,union,0,0,0,1,0,Nonresident,53,210,212,union-cds-2022-2023.pdf,0
2022,union,0,0,0,1,0,Hispanic/Latino,48,181,183,union-cds-2022-2023.pdf,0
2022,union,0,0,0,1,0,"Black or African American, non-Hispanic",20,91,91,union-cds-2022-2023.pdf,0
2022,union,0,0,0,1,0,"White, non-Hispanic",384,1387,1392,union-cds-2022-2023.pdf,0
2022,union,0,0,0,1,0,"American Indian or Alaska Native, non-Hispanic",0,2,2,union-cds-2022-2023.pdf,0
2022,union,0,0,0,1,0,"Asian, non-Hispanic",44,135,136,union-cds-2022-2023.pdf,0
2022,union,0,0,0,1,0,"Native Hawaiian or other Pacific Islander, non-Hispanic",1,1,1,union-cds-2022-2023.pdf,0
2022,union,0,0,0,1,0,"Two or more races, non-Hispanic",24,69,69,union-cds-2022-2023.pdf,0
2022,union,0,0,0,1,0,Race and/or ethnicity unknown,1,1,21,union-cds-2022-2023.pdf,0
2022,vassar,0,0,0,1,1,Nonresident,35,176,187,Vassar-College-CDS-2022-2023.pdf,0
2022,vassar,0,0,0,1,1,Hispanic/Latino,88,294,296,Vassar-College-CDS-2022-2023.pdf,0
2022,vassar,0,0,0,1,1,"Black or African American, non-Hispanic",33,95,98,Vassar-College-CDS-2022-2023.pdf,0
2022,vassar,0,0,0,1,1,"White, non-Hispanic",375,1314,1318,Vassar-College-CDS-2022-2023.pdf,0
2022,vassar,0,0,0,1,1,"American Indian or Alaska Native, non-Hispanic",1,1,1,Vassar-College-CDS-2022-2023.pdf,0
2022,vassar,0,0,0,1,1,"Asian, non-Hispanic",72,295,296,Vassar-College-CDS-2022-2023.pdf,0
2022,vassar,0,0,0,1,1,"Two or more races, non-Hispanic",54,200,200,Vassar-College-CDS-2022-2023.pdf,0
2022,vassar,0,0,0,1,1,Race and/or ethnicity unknown,21,55,63,Vassar-College-CDS-2022-2023.pdf,0
2022,vassar,0,0,0,1,1,Total,679,2430,2459,Vassar-College-CDS-2022-2023.pdf,0
2022,washandlee,0,0,0,1,1,Nonresident,41,119,121,wlu_cds_2022-23.pdf,0
2022,washandlee,0,0,0,1,1,Hispanic/Latino,39,149,149,wlu_cds_2022-23.pdf,0
2022,washandlee,0,0,0,1,1,"Black or African American, non-Hispanic",19,74,74,wlu_cds_2022-23.pdf,0
2022,washandlee,0,0,0,1,1,"White, non-Hispanic",327,1346,1347,wlu_cds_2022-23.pdf,0
2022,washandlee,0,0,0,1,1,"American Indian or Alaska Native, non-Hispanic",1,2,2,wlu_cds_2022-23.pdf,0
2022,washandlee,0,0,0,1,1,"Asian, non-Hispanic",23,74,74,wlu_cds_2022-23.pdf,0
2022,washandlee,0,0,0,1,1,"Native Hawaiian or other Pacific Islander, non-Hispanic",0,2,2,wlu_cds_2022-23.pdf,0
2022,washandlee,0,0,0,1,1,"Two or more races, non-Hispanic",23,85,86,wlu_cds_2022-23.pdf,0
2022,washandlee,0,0,0,1,1,Race and/or ethnicity unknown,3,10,12,wlu_cds_2022-23.pdf,0
2022,washandlee,0,0,0,1,1,Total,476,1861,1867,wlu_cds_2022-23.pdf,0
2022,wellesley,0,0,0,1,1,Hispanic/Latino,87,356,357,Wellesley_CDS_2022-2023.pdf,0
2022,wellesley,0,0,0,1,1,"Black or African American, non-Hispanic",44,179,182,Wellesley_CDS_2022-2023.pdf,0
2022,wellesley,0,0,0,1,1,"White, non-Hispanic",171,766,788,Wellesley_CDS_2022-2023.pdf,0
2022,wellesley,0,0,0,1,1,"American Indian or Alaska Native, non-Hispanic",2,3,3,Wellesley_CDS_2022-2023.pdf,0
2022,wellesley,0,0,0,1,1,"Asian, non-Hispanic",137,532,549,Wellesley_CDS_2022-2023.pdf,0
2022,wellesley,0,0,0,1,1,"Native Hawaiian or other Pacific Islander, non-Hispanic",0,0,0,Wellesley_CDS_2022-2023.pdf,0
2022,wellesley,0,0,0,1,1,"Two or more races, non-Hispanic",51,166,172,Wellesley_CDS_2022-2023.pdf,0
2022,wellesley,0,0,0,1,1,Race and/or ethnicity unknown,2,11,43,Wellesley_CDS_2022-2023.pdf,0
2022,wellesley,0,0,0,1,1,Total,586,2353,2447,Wellesley_CDS_2022-2023.pdf,0
2022,wesleyan,0,0,1,1,1,Nonresident,81,311,317,CDS_2022-2023.pdf,0
2022,wesleyan,0,0,1,1,1,Hispanic/Latino,69,318,340,CDS_2022-2023.pdf,0
2022,wesleyan,0,0,1,1,1,"Black or African American, non-Hispanic",43,165,176,CDS_2022-2023.pdf,0
2022,wesleyan,0,0,1,1,1,"White, non-Hispanic",395,1636,1650,CDS_2022-2023.pdf,0
2022,wesleyan,0,0,1,1,1,"American Indian or Alaska Native, non-Hispanic",1,1,1,CDS_2022-2023.pdf,0
2022,wesleyan,0,0,1,1,1,"Asian, non-Hispanic",72,271,276,CDS_2022-2023.pdf,0
2022,wesleyan,0,0,1,1,1,"Native Hawaiian or other Pacific Islander, non-Hispanic",0,2,2,CDS_2022-2023.pdf,0
2022,wesleyan,0,0,1,1,1,"Two or more races, non-Hispanic",54,217,219,CDS_2022-2023.pdf,0
2022,wesleyan,0,0,1,1,1,Race and/or ethnicity unknown,28,85,88,CDS_2022-2023.pdf,0
2022,wesleyan,0,0,1,1,1,Total,743,3006,3069,CDS_2022-2023.pdf,0
2022,williams,0,0,1,1,1,Nonresident,52,187,190,CDS_2022_2023_Williams_June2023.pdf,0
2022,williams,0,0,1,1,1,Hispanic/Latino,91,269,269,CDS_2022_2023_Williams_June2023.pdf,0
2022,williams,0,0,1,1,1,"Black or African American, non-Hispanic",41,107,107,CDS_2022_2023_Williams_June2023.pdf,0
2022,williams,0,0,1,1,1,"White, non-Hispanic",245,1019,1036,CDS_2022_2023_Williams_June2023.pdf,0
2022,williams,0,0,1,1,1,"American Indian or Alaska Native, non-Hispanic",0,0,0,CDS_2022_2023_Williams_June2023.pdf,0
2022,williams,0,0,1,1,1,"Asian, non-Hispanic",79,288,288,CDS_2022_2023_Williams_June2023.pdf,0
2022,williams,0,0,1,1,1,"Native Hawaiian or other Pacific Islander, non-Hispanic",0,1,1,CDS_2022_2023_Williams_June2023.pdf,0
2022,williams,0,0,1,1,1,"Two or more races, non-Hispanic",47,163,165,CDS_2022_2023_Williams_June2023.pdf,0
2022,williams,0,0,1,1,1,Race and/or ethnicity unknown,22,95,96,CDS_2022_2023_Williams_June2023.pdf,0
2022,williams,0,0,1,1,1,Total,577,2129,2152,CDS_2022_2023_Williams_June2023.pdf,0
2022,yale,1,1,0,0,1,Nonresident,180,690,690,cds_yale_2022-2023_vf_10062023.pdf,0
2022,yale,1,1,0,0,1,Hispanic/Latino,224,983,983,cds_yale_2022-2023_vf_10062023.pdf,0
2022,yale,1,1,0,0,1,"Black or African American, non-Hispanic",145,551,552,cds_yale_2022-2023_vf_10062023.pdf,0
2022,yale,1,1,0,0,1,"White, non-Hispanic",486,2333,2336,cds_yale_2022-2023_vf_10062023.pdf,0
2022,yale,1,1,0,0,1,"American Indian or Alaska Native, non-Hispanic",6,21,21,cds_yale_2022-2023_vf_10062023.pdf,0
2022,yale,1,1,0,0,1,"Asian, non-Hispanic",349,1486,1488,cds_yale_2022-2023_vf_10062023.pdf,0
2022,yale,1,1,0,0,1,"Native Hawaiian or other Pacific Islander, non-Hispanic",2,10,10,cds_yale_2022-2023_vf_10062023.pdf,0
2022,yale,1,1,0,0,1,"Two or more races, non-Hispanic",117,472,472,cds_yale_2022-2023_vf_10062023.pdf,0
2022,yale,1,1,0,0,1,Race and/or ethnicity unknown,45,93,93,cds_yale_2022-2023_vf_10062023.pdf,0
2022,yale,1,1,0,0,1,Total,1554,6639,6645,cds_yale_2022-2023_vf_10062023.pdf,0
2023,amherst,0,0,1,1,1,Nonresident,62.0,236.0,236.0,amherst_cds_2023_B._Enrollment_and_Persistence_1.pdf,0
2023,amherst,0,0,1,1,1,Hispanic/Latino,60.0,288.0,288.0,amherst_cds_2023_B._Enrollment_and_Persistence_1.pdf,0
2023,amherst,0,0,1,1,1,"Black or African American, non-Hispanic",53.0,214.0,214.0,amherst_cds_2023_B._Enrollment_and_Persistence_1.pdf,0
2023,amherst,0,0,1,1,1,"White, non-Hispanic",166.0,685.0,685.0,amherst_cds_2023_B._Enrollment_and_Persistence_1.pdf,0
2023,amherst,0,0,1,1,1,"American Indian or Alaska Native, non-Hispanic",0.0,4.0,4.0,amherst_cds_2023_B._Enrollment_and_Persistence_1.pdf,0
2023,amherst,0,0,1,1,1,"Asian, non-Hispanic",91.0,297.0,297.0,amherst_cds_2023_B._Enrollment_and_Persistence_1.pdf,0
2023,amherst,0,0,1,1,1,"Native Hawaiian or other Pacific Islander, non-Hispanic",0.0,1.0,1.0,amherst_cds_2023_B._Enrollment_and_Persistence_1.pdf,0
2023,amherst,0,0,1,1,1,"Two or more races, non-Hispanic",47.0,161.0,161.0,amherst_cds_2023_B._Enrollment_and_Persistence_1.pdf,0
2023,amherst,0,0,1,1,1,Race and/or ethnicity unknown,9.0,24.0,24.0,amherst_cds_2023_B._Enrollment_and_Persistence_1.pdf,0
2023,amherst,0,0,1,1,1,Total,488.0,1910.0,1910.0,amherst_cds_2023_B._Enrollment_and_Persistence_1.pdf,0
2023,army,0,0,0,0,1,Nonresident,16,59,59,cds_2023-2024.pdf,0
2023,army,0,0,0,0,1,Hispanic/Latino,137,545,545,cds_2023-2024.pdf,0
2023,army,0,0,0,0,1,"Black or African American, non-Hispanic",106,482,483,cds_2023-2024.pdf,0
2023,army,0,0,0,0,1,"White, non-Hispanic",732,2683,2693,cds_2023-2024.pdf,0
2023,army,0,0,0,0,1,"American Indian or Alaska Native, non-Hispanic",14,38,38,cds_2023-2024.pdf,0
2023,army,0,0,0,0,1,"Asian, non-Hispanic",143,412,414,cds_2023-2024.pdf,0
2023,army,0,0,0,0,1,"Native Hawaiian or other Pacific Islander, non-Hispanic",9,27,27,cds_2023-2024.pdf,0
2023,army,0,0,0,0,1,"Two or more races, non-Hispanic",15,75,75,cds_2023-2024.pdf,0
2023,army,0,0,0,0,1,Race and/or ethnicity unknown,1,7,59,cds_2023-2024.pdf,0
2023,army,0,0,0,0,1,Total,1173,4328,4393,cds_2023-2024.pdf,0
2023,barnard,0,0,0,1,1,Nonresident,85,451,455,Barnard_CDS_2023-2024.pdf,0
2023,barnard,0,0,0,1,1,Hispanic/Latino,115,502,502,Barnard_CDS_2023-2024.pdf,0
2023,barnard,0,0,0,1,1,"Black or African American, non-Hispanic",42,179,179,Barnard_CDS_2023-2024.pdf,0
2023,barnard,0,0,0,1,1,"White, non-Hispanic",240,1111,1111,Barnard_CDS_2023-2024.pdf,0
2023,barnard,0,0,0,1,1,"American Indian or Alaska Native, non-Hispanic",1,2,2,Barnard_CDS_2023-2024.pdf,0
2023,barnard,0,0,0,1,1,"Asian, non-Hispanic",158,657,657,Barnard_CDS_2023-2024.pdf,0
2023,barnard,0,0,0,1,1,"Native Hawaiian or other Pacific Islander, non-Hispanic",0,0,0,Barnard_CDS_2023-2024.pdf,0
2023,barnard,0,0,0,1,1,"Two or more races, non-Hispanic",52,244,244,Barnard_CDS_2023-2024.pdf,0
2023,barnard,0,0,0,1,1,Race and/or ethnicity unknown,18,73,73,Barnard_CDS_2023-2024.pdf,0
2023,barnard,0,0,0,1,1,Total,711,3219,3223,Barnard_CDS_2023-2024.pdf,0
2023,bates,0,0,1,1,1,Nonresident,53,167,167,CDS_2023-2024.pdf,0
2023,bates,0,0,1,1,1,Hispanic/Latino,37,155,155,CDS_2023-2024.pdf,0
2023,bates,0,0,1,1,1,"Black or African American, non-Hispanic",20,78,78,CDS_2023-2024.pdf,0
2023,bates,0,0,1,1,1,"White, non-Hispanic",308,1076,1076,CDS_2023-2024.pdf,0
2023,bates,0,0,1,1,1,"American Indian or Alaska Native, non-Hispanic",2,4,4,CDS_2023-2024.pdf,0
2023,bates,0,0,1,1,1,"Asian, non-Hispanic",37,115,115,CDS_2023-2024.pdf,0
2023,bates,0,0,1,1,1,"Native Hawaiian or other Pacific Islander, non-Hispanic",0,1,1,CDS_2023-2024.pdf,0
2023,bates,0,0,1,1,1,"Two or more races, non-Hispanic",44,147,147,CDS_2023-2024.pdf,0
2023,bates,0,0,1,1,1,Race and/or ethnicity unknown,4,10,10,CDS_2023-2024.pdf,0
2023,bates,0,0,1,1,1,Total,505,1753,1753,CDS_2023-2024.pdf,0
2023,bowdoin,0,0,1,1,1,Nonresident,41,125,129,bowdoin-cds_2023-2024.pdf,0
2023,bowdoin,0,0,1,1,1,Hispanic/Latino,68,248,248,bowdoin-cds_2023-2024.pdf,0
2023,bowdoin,0,0,1,1,1,"Black or African American, non-Hispanic",23,101,101,bowdoin-cds_2023-2024.pdf,0
2023,bowdoin,0,0,1,1,1,"White, non-Hispanic",249,971,971,bowdoin-cds_2023-2024.pdf,0
2023,bowdoin,0,0,1,1,1,"American Indian or Alaska Native, non-Hispanic",0,2,2,bowdoin-cds_2023-2024.pdf,0
2023,bowdoin,0,0,1,1,1,"Asian, non-Hispanic",68,204,204,bowdoin-cds_2023-2024.pdf,0
2023,bowdoin,0,0,1,1,1,"Native Hawaiian or other Pacific Islander, non-Hispanic",1,3,3,bowdoin-cds_2023-2024.pdf,0
2023,bowdoin,0,0,1,1,1,"Two or more races, non-Hispanic",54,188,188,bowdoin-cds_2023-2024.pdf,0
2023,bowdoin,0,0,1,1,1,Race and/or ethnicity unknown,0,4,4,bowdoin-cds_2023-2024.pdf,0
2023,bowdoin,0,0,1,1,1,Total,504,1846,1850,bowdoin-cds_2023-2024.pdf,0
2023,brown,1,1,0,0,1,Nonresident,197,886,1022,CDS_2023_2024.pdf,0
2023,brown,1,1,0,0,1,Hispanic/Latino,230,886,902,CDS_2023_2024.pdf,0
2023,brown,1,1,0,0,1,"Black or African American, non-Hispanic",158,632,633,CDS_2023_2024.pdf,0
2023,brown,1,1,0,0,1,"White, non-Hispanic",525,2607,2621,CDS_2023_2024.pdf,0
2023,brown,1,1,0,0,1,"American Indian or Alaska Native, non-Hispanic",3,20,20,CDS_2023_2024.pdf,0
2023,brown,1,1,0,0,1,"Asian, non-Hispanic",410,1487,1505,CDS_2023_2024.pdf,0
2023,brown,1,1,0,0,1,"Native Hawaiian or other Pacific Islander, non-Hispanic",1,10,10,CDS_2023_2024.pdf,0
2023,brown,1,1,0,0,1,"Two or more races, non-Hispanic",140,588,590,CDS_2023_2024.pdf,0
2023,brown,1,1,0,0,1,Race and/or ethnicity unknown,31,157,438,CDS_2023_2024.pdf,0
2023,brown,1,1,0,0,1,Total,1695,7273,7741,CDS_2023_2024.pdf,0
2023,brynmawr,0,0,0,1,0,Nonresident,39.0,177.0,179.0,BrynMawr_CDS_2023-2024.pdf,0
2023,brynmawr,0,0,0,1,0,Hispanic/Latino,35.0,137.0,137.0,BrynMawr_CDS_2023-2024.pdf,0
2023,brynmawr,0,0,0,1,0,"Black or African American, non-Hispanic",14.0,68.0,68.0,BrynMawr_CDS_2023-2024.pdf,0
2023,brynmawr,0,0,0,1,0,"White, non-Hispanic",191.0,673.0,676.0,BrynMawr_CDS_2023-2024.pdf,0
2023,brynmawr,0,0,0,1,0,"American Indian or Alaska Native, non-Hispanic",0.0,1.0,1.0,BrynMawr_CDS_2023-2024.pdf,0
2023,brynmawr,0,0,0,1,0,"Asian, non-Hispanic",41.0,154.0,156.0,BrynMawr_CDS_2023-2024.pdf,0
2023,brynmawr,0,0,0,1,0,"Native Hawaiian or other Pacific Islander, non-Hispanic",0.0,0.0,0.0,BrynMawr_CDS_2023-2024.pdf,0
2023,brynmawr,0,0,0,1,0,"Two or more races, non-Hispanic",32.0,96.0,96.0,BrynMawr_CDS_2023-2024.pdf,0
2023,brynmawr,0,0,0,1,0,Race and/or ethnicity unknown,9.0,38.0,47.0,BrynMawr_CDS_2023-2024.pdf,0
2023,brynmawr,0,0,0,1,0,Total,361.0,1344.0,1360.0,BrynMawr_CDS_2023-2024.pdf,0
2023,bucknell,0,0,0,1,0,Nonresident,47,169,175,cds_2023-24.pdf,0
2023,bucknell,0,0,0,1,0,Hispanic/Latino,94,304,306,cds_2023-24.pdf,0
2023,bucknell,0,0,0,1,0,"Black or African American, non-Hispanic",42,167,167,cds_2023-24.pdf,0
2023,bucknell,0,0,0,1,0,"White, non-Hispanic",754,2849,2856,cds_2023-24.pdf,0
2023,bucknell,0,0,0,1,0,"American Indian or Alaska Native, non-Hispanic",1,1,1,cds_2023-24.pdf,0
2023,bucknell,0,0,0,1,0,"Asian, non-Hispanic",50,173,174,cds_2023-24.pdf,0
2023,bucknell,0,0,0,1,0,"Native Hawaiian or other Pacific Islander, non-Hispanic",0,1,1,cds_2023-24.pdf,0
2023,bucknell,0,0,0,1,0,"Two or more races, non-Hispanic",41,152,152,cds_2023-24.pdf,0
2023,bucknell,0,0,0,1,0,Race and/or ethnicity unknown,1,2,14,cds_2023-24.pdf,0
2023,caltech,0,1,0,0,1,Nonresident,47,126,126,cds_2023-24.pdf,0
2023,caltech,0,1,0,0,1,Hispanic/Latino,28,194,194,cds_2023-24.pdf,0
2023,caltech,0,1,0,0,1,"Black or African American, non-Hispanic",11,38,38,cds_2023-24.pdf,0
2023,caltech,0,1,0,0,1,"White, non-Hispanic",56,204,204,cds_2023-24.pdf,0
2023,caltech,0,1,0,0,1,"American Indian or Alaska Native, non-Hispanic",1,2,2,cds_2023-24.pdf,0
2023,caltech,0,1,0,0,1,"Asian, non-Hispanic",105,362,362,cds_2023-24.pdf,0
2023,caltech,0,1,0,0,1,"Native Hawaiian or other Pacific Islander, non-Hispanic",0,0,0,cds_2023-24.pdf,0
2023,caltech,0,1,0,0,1,"Two or more races, non-Hispanic",18,92,92,cds_2023-24.pdf,0
2023,caltech,0,1,0,0,1,Race and/or ethnicity unknown,0,5,5,cds_2023-24.pdf,0
2023,caltech,0,1,0,0,1,Total,266,1023,1023,cds_2023-24.pdf,0
2023,carleton,0,0,0,1,1,Nonresident,54.0,198.0,207.0,Carleton_CDS_2023-24.pdf,0
2023,carleton,0,0,0,1,1,Hispanic/Latino,56.0,201.0,205.0,Carleton_CDS_2023-24.pdf,0
2023,carleton,0,0,0,1,1,"Black or African American, non-Hispanic",37.0,138.0,141.0,Carleton_CDS_2023-24.pdf,0
2023,carleton,0,0,0,1,1,"White, non-Hispanic",266.0,1041.0,1066.0,Carleton_CDS_2023-24.pdf,0
2023,carleton,0,0,0,1,1,"American Indian or Alaska Native, non-Hispanic",1.0,2.0,2.0,Carleton_CDS_2023-24.pdf,0
2023,carleton,0,0,0,1,1,"Asian, non-Hispanic",63.0,211.0,214.0,Carleton_CDS_2023-24.pdf,0
2023,carleton,0,0,0,1,1,"Native Hawaiian or other Pacific Islander, non-Hispanic",0.0,1.0,1.0,Carleton_CDS_2023-24.pdf,0
2023,carleton,0,0,0,1,1,"Two or more races, non-Hispanic",50.0,181.0,186.0,Carleton_CDS_2023-24.pdf,0
2023,carleton,0,0,0,1,1,Race and/or ethnicity unknown,11.0,46.0,47.0,Carleton_CDS_2023-24.pdf,0
2023,carleton,0,0,0,1,1,Total,538.0,2019.0,2069.0,Carleton_CDS_2023-24.pdf,0
2023,cmc,0,0,0,0,1,Nonresident,45,199,201,cds_2023-2024.pdf,0
2023,cmc,0,0,0,0,1,Hispanic/Latino,37,212,212,cds_2023-2024.pdf,0
2023,cmc,0,0,0,0,1,"Black or African American, non-Hispanic",5,70,70,cds_2023-2024.pdf,0
2023,cmc,0,0,0,0,1,"White, non-Hispanic",132,505,505,cds_2023-2024.pdf,0
2023,cmc,0,0,0,0,1,"Asian, non-Hispanic",52,216,216,cds_2023-2024.pdf,0
2023,cmc,0,0,0,0,1,"Two or more races, non-Hispanic",37,113,113,cds_2023-2024.pdf,0
2023,cmc,0,0,0,0,1,Race and/or ethnicity unknown,13,62,62,cds_2023-2024.pdf,0
2023,cmc,0,0,0,0,1,Total,321,1379,1381,cds_2023-2024.pdf,0
2023,cmu,0,0,0,0,1,Nonresident,276,1767,1786,cds_2023-2024.pdf,0
2023,cmu,0,0,0,0,1,Hispanic/Latino,203,777,783,cds_2023-2024.pdf,0
2023,cmu,0,0,0,0,1,"Black or African American, non-Hispanic",77,305,308,cds_2023-2024.pdf,0
2023,cmu,0,0,0,0,1,"White, non-Hispanic",365,1564,1590,cds_2023-2024.pdf,0
2023,cmu,0,0,0,0,1,"American Indian or Alaska Native, non-Hispanic",0,2,2,cds_2023-2024.pdf,0
2023,cmu,0,0,0,0,1,"Asian, non-Hispanic",603,2415,2424,cds_2023-2024.pdf,0
2023,cmu,0,0,0,0,1,"Native Hawaiian or other Pacific Islander, non-Hispanic",0,3,3,cds_2023-2024.pdf,0
2023,cmu,0,0,0,0,1,"Two or more races, non-Hispanic",98,389,390,cds_2023-2024.pdf,0
2023,cmu,0,0,0,0,1,Race and/or ethnicity unknown,86,382,421,cds_2023-2024.pdf,0
2023,cmu,0,0,0,0,1,Total,1708,7604,7707,cds_2023-2024.pdf,0
2023,colgate,0,0,0,0,1,Nonresident,71,260,261,cds_2023-24.pdf,0
2023,colgate,0,0,0,0,1,Hispanic/Latino,71,295,295,cds_2023-24.pdf,0
2023,colgate,0,0,0,0,1,"Black or African American, non-Hispanic",33,138,139,cds_2023-24.pdf,0
2023,colgate,0,0,0,0,1,"White, non-Hispanic",519,2020,2025,cds_2023-24.pdf,0
2023,colgate,0,0,0,0,1,"American Indian or Alaska Native, non-Hispanic",1,4,4,cds_2023-24.pdf,0
2023,colgate,0,0,0,0,1,"Asian, non-Hispanic",42,170,172,cds_2023-24.pdf,0
2023,colgate,0,0,0,0,1,"Native Hawaiian or other Pacific Islander, non-Hispanic",1,4,4,cds_2023-24.pdf,0
2023,colgate,0,0,0,0,1,"Two or more races, non-Hispanic",56,174,174,cds_2023-24.pdf,0
2023,colgate,0,0,0,0,1,Race and/or ethnicity unknown,13,57,57,cds_2023-24.pdf,0
2023,colgate,0,0,0,0,1,Total,807,3122,3131,cds_2023-24.pdf,0
2023,columbia,1,1,0,0,1,Nonresident,237,1015,1015,2023-24_Columbia_College_and_Columbia_Engineering_CDS.pdf,0
2023,columbia,1,1,0,0,1,Hispanic/Latino,270,1152,1151,2023-24_Columbia_College_and_Columbia_Engineering_CDS.pdf,0
2023,columbia,1,1,0,0,1,"Black or African American, non-Hispanic",146,575,575,2023-24_Columbia_College_and_Columbia_Engineering_CDS.pdf,0
2023,columbia,1,1,0,0,1,"White, non-Hispanic",365,1792,1792,2023-24_Columbia_College_and_Columbia_Engineering_CDS.pdf,0
2023,columbia,1,1,0,0,1,"American Indian or Alaska Native, non-Hispanic",8,24,24,2023-24_Columbia_College_and_Columbia_Engineering_CDS.pdf,0
2023,columbia,1,1,0,0,1,"Asian, non-Hispanic",293,1387,1387,2023-24_Columbia_College_and_Columbia_Engineering_CDS.pdf,0
2023,columbia,1,1,0,0,1,"Native Hawaiian or other Pacific Islander, non-Hispanic",2,13,13,2023-24_Columbia_College_and_Columbia_Engineering_CDS.pdf,0
2023,columbia,1,1,0,0,1,"Two or more races, non-Hispanic",112,491,491,2023-24_Columbia_College_and_Columbia_Engineering_CDS.pdf,0
2023,columbia,1,1,0,0,1,Race and/or ethnicity unknown,21,129,129,2023-24_Columbia_College_and_Columbia_Engineering_CDS.pdf,0
2023,columbia,1,1,0,0,1,Total,1454,6578,6578,2023-24_Columbia_College_and_Columbia_Engineering_CDS.pdf,0
2023,conncoll,0,0,1,1,0,Nonresident,27,121,119,Common-Data-Set-2023-24.pdf,0
2023,conncoll,0,0,1,1,0,Hispanic/Latino,57,227,228,Common-Data-Set-2023-24.pdf,0
2023,conncoll,0,0,1,1,0,"Black or African American, non-Hispanic",23,86,88,Common-Data-Set-2023-24.pdf,0
2023,conncoll,0,0,1,1,0,"White, non-Hispanic",391,1346,1372,Common-Data-Set-2023-24.pdf,0
2023,conncoll,0,0,1,1,0,"American Indian or Alaska Native, non-Hispanic",0,0,0,Common-Data-Set-2023-24.pdf,0
2023,conncoll,0,0,1,1,0,"Asian, non-Hispanic",23,69,73,Common-Data-Set-2023-24.pdf,0
2023,conncoll,0,0,1,1,0,"Native Hawaiian or other Pacific Islander, non-Hispanic",0,2,2,Common-Data-Set-2023-24.pdf,0
2023,conncoll,0,0,1,1,0,"Two or more races, non-Hispanic",28,76,76,Common-Data-Set-2023-24.pdf,0
2023,conncoll,0,0,1,1,0,Race and/or ethnicity unknown,6,33,37,Common-Data-Set-2023-24.pdf,0
2023,conncoll,0,0,1,1,0,Total,555,1960,1995,Common-Data-Set-2023-24.pdf,0
2023,cornell,1,1,0,0,1,Hispanic/Latino,531.0,1798.0,2329.0,CDS_2023-2024.pdf,0
2023,cornell,1,1,0,0,1,"Black or African American, non-Hispanic",261.0,931.0,1192.0,CDS_2023-2024.pdf,0
2023,cornell,1,1,0,0,1,"White, non-Hispanic",1014.0,3995.0,5009.0,CDS_2023-2024.pdf,0
2023,cornell,1,1,0,0,1,"American Indian or Alaska Native, non-Hispanic",10.0,25.0,35.0,CDS_2023-2024.pdf,0
2023,cornell,1,1,0,0,1,"Asian, non-Hispanic",962.0,3052.0,4014.0,CDS_2023-2024.pdf,0
2023,cornell,1,1,0,0,1,"Native Hawaiian or other Pacific Islander, non-Hispanic",8.0,16.0,24.0,CDS_2023-2024.pdf,0
2023,cornell,1,1,0,0,1,"Two or more races, non-Hispanic",212.0,668.0,880.0,CDS_2023-2024.pdf,0
2023,cornell,1,1,0,0,1,Race and/or ethnicity unknown,181.0,757.0,939.0,CDS_2023-2024.pdf,0
2023,cornell,1,1,0,0,1,Total,3537.0,12418.0,16071.0,CDS_2023-2024.pdf,0
2023,dartmouth,1,1,0,0,1,Nonresident,174.0,603.0,637.0,cds_2023-2024.pdf,0
2023,dartmouth,1,1,0,0,1,Hispanic/Latino,103.0,413.0,416.0,cds_2023-2024.pdf,0
2023,dartmouth,1,1,0,0,1,"Black or African American, non-Hispanic",75.0,272.0,272.0,cds_2023-2024.pdf,0
2023,dartmouth,1,1,0,0,1,"White, non-Hispanic",539.0,2025.0,2045.0,cds_2023-2024.pdf,0
2023,dartmouth,1,1,0,0,1,"American Indian or Alaska Native, non-Hispanic",13.0,47.0,47.0,cds_2023-2024.pdf,0
2023,dartmouth,1,1,0,0,1,"Asian, non-Hispanic",177.0,611.0,616.0,cds_2023-2024.pdf,0
2023,dartmouth,1,1,0,0,1,"Native Hawaiian or other Pacific Islander, non-Hispanic",0.0,0.0,0.0,cds_2023-2024.pdf,0
2023,dartmouth,1,1,0,0,1,"Two or more races, non-Hispanic",94.0,308.0,308.0,cds_2023-2024.pdf,0
2023,dartmouth,1,1,0,0,1,Race and/or ethnicity unknown,31.0,88.0,106.0,cds_2023-2024.pdf,0
2023,dartmouth,1,1,0,0,1,Total,1206.0,4367.0,4447.0,cds_2023-2024.pdf,0
2023,duke,0,1,0,0,1,"Black or African American, non-Hispanic",131,545,548,Duke_CDS_2023-2024.pdf,0
2023,duke,0,1,0,0,1,"White, non-Hispanic",625,2317,2330,Duke_CDS_2023-2024.pdf,0
2023,duke,0,1,0,0,1,"American Indian or Alaska Native, non-Hispanic",1,11,11,Duke_CDS_2023-2024.pdf,0
2023,duke,0,1,0,0,1,"Asian, non-Hispanic",421,1487,1491,Duke_CDS_2023-2024.pdf,0
2023,duke,0,1,0,0,1,"Native Hawaiian or other Pacific Islander, non-Hispanic",1,4,4,Duke_CDS_2023-2024.pdf,0
2023,duke,0,1,0,0,1,"Two or more races, non-Hispanic",128,481,483,Duke_CDS_2023-2024.pdf,0
2023,duke,0,1,0,0,1,Race and/or ethnicity unknown,78,256,288,Duke_CDS_2023-2024.pdf,0
2023,duke,0,1,0,0,1,Total,1742,6417,6488,Duke_CDS_2023-2024.pdf,0
2023,emory,0,0,0,0,1,Nonresident,248.0,1180.0,1242.0,emory_cds_2023-2024.pdf,0
2023,emory,0,0,0,0,1,Hispanic/Latino,186.0,860.0,860.0,emory_cds_2023-2024.pdf,0
2023,emory,0,0,0,0,1,"Black or African American, non-Hispanic",142.0,678.0,684.0,emory_cds_2023-2024.pdf,0
2023,emory,0,0,0,0,1,"White, non-Hispanic",394.0,2266.0,2271.0,emory_cds_2023-2024.pdf,0
2023,emory,0,0,0,0,1,"American Indian or Alaska Native, non-Hispanic",1.0,5.0,5.0,emory_cds_2023-2024.pdf,0
2023,emory,0,0,0,0,1,"Asian, non-Hispanic",365.0,1832.0,1841.0,emory_cds_2023-2024.pdf,0
2023,emory,0,0,0,0,1,"Native Hawaiian or other Pacific Islander, non-Hispanic",0.0,0.0,0.0,emory_cds_2023-2024.pdf,0
2023,emory,0,0,0,0,1,"Two or more races, non-Hispanic",71.0,347.0,347.0,emory_cds_2023-2024.pdf,0
2023,emory,0,0,0,0,1,Race and/or ethnicity unknown,19.0,107.0,109.0,emory_cds_2023-2024.pdf,0
2023,emory,0,0,0,0,1,Total,1426.0,7275.0,7359.0,emory_cds_2023-2024.pdf,0
2023,fandm,0,0,0,1,0,Nonresident,80,327,327,fandm_cds_2023-24.pdf,0
2023,fandm,0,0,0,1,0,Hispanic/Latino,51,193,194,fandm_cds_2023-24.pdf,0
2023,fandm,0,0,0,1,0,"Black or African American, non-Hispanic",20,97,97,fandm_cds_2023-24.pdf,0
2023,fandm,0,0,0,1,0,"White, non-Hispanic",348,1108,1112,fandm_cds_2023-24.pdf,0
2023,fandm,0,0,0,1,0,"American Indian or Alaska Native, non-Hispanic",2,4,4,fandm_cds_2023-24.pdf,0
2023,fandm,0,0,0,1,0,"Asian, non-Hispanic",30,94,95,fandm_cds_2023-24.pdf,0
2023,fandm,0,0,0,1,0,"Native Hawaiian or other Pacific Islander, non-Hispanic",0,0,0,fandm_cds_2023-24.pdf,0
2023,fandm,0,0,0,1,0,"Two or more races, non-Hispanic",18,69,70,fandm_cds_2023-24.pdf,0
2023,fandm,0,0,0,1,0,Race and/or ethnicity unknown,4,12,12,fandm_cds_2023-24.pdf,0
2023,georgetown,0,0,0,0,1,Nonresident,136,1019,1127,georgetown_cds_2023-2024.pdf,0
2023,georgetown,0,0,0,0,1,Hispanic/Latino,72,464,467,georgetown_cds_2023-2024.pdf,0
2023,georgetown,0,0,0,0,1,"Black or African American, non-Hispanic",87,371,385,georgetown_cds_2023-2024.pdf,0
2023,georgetown,0,0,0,0,1,"White, non-Hispanic",837,3610,3661,georgetown_cds_2023-2024.pdf,0
2023,georgetown,0,0,0,0,1,"American Indian or Alaska Native, non-Hispanic",1,5,5,georgetown_cds_2023-2024.pdf,0
2023,georgetown,0,0,0,0,1,"Asian, non-Hispanic",297,1128,1133,georgetown_cds_2023-2024.pdf,0
2023,georgetown,0,0,0,0,1,"Native Hawaiian or other Pacific Islander, non-Hispanic",2,11,11,georgetown_cds_2023-2024.pdf,0
2023,georgetown,0,0,0,0,1,"Two or more races, non-Hispanic",114,453,455,georgetown_cds_2023-2024.pdf,0
2023,georgetown,0,0,0,0,1,Race and/or ethnicity unknown,53,329,724,georgetown_cds_2023-2024.pdf,0
2023,georgetown,0,0,0,0,1,Total,1599,7390,7968,georgetown_cds_2023-2024.pdf,0
2023,grinnell,0,0,0,0,1,Nonresident,92,328,329,GC_CDS_2023-24.pdf,0
2023,grinnell,0,0,0,0,1,Hispanic/Latino,35,141,145,GC_CDS_2023-24.pdf,0
2023,grinnell,0,0,0,0,1,"Black or African American, non-Hispanic",24,85,91,GC_CDS_2023-24.pdf,0
2023,grinnell,0,0,0,0,1,"White, non-Hispanic",221,882,920,GC_CDS_2023-24.pdf,0
2023,grinnell,0,0,0,0,1,"American Indian or Alaska Native, non-Hispanic",1,1,4,GC_CDS_2023-24.pdf,0
2023,grinnell,0,0,0,0,1,"Asian, non-Hispanic",48,143,147,GC_CDS_2023-24.pdf,0
2023,grinnell,0,0,0,0,1,"Two or more races, non-Hispanic",33,96,100,GC_CDS_2023-24.pdf,0
2023,grinnell,0,0,0,0,1,Race and/or ethnicity unknown,3,29,39,GC_CDS_2023-24.pdf,0
2023,grinnell,0,0,0,0,1,Total,457,1705,1775,GC_CDS_2023-24.pdf,0
2023,hamilton,0,0,1,1,1,Nonresident,39,154,,hamilton_cds_2023-2024.pdf,0
2023,hamilton,0,0,1,1,1,Hispanic/Latino,43,188,,hamilton_cds_2023-2024.pdf,0
2023,hamilton,0,0,1,1,1,"Black or African American, non-Hispanic",16,61,,hamilton_cds_2023-2024.pdf,0
2023,hamilton,0,0,1,1,1,"White, non-Hispanic",278,1318,,hamilton_cds_2023-2024.pdf,0
2023,hamilton,0,0,1,1,1,"Asian, non-Hispanic",44,182,,hamilton_cds_2023-2024.pdf,0
2023,hamilton,0,0,1,1,1,"Two or more races, non-Hispanic",31,114,,hamilton_cds_2023-2024.pdf,0
2023,hamilton,0,0,1,1,1,Race and/or ethnicity unknown,11,28,,hamilton_cds_2023-2024.pdf,0
2023,hamilton,0,0,1,1,1,Total,462,2045,,hamilton_cds_2023-2024.pdf,0
2023,harvard,1,1,0,0,1,Nonresident,250,985,1029,CDS_2023-2024-Final-4755619e875b1241.pdf,0
2023,harvard,1,1,0,0,1,Hispanic/Latino,179,826,826,CDS_2023-2024-Final-4755619e875b1241.pdf,0
2023,harvard,1,1,0,0,1,"Black or African American, non-Hispanic",169,668,668,CDS_2023-2024-Final-4755619e875b1241.pdf,0
2023,harvard,1,1,0,0,1,"White, non-Hispanic",458,2247,2249,CDS_2023-2024-Final-4755619e875b1241.pdf,0
2023,harvard,1,1,0,0,1,"American Indian or Alaska Native, non-Hispanic",7,23,23,CDS_2023-2024-Final-4755619e875b1241.pdf,0
2023,harvard,1,1,0,0,1,"Asian, non-Hispanic",411,1674,1674,CDS_2023-2024-Final-4755619e875b1241.pdf,0
2023,harvard,1,1,0,0,1,"Native Hawaiian or other Pacific Islander, non-Hispanic",0,9,9,CDS_2023-2024-Final-4755619e875b1241.pdf,0
2023,harvard,1,1,0,0,1,"Two or more races, non-Hispanic",137,544,545,CDS_2023-2024-Final-4755619e875b1241.pdf,0
2023,harvard,1,1,0,0,1,Race and/or ethnicity unknown,33,86,87,CDS_2023-2024-Final-4755619e875b1241.pdf,0
2023,harvard,1,1,0,0,1,Total,1644,7062,7110,CDS_2023-2024-Final-4755619e875b1241.pdf,0
2023,haverford,0,0,0,1,0,Nonresident,47.0,154.0,154.0,cds_2023-2024.pdf,0
2023,haverford,0,0,0,1,0,Hispanic/Latino,42.0,175.0,175.0,cds_2023-2024.pdf,0
2023,haverford,0,0,0,1,0,"Black or African American, non-Hispanic",16.0,74.0,74.0,cds_2023-2024.pdf,0
2023,haverford,0,0,0,1,0,"White, non-Hispanic",181.0,691.0,692.0,cds_2023-2024.pdf,0
2023,haverford,0,0,0,1,0,"American Indian or Alaska Native, non-Hispanic",0.0,0.0,0.0,cds_2023-2024.pdf,0
2023,haverford,0,0,0,1,0,"Asian, non-Hispanic",47.0,175.0,176.0,cds_2023-2024.pdf,0
2023,haverford,0,0,0,1,0,"Native Hawaiian or other Pacific Islander, non-Hispanic",0.0,0.0,,cds_2023-2024.pdf,0
2023,haverford,0,0,0,1,0,"Two or more races, non-Hispanic",38.0,141.0,141.0,cds_2023-2024.pdf,0
2023,haverford,0,0,0,1,0,Race and/or ethnicity unknown,2.0,11.0,12.0,cds_2023-2024.pdf,0
2023,haverford,0,0,0,1,0,Total,373.0,1421.0,1424.0,cds_2023-2024.pdf,0
2023,hmc,0,0,0,0,1,Nonresident,31,95,95,cds_2023-2024.pdf,0
2023,hmc,0,0,0,0,1,Hispanic/Latino,56,212,212,cds_2023-2024.pdf,0
2023,hmc,0,0,0,0,1,"Black or African American, non-Hispanic",8,48,48,cds_2023-2024.pdf,0
2023,hmc,0,0,0,0,1,"White, non-Hispanic",47,211,211,cds_2023-2024.pdf,0
2023,hmc,0,0,0,0,1,"American Indian or Alaska Native, non-Hispanic",0,2,2,cds_2023-2024.pdf,0
2023,hmc,0,0,0,0,1,"Asian, non-Hispanic",41,204,204,cds_2023-2024.pdf,0
2023,hmc,0,0,0,0,1,"Native Hawaiian or other Pacific Islander, non-Hispanic",1,1,1,cds_2023-2024.pdf,0
2023,hmc,0,0,0,0,1,"Two or more races, non-Hispanic",28,99,99,cds_2023-2024.pdf,0
2023,hmc,0,0,0,0,1,Race and/or ethnicity unknown,12,43,43,cds_2023-2024.pdf,0
2023,hmc,0,0,0,0,1,Total,224,915,915,cds_2023-2024.pdf,0
2023,jhu,0,1,0,0,1,Nonresident,222,847,,cds_2023-2024.pdf,0
2023,jhu,0,1,0,0,1,Hispanic/Latino,295,1163,,cds_2023-2024.pdf,0
2023,jhu,0,1,0,0,1,"Black or African American, non-Hispanic",139,533,,cds_2023-2024.pdf,0
2023,jhu,0,1,0,0,1,"White, non-Hispanic",273,1124,,cds_2023-2024.pdf,0
2023,jhu,0,1,0,0,1,"American Indian or Alaska Native, non-Hispanic",4,8,,cds_2023-2024.pdf,0
2023,jhu,0,1,0,0,1,"Asian, non-Hispanic",363,1496,,cds_2023-2024.pdf,0
2023,jhu,0,1,0,0,1,"Native Hawaiian or other Pacific Islander, non-Hispanic",2,3,,cds_2023-2024.pdf,0
2023,jhu,0,1,0,0,1,"Two or more races, non-Hispanic",97,358,,cds_2023-2024.pdf,0
2023,jhu,0,1,0,0,1,Race and/or ethnicity unknown,23,86,,cds_2023-2024.pdf,0
2023,jhu,0,1,0,0,1,Total,1418,5618,0,cds_2023-2024.pdf,0
2023,macalester,0,0,0,1,0,Hispanic/Latino,65.0,241.0,241.0,Macalester_CDS_2023-24.pdf,0
2023,macalester,0,0,0,1,0,"Black or African American, non-Hispanic",26.0,123.0,123.0,Macalester_CDS_2023-24.pdf,0
2023,macalester,0,0,0,1,0,"White, non-Hispanic",238.0,1102.0,1104.0,Macalester_CDS_2023-24.pdf,0
2023,macalester,0,0,0,1,0,"American Indian or Alaska Native, non-Hispanic",0.0,4.0,4.0,Macalester_CDS_2023-24.pdf,0
2023,macalester,0,0,0,1,0,"Asian, non-Hispanic",42.0,182.0,182.0,Macalester_CDS_2023-24.pdf,0
2023,macalester,0,0,0,1,0,"Native Hawaiian or other Pacific Islander, non-Hispanic",3.0,5.0,5.0,Macalester_CDS_2023-24.pdf,0
2023,macalester,0,0,0,1,0,"Two or more races, non-Hispanic",45.0,179.0,179.0,Macalester_CDS_2023-24.pdf,0
2023,macalester,0,0,0,1,0,Race and/or ethnicity unknown,6.0,12.0,14.0,Macalester_CDS_2023-24.pdf,0
2023,macalester,0,0,0,1,0,Total,518.0,2131.0,2142.0,Macalester_CDS_2023-24.pdf,0
2023,middlebury,0,0,1,1,1,Nonresident,77.0,305.0,319.0,CDS_2023-2024.pdf,0
2023,middlebury,0,0,1,1,1,Hispanic/Latino,82.0,327.0,328.0,CDS_2023-2024.pdf,0
2023,middlebury,0,0,1,1,1,"Black or African American, non-Hispanic",34.0,157.0,157.0,CDS_2023-2024.pdf,0
2023,middlebury,0,0,1,1,1,"White, non-Hispanic",302.0,1547.0,1547.0,CDS_2023-2024.pdf,0
2023,middlebury,0,0,1,1,1,"American Indian or Alaska Native, non-Hispanic",0.0,1.0,1.0,CDS_2023-2024.pdf,0
2023,middlebury,0,0,1,1,1,"Asian, non-Hispanic",60.0,218.0,218.0,CDS_2023-2024.pdf,0
2023,middlebury,0,0,1,1,1,"Native Hawaiian or other Pacific Islander, non-Hispanic",0.0,0.0,0.0,CDS_2023-2024.pdf,0
2023,middlebury,0,0,1,1,1,"Two or more races, non-Hispanic",52.0,208.0,208.0,CDS_2023-2024.pdf,0
2023,middlebury,0,0,1,1,1,Race and/or ethnicity unknown,8.0,22.0,22.0,CDS_2023-2024.pdf,0
2023,middlebury,0,0,1,1,1,Total,615.0,2785.0,2800.0,CDS_2023-2024.pdf,0
2023,mit,0,1,0,0,1,Nonresident,109,500,505,2023-24-common-data-set.html,0
2023,mit,0,1,0,0,1,Hispanic/Latino,171,664,664,2023-24-common-data-set.html,0
2023,mit,0,1,0,0,1,"Black or African American, non-Hispanic",98,396,396,2023-24-common-data-set.html,0
2023,mit,0,1,0,0,1,"White, non-Hispanic",216,961,961,2023-24-common-data-set.html,0
2023,mit,0,1,0,0,1,"American Indian or Alaska Native, non-Hispanic",2,7,7,2023-24-common-data-set.html,0
2023,mit,0,1,0,0,1,"Asian, non-Hispanic",387,1582,1582,2023-24-common-data-set.html,0
2023,mit,0,1,0,0,1,"Native Hawaiian or other Pacific Islander, non-Hispanic",0,1,1,2023-24-common-data-set.html,0
2023,mit,0,1,0,0,1,"Two or more races, non-Hispanic",82,327,327,2023-24-common-data-set.html,0
2023,mit,0,1,0,0,1,Race and/or ethnicity unknown,26,133,133,2023-24-common-data-set.html,0
2023,mit,0,1,0,0,1,Total,1091,4571,4576,2023-24-common-data-set.html,0
2023,mtholyoke,0,0,0,1,0,Nonresident,143,485,493,mtholyoke_cds_2023-2024.pdf,0
2023,mtholyoke,0,0,0,1,0,Hispanic/Latino,65,202,202,mtholyoke_cds_2023-2024.pdf,0
2023,mtholyoke,0,0,0,1,0,"Black or African American, non-Hispanic",38,120,121,mtholyoke_cds_2023-2024.pdf,0
2023,mtholyoke,0,0,0,1,0,"White, non-Hispanic",257,1109,1110,mtholyoke_cds_2023-2024.pdf,0
2023,mtholyoke,0,0,0,1,0,"American Indian or Alaska Native, non-Hispanic",1,1,,mtholyoke_cds_2023-2024.pdf,0
2023,mtholyoke,0,0,0,1,0,"Asian, non-Hispanic",46,156,157,mtholyoke_cds_2023-2024.pdf,0
2023,mtholyoke,0,0,0,1,0,"Two or more races, non-Hispanic",37,111,111,mtholyoke_cds_2023-2024.pdf,0
2023,mtholyoke,0,0,0,1,0,Race and/or ethnicity unknown,1,14,14,mtholyoke_cds_2023-2024.pdf,0
2023,mtholyoke,0,0,0,1,0,Total,587,2198,2209,mtholyoke_cds_2023-2024.pdf,0
2023,northwestern,0,0,0,0,1,Nonresident,219,926,938,cds_2023-24.pdf,0
2023,northwestern,0,0,0,0,1,Hispanic/Latino,365,1329,1330,cds_2023-24.pdf,0
2023,northwestern,0,0,0,0,1,"Black or African American, non-Hispanic",181,641,644,cds_2023-24.pdf,0
2023,northwestern,0,0,0,0,1,"White, non-Hispanic",608,2967,2974,cds_2023-24.pdf,0
2023,northwestern,0,0,0,0,1,"American Indian or Alaska Native, non-Hispanic",1,8,8,cds_2023-24.pdf,0
2023,northwestern,0,0,0,0,1,"Asian, non-Hispanic",489,1922,1924,cds_2023-24.pdf,0
2023,northwestern,0,0,0,0,1,"Native Hawaiian or other Pacific Islander, non-Hispanic",0,5,5,cds_2023-24.pdf,0
2023,northwestern,0,0,0,0,1,"Two or more races, non-Hispanic",181,679,682,cds_2023-24.pdf,0
2023,northwestern,0,0,0,0,1,Race and/or ethnicity unknown,67,334,341,cds_2023-24.pdf,0
2023,northwestern,0,0,0,0,1,Total,2111,8811,8846,cds_2023-24.pdf,0
2023,notredame,0,0,0,0,1,Nonresident,157,528,569,CDS_2023-2024.pdf,0
2023,notredame,0,0,0,0,1,Hispanic/Latino,332,1251,1252,CDS_2023-2024.pdf,0
2023,notredame,0,0,0,0,1,"Black or African American, non-Hispanic",132,422,422,CDS_2023-2024.pdf,0
2023,notredame,0,0,0,0,1,"White, non-Hispanic",1152,5483,5483,CDS_2023-2024.pdf,0
2023,notredame,0,0,0,0,1,"American Indian or Alaska Native, non-Hispanic",4,15,15,CDS_2023-2024.pdf,0
2023,notredame,0,0,0,0,1,"Asian, non-Hispanic",121,540,540,CDS_2023-2024.pdf,0
2023,notredame,0,0,0,0,1,"Native Hawaiian or other Pacific Islander, non-Hispanic",3,15,15,CDS_2023-2024.pdf,0
2023,notredame,0,0,0,0,1,"Two or more races, non-Hispanic",118,501,501,CDS_2023-2024.pdf,0
2023,notredame,0,0,0,0,1,Race and/or ethnicity unknown,56,168,171,CDS_2023-2024.pdf,0
2023,notredame,0,0,0,0,1,Total,2075,8923,8968,CDS_2023-2024.pdf,0
2023,oberlin,0,0,0,1,0,Nonresident,64.0,280.0,,Oberlin_CDS_2023-24.pdf,0
2023,oberlin,0,0,0,1,0,Hispanic/Latino,58.0,243.0,,Oberlin_CDS_2023-24.pdf,0
2023,oberlin,0,0,0,1,0,"Black or African American, non-Hispanic",28.0,130.0,,Oberlin_CDS_2023-24.pdf,0
2023,oberlin,0,0,0,1,0,"White, non-Hispanic",507.0,1828.0,,Oberlin_CDS_2023-24.pdf,0
2023,penn,1,1,0,0,1,Nonresident,322,1299,,UPenn_CDS_2023-24.pdf,0
2023,penn,1,1,0,0,1,Hispanic/Latino,298,1112,,UPenn_CDS_2023-24.pdf,0
2023,penn,1,1,0,0,1,"Black or African American, non-Hispanic",236,845,,UPenn_CDS_2023-24.pdf,0
2023,penn,1,1,0,0,1,"White, non-Hispanic",579,2802,,UPenn_CDS_2023-24.pdf,0
2023,penn,1,1,0,0,1,"American Indian or Alaska Native, non-Hispanic",3,12,,UPenn_CDS_2023-24.pdf,0
2023,penn,1,1,0,0,1,"Asian, non-Hispanic",724,2927,,UPenn_CDS_2023-24.pdf,0
2023,penn,1,1,0,0,1,"Native Hawaiian or other Pacific Islander, non-Hispanic",1,2,,UPenn_CDS_2023-24.pdf,0
2023,penn,1,1,0,0,1,"Two or more races, non-Hispanic",138,544,,UPenn_CDS_2023-24.pdf,0
2023,penn,1,1,0,0,1,Race and/or ethnicity unknown,114,452,,UPenn_CDS_2023-24.pdf,0
2023,pomona,0,0,0,1,1,Nonresident,55,217,227,cds-2023-2024.pdf,0
2023,pomona,0,0,0,1,1,Hispanic/Latino,76,285,286,cds-2023-2024.pdf,0
2023,pomona,0,0,0,1,1,"Black or African American, non-Hispanic",41,178,178,cds-2023-2024.pdf,0
2023,pomona,0,0,0,1,1,"White, non-Hispanic",112,524,529,cds-2023-2024.pdf,0
2023,pomona,0,0,0,1,1,"American Indian or Alaska Native, non-Hispanic",0,0,0,cds-2023-2024.pdf,0
2023,pomona,0,0,0,1,1,"Asian, non-Hispanic",73,304,311,cds-2023-2024.pdf,0
2023,pomona,0,0,0,1,1,"Native Hawaiian or other Pacific Islander, non-Hispanic",3,10,10,cds-2023-2024.pdf,0
2023,pomona,0,0,0,1,1,"Two or more races, non-Hispanic",40,160,162,cds-2023-2024.pdf,0
2023,pomona,0,0,0,1,1,Race and/or ethnicity unknown,8,57,58,cds-2023-2024.pdf,0
2023,pomona,0,0,0,1,1,Total,408,1735,1761,cds-2023-2024.pdf,0
2023,princeton,1,1,0,0,1,Nonresident,181,684,703,cds_2324_princeton.pdf,0
2023,princeton,1,1,0,0,1,Hispanic/Latino,134,547,547,cds_2324_princeton.pdf,0
2023,princeton,1,1,0,0,1,"Black or African American, non-Hispanic",123,479,479,cds_2324_princeton.pdf,0
2023,princeton,1,1,0,0,1,"White, non-Hispanic",435,2007,2007,cds_2324_princeton.pdf,0
2023,princeton,1,1,0,0,1,"American Indian or Alaska Native, non-Hispanic",2,8,8,cds_2324_princeton.pdf,0
2023,princeton,1,1,0,0,1,"Asian, non-Hispanic",330,1323,1323,cds_2324_princeton.pdf,0
2023,princeton,1,1,0,0,1,"Native Hawaiian or other Pacific Islander, non-Hispanic",1,6,6,cds_2324_princeton.pdf,0
2023,princeton,1,1,0,0,1,"Two or more races, non-Hispanic",96,391,391,cds_2324_princeton.pdf,0
2023,princeton,1,1,0,0,1,Race and/or ethnicity unknown,62,134,134,cds_2324_princeton.pdf,0
2023,princeton,1,1,0,0,1,Total,1364,5579,5598,cds_2324_princeton.pdf,0
2023,reed,0,0,0,1,0,"American Indian or Alaska Native, non-Hispanic",2,6,6,reed-cds-secB-2023-2024.pdf,0
2023,reed,0,0,0,1,0,"Asian, non-Hispanic",27,119,120,reed-cds-secB-2023-2024.pdf,0
2023,reed,0,0,0,1,0,"Native Hawaiian or other Pacific Islander, non-Hispanic",0,0,0,reed-cds-secB-2023-2024.pdf,0
2023,reed,0,0,0,1,0,"Two or more races, non-Hispanic",36,141,141,reed-cds-secB-2023-2024.pdf,0
2023,reed,0,0,0,1,0,Race and/or ethnicity unknown,3,11,21,reed-cds-secB-2023-2024.pdf,0
2023,reed,0,0,0,1,0,Total,350,1407,1439,reed-cds-secB-2023-2024.pdf,0
2023,rice,0,0,0,0,1,Nonresident,143,569,579,cds_2023-24.pdf,0
2023,rice,0,0,0,0,1,Hispanic/Latino,202,735,736,cds_2023-24.pdf,0
2023,rice,0,0,0,0,1,"Black or African American, non-Hispanic",88,376,376,cds_2023-24.pdf,0
2023,rice,0,0,0,0,1,"White, non-Hispanic",265,1208,1209,cds_2023-24.pdf,0
2023,rice,0,0,0,0,1,"American Indian or Alaska Native, non-Hispanic",1,6,6,cds_2023-24.pdf,0
2023,rice,0,0,0,0,1,"Asian, non-Hispanic",335,1346,1346,cds_2023-24.pdf,0
2023,rice,0,0,0,0,1,"Native Hawaiian or other Pacific Islander, non-Hispanic",0,4,4,cds_2023-24.pdf,0
2023,rice,0,0,0,0,1,"Two or more races, non-Hispanic",67,237,237,cds_2023-24.pdf,0
2023,rice,0,0,0,0,1,Race and/or ethnicity unknown,20,81,81,cds_2023-24.pdf,0
2023,rice,0,0,0,0,1,Total,1121,4562,4574,cds_2023-24.pdf,0
2023,richmond,0,0,0,0,1,Nonresident,92,228,273,cds_2023-24.pdf,0
2023,richmond,0,0,0,0,1,Hispanic/Latino,91,212,213,cds_2023-24.pdf,0
2023,richmond,0,0,0,0,1,"Black or African American, non-Hispanic",54,134,134,cds_2023-24.pdf,0
2023,richmond,0,0,0,0,1,"White, non-Hispanic",509,1323,1327,cds_2023-24.pdf,0
2023,richmond,0,0,0,0,1,"American Indian or Alaska Native, non-Hispanic",0,3,3,cds_2023-24.pdf,0
2023,richmond,0,0,0,0,1,"Asian, non-Hispanic",47,137,138,cds_2023-24.pdf,0
2023,sarahlawrence,0,0,0,1,0,Nonresident,19,73,,slc-cds-2023-2024.pdf,0
2023,sarahlawrence,0,0,0,1,0,Hispanic/Latino,51,160,,slc-cds-2023-2024.pdf,0
2023,sarahlawrence,0,0,0,1,0,"Black or African American, non-Hispanic",16,65,,slc-cds-2023-2024.pdf,0
2023,sarahlawrence,0,0,0,1,0,"White, non-Hispanic",276,901,,slc-cds-2023-2024.pdf,0
2023,sarahlawrence,0,0,0,1,0,"American Indian or Alaska Native, non-Hispanic",0,1,,slc-cds-2023-2024.pdf,0
2023,sarahlawrence,0,0,0,1,0,"Asian, non-Hispanic",21,72,,slc-cds-2023-2024.pdf,0
2023,sarahlawrence,0,0,0,1,0,"Native Hawaiian or other Pacific Islander, non-Hispanic",2,2,,slc-cds-2023-2024.pdf,0
2023,sarahlawrence,0,0,0,1,0,"Two or more races, non-Hispanic",17,93,,slc-cds-2023-2024.pdf,0
2023,sarahlawrence,0,0,0,1,0,Race and/or ethnicity unknown,9,101,,slc-cds-2023-2024.pdf,0
2023,smith,0,0,0,1,1,Nonresident,87,322,325,CDS_2023-2024.pdf,0
2023,smith,0,0,0,1,1,Hispanic/Latino,84,304,304,CDS_2023-2024.pdf,0
2023,smith,0,0,0,1,1,"Black or African American, non-Hispanic",30,128,128,CDS_2023-2024.pdf,0
2023,smith,0,0,0,1,1,"White, non-Hispanic",329,1312,1312,CDS_2023-2024.pdf,0
2023,smith,0,0,0,1,1,"American Indian or Alaska Native, non-Hispanic",0,1,1,CDS_2023-2024.pdf,0
2023,smith,0,0,0,1,1,"Asian, non-Hispanic",69,245,245,CDS_2023-2024.pdf,0
2023,stanford,0,1,0,0,1,Nonresident,231,924,924,cds_2023-2024.pdf,0
2023,stanford,0,1,0,0,1,Hispanic/Latino,283,1385,1486,cds_2023-2024.pdf,0
2023,stanford,0,1,0,0,1,"Black or African American, non-Hispanic",151,620,654,cds_2023-2024.pdf,0
2023,stanford,0,1,0,0,1,"White, non-Hispanic",372,1894,1917,cds_2023-2024.pdf,0
2023,stanford,0,1,0,0,1,"American Indian or Alaska Native, non-Hispanic",13,62,63,cds_2023-2024.pdf,0
2023,stanford,0,1,0,0,1,"Asian, non-Hispanic",490,2154,2175,cds_2023-2024.pdf,0
2023,stanford,0,1,0,0,1,"Native Hawaiian or other Pacific Islander, non-Hispanic",5,19,19,cds_2023-2024.pdf,0
2023,stanford,0,1,0,0,1,"Two or more races, non-Hispanic",150,751,751,cds_2023-2024.pdf,0
2023,stanford,0,1,0,0,1,Race and/or ethnicity unknown,4,32,65,cds_2023-2024.pdf,0
2023,stanford,0,1,0,0,1,Total,1699,7841,8054,cds_2023-2024.pdf,0
2023,stolaf,0,0,0,1,0,Nonresident,69,303,303,stolaf_2023-2024_CDS-B.pdf,0
2023,stolaf,0,0,0,1,0,Hispanic/Latino,83,284,286,stolaf_2023-2024_CDS-B.pdf,0
2023,stolaf,0,0,0,1,0,"Black or African American, non-Hispanic",30,98,98,stolaf_2023-2024_CDS-B.pdf,0
2023,stolaf,0,0,0,1,0,"White, non-Hispanic",553,2034,2054,stolaf_2023-2024_CDS-B.pdf,0
2023,stolaf,0,0,0,1,0,"American Indian or Alaska Native, non-Hispanic",1,3,3,stolaf_2023-2024_CDS-B.pdf,0
2023,stolaf,0,0,0,1,0,"Asian, non-Hispanic",42,176,177,stolaf_2023-2024_CDS-B.pdf,0
2023,stolaf,0,0,0,1,0,"Native Hawaiian or other Pacific Islander, non-Hispanic",0,0,0,stolaf_2023-2024_CDS-B.pdf,0
2023,stolaf,0,0,0,1,0,"Two or more races, non-Hispanic",47,138,139,stolaf_2023-2024_CDS-B.pdf,0
2023,stolaf,0,0,0,1,0,Race and/or ethnicity unknown,0,13,14,stolaf_2023-2024_CDS-B.pdf,0
2023,stolaf,0,0,0,1,0,Total,825,3049,3074,stolaf_2023-2024_CDS-B.pdf,0
2023,swarthmore,0,0,0,1,1,Nonresident,56,231,235,cds-2023-2024.pdf,0
2023,swarthmore,0,0,0,1,1,Hispanic/Latino,75,246,248,cds-2023-2024.pdf,0
2023,swarthmore,0,0,0,1,1,"Black or African American, non-Hispanic",37,153,155,cds-2023-2024.pdf,0
2023,swarthmore,0,0,0,1,1,"White, non-Hispanic",115,480,486,cds-2023-2024.pdf,0
2023,swarthmore,0,0,0,1,1,"American Indian or Alaska Native, non-Hispanic",1,7,7,cds-2023-2024.pdf,0
2023,swarthmore,0,0,0,1,1,"Asian, non-Hispanic",65,286,288,cds-2023-2024.pdf,0
2023,swarthmore,0,0,0,1,1,"Native Hawaiian or other Pacific Islander, non-Hispanic",1,1,1,cds-2023-2024.pdf,0
2023,swarthmore,0,0,0,1,1,"Two or more races, non-Hispanic",58,180,181,cds-2023-2024.pdf,0
2023,swarthmore,0,0,0,1,1,Race and/or ethnicity unknown,7,43,43,cds-2023-2024.pdf,0
2023,swarthmore,0,0,0,1,1,Total,415,1627,1644,cds-2023-2024.pdf,0
2023,trinity,0,0,1,1,0,Nonresident,71,302,302,CDS_2023-2024.pdf,0
2023,trinity,0,0,1,1,0,Hispanic/Latino,53,199,199,CDS_2023-2024.pdf,0
2023,trinity,0,0,1,1,0,"Black or African American, non-Hispanic",32,123,123,CDS_2023-2024.pdf,0
2023,trinity,0,0,1,1,0,"White, non-Hispanic",367,1337,1338,CDS_2023-2024.pdf,0
2023,trinity,0,0,1,1,0,"American Indian or Alaska Native, non-Hispanic",1,4,4,CDS_2023-2024.pdf,0
2023,trinity,0,0,1,1,0,"Asian, non-Hispanic",27,100,100,CDS_2023-2024.pdf,0
2023,tufts,0,0,1,1,0,Nonresident,206.0,834.0,839.0,CDS_2023-2024.pdf,0
2023,tufts,0,0,1,1,0,Hispanic/Latino,161.0,690.0,691.0,CDS_2023-2024.pdf,0
2023,tufts,0,0,1,1,0,"Black or African American, non-Hispanic",111.0,446.0,449.0,CDS_2023-2024.pdf,0
2023,tufts,0,0,1,1,0,"White, non-Hispanic",709.0,2857.0,2877.0,CDS_2023-2024.pdf,0
2023,tufts,0,0,1,1,0,"American Indian or Alaska Native, non-Hispanic",0.0,2.0,2.0,CDS_2023-2024.pdf,0
2023,tufts,0,0,1,1,0,"Asian, non-Hispanic",308.0,1132.0,1134.0,CDS_2023-2024.pdf,0
2023,tufts,0,0,1,1,0,"Native Hawaiian or other Pacific Islander, non-Hispanic",4.0,9.0,9.0,CDS_2023-2024.pdf,0
2023,tufts,0,0,1,1,0,"Two or more races, non-Hispanic",160.0,539.0,540.0,CDS_2023-2024.pdf,0
2023,tufts,0,0,1,1,0,Race and/or ethnicity unknown,76.0,295.0,336.0,CDS_2023-2024.pdf,0
2023,tufts,0,0,1,1,0,Total,1735.0,6804.0,6877.0,CDS_2023-2024.pdf,0
2023,uchicago,0,1,0,0,1,Nonresident,302,1195,1211,UChicago_CDS_2023-24.pdf,0
2023,uchicago,0,1,0,0,1,Hispanic/Latino,313,1278,1278,UChicago_CDS_2023-24.pdf,0
2023,uchicago,0,1,0,0,1,"Black or African American, non-Hispanic",115,520,520,UChicago_CDS_2023-24.pdf,0
2023,uchicago,0,1,0,0,1,"White, non-Hispanic",520,2308,2308,UChicago_CDS_2023-24.pdf,0
2023,uchicago,0,1,0,0,1,"American Indian or Alaska Native, non-Hispanic",1,2,2,UChicago_CDS_2023-24.pdf,0
2023,uchicago,0,1,0,0,1,"Asian, non-Hispanic",333,1475,1475,UChicago_CDS_2023-24.pdf,0
2023,uchicago,0,1,0,0,1,"Native Hawaiian or other Pacific Islander, non-Hispanic",0,1,1,UChicago_CDS_2023-24.pdf,0
2023,uchicago,0,1,0,0,1,"Two or more races, non-Hispanic",119,529,529,UChicago_CDS_2023-24.pdf,0
2023,uchicago,0,1,0,0,1,Race and/or ethnicity unknown,46,165,165,UChicago_CDS_2023-24.pdf,0
2023,uchicago,0,1,0,0,1,Total,1749,7473,7489,UChicago_CDS_2023-24.pdf,0
2023,ucla,0,0,0,0,1,Nonresident,448,2542,2542,cds_2023-24.pdf,0
2023,ucla,0,0,0,0,1,Hispanic/Latino,1636,7669,7669,cds_2023-24.pdf,0
2023,ucla,0,0,0,0,1,"Black or African American, non-Hispanic",235,1089,1089,cds_2023-24.pdf,0
2023,ucla,0,0,0,0,1,"White, non-Hispanic",1478,8295,8295,cds_2023-24.pdf,0
2023,ucla,0,0,0,0,1,"American Indian or Alaska Native, non-Hispanic",9,48,48,cds_2023-24.pdf,0
2023,ucla,0,0,0,0,1,"Asian, non-Hispanic",2008,9873,9873,cds_2023-24.pdf,0
2023,ucla,0,0,0,0,1,"Native Hawaiian or other Pacific Islander, non-Hispanic",17,52,52,cds_2023-24.pdf,0
2023,ucla,0,0,0,0,1,"Two or more races, non-Hispanic",546,2489,2489,cds_2023-24.pdf,0
2023,ucla,0,0,0,0,1,Race and/or ethnicity unknown,208,983,983,cds_2023-24.pdf,0
2023,ucla,0,0,0,0,1,Total,6585,33040,33040,cds_2023-24.pdf,0
2023,umich,0,0,0,0,1,Nonresident,343,2653,2801,CDS_2023-2024.pdf,0
2023,umich,0,0,0,0,1,Hispanic/Latino,1099,3360,3367,CDS_2023-2024.pdf,0
2023,umich,0,0,0,0,1,"Black or African American, non-Hispanic",432,1519,1526,CDS_2023-2024.pdf,0
2023,umich,0,0,0,0,1,"White, non-Hispanic",3346,16356,16404,CDS_2023-2024.pdf,0
2023,umich,0,0,0,0,1,"American Indian or Alaska Native, non-Hispanic",18,47,47,CDS_2023-2024.pdf,0
2023,umich,0,0,0,0,1,"Asian, non-Hispanic",1511,6240,6255,CDS_2023-2024.pdf,0
2023,umich,0,0,0,0,1,"Native Hawaiian or other Pacific Islander, non-Hispanic",12,28,29,CDS_2023-2024.pdf,0
2023,umich,0,0,0,0,1,"Two or more races, non-Hispanic",434,1790,1792,CDS_2023-2024.pdf,0
2023,umich,0,0,0,0,1,Race and/or ethnicity unknown,271,1495,1509,CDS_2023-2024.pdf,0
2023,umich,0,0,0,0,1,Total,7466,33488,33730,CDS_2023-2024.pdf,0
2023,union,0,0,0,1,0,Nonresident,61,208,209,union-cds-2023-2024.pdf,0
2023,union,0,0,0,1,0,Hispanic/Latino,55,187,188,union-cds-2023-2024.pdf,0
2023,union,0,0,0,1,0,"Black or African American, non-Hispanic",20,81,83,union-cds-2023-2024.pdf,0
2023,union,0,0,0,1,0,"White, non-Hispanic",347,1363,1370,union-cds-2023-2024.pdf,0
2023,union,0,0,0,1,0,"American Indian or Alaska Native, non-Hispanic",1,3,3,union-cds-2023-2024.pdf,0
2023,union,0,0,0,1,0,"Asian, non-Hispanic",43,142,142,union-cds-2023-2024.pdf,0
2023,union,0,0,0,1,0,"Native Hawaiian or other Pacific Islander, non-Hispanic",1,2,2,union-cds-2023-2024.pdf,0
2023,union,0,0,0,1,0,"Two or more races, non-Hispanic",22,69,69,union-cds-2023-2024.pdf,0
2023,union,0,0,0,1,0,Race and/or ethnicity unknown,,2,16,union-cds-2023-2024.pdf,0
2023,union,0,0,0,1,0,Total,550,2057,2082,union-cds-2023-2024.pdf,0
2023,vassar,0,0,0,1,1,Nonresident,43,163,175,Vassar-College-CDS-2023-2024.pdf,0
2023,vassar,0,0,0,1,1,Hispanic/Latino,83,289,289,Vassar-College-CDS-2023-2024.pdf,0
2023,vassar,0,0,0,1,1,"Black or African American, non-Hispanic",25,94,95,Vassar-College-CDS-2023-2024.pdf,0
2023,vassar,0,0,0,1,1,"White, non-Hispanic",383,1338,1348,Vassar-College-CDS-2023-2024.pdf,0
2023,vassar,0,0,0,1,1,"Asian, non-Hispanic",69,287,288,Vassar-College-CDS-2023-2024.pdf,0
2023,vassar,0,0,0,1,1,"Two or more races, non-Hispanic",68,202,203,Vassar-College-CDS-2023-2024.pdf,0
2023,vassar,0,0,0,1,1,Race and/or ethnicity unknown,15,56,57,Vassar-College-CDS-2023-2024.pdf,0
2023,vassar,0,0,0,1,1,Total,686,2430,2456,Vassar-College-CDS-2023-2024.pdf,0
2023,washandlee,0,0,0,1,1,Nonresident,39,134,137,wlu_cds_2023-24.pdf,0
2023,washandlee,0,0,0,1,1,Hispanic/Latino,49,158,158,wlu_cds_2023-24.pdf,0
2023,washandlee,0,0,0,1,1,"Black or African American, non-Hispanic",25,83,84,wlu_cds_2023-24.pdf,0
2023,washandlee,0,0,0,1,1,"White, non-Hispanic",336,1320,1320,wlu_cds_2023-24.pdf,0
2023,washandlee,0,0,0,1,1,"American Indian or Alaska Native, non-Hispanic",1,3,3,wlu_cds_2023-24.pdf,0
2023,washandlee,0,0,0,1,1,"Asian, non-Hispanic",25,81,81,wlu_cds_2023-24.pdf,0
2023,washandlee,0,0,0,1,1,"Native Hawaiian or other Pacific Islander, non-Hispanic",2,3,3,wlu_cds_2023-24.pdf,0
2023,washandlee,0,0,0,1,1,"Two or more races, non-Hispanic",16,85,85,wlu_cds_2023-24.pdf,0
2023,washandlee,0,0,0,1,1,Race and/or ethnicity unknown,9,17,27,wlu_cds_2023-24.pdf,0
2023,washandlee,0,0,0,1,1,Total,502,1884,1898,wlu_cds_2023-24.pdf,0
2023,wellesley,0,0,0,1,1,Nonresident,74.0,322.0,342.0,Wellesley_CDS_2023-2024.pdf,0
2023,wellesley,0,0,0,1,1,Hispanic/Latino,82.0,368.0,368.0,Wellesley_CDS_2023-2024.pdf,0
2023,wellesley,0,0,0,1,1,"Black or African American, non-Hispanic",52.0,196.0,199.0,Wellesley_CDS_2023-2024.pdf,0
2023,wellesley,0,0,0,1,1,"White, non-Hispanic",160.0,708.0,734.0,Wellesley_CDS_2023-2024.pdf,0
2023,wellesley,0,0,0,1,1,"American Indian or Alaska Native, non-Hispanic",0.0,3.0,3.0,Wellesley_CDS_2023-2024.pdf,0
2023,wellesley,0,0,0,1,1,"Asian, non-Hispanic",161.0,547.0,561.0,Wellesley_CDS_2023-2024.pdf,0
2023,wellesley,0,0,0,1,1,"Native Hawaiian or other Pacific Islander, non-Hispanic",0.0,4.0,4.0,Wellesley_CDS_2023-2024.pdf,0
2023,wellesley,0,0,0,1,1,"Two or more races, non-Hispanic",42.0,163.0,174.0,Wellesley_CDS_2023-2024.pdf,0
2023,wellesley,0,0,0,1,1,Race and/or ethnicity unknown,0.0,7.0,32.0,Wellesley_CDS_2023-2024.pdf,0
2023,wellesley,0,0,0,1,1,Total,571.0,2318.0,2417.0,Wellesley_CDS_2023-2024.pdf,0
2023,williams,0,0,1,1,1,Nonresident,49.0,167.0,171.0,CDS_2023_2024_Williams_April2024.pdf,0
2023,williams,0,0,1,1,1,Hispanic/Latino,80.0,281.0,286.0,CDS_2023_2024_Williams_April2024.pdf,0
2023,williams,0,0,1,1,1,"Black or African American, non-Hispanic",37.0,105.0,105.0,CDS_2023_2024_Williams_April2024.pdf,0
2023,williams,0,0,1,1,1,"White, non-Hispanic",245.0,968.0,998.0,CDS_2023_2024_Williams_April2024.pdf,0
2023,williams,0,0,1,1,1,"American Indian or Alaska Native, non-Hispanic",1.0,1.0,1.0,CDS_2023_2024_Williams_April2024.pdf,0
2023,williams,0,0,1,1,1,"Asian, non-Hispanic",68.0,285.0,287.0,CDS_2023_2024_Williams_April2024.pdf,0
2023,williams,0,0,1,1,1,"Native Hawaiian or other Pacific Islander, non-Hispanic",0.0,0.0,0.0,CDS_2023_2024_Williams_April2024.pdf,0
2023,williams,0,0,1,1,1,"Two or more races, non-Hispanic",43.0,167.0,167.0,CDS_2023_2024_Williams_April2024.pdf,0
2023,williams,0,0,1,1,1,Race and/or ethnicity unknown,18.0,81.0,82.0,CDS_2023_2024_Williams_April2024.pdf,0
2023,williams,0,0,1,1,1,Total,541.0,2055.0,2097.0,CDS_2023_2024_Williams_April2024.pdf,0
2023,yale,1,1,0,0,1,Nonresident,188,724,724,cds_yale_2023-24_vf_20240320.pdf,0
2023,yale,1,1,0,0,1,Hispanic/Latino,292,1070,1072,cds_yale_2023-24_vf_20240320.pdf,0
2023,yale,1,1,0,0,1,"Black or African American, non-Hispanic",156,600,602,cds_yale_2023-24_vf_20240320.pdf,0
2023,yale,1,1,0,0,1,"White, non-Hispanic",420,2206,2207,cds_yale_2023-24_vf_20240320.pdf,0
2023,yale,1,1,0,0,1,"American Indian or Alaska Native, non-Hispanic",8,28,28,cds_yale_2023-24_vf_20240320.pdf,0
2023,yale,1,1,0,0,1,"Asian, non-Hispanic",407,1555,1557,cds_yale_2023-24_vf_20240320.pdf,0
2023,yale,1,1,0,0,1,"Native Hawaiian or other Pacific Islander, non-Hispanic",3,10,10,cds_yale_2023-24_vf_20240320.pdf,0
2023,yale,1,1,0,0,1,"Two or more races, non-Hispanic",111,492,492,cds_yale_2023-24_vf_20240320.pdf,0
2023,yale,1,1,0,0,1,Race and/or ethnicity unknown,56,126,126,cds_yale_2023-24_vf_20240320.pdf,0
2023,yale,1,1,0,0,1,Total,1641,6811,6818,cds_yale_2023-24_vf_20240320.pdf,0
2024,amherst,0,0,1,1,1,Nonresident,76,254,254,amherst_cds_2024_B_Enrollment_and_Persistence_11.pdf,0
2024,amherst,0,0,1,1,1,Hispanic/Latino,50,264,264,amherst_cds_2024_B_Enrollment_and_Persistence_11.pdf,0
2024,amherst,0,0,1,1,1,"Black or African American, non-Hispanic",14,170,170,amherst_cds_2024_B_Enrollment_and_Persistence_11.pdf,0
2024,amherst,0,0,1,1,1,"White, non-Hispanic",180,696,696,amherst_cds_2024_B_Enrollment_and_Persistence_11.pdf,0
2024,amherst,0,0,1,1,1,"American Indian or Alaska Native, non-Hispanic",1,2,2,amherst_cds_2024_B_Enrollment_and_Persistence_11.pdf,0
2024,amherst,0,0,1,1,1,"Asian, non-Hispanic",98,315,315,amherst_cds_2024_B_Enrollment_and_Persistence_11.pdf,0
2024,amherst,0,0,1,1,1,"Native Hawaiian or other Pacific Islander, non-Hispanic",0,1,1,amherst_cds_2024_B_Enrollment_and_Persistence_11.pdf,0
2024,amherst,0,0,1,1,1,"Two or more races, non-Hispanic",37,165,165,amherst_cds_2024_B_Enrollment_and_Persistence_11.pdf,0
2024,amherst,0,0,1,1,1,Race and/or ethnicity unknown,24,47,47,amherst_cds_2024_B_Enrollment_and_Persistence_11.pdf,0
2024,amherst,0,0,1,1,1,Total,480,1914,1914,amherst_cds_2024_B_Enrollment_and_Persistence_11.pdf,0
2024,army,0,0,0,0,1,Nonresident,16,60,60,cds_2024-2025.pdf,0
2024,army,0,0,0,0,1,Hispanic/Latino,161,515,515,cds_2024-2025.pdf,0
2024,army,0,0,0,0,1,"Black or African American, non-Hispanic",86,396,396,cds_2024-2025.pdf,0
2024,army,0,0,0,0,1,"White, non-Hispanic",756,2800,2807,cds_2024-2025.pdf,0
2024,army,0,0,0,0,1,"American Indian or Alaska Native, non-Hispanic",9,40,40,cds_2024-2025.pdf,0
2024,army,0,0,0,0,1,"Asian, non-Hispanic",147,518,520,cds_2024-2025.pdf,0
2024,army,0,0,0,0,1,"Native Hawaiian or other Pacific Islander, non-Hispanic",6,29,29,cds_2024-2025.pdf,0
2024,army,0,0,0,0,1,"Two or more races, non-Hispanic",14,48,49,cds_2024-2025.pdf,0
2024,army,0,0,0,0,1,Race and/or ethnicity unknown,0,2,57,cds_2024-2025.pdf,0
2024,army,0,0,0,0,1,Total,1195,4408,4473,cds_2024-2025.pdf,0
2024,barnard,0,0,0,1,1,Nonresident,99,,,Barnard_CDS_2024-2025.pdf,0
2024,barnard,0,0,0,1,1,Hispanic/Latino,76,,,Barnard_CDS_2024-2025.pdf,0
2024,barnard,0,0,0,1,1,"Black or African American, non-Hispanic",38,,,Barnard_CDS_2024-2025.pdf,0
2024,barnard,0,0,0,1,1,"White, non-Hispanic",235,,,Barnard_CDS_2024-2025.pdf,0
2024,barnard,0,0,0,1,1,"American Indian or Alaska Native, non-Hispanic",1,,,Barnard_CDS_2024-2025.pdf,0
2024,barnard,0,0,0,1,1,"Asian, non-Hispanic",200,,,Barnard_CDS_2024-2025.pdf,0
2024,barnard,0,0,0,1,1,"Native Hawaiian or other Pacific Islander, non-Hispanic",0,,,Barnard_CDS_2024-2025.pdf,0
2024,barnard,0,0,0,1,1,"Two or more races, non-Hispanic",51,,,Barnard_CDS_2024-2025.pdf,0
2024,barnard,0,0,0,1,1,Race and/or ethnicity unknown,18,,,Barnard_CDS_2024-2025.pdf,0
2024,barnard,0,0,0,1,1,Total,718,,,Barnard_CDS_2024-2025.pdf,0
2024,bates,0,0,1,1,1,Nonresident,46,172,172,CDS_2024-2025.pdf,0
2024,bates,0,0,1,1,1,Hispanic/Latino,58,171,171,CDS_2024-2025.pdf,0
2024,bates,0,0,1,1,1,"Black or African American, non-Hispanic",22,79,79,CDS_2024-2025.pdf,0
2024,bates,0,0,1,1,1,"White, non-Hispanic",283,1060,1060,CDS_2024-2025.pdf,0
2024,bates,0,0,1,1,1,"American Indian or Alaska Native, non-Hispanic",0,3,3,CDS_2024-2025.pdf,0
2024,bates,0,0,1,1,1,"Asian, non-Hispanic",32,116,116,CDS_2024-2025.pdf,0
2024,bates,0,0,1,1,1,"Native Hawaiian or other Pacific Islander, non-Hispanic",0,1,1,CDS_2024-2025.pdf,0
2024,bates,0,0,1,1,1,"Two or more races, non-Hispanic",46,149,149,CDS_2024-2025.pdf,0
2024,bates,0,0,1,1,1,Race and/or ethnicity unknown,1,9,9,CDS_2024-2025.pdf,0
2024,bates,0,0,1,1,1,Total,488,1760,1760,CDS_2024-2025.pdf,0
2024,bowdoin,0,0,1,1,1,Nonresident,35,128,130,bowdoin_cds_2024-2025.pdf,0
2024,bowdoin,0,0,1,1,1,Hispanic/Latino,81,272,272,bowdoin_cds_2024-2025.pdf,0
2024,bowdoin,0,0,1,1,1,"Black or African American, non-Hispanic",29,101,101,bowdoin_cds_2024-2025.pdf,0
2024,bowdoin,0,0,1,1,1,"White, non-Hispanic",273,987,993,bowdoin_cds_2024-2025.pdf,0
2024,bowdoin,0,0,1,1,1,"American Indian or Alaska Native, non-Hispanic",0,1,1,bowdoin_cds_2024-2025.pdf,0
2024,bowdoin,0,0,1,1,1,"Asian, non-Hispanic",48,209,209,bowdoin_cds_2024-2025.pdf,0
2024,bowdoin,0,0,1,1,1,"Native Hawaiian or other Pacific Islander, non-Hispanic",0,3,3,bowdoin_cds_2024-2025.pdf,0
2024,bowdoin,0,0,1,1,1,"Two or more races, non-Hispanic",39,167,167,bowdoin_cds_2024-2025.pdf,0
2024,bowdoin,0,0,1,1,1,Race and/or ethnicity unknown,2,5,5,bowdoin_cds_2024-2025.pdf,0
2024,bowdoin,0,0,1,1,1,Total,507,1873,1881,bowdoin_cds_2024-2025.pdf,0
2024,brown,1,1,0,0,1,Nonresident,242,917,1069,CDS_2024_2025.pdf,0
2024,brown,1,1,0,0,1,Hispanic/Latino,173,876,890,CDS_2024_2025.pdf,0
2024,brown,1,1,0,0,1,"Black or African American, non-Hispanic",94,591,596,CDS_2024_2025.pdf,0
2024,brown,1,1,0,0,1,"White, non-Hispanic",526,2379,2401,CDS_2024_2025.pdf,0
2024,brown,1,1,0,0,1,"American Indian or Alaska Native, non-Hispanic",1,15,15,CDS_2024_2025.pdf,0
2024,brown,1,1,0,0,1,"Asian, non-Hispanic",470,1653,1678,CDS_2024_2025.pdf,0
2024,brown,1,1,0,0,1,"Native Hawaiian or other Pacific Islander, non-Hispanic",0,8,8,CDS_2024_2025.pdf,0
2024,brown,1,1,0,0,1,"Two or more races, non-Hispanic",119,574,583,CDS_2024_2025.pdf,0
2024,brown,1,1,0,0,1,Race and/or ethnicity unknown,94,213,670,CDS_2024_2025.pdf,0
2024,brown,1,1,0,0,1,Total,1719,7226,7910,CDS_2024_2025.pdf,0
2024,brynmawr,0,0,0,1,0,Nonresident,45,178,178,BrynMawr_CDS_2024-2025.pdf,0
2024,brynmawr,0,0,0,1,0,Hispanic/Latino,35,124,124,BrynMawr_CDS_2024-2025.pdf,0
2024,brynmawr,0,0,0,1,0,"Black or African American, non-Hispanic",19,66,66,BrynMawr_CDS_2024-2025.pdf,0
2024,brynmawr,0,0,0,1,0,"White, non-Hispanic",190,690,692,BrynMawr_CDS_2024-2025.pdf,0
2024,brynmawr,0,0,0,1,0,"American Indian or Alaska Native, non-Hispanic",0,1,1,BrynMawr_CDS_2024-2025.pdf,0
2024,brynmawr,0,0,0,1,0,"Asian, non-Hispanic",42,161,162,BrynMawr_CDS_2024-2025.pdf,0
2024,brynmawr,0,0,0,1,0,"Native Hawaiian or other Pacific Islander, non-Hispanic",1,1,1,BrynMawr_CDS_2024-2025.pdf,0
2024,brynmawr,0,0,0,1,0,"Two or more races, non-Hispanic",28,94,94,BrynMawr_CDS_2024-2025.pdf,0
2024,brynmawr,0,0,0,1,0,Race and/or ethnicity unknown,20,48,50,BrynMawr_CDS_2024-2025.pdf,0
2024,brynmawr,0,0,0,1,0,Total,380,1363,1368,BrynMawr_CDS_2024-2025.pdf,0
2024,bucknell,0,0,0,1,0,Nonresident,41,174,181,cds_2024-25.pdf,0
2024,bucknell,0,0,0,1,0,Hispanic/Latino,104,350,353,cds_2024-25.pdf,0
2024,bucknell,0,0,0,1,0,"Black or African American, non-Hispanic",47,163,163,cds_2024-25.pdf,0
2024,bucknell,0,0,0,1,0,"White, non-Hispanic",712,2848,2860,cds_2024-25.pdf,0
2024,bucknell,0,0,0,1,0,"American Indian or Alaska Native, non-Hispanic",,1,1,cds_2024-25.pdf,0
2024,bucknell,0,0,0,1,0,"Asian, non-Hispanic",38,170,172,cds_2024-25.pdf,0
2024,bucknell,0,0,0,1,0,"Native Hawaiian or other Pacific Islander, non-Hispanic",2,3,3,cds_2024-25.pdf,0
2024,bucknell,0,0,0,1,0,"Two or more races, non-Hispanic",43,162,164,cds_2024-25.pdf,0
2024,bucknell,0,0,0,1,0,Race and/or ethnicity unknown,4,5,23,cds_2024-25.pdf,0
2024,bucknell,0,0,0,1,0,Total,991,3876,3920,cds_2024-25.pdf,0
2024,caltech,0,1,0,0,1,Nonresident,33,139,139,cds_2024-25.pdf,0
2024,caltech,0,1,0,0,1,Hispanic/Latino,22,172,172,cds_2024-25.pdf,0
2024,caltech,0,1,0,0,1,"Black or African American, non-Hispanic",12,46,46,cds_2024-25.pdf,0
2024,caltech,0,1,0,0,1,"White, non-Hispanic",43,185,185,cds_2024-25.pdf,0
2024,caltech,0,1,0,0,1,"American Indian or Alaska Native, non-Hispanic",0,1,1,cds_2024-25.pdf,0
2024,caltech,0,1,0,0,1,"Asian, non-Hispanic",90,354,354,cds_2024-25.pdf,0
2024,caltech,0,1,0,0,1,"Native Hawaiian or other Pacific Islander, non-Hispanic",1,1,1,cds_2024-25.pdf,0
2024,caltech,0,1,0,0,1,"Two or more races, non-Hispanic",17,88,88,cds_2024-25.pdf,0
2024,caltech,0,1,0,0,1,Race and/or ethnicity unknown,0,1,1,cds_2024-25.pdf,0
2024,caltech,0,1,0,0,1,Total,218,987,987,cds_2024-25.pdf,0
2024,carleton,0,0,0,1,1,Nonresident,54,217,224,Carleton_CDS_2024-25.pdf,0
2024,carleton,0,0,0,1,1,Hispanic/Latino,46,210,215,Carleton_CDS_2024-25.pdf,0
2024,carleton,0,0,0,1,1,"Black or African American, non-Hispanic",21,123,123,Carleton_CDS_2024-25.pdf,0
2024,carleton,0,0,0,1,1,"White, non-Hispanic",256,1063,1086,Carleton_CDS_2024-25.pdf,0
2024,carleton,0,0,0,1,1,"American Indian or Alaska Native, non-Hispanic",1,2,2,Carleton_CDS_2024-25.pdf,0
2024,carleton,0,0,0,1,1,"Asian, non-Hispanic",53,214,220,Carleton_CDS_2024-25.pdf,0
2024,carleton,0,0,0,1,1,"Native Hawaiian or other Pacific Islander, non-Hispanic",1,1,1,Carleton_CDS_2024-25.pdf,0
2024,carleton,0,0,0,1,1,"Two or more races, non-Hispanic",46,184,184,Carleton_CDS_2024-25.pdf,0
2024,carleton,0,0,0,1,1,Race and/or ethnicity unknown,29,72,73,Carleton_CDS_2024-25.pdf,0
2024,carleton,0,0,0,1,1,Total,507,2086,2128,Carleton_CDS_2024-25.pdf,0
2024,clark,0,0,0,1,0,Nonresident,38,127,141,clark-cds-2024-2025.pdf,0
2024,clark,0,0,0,1,0,Hispanic/Latino,71,288,307,clark-cds-2024-2025.pdf,0
2024,clark,0,0,0,1,0,"Black or African American, non-Hispanic",28,121,128,clark-cds-2024-2025.pdf,0
2024,clark,0,0,0,1,0,"White, non-Hispanic",284,1372,1378,clark-cds-2024-2025.pdf,0
2024,clark,0,0,0,1,0,"American Indian or Alaska Native, non-Hispanic",0,0,0,clark-cds-2024-2025.pdf,0
2024,clark,0,0,0,1,0,"Asian, non-Hispanic",27,153,161,clark-cds-2024-2025.pdf,0
2024,clark,0,0,0,1,0,"Native Hawaiian or other Pacific Islander, non-Hispanic",0,1,1,clark-cds-2024-2025.pdf,0
2024,clark,0,0,0,1,0,"Two or more races, non-Hispanic",23,100,100,clark-cds-2024-2025.pdf,0
2024,clark,0,0,0,1,0,Race and/or ethnicity unknown,15,51,55,clark-cds-2024-2025.pdf,0
2024,clark,0,0,0,1,0,Total,486,2213,2271,clark-cds-2024-2025.pdf,0
2024,cmc,0,0,0,0,1,Nonresident,48,206,208,cds_2024-2025.pdf,0
2024,cmc,0,0,0,0,1,Hispanic/Latino,55,206,206,cds_2024-2025.pdf,0
2024,cmc,0,0,0,0,1,"Black or African American, non-Hispanic",12,57,57,cds_2024-2025.pdf,0
2024,cmc,0,0,0,0,1,"White, non-Hispanic",112,496,496,cds_2024-2025.pdf,0
2024,cmc,0,0,0,0,1,"Asian, non-Hispanic",68,237,237,cds_2024-2025.pdf,0
2024,cmc,0,0,0,0,1,"Native Hawaiian or other Pacific Islander, non-Hispanic",1,1,,cds_2024-2025.pdf,0
2024,cmc,0,0,0,0,1,"Two or more races, non-Hispanic",27,121,121,cds_2024-2025.pdf,0
2024,cmc,0,0,0,0,1,Race and/or ethnicity unknown,15,64,64,cds_2024-2025.pdf,0
2024,cmc,0,0,0,0,1,Total,337,1388,1390,cds_2024-2025.pdf,0
2024,cmu,0,0,0,0,1,Nonresident,362,1804,1823,cds_2024-2025.pdf,0
2024,cmu,0,0,0,0,1,Hispanic/Latino,115,731,735,cds_2024-2025.pdf,0
2024,cmu,0,0,0,0,1,"Black or African American, non-Hispanic",39,292,298,cds_2024-2025.pdf,0
2024,cmu,0,0,0,0,1,"White, non-Hispanic",379,1587,1607,cds_2024-2025.pdf,0
2024,cmu,0,0,0,0,1,"American Indian or Alaska Native, non-Hispanic",0,1,1,cds_2024-2025.pdf,0
2024,cmu,0,0,0,0,1,"Asian, non-Hispanic",711,2524,2530,cds_2024-2025.pdf,0
2024,cmu,0,0,0,0,1,"Native Hawaiian or other Pacific Islander, non-Hispanic",0,2,2,cds_2024-2025.pdf,0
2024,cmu,0,0,0,0,1,"Two or more races, non-Hispanic",75,393,394,cds_2024-2025.pdf,0
2024,cmu,0,0,0,0,1,Race and/or ethnicity unknown,127,410,434,cds_2024-2025.pdf,0
2024,cmu,0,0,0,0,1,Total,1808,7744,7824,cds_2024-2025.pdf,0
2024,colgate,0,0,0,0,1,Nonresident,65,257,257,cds_2024-25.pdf,0
2024,colgate,0,0,0,0,1,Hispanic/Latino,81,306,307,cds_2024-25.pdf,0
2024,colgate,0,0,0,0,1,"Black or African American, non-Hispanic",28,137,137,cds_2024-25.pdf,0
2024,colgate,0,0,0,0,1,"White, non-Hispanic",526,2043,2052,cds_2024-25.pdf,0
2024,colgate,0,0,0,0,1,"American Indian or Alaska Native, non-Hispanic",1,4,4,cds_2024-25.pdf,0
2024,colgate,0,0,0,0,1,"Asian, non-Hispanic",46,169,169,cds_2024-25.pdf,0
2024,colgate,0,0,0,0,1,"Native Hawaiian or other Pacific Islander, non-Hispanic",,4,4,cds_2024-25.pdf,0
2024,colgate,0,0,0,0,1,"Two or more races, non-Hispanic",52,191,191,cds_2024-25.pdf,0
2024,colgate,0,0,0,0,1,Race and/or ethnicity unknown,26,69,72,cds_2024-25.pdf,0
2024,colgate,0,0,0,0,1,Total,825,3180,3193,cds_2024-25.pdf,0
2024,columbia,1,1,0,0,1,Nonresident,251,1077,1879,2024-25_Columbia_College_and_Columbia_Engineering_CDS.pdf,0
2024,columbia,1,1,0,0,1,Hispanic/Latino,237,1110,1381,2024-25_Columbia_College_and_Columbia_Engineering_CDS.pdf,0
2024,columbia,1,1,0,0,1,"Black or African American, non-Hispanic",92,535,674,2024-25_Columbia_College_and_Columbia_Engineering_CDS.pdf,0
2024,columbia,1,1,0,0,1,"White, non-Hispanic",383,1743,2576,2024-25_Columbia_College_and_Columbia_Engineering_CDS.pdf,0
2024,columbia,1,1,0,0,1,"American Indian or Alaska Native, non-Hispanic",4,22,23,2024-25_Columbia_College_and_Columbia_Engineering_CDS.pdf,0
2024,columbia,1,1,0,0,1,"Asian, non-Hispanic",390,1429,1681,2024-25_Columbia_College_and_Columbia_Engineering_CDS.pdf,0
2024,columbia,1,1,0,0,1,"Native Hawaiian or other Pacific Islander, non-Hispanic",4,14,17,2024-25_Columbia_College_and_Columbia_Engineering_CDS.pdf,0
2024,columbia,1,1,0,0,1,"Two or more races, non-Hispanic",96,468,562,2024-25_Columbia_College_and_Columbia_Engineering_CDS.pdf,0
2024,columbia,1,1,0,0,1,Race and/or ethnicity unknown,26,199,371,2024-25_Columbia_College_and_Columbia_Engineering_CDS.pdf,0
2024,columbia,1,1,0,0,1,Total,1483,6597,9164,2024-25_Columbia_College_and_Columbia_Engineering_CDS.pdf,0
2024,conncoll,0,0,1,1,0,Nonresident,24,113,117,Common-Data-Set-2024-25.pdf,0
2024,conncoll,0,0,1,1,0,Hispanic/Latino,57,223,227,Common-Data-Set-2024-25.pdf,0
2024,conncoll,0,0,1,1,0,"Black or African American, non-Hispanic",29,93,98,Common-Data-Set-2024-25.pdf,0
2024,conncoll,0,0,1,1,0,"White, non-Hispanic",287,1319,1345,Common-Data-Set-2024-25.pdf,0
2024,conncoll,0,0,1,1,0,"American Indian or Alaska Native, non-Hispanic",0,0,0,Common-Data-Set-2024-25.pdf,0
2024,conncoll,0,0,1,1,0,"Asian, non-Hispanic",15,63,73,Common-Data-Set-2024-25.pdf,0
2024,conncoll,0,0,1,1,0,"Native Hawaiian or other Pacific Islander, non-Hispanic",0,2,2,Common-Data-Set-2024-25.pdf,0
2024,conncoll,0,0,1,1,0,"Two or more races, non-Hispanic",24,79,79,Common-Data-Set-2024-25.pdf,0
2024,conncoll,0,0,1,1,0,Race and/or ethnicity unknown,15,45,49,Common-Data-Set-2024-25.pdf,0
2024,conncoll,0,0,1,1,0,Total,451,1937,1990,Common-Data-Set-2024-25.pdf,0
2024,cornell,1,1,0,0,1,Nonresident,355,1498,1656,CDS_2024-2025.pdf,0
2024,cornell,1,1,0,0,1,Hispanic/Latino,335,2066,2106,CDS_2024-2025.pdf,0
2024,cornell,1,1,0,0,1,"Black or African American, non-Hispanic",150,1068,1094,CDS_2024-2025.pdf,0
2024,cornell,1,1,0,0,1,"White, non-Hispanic",1130,4915,4960,CDS_2024-2025.pdf,0
2024,cornell,1,1,0,0,1,"American Indian or Alaska Native, non-Hispanic",2,28,29,CDS_2024-2025.pdf,0
2024,cornell,1,1,0,0,1,"Asian, non-Hispanic",1020,4239,4280,CDS_2024-2025.pdf,0
2024,cornell,1,1,0,0,1,"Native Hawaiian or other Pacific Islander, non-Hispanic",5,25,25,CDS_2024-2025.pdf,0
2024,cornell,1,1,0,0,1,"Two or more races, non-Hispanic",221,937,950,CDS_2024-2025.pdf,0
2024,cornell,1,1,0,0,1,Race and/or ethnicity unknown,307,1016,1028,CDS_2024-2025.pdf,0
2024,cornell,1,1,0,0,1,Total,3525,15792,16128,CDS_2024-2025.pdf,0
2024,dartmouth,1,1,0,0,1,Nonresident,170,667,708,cds_2024-2025.pdf,0
2024,dartmouth,1,1,0,0,1,Hispanic/Latino,130,442,447,cds_2024-2025.pdf,0
2024,dartmouth,1,1,0,0,1,"Black or African American, non-Hispanic",70,279,279,cds_2024-2025.pdf,0
2024,dartmouth,1,1,0,0,1,"White, non-Hispanic",484,1973,1999,cds_2024-2025.pdf,0
2024,dartmouth,1,1,0,0,1,"American Indian or Alaska Native, non-Hispanic",13,51,52,cds_2024-2025.pdf,0
2024,dartmouth,1,1,0,0,1,"Asian, non-Hispanic",150,586,590,cds_2024-2025.pdf,0
2024,dartmouth,1,1,0,0,1,"Two or more races, non-Hispanic",98,342,342,cds_2024-2025.pdf,0
2024,dartmouth,1,1,0,0,1,Race and/or ethnicity unknown,67,134,153,cds_2024-2025.pdf,0
2024,dartmouth,1,1,0,0,1,Total,1182,4474,4570,cds_2024-2025.pdf,0
2024,davidson,0,0,0,1,1,Nonresident,52,209,210,davidson-cds-2024-2025.pdf,0
2024,davidson,0,0,0,1,1,Hispanic/Latino,78,231,231,davidson-cds-2024-2025.pdf,0
2024,davidson,0,0,0,1,1,"Black or African American, non-Hispanic",45,138,138,davidson-cds-2024-2025.pdf,0
2024,davidson,0,0,0,1,1,"White, non-Hispanic",286,1063,1063,davidson-cds-2024-2025.pdf,0
2024,davidson,0,0,0,1,1,"American Indian or Alaska Native, non-Hispanic",1,4,4,davidson-cds-2024-2025.pdf,0
2024,davidson,0,0,0,1,1,"Asian, non-Hispanic",31,94,94,davidson-cds-2024-2025.pdf,0
2024,davidson,0,0,0,1,1,"Native Hawaiian or other Pacific Islander, non-Hispanic",0,0,0,davidson-cds-2024-2025.pdf,0
2024,davidson,0,0,0,1,1,"Two or more races, non-Hispanic",29,90,90,davidson-cds-2024-2025.pdf,0
2024,davidson,0,0,0,1,1,Race and/or ethnicity unknown,9,30,30,davidson-cds-2024-2025.pdf,0
2024,davidson,0,0,0,1,1,Total,531,1859,1860,davidson-cds-2024-2025.pdf,0
2024,duke,0,1,0,0,1,Nonresident,160,679,693,Duke_CDS_2024-2025.pdf,0
2024,duke,0,1,0,0,1,Hispanic/Latino,179,691,696,Duke_CDS_2024-2025.pdf,0
2024,duke,0,1,0,0,1,"Black or African American, non-Hispanic",154,562,562,Duke_CDS_2024-2025.pdf,0
2024,duke,0,1,0,0,1,"White, non-Hispanic",598,2266,2285,Duke_CDS_2024-2025.pdf,0
2024,duke,0,1,0,0,1,"American Indian or Alaska Native, non-Hispanic",3,13,13,Duke_CDS_2024-2025.pdf,0
2024,duke,0,1,0,0,1,"Asian, non-Hispanic",337,1403,1409,Duke_CDS_2024-2025.pdf,0
2024,duke,0,1,0,0,1,"Native Hawaiian or other Pacific Islander, non-Hispanic",,5,5,Duke_CDS_2024-2025.pdf,0
2024,duke,0,1,0,0,1,"Two or more races, non-Hispanic",124,475,477,Duke_CDS_2024-2025.pdf,0
2024,duke,0,1,0,0,1,Race and/or ethnicity unknown,185,348,383,Duke_CDS_2024-2025.pdf,0
2024,duke,0,1,0,0,1,Total,1740,6442,6523,Duke_CDS_2024-2025.pdf,0
2024,emory,0,0,0,0,1,Nonresident,238,1154,1238,emory_cds_2024-2025.pdf,0
2024,emory,0,0,0,0,1,Hispanic/Latino,173,884,885,emory_cds_2024-2025.pdf,0
2024,emory,0,0,0,0,1,"Black or African American, non-Hispanic",143,758,762,emory_cds_2024-2025.pdf,0
2024,emory,0,0,0,0,1,"White, non-Hispanic",400,2185,2196,emory_cds_2024-2025.pdf,0
2024,emory,0,0,0,0,1,"American Indian or Alaska Native, non-Hispanic",2,4,4,emory_cds_2024-2025.pdf,0
2024,emory,0,0,0,0,1,"Asian, non-Hispanic",351,1830,1834,emory_cds_2024-2025.pdf,0
2024,emory,0,0,0,0,1,"Native Hawaiian or other Pacific Islander, non-Hispanic",0,1,1,emory_cds_2024-2025.pdf,0
2024,emory,0,0,0,0,1,"Two or more races, non-Hispanic",50,306,306,emory_cds_2024-2025.pdf,0
2024,emory,0,0,0,0,1,Race and/or ethnicity unknown,81,176,181,emory_cds_2024-2025.pdf,0
2024,emory,0,0,0,0,1,Total,1438,7298,7407,emory_cds_2024-2025.pdf,0
2024,fandm,0,0,0,1,0,Nonresident,79,305,306,fandm_cds_2024-25.pdf,0
2024,fandm,0,0,0,1,0,Hispanic/Latino,46,165,165,fandm_cds_2024-25.pdf,0
2024,fandm,0,0,0,1,0,"Black or African American, non-Hispanic",24,87,87,fandm_cds_2024-25.pdf,0
2024,fandm,0,0,0,1,0,"White, non-Hispanic",276,1060,1068,fandm_cds_2024-25.pdf,0
2024,fandm,0,0,0,1,0,"American Indian or Alaska Native, non-Hispanic",0,3,3,fandm_cds_2024-25.pdf,0
2024,fandm,0,0,0,1,0,"Asian, non-Hispanic",30,97,101,fandm_cds_2024-25.pdf,0
2024,fandm,0,0,0,1,0,"Native Hawaiian or other Pacific Islander, non-Hispanic",0,0,0,fandm_cds_2024-25.pdf,0
2024,fandm,0,0,0,1,0,"Two or more races, non-Hispanic",18,64,64,fandm_cds_2024-25.pdf,0
2024,fandm,0,0,0,1,0,Race and/or ethnicity unknown,4,13,14,fandm_cds_2024-25.pdf,0
2024,fandm,0,0,0,1,0,Total,477,1794,1808,fandm_cds_2024-25.pdf,0
2024,georgetown,0,0,0,0,1,Nonresident,111,1007,1121,georgetown_cds_2024-2025.pdf,0
2024,georgetown,0,0,0,0,1,Hispanic/Latino,60,443,448,georgetown_cds_2024-2025.pdf,0
2024,georgetown,0,0,0,0,1,"Black or African American, non-Hispanic",87,370,375,georgetown_cds_2024-2025.pdf,0
2024,georgetown,0,0,0,0,1,"White, non-Hispanic",751,3480,3533,georgetown_cds_2024-2025.pdf,0
2024,georgetown,0,0,0,0,1,"American Indian or Alaska Native, non-Hispanic",0,6,7,georgetown_cds_2024-2025.pdf,0
2024,georgetown,0,0,0,0,1,"Asian, non-Hispanic",276,1168,1171,georgetown_cds_2024-2025.pdf,0
2024,georgetown,0,0,0,0,1,"Native Hawaiian or other Pacific Islander, non-Hispanic",0,10,11,georgetown_cds_2024-2025.pdf,0
2024,georgetown,0,0,0,0,1,"Two or more races, non-Hispanic",140,483,488,georgetown_cds_2024-2025.pdf,0
2024,georgetown,0,0,0,0,1,Race and/or ethnicity unknown,150,528,679,georgetown_cds_2024-2025.pdf,0
2024,georgetown,0,0,0,0,1,Total,1575,7495,7833,georgetown_cds_2024-2025.pdf,0
2024,grinnell,0,0,0,0,1,Nonresident,98,363,365,GC_CDS_2024-25.pdf,0
2024,grinnell,0,0,0,0,1,Hispanic/Latino,43,151,152,GC_CDS_2024-25.pdf,0
2024,grinnell,0,0,0,0,1,"Black or African American, non-Hispanic",20,81,85,GC_CDS_2024-25.pdf,0
2024,grinnell,0,0,0,0,1,"White, non-Hispanic",189,837,859,GC_CDS_2024-25.pdf,0
2024,grinnell,0,0,0,0,1,"American Indian or Alaska Native, non-Hispanic",0,1,1,GC_CDS_2024-25.pdf,0
2024,grinnell,0,0,0,0,1,"Asian, non-Hispanic",55,168,169,GC_CDS_2024-25.pdf,0
2024,grinnell,0,0,0,0,1,"Native Hawaiian or other Pacific Islander, non-Hispanic",1,1,1,GC_CDS_2024-25.pdf,0
2024,grinnell,0,0,0,0,1,"Two or more races, non-Hispanic",31,111,116,GC_CDS_2024-25.pdf,0
2024,grinnell,0,0,0,0,1,Race and/or ethnicity unknown,1,16,40,GC_CDS_2024-25.pdf,0
2024,grinnell,0,0,0,0,1,Total,438,1729,1788,GC_CDS_2024-25.pdf,0
2024,hamilton,0,0,1,1,1,Nonresident,36,166,,hamilton_cds_2024-2025.pdf,0
2024,hamilton,0,0,1,1,1,Hispanic/Latino,49,197,,hamilton_cds_2024-2025.pdf,0
2024,hamilton,0,0,1,1,1,"Black or African American, non-Hispanic",13,64,,hamilton_cds_2024-2025.pdf,0
2024,hamilton,0,0,1,1,1,"White, non-Hispanic",276,1263,,hamilton_cds_2024-2025.pdf,0
2024,hamilton,0,0,1,1,1,"American Indian or Alaska Native, non-Hispanic",1,1,,hamilton_cds_2024-2025.pdf,0
2024,hamilton,0,0,1,1,1,"Asian, non-Hispanic",40,183,,hamilton_cds_2024-2025.pdf,0
2024,hamilton,0,0,1,1,1,"Two or more races, non-Hispanic",25,120,,hamilton_cds_2024-2025.pdf,0
2024,hamilton,0,0,1,1,1,Race and/or ethnicity unknown,13,36,,hamilton_cds_2024-2025.pdf,0
2024,hamilton,0,0,1,1,1,Total,453,2030,0,hamilton_cds_2024-2025.pdf,0
2024,harvard,1,1,0,0,1,Nonresident,265,1048,1103,HarvardUniversity_CDS_2024-2025.pdf,0
2024,harvard,1,1,0,0,1,Hispanic/Latino,183,806,806,HarvardUniversity_CDS_2024-2025.pdf,0
2024,harvard,1,1,0,0,1,"Black or African American, non-Hispanic",112,628,628,HarvardUniversity_CDS_2024-2025.pdf,0
2024,harvard,1,1,0,0,1,"White, non-Hispanic",457,2088,2088,HarvardUniversity_CDS_2024-2025.pdf,0
2024,harvard,1,1,0,0,1,"American Indian or Alaska Native, non-Hispanic",3,24,24,HarvardUniversity_CDS_2024-2025.pdf,0
2024,harvard,1,1,0,0,1,"Asian, non-Hispanic",375,1647,1651,HarvardUniversity_CDS_2024-2025.pdf,0
2024,harvard,1,1,0,0,1,"Native Hawaiian or other Pacific Islander, non-Hispanic",2,11,11,HarvardUniversity_CDS_2024-2025.pdf,0
2024,harvard,1,1,0,0,1,"Two or more races, non-Hispanic",127,542,542,HarvardUniversity_CDS_2024-2025.pdf,0
2024,harvard,1,1,0,0,1,Race and/or ethnicity unknown,117,185,185,HarvardUniversity_CDS_2024-2025.pdf,0
2024,harvard,1,1,0,0,1,Total,1641,6979,7038,HarvardUniversity_CDS_2024-2025.pdf,0
2024,haverford,0,0,0,1,0,Nonresident,37,156,157,cds_2024-2025.pdf,0
2024,haverford,0,0,0,1,0,Hispanic/Latino,41,164,164,cds_2024-2025.pdf,0
2024,haverford,0,0,0,1,0,"Black or African American, non-Hispanic",14,63,63,cds_2024-2025.pdf,0
2024,haverford,0,0,0,1,0,"White, non-Hispanic",207,703,703,cds_2024-2025.pdf,0
2024,haverford,0,0,0,1,0,"Asian, non-Hispanic",49,185,185,cds_2024-2025.pdf,0
2024,haverford,0,0,0,1,0,"Native Hawaiian or other Pacific Islander, non-Hispanic",3,3,3,cds_2024-2025.pdf,0
2024,haverford,0,0,0,1,0,"Two or more races, non-Hispanic",34,147,147,cds_2024-2025.pdf,0
2024,haverford,0,0,0,1,0,Race and/or ethnicity unknown,2,9,9,cds_2024-2025.pdf,0
2024,haverford,0,0,0,1,0,Total,387,1430,1431,cds_2024-2025.pdf,0
2024,hmc,0,0,0,0,1,Nonresident,23,101,101,cds_2024-2025.pdf,0
2024,hmc,0,0,0,0,1,Hispanic/Latino,43,203,203,cds_2024-2025.pdf,0
2024,hmc,0,0,0,0,1,"Black or African American, non-Hispanic",8,48,48,cds_2024-2025.pdf,0
2024,hmc,0,0,0,0,1,"White, non-Hispanic",66,225,225,cds_2024-2025.pdf,0
2024,hmc,0,0,0,0,1,"American Indian or Alaska Native, non-Hispanic",1,3,3,cds_2024-2025.pdf,0
2024,hmc,0,0,0,0,1,"Asian, non-Hispanic",49,186,186,cds_2024-2025.pdf,0
2024,hmc,0,0,0,0,1,"Native Hawaiian or other Pacific Islander, non-Hispanic",0,1,1,cds_2024-2025.pdf,0
2024,hmc,0,0,0,0,1,"Two or more races, non-Hispanic",26,110,110,cds_2024-2025.pdf,0
2024,hmc,0,0,0,0,1,Race and/or ethnicity unknown,15,44,44,cds_2024-2025.pdf,0
2024,hmc,0,0,0,0,1,Total,231,921,921,cds_2024-2025.pdf,0
2024,jhu,0,1,0,0,1,Nonresident,209,866,,cds_2024-2025.pdf,0
2024,jhu,0,1,0,0,1,Hispanic/Latino,148,1063,,cds_2024-2025.pdf,0
2024,jhu,0,1,0,0,1,"Black or African American, non-Hispanic",48,474,,cds_2024-2025.pdf,0
2024,jhu,0,1,0,0,1,"White, non-Hispanic",292,1110,,cds_2024-2025.pdf,0
2024,jhu,0,1,0,0,1,"American Indian or Alaska Native, non-Hispanic",1,9,,cds_2024-2025.pdf,0
2024,jhu,0,1,0,0,1,"Asian, non-Hispanic",567,1672,,cds_2024-2025.pdf,0
2024,jhu,0,1,0,0,1,"Native Hawaiian or other Pacific Islander, non-Hispanic",2,5,,cds_2024-2025.pdf,0
2024,jhu,0,1,0,0,1,"Two or more races, non-Hispanic",80,377,,cds_2024-2025.pdf,0
2024,jhu,0,1,0,0,1,Race and/or ethnicity unknown,42,117,,cds_2024-2025.pdf,0
2024,jhu,0,1,0,0,1,Total,1389,5693,,cds_2024-2025.pdf,0
2024,middlebury,0,0,1,1,1,Nonresident,91,337,357,CDS_2024-2025.pdf,0
2024,middlebury,0,0,1,1,1,Hispanic/Latino,71,342,342,CDS_2024-2025.pdf,0
2024,middlebury,0,0,1,1,1,"Black or African American, non-Hispanic",20,143,143,CDS_2024-2025.pdf,0
2024,middlebury,0,0,1,1,1,"White, non-Hispanic",334,1484,1486,CDS_2024-2025.pdf,0
2024,middlebury,0,0,1,1,1,"American Indian or Alaska Native, non-Hispanic",0,1,1,CDS_2024-2025.pdf,0
2024,middlebury,0,0,1,1,1,"Asian, non-Hispanic",39,202,202,CDS_2024-2025.pdf,0
2024,middlebury,0,0,1,1,1,"Native Hawaiian or other Pacific Islander, non-Hispanic",0,0,0,CDS_2024-2025.pdf,0
2024,middlebury,0,0,1,1,1,"Two or more races, non-Hispanic",37,203,203,CDS_2024-2025.pdf,0
2024,middlebury,0,0,1,1,1,Race and/or ethnicity unknown,6,26,26,CDS_2024-2025.pdf,0
2024,middlebury,0,0,1,1,1,Total,598,2738,2760,CDS_2024-2025.pdf,0
2024,mit,0,1,0,0,1,Nonresident,125,529,529,2024-25-common-data-set.html,0
2024,mit,0,1,0,0,1,Hispanic/Latino,118,639,639,2024-25-common-data-set.html,0
2024,mit,0,1,0,0,1,"Black or African American, non-Hispanic",41,349,349,2024-25-common-data-set.html,0
2024,mit,0,1,0,0,1,"White, non-Hispanic",263,964,964,2024-25-common-data-set.html,0
2024,mit,0,1,0,0,1,"American Indian or Alaska Native, non-Hispanic",3,9,9,2024-25-common-data-set.html,0
2024,mit,0,1,0,0,1,"Asian, non-Hispanic",462,1595,1595,2024-25-common-data-set.html,0
2024,mit,0,1,0,0,1,"Native Hawaiian or other Pacific Islander, non-Hispanic",1,2,2,2024-25-common-data-set.html,0
2024,mit,0,1,0,0,1,"Two or more races, non-Hispanic",60,310,310,2024-25-common-data-set.html,0
2024,mit,0,1,0,0,1,Race and/or ethnicity unknown,25,138,138,2024-25-common-data-set.html,0
2024,mit,0,1,0,0,1,Total,1098,4535,4535,2024-25-common-data-set.html,0
2024,mtholyoke,0,0,0,1,0,Nonresident,85,423,428,mtholyoke_cds_2024-2025.pdf,0
2024,mtholyoke,0,0,0,1,0,Hispanic/Latino,64,222,222,mtholyoke_cds_2024-2025.pdf,0
2024,mtholyoke,0,0,0,1,0,"Black or African American, non-Hispanic",25,115,115,mtholyoke_cds_2024-2025.pdf,0
2024,mtholyoke,0,0,0,1,0,"White, non-Hispanic",274,1125,1126,mtholyoke_cds_2024-2025.pdf,0
2024,mtholyoke,0,0,0,1,0,"American Indian or Alaska Native, non-Hispanic",1,2,2,mtholyoke_cds_2024-2025.pdf,0
2024,mtholyoke,0,0,0,1,0,"Asian, non-Hispanic",25,146,146,mtholyoke_cds_2024-2025.pdf,0
2024,mtholyoke,0,0,0,1,0,"Native Hawaiian or other Pacific Islander, non-Hispanic",,2,2,mtholyoke_cds_2024-2025.pdf,0
2024,mtholyoke,0,0,0,1,0,"Two or more races, non-Hispanic",33,119,121,mtholyoke_cds_2024-2025.pdf,0
2024,mtholyoke,0,0,0,1,0,Race and/or ethnicity unknown,5,15,16,mtholyoke_cds_2024-2025.pdf,0
2024,mtholyoke,0,0,0,1,0,Total,512,2169,2178,mtholyoke_cds_2024-2025.pdf,0
2024,northwestern,0,0,0,0,1,Nonresident,275,1066,1068,cds_2024-25.pdf,0
2024,northwestern,0,0,0,0,1,Hispanic/Latino,382,1422,1423,cds_2024-25.pdf,0
2024,northwestern,0,0,0,0,1,"Black or African American, non-Hispanic",230,752,753,cds_2024-25.pdf,0
2024,northwestern,0,0,0,0,1,"White, non-Hispanic",528,2733,2740,cds_2024-25.pdf,0
2024,northwestern,0,0,0,0,1,"American Indian or Alaska Native, non-Hispanic",7,14,14,cds_2024-25.pdf,0
2024,northwestern,0,0,0,0,1,"Asian, non-Hispanic",415,1925,1932,cds_2024-25.pdf,0
2024,northwestern,0,0,0,0,1,"Native Hawaiian or other Pacific Islander, non-Hispanic",2,5,5,cds_2024-25.pdf,0
2024,northwestern,0,0,0,0,1,"Two or more races, non-Hispanic",158,716,716,cds_2024-25.pdf,0
2024,northwestern,0,0,0,0,1,Race and/or ethnicity unknown,108,402,409,cds_2024-25.pdf,0
2024,northwestern,0,0,0,0,1,Total,2105,9035,9060,cds_2024-25.pdf,0
2024,notredame,0,0,0,0,1,Nonresident,159,605,664,CDS_2024-2025.pdf,0
2024,notredame,0,0,0,0,1,Hispanic/Latino,366,1351,1351,CDS_2024-2025.pdf,0
2024,notredame,0,0,0,0,1,"Black or African American, non-Hispanic",70,416,416,CDS_2024-2025.pdf,0
2024,notredame,0,0,0,0,1,"White, non-Hispanic",1232,5237,5237,CDS_2024-2025.pdf,0
2024,notredame,0,0,0,0,1,"American Indian or Alaska Native, non-Hispanic",2,10,10,CDS_2024-2025.pdf,0
2024,notredame,0,0,0,0,1,"Asian, non-Hispanic",117,504,506,CDS_2024-2025.pdf,0
2024,notredame,0,0,0,0,1,"Native Hawaiian or other Pacific Islander, non-Hispanic",2,13,13,CDS_2024-2025.pdf,0
2024,notredame,0,0,0,0,1,"Two or more races, non-Hispanic",89,492,492,CDS_2024-2025.pdf,0
2024,notredame,0,0,0,0,1,Race and/or ethnicity unknown,45,190,191,CDS_2024-2025.pdf,0
2024,notredame,0,0,0,0,1,Total,2082,8818,8880,CDS_2024-2025.pdf,0
2024,oberlin,0,0,0,1,0,Nonresident,82.0,274.0,,Oberlin_CDS_2024-25.pdf,0
2024,oberlin,0,0,0,1,0,Hispanic/Latino,79.0,265.0,,Oberlin_CDS_2024-25.pdf,0
2024,oberlin,0,0,0,1,0,"Black or African American, non-Hispanic",38.0,125.0,,Oberlin_CDS_2024-25.pdf,0
2024,oberlin,0,0,0,1,0,"White, non-Hispanic",393.0,1759.0,,Oberlin_CDS_2024-25.pdf,0
2024,oberlin,0,0,0,1,0,"American Indian or Alaska Native, non-Hispanic",1.0,1.0,,Oberlin_CDS_2024-25.pdf,0
2024,oberlin,0,0,0,1,0,"Asian, non-Hispanic",26.0,147.0,,Oberlin_CDS_2024-25.pdf,0
2024,oberlin,0,0,0,1,0,"Two or more races, non-Hispanic",65.0,264.0,,Oberlin_CDS_2024-25.pdf,0
2024,oberlin,0,0,0,1,0,Race and/or ethnicity unknown,16.0,50.0,,Oberlin_CDS_2024-25.pdf,0
2024,oberlin,0,0,0,1,0,Total,701.0,2886.0,2896.0,Oberlin_CDS_2024-25.pdf,0
2024,penn,1,1,0,0,1,Nonresident,309,1327,,UPenn_CDS_2024-25.pdf,0
2024,penn,1,1,0,0,1,Hispanic/Latino,271,1163,,UPenn_CDS_2024-25.pdf,0
2024,penn,1,1,0,0,1,"Black or African American, non-Hispanic",206,876,,UPenn_CDS_2024-25.pdf,0
2024,penn,1,1,0,0,1,"White, non-Hispanic",525,2583,,UPenn_CDS_2024-25.pdf,0
2024,penn,1,1,0,0,1,"American Indian or Alaska Native, non-Hispanic",8,15,,UPenn_CDS_2024-25.pdf,0
2024,penn,1,1,0,0,1,"Asian, non-Hispanic",753,2964,,UPenn_CDS_2024-25.pdf,0
2024,penn,1,1,0,0,1,"Native Hawaiian or other Pacific Islander, non-Hispanic",1,2,,UPenn_CDS_2024-25.pdf,0
2024,penn,1,1,0,0,1,"Two or more races, non-Hispanic",126,537,,UPenn_CDS_2024-25.pdf,0
2024,penn,1,1,0,0,1,Race and/or ethnicity unknown,194,546,,UPenn_CDS_2024-25.pdf,0
2024,pomona,0,0,0,1,1,Nonresident,63,234,241,CDS_2024-2025.pdf,0
2024,pomona,0,0,0,1,1,Hispanic/Latino,78,295,296,CDS_2024-2025.pdf,0
2024,pomona,0,0,0,1,1,"Black or African American, non-Hispanic",22,156,157,CDS_2024-2025.pdf,0
2024,pomona,0,0,0,1,1,"White, non-Hispanic",127,500,511,CDS_2024-2025.pdf,0
2024,pomona,0,0,0,1,1,"American Indian or Alaska Native, non-Hispanic",0,1,1,CDS_2024-2025.pdf,0
2024,pomona,0,0,0,1,1,"Asian, non-Hispanic",93,318,328,CDS_2024-2025.pdf,0
2024,pomona,0,0,0,1,1,"Native Hawaiian or other Pacific Islander, non-Hispanic",0,9,9,CDS_2024-2025.pdf,0
2024,pomona,0,0,0,1,1,"Two or more races, non-Hispanic",30,160,163,CDS_2024-2025.pdf,0
2024,pomona,0,0,0,1,1,Race and/or ethnicity unknown,23,59,60,CDS_2024-2025.pdf,0
2024,pomona,0,0,0,1,1,Total,436,1732,1766,CDS_2024-2025.pdf,0
2024,princeton,1,1,0,0,1,Nonresident,171,721,751,CDS_2425_Princeton_v1.2.pdf,0
2024,princeton,1,1,0,0,1,Hispanic/Latino,126,574,577,CDS_2425_Princeton_v1.2.pdf,0
2024,princeton,1,1,0,0,1,"Black or African American, non-Hispanic",125,499,499,CDS_2425_Princeton_v1.2.pdf,0
2024,princeton,1,1,0,0,1,"White, non-Hispanic",441,1921,1925,CDS_2425_Princeton_v1.2.pdf,0
2024,princeton,1,1,0,0,1,"American Indian or Alaska Native, non-Hispanic",1,9,9,CDS_2425_Princeton_v1.2.pdf,0
2024,princeton,1,1,0,0,1,"Asian, non-Hispanic",334,1339,1343,CDS_2425_Princeton_v1.2.pdf,0
2024,princeton,1,1,0,0,1,"Native Hawaiian or other Pacific Islander, non-Hispanic",0,3,3,CDS_2425_Princeton_v1.2.pdf,0
2024,princeton,1,1,0,0,1,"Two or more races, non-Hispanic",101,411,413,CDS_2425_Princeton_v1.2.pdf,0
2024,princeton,1,1,0,0,1,Race and/or ethnicity unknown,108,232,293,CDS_2425_Princeton_v1.2.pdf,0
2024,princeton,1,1,0,0,1,Total,1407,5709,5813,CDS_2425_Princeton_v1.2.pdf,0
2024,reed,0,0,0,1,0,Nonresident,30,111,124,reed-cds-secB-2024-2025.pdf,0
2024,reed,0,0,0,1,0,Hispanic/Latino,43,162,163,reed-cds-secB-2024-2025.pdf,0
2024,reed,0,0,0,1,0,"Black or African American, non-Hispanic",10,22,22,reed-cds-secB-2024-2025.pdf,0
2024,reed,0,0,0,1,0,"White, non-Hispanic",157,769,773,reed-cds-secB-2024-2025.pdf,0
2024,reed,0,0,0,1,0,"American Indian or Alaska Native, non-Hispanic",0,4,4,reed-cds-secB-2024-2025.pdf,0
2024,reed,0,0,0,1,0,"Asian, non-Hispanic",22,107,110,reed-cds-secB-2024-2025.pdf,0
2024,reed,0,0,0,1,0,"Native Hawaiian or other Pacific Islander, non-Hispanic",0,0,0,reed-cds-secB-2024-2025.pdf,0
2024,reed,0,0,0,1,0,"Two or more races, non-Hispanic",41,137,137,reed-cds-secB-2024-2025.pdf,0
2024,reed,0,0,0,1,0,Race and/or ethnicity unknown,0,8,13,reed-cds-secB-2024-2025.pdf,0
2024,reed,0,0,0,1,0,Total,303,1320,1346,reed-cds-secB-2024-2025.pdf,0
2024,rice,0,0,0,0,1,Nonresident,156,611,622,cds_2024-25.pdf,0
2024,rice,0,0,0,0,1,Hispanic/Latino,192,797,797,cds_2024-25.pdf,0
2024,rice,0,0,0,0,1,"Black or African American, non-Hispanic",67,377,377,cds_2024-25.pdf,0
2024,rice,0,0,0,0,1,"White, non-Hispanic",294,1221,1223,cds_2024-25.pdf,0
2024,rice,0,0,0,0,1,"American Indian or Alaska Native, non-Hispanic",1,7,7,cds_2024-25.pdf,0
2024,rice,0,0,0,0,1,"Asian, non-Hispanic",333,1390,1390,cds_2024-25.pdf,0
2024,rice,0,0,0,0,1,"Native Hawaiian or other Pacific Islander, non-Hispanic",1,3,3,cds_2024-25.pdf,0
2024,rice,0,0,0,0,1,"Two or more races, non-Hispanic",69,265,265,cds_2024-25.pdf,0
2024,rice,0,0,0,0,1,Race and/or ethnicity unknown,34,105,105,cds_2024-25.pdf,0
2024,rice,0,0,0,0,1,Total,1147,4776,4789,cds_2024-25.pdf,0
2024,richmond,0,0,0,0,1,Nonresident,90,319,376,cds_2024-25.pdf,0
2024,richmond,0,0,0,0,1,Hispanic/Latino,66,273,274,cds_2024-25.pdf,0
2024,richmond,0,0,0,0,1,"Black or African American, non-Hispanic",40,193,196,cds_2024-25.pdf,0
2024,richmond,0,0,0,0,1,"White, non-Hispanic",556,1844,1854,cds_2024-25.pdf,0
2024,richmond,0,0,0,0,1,"American Indian or Alaska Native, non-Hispanic",0,0,0,cds_2024-25.pdf,0
2024,richmond,0,0,0,0,1,"Asian, non-Hispanic",40,185,187,cds_2024-25.pdf,0
2024,richmond,0,0,0,0,1,"Native Hawaiian or other Pacific Islander, non-Hispanic",0,0,0,cds_2024-25.pdf,0
2024,richmond,0,0,0,0,1,"Two or more races, non-Hispanic",42,124,125,cds_2024-25.pdf,0
2024,richmond,0,0,0,0,1,Race and/or ethnicity unknown,7,42,43,cds_2024-25.pdf,0
2024,richmond,0,0,0,0,1,Total,841,2980,3055,cds_2024-25.pdf,0
2024,sarahlawrence,0,0,0,1,0,Nonresident,25,75,83,slc-cds-2024-2025.pdf,0
2024,sarahlawrence,0,0,0,1,0,Hispanic/Latino,57,186,187,slc-cds-2024-2025.pdf,0
2024,sarahlawrence,0,0,0,1,0,"Black or African American, non-Hispanic",26,79,80,slc-cds-2024-2025.pdf,0
2024,sarahlawrence,0,0,0,1,0,"White, non-Hispanic",258,928,943,slc-cds-2024-2025.pdf,0
2024,sarahlawrence,0,0,0,1,0,"American Indian or Alaska Native, non-Hispanic",1,2,2,slc-cds-2024-2025.pdf,0
2024,sarahlawrence,0,0,0,1,0,"Asian, non-Hispanic",18,78,78,slc-cds-2024-2025.pdf,0
2024,sarahlawrence,0,0,0,1,0,"Native Hawaiian or other Pacific Islander, non-Hispanic",0,4,4,slc-cds-2024-2025.pdf,0
2024,sarahlawrence,0,0,0,1,0,"Two or more races, non-Hispanic",27,105,107,slc-cds-2024-2025.pdf,0
2024,sarahlawrence,0,0,0,1,0,Race and/or ethnicity unknown,5,55,98,slc-cds-2024-2025.pdf,0
2024,sarahlawrence,0,0,0,1,0,Total,417,1512,1582,slc-cds-2024-2025.pdf,0
2024,smith,0,0,0,1,1,Nonresident,101,349,351,CDS_2024-2025.pdf,0
2024,smith,0,0,0,1,1,Hispanic/Latino,83,309,309,CDS_2024-2025.pdf,0
2024,smith,0,0,0,1,1,"Black or African American, non-Hispanic",29,131,131,CDS_2024-2025.pdf,0
2024,smith,0,0,0,1,1,"White, non-Hispanic",293,1282,1283,CDS_2024-2025.pdf,0
2024,smith,0,0,0,1,1,"American Indian or Alaska Native, non-Hispanic",0,1,1,CDS_2024-2025.pdf,0
2024,smith,0,0,0,1,1,"Asian, non-Hispanic",59,234,234,CDS_2024-2025.pdf,0
2024,smith,0,0,0,1,1,"Native Hawaiian or other Pacific Islander, non-Hispanic",1,3,3,CDS_2024-2025.pdf,0
2024,smith,0,0,0,1,1,"Two or more races, non-Hispanic",50,165,165,CDS_2024-2025.pdf,0
2024,smith,0,0,0,1,1,Race and/or ethnicity unknown,29,70,72,CDS_2024-2025.pdf,0
2024,smith,0,0,0,1,1,Total,645,2544,2549,CDS_2024-2025.pdf,0
2024,stanford,0,1,0,0,1,Nonresident,242,965,965,cds_2024-2025.pdf,0
2024,stanford,0,1,0,0,1,Hispanic/Latino,248,1289,1501,cds_2024-2025.pdf,0
2024,stanford,0,1,0,0,1,"Black or African American, non-Hispanic",76,560,644,cds_2024-2025.pdf,0
2024,stanford,0,1,0,0,1,"White, non-Hispanic",408,1737,1754,cds_2024-2025.pdf,0
2024,stanford,0,1,0,0,1,"American Indian or Alaska Native, non-Hispanic",12,60,62,cds_2024-2025.pdf,0
2024,stanford,0,1,0,0,1,"Asian, non-Hispanic",559,2170,2199,cds_2024-2025.pdf,0
2024,stanford,0,1,0,0,1,"Native Hawaiian or other Pacific Islander, non-Hispanic",2,14,16,cds_2024-2025.pdf,0
2024,stanford,0,1,0,0,1,"Two or more races, non-Hispanic",141,724,724,cds_2024-2025.pdf,0
2024,stanford,0,1,0,0,1,Race and/or ethnicity unknown,5,35,39,cds_2024-2025.pdf,0
2024,stanford,0,1,0,0,1,Total,1693,7554,7904,cds_2024-2025.pdf,0
2024,trinity,0,0,1,1,0,Nonresident,62,295,,CDS_2024-2025.pdf,0
2024,trinity,0,0,1,1,0,Hispanic/Latino,74,220,,CDS_2024-2025.pdf,0
2024,trinity,0,0,1,1,0,"Black or African American, non-Hispanic",40,130,,CDS_2024-2025.pdf,0
2024,trinity,0,0,1,1,0,"White, non-Hispanic",298,1259,,CDS_2024-2025.pdf,0
2024,trinity,0,0,1,1,0,"American Indian or Alaska Native, non-Hispanic",1,2,,CDS_2024-2025.pdf,0
2024,trinity,0,0,1,1,0,"Asian, non-Hispanic",20,94,,CDS_2024-2025.pdf,0
2024,trinity,0,0,1,1,0,"Native Hawaiian or other Pacific Islander, non-Hispanic",0,0,,CDS_2024-2025.pdf,0
2024,trinity,0,0,1,1,0,"Two or more races, non-Hispanic",32,98,,CDS_2024-2025.pdf,0
2024,trinity,0,0,1,1,0,Race and/or ethnicity unknown,15,48,,CDS_2024-2025.pdf,0
2024,trinity,0,0,1,1,0,Total,542,2146,0,CDS_2024-2025.pdf,0
2024,tufts,0,0,1,1,0,Nonresident,238,887,890,CDS_2024-2025.pdf,0
2024,tufts,0,0,1,1,0,Hispanic/Latino,181,714,724,CDS_2024-2025.pdf,0
2024,tufts,0,0,1,1,0,"Black or African American, non-Hispanic",73,428,438,CDS_2024-2025.pdf,0
2024,tufts,0,0,1,1,0,"White, non-Hispanic",751,2869,2890,CDS_2024-2025.pdf,0
2024,tufts,0,0,1,1,0,"American Indian or Alaska Native, non-Hispanic",0,3,3,CDS_2024-2025.pdf,0
2024,tufts,0,0,1,1,0,"Asian, non-Hispanic",312,1189,1192,CDS_2024-2025.pdf,0
2024,tufts,0,0,1,1,0,"Native Hawaiian or other Pacific Islander, non-Hispanic",0,8,8,CDS_2024-2025.pdf,0
2024,tufts,0,0,1,1,0,"Two or more races, non-Hispanic",121,550,553,CDS_2024-2025.pdf,0
2024,tufts,0,0,1,1,0,Race and/or ethnicity unknown,123,413,428,CDS_2024-2025.pdf,0
2024,tufts,0,0,1,1,0,Total,1799,7061,7126,CDS_2024-2025.pdf,0
2024,uchicago,0,1,0,0,1,Nonresident,318,1319,1332,UChicago_CDS_2024-25.pdf,0
2024,uchicago,0,1,0,0,1,Hispanic/Latino,246,1265,1265,UChicago_CDS_2024-25.pdf,0
2024,uchicago,0,1,0,0,1,"Black or African American, non-Hispanic",97,514,516,UChicago_CDS_2024-25.pdf,0
2024,uchicago,0,1,0,0,1,"White, non-Hispanic",529,2214,2215,UChicago_CDS_2024-25.pdf,0
2024,uchicago,0,1,0,0,1,"American Indian or Alaska Native, non-Hispanic",2,3,3,UChicago_CDS_2024-25.pdf,0
2024,uchicago,0,1,0,0,1,"Asian, non-Hispanic",364,1455,1455,UChicago_CDS_2024-25.pdf,0
2024,uchicago,0,1,0,0,1,"Native Hawaiian or other Pacific Islander, non-Hispanic",1,2,2,UChicago_CDS_2024-25.pdf,0
2024,uchicago,0,1,0,0,1,"Two or more races, non-Hispanic",117,526,526,UChicago_CDS_2024-25.pdf,0
2024,uchicago,0,1,0,0,1,Race and/or ethnicity unknown,52,205,205,UChicago_CDS_2024-25.pdf,0
2024,uchicago,0,1,0,0,1,Total,1726,7503,7519,UChicago_CDS_2024-25.pdf,0
2024,umich,0,0,0,0,1,Nonresident,305,2598,2762,CDS_2024-2025.pdf,0
2024,umich,0,0,0,0,1,Hispanic/Latino,1074,3995,4002,CDS_2024-2025.pdf,0
2024,umich,0,0,0,0,1,"Black or African American, non-Hispanic",459,1788,1796,CDS_2024-2025.pdf,0
2024,umich,0,0,0,0,1,"White, non-Hispanic",3262,15963,16017,CDS_2024-2025.pdf,0
2024,umich,0,0,0,0,1,"Asian, non-Hispanic",1322,6306,6326,CDS_2024-2025.pdf,0
2024,umich,0,0,0,0,1,"Two or more races, non-Hispanic",488,1960,1962,CDS_2024-2025.pdf,0
2024,umich,0,0,0,0,1,Race and/or ethnicity unknown,344,1479,1501,CDS_2024-2025.pdf,0
2024,umich,0,0,0,0,1,Total,7278,34177,34454,CDS_2024-2025.pdf,0
2024,union,0,0,0,1,0,Nonresident,64,217,218,union-cds-2024-2025.pdf,0
2024,union,0,0,0,1,0,Hispanic/Latino,84,223,225,union-cds-2024-2025.pdf,0
2024,union,0,0,0,1,0,"Black or African American, non-Hispanic",31,88,89,union-cds-2024-2025.pdf,0
2024,union,0,0,0,1,0,"White, non-Hispanic",249,1274,1283,union-cds-2024-2025.pdf,0
2024,union,0,0,0,1,0,"American Indian or Alaska Native, non-Hispanic",0,0,0,union-cds-2024-2025.pdf,0
2024,union,0,0,0,1,0,"Asian, non-Hispanic",47,151,152,union-cds-2024-2025.pdf,0
2024,union,0,0,0,1,0,"Native Hawaiian or other Pacific Islander, non-Hispanic",0,2,2,union-cds-2024-2025.pdf,0
2024,union,0,0,0,1,0,"Two or more races, non-Hispanic",25,75,77,union-cds-2024-2025.pdf,0
2024,union,0,0,0,1,0,Race and/or ethnicity unknown,0,1,19,union-cds-2024-2025.pdf,0
2024,union,0,0,0,1,0,Total,500,2031,2065,union-cds-2024-2025.pdf,0
2024,vassar,0,0,0,1,1,Nonresident,44,148,150,Vassar-College-CDS-2024-2025.pdf,0
2024,vassar,0,0,0,1,1,Hispanic/Latino,101,332,333,Vassar-College-CDS-2024-2025.pdf,0
2024,vassar,0,0,0,1,1,"Black or African American, non-Hispanic",23,92,92,Vassar-College-CDS-2024-2025.pdf,0
2024,vassar,0,0,0,1,1,"White, non-Hispanic",357,1321,1329,Vassar-College-CDS-2024-2025.pdf,0
2024,vassar,0,0,0,1,1,"American Indian or Alaska Native, non-Hispanic",0,2,2,Vassar-College-CDS-2024-2025.pdf,0
2024,vassar,0,0,0,1,1,"Asian, non-Hispanic",72,286,286,Vassar-College-CDS-2024-2025.pdf,0
2024,vassar,0,0,0,1,1,"Native Hawaiian or other Pacific Islander, non-Hispanic",0,0,0,Vassar-College-CDS-2024-2025.pdf,0
2024,vassar,0,0,0,1,1,"Two or more races, non-Hispanic",50,199,199,Vassar-College-CDS-2024-2025.pdf,0
2024,vassar,0,0,0,1,1,Race and/or ethnicity unknown,14,64,71,Vassar-College-CDS-2024-2025.pdf,0
2024,vassar,0,0,0,1,1,Total,661,2444,2462,Vassar-College-CDS-2024-2025.pdf,0
2024,washandlee,0,0,0,1,1,Nonresident,44,155,158,wlu_cds_2024-25.pdf,0
2024,washandlee,0,0,0,1,1,Hispanic/Latino,39,162,162,wlu_cds_2024-25.pdf,0
2024,washandlee,0,0,0,1,1,"Black or African American, non-Hispanic",23,86,86,wlu_cds_2024-25.pdf,0
2024,washandlee,0,0,0,1,1,"White, non-Hispanic",313,1279,1279,wlu_cds_2024-25.pdf,0
2024,washandlee,0,0,0,1,1,"American Indian or Alaska Native, non-Hispanic",0,3,3,wlu_cds_2024-25.pdf,0
2024,washandlee,0,0,0,1,1,"Asian, non-Hispanic",24,89,90,wlu_cds_2024-25.pdf,0
2024,washandlee,0,0,0,1,1,"Native Hawaiian or other Pacific Islander, non-Hispanic",0,3,3,wlu_cds_2024-25.pdf,0
2024,washandlee,0,0,0,1,1,"Two or more races, non-Hispanic",19,82,82,wlu_cds_2024-25.pdf,0
2024,washandlee,0,0,0,1,1,Race and/or ethnicity unknown,10,22,23,wlu_cds_2024-25.pdf,0
2024,washandlee,0,0,0,1,1,Total,472,1881,1886,wlu_cds_2024-25.pdf,0
2024,wellesley,0,0,0,1,1,Nonresident,78,307,316,Wellesley_CDS_2024-2025.pdf,0
2024,wellesley,0,0,0,1,1,Hispanic/Latino,61,331,332,Wellesley_CDS_2024-2025.pdf,0
2024,wellesley,0,0,0,1,1,"Black or African American, non-Hispanic",30,194,199,Wellesley_CDS_2024-2025.pdf,0
2024,wellesley,0,0,0,1,1,"White, non-Hispanic",185,686,714,Wellesley_CDS_2024-2025.pdf,0
2024,wellesley,0,0,0,1,1,"American Indian or Alaska Native, non-Hispanic",0,2,2,Wellesley_CDS_2024-2025.pdf,0
2024,wellesley,0,0,0,1,1,"Asian, non-Hispanic",176,591,607,Wellesley_CDS_2024-2025.pdf,0
2024,wellesley,0,0,0,1,1,"Native Hawaiian or other Pacific Islander, non-Hispanic",2,5,5,Wellesley_CDS_2024-2025.pdf,0
2024,wellesley,0,0,0,1,1,"Two or more races, non-Hispanic",48,177,186,Wellesley_CDS_2024-2025.pdf,0
2024,wellesley,0,0,0,1,1,Race and/or ethnicity unknown,3,7,46,Wellesley_CDS_2024-2025.pdf,0
2024,wellesley,0,0,0,1,1,Total,583,2300,2407,Wellesley_CDS_2024-2025.pdf,0
2024,williams,0,0,1,1,1,Nonresident,60,182,189,CDS_2024_2025_Williams_V5.pdf,0
2024,williams,0,0,1,1,1,Hispanic/Latino,85,293,293,CDS_2024_2025_Williams_V5.pdf,0
2024,williams,0,0,1,1,1,"Black or African American, non-Hispanic",40,126,127,CDS_2024_2025_Williams_V5.pdf,0
2024,williams,0,0,1,1,1,"White, non-Hispanic",233,965,976,CDS_2024_2025_Williams_V5.pdf,0
2024,williams,0,0,1,1,1,"American Indian or Alaska Native, non-Hispanic",0,2,2,CDS_2024_2025_Williams_V5.pdf,0
2024,williams,0,0,1,1,1,"Asian, non-Hispanic",63,258,260,CDS_2024_2025_Williams_V5.pdf,0
2024,williams,0,0,1,1,1,"Native Hawaiian or other Pacific Islander, non-Hispanic",0,0,0,CDS_2024_2025_Williams_V5.pdf,0
2024,williams,0,0,1,1,1,"Two or more races, non-Hispanic",43,155,161,CDS_2024_2025_Williams_V5.pdf,0
2024,williams,0,0,1,1,1,Race and/or ethnicity unknown,23,90,93,CDS_2024_2025_Williams_V5.pdf,0
2024,williams,0,0,1,1,1,Total,547,2071,2101,CDS_2024_2025_Williams_V5.pdf,0
2024,wustl,0,0,0,0,1,Nonresident,210,711,774,wustl_cds_2024-2025.pdf,0
2024,wustl,0,0,0,0,1,Hispanic/Latino,239,1035,1059,wustl_cds_2024-2025.pdf,0
2024,wustl,0,0,0,0,1,"Black or African American, non-Hispanic",106,684,762,wustl_cds_2024-2025.pdf,0
2024,wustl,0,0,0,0,1,"White, non-Hispanic",686,3117,3258,wustl_cds_2024-2025.pdf,0
2024,wustl,0,0,0,0,1,"American Indian or Alaska Native, non-Hispanic",5,8,8,wustl_cds_2024-2025.pdf,0
2024,wustl,0,0,0,0,1,"Asian, non-Hispanic",412,1640,1665,wustl_cds_2024-2025.pdf,0
2024,wustl,0,0,0,0,1,"Native Hawaiian or other Pacific Islander, non-Hispanic",0,4,4,wustl_cds_2024-2025.pdf,0
2024,wustl,0,0,0,0,1,"Two or more races, non-Hispanic",93,486,497,wustl_cds_2024-2025.pdf,0
2024,wustl,0,0,0,0,1,Race and/or ethnicity unknown,96,172,193,wustl_cds_2024-2025.pdf,0
2024,wustl,0,0,0,0,1,Total,1847,7857,8220,wustl_cds_2024-2025.pdf,0
2024,yale,1,1,0,0,1,Nonresident,169,754,756,yale_cds_2024-25_rmd_20250612.pdf,0
2024,yale,1,1,0,0,1,Hispanic/Latino,289,1121,1121,yale_cds_2024-25_rmd_20250612.pdf,0
2024,yale,1,1,0,0,1,"Black or African American, non-Hispanic",149,628,628,yale_cds_2024-25_rmd_20250612.pdf,0
2024,yale,1,1,0,0,1,"White, non-Hispanic",463,2110,2111,yale_cds_2024-25_rmd_20250612.pdf,0
2024,yale,1,1,0,0,1,"American Indian or Alaska Native, non-Hispanic",7,27,27,yale_cds_2024-25_rmd_20250612.pdf,0
2024,yale,1,1,0,0,1,"Asian, non-Hispanic",320,1483,1483,yale_cds_2024-25_rmd_20250612.pdf,0
2024,yale,1,1,0,0,1,"Native Hawaiian or other Pacific Islander, non-Hispanic",2,11,11,yale_cds_2024-25_rmd_20250612.pdf,0
2024,yale,1,1,0,0,1,"Two or more races, non-Hispanic",100,479,479,yale_cds_2024-25_rmd_20250612.pdf,0
2024,yale,1,1,0,0,1,Race and/or ethnicity unknown,55,145,198,yale_cds_2024-25_rmd_20250612.pdf,0
2024,yale,1,1,0,0,1,Total,1554,6758,6814,yale_cds_2024-25_rmd_20250612.pdf,0
2025,amherst,0,0,1,1,1,Nonresident,55,244,250,amherst_cds_2025_B._Enrollment_&_Persistence_2025-26_0.pdf,0
2025,amherst,0,0,1,1,1,Hispanic/Latino,73,256,256,amherst_cds_2025_B._Enrollment_&_Persistence_2025-26_0.pdf,0
2025,amherst,0,0,1,1,1,"Black or African American, non-Hispanic",28,155,155,amherst_cds_2025_B._Enrollment_&_Persistence_2025-26_0.pdf,0
2025,amherst,0,0,1,1,1,"White, non-Hispanic",193,708,708,amherst_cds_2025_B._Enrollment_&_Persistence_2025-26_0.pdf,0
2025,amherst,0,0,1,1,1,"American Indian or Alaska Native, non-Hispanic",2,4,4,amherst_cds_2025_B._Enrollment_&_Persistence_2025-26_0.pdf,0
2025,amherst,0,0,1,1,1,"Asian, non-Hispanic",56,299,299,amherst_cds_2025_B._Enrollment_&_Persistence_2025-26_0.pdf,0
2025,amherst,0,0,1,1,1,"Native Hawaiian or other Pacific Islander, non-Hispanic",0,0,0,amherst_cds_2025_B._Enrollment_&_Persistence_2025-26_0.pdf,0
2025,amherst,0,0,1,1,1,"Two or more races, non-Hispanic",49,166,166,amherst_cds_2025_B._Enrollment_&_Persistence_2025-26_0.pdf,0
2025,amherst,0,0,1,1,1,Race and/or ethnicity unknown,29,69,69,amherst_cds_2025_B._Enrollment_&_Persistence_2025-26_0.pdf,0
2025,amherst,0,0,1,1,1,Total,485,1901,1907,amherst_cds_2025_B._Enrollment_&_Persistence_2025-26_0.pdf,0
2025,barnard,0,0,0,1,1,Nonresident,104,535,539,CDS_2025-2026.pdf,0
2025,barnard,0,0,0,1,1,Hispanic/Latino,102,443,443,CDS_2025-2026.pdf,0
2025,barnard,0,0,0,1,1,"Black or African American, non-Hispanic",40,167,168,CDS_2025-2026.pdf,0
2025,barnard,0,0,0,1,1,"White, non-Hispanic",186,957,957,CDS_2025-2026.pdf,0
2025,barnard,0,0,0,1,1,"American Indian or Alaska Native, non-Hispanic",1,2,2,CDS_2025-2026.pdf,0
2025,barnard,0,0,0,1,1,"Asian, non-Hispanic",189,786,786,CDS_2025-2026.pdf,0
2025,barnard,0,0,0,1,1,"Native Hawaiian or other Pacific Islander, non-Hispanic",0,,,CDS_2025-2026.pdf,0
2025,barnard,0,0,0,1,1,"Two or more races, non-Hispanic",53,238,239,CDS_2025-2026.pdf,0
2025,barnard,0,0,0,1,1,Race and/or ethnicity unknown,27,89,89,CDS_2025-2026.pdf,0
2025,barnard,0,0,0,1,1,Total,702,3217,3223,CDS_2025-2026.pdf,0
2025,bates,0,0,1,1,1,Nonresident,39,152,152,CDS_2025-2026.pdf,0
2025,bates,0,0,1,1,1,Hispanic/Latino,30,155,155,CDS_2025-2026.pdf,0
2025,bates,0,0,1,1,1,"Black or African American, non-Hispanic",12,62,62,CDS_2025-2026.pdf,0
2025,bates,0,0,1,1,1,"White, non-Hispanic",332,1091,1091,CDS_2025-2026.pdf,0
2025,bates,0,0,1,1,1,"American Indian or Alaska Native, non-Hispanic",0,2,2,CDS_2025-2026.pdf,0
2025,bates,0,0,1,1,1,"Asian, non-Hispanic",32,113,113,CDS_2025-2026.pdf,0
2025,bates,0,0,1,1,1,"Native Hawaiian or other Pacific Islander, non-Hispanic",0,0,0,CDS_2025-2026.pdf,0
2025,bates,0,0,1,1,1,"Two or more races, non-Hispanic",44,152,152,CDS_2025-2026.pdf,0
2025,bates,0,0,1,1,1,Race and/or ethnicity unknown,4,9,9,CDS_2025-2026.pdf,0
2025,bates,0,0,1,1,1,Total,493,1736,1736,CDS_2025-2026.pdf,0
2025,berkeley,0,0,0,0,1,Nonresident,762,3238,3238,CDS_2025-2026.xlsx,0
2025,berkeley,0,0,0,0,1,Hispanic/Latino,1430,7482,7483,CDS_2025-2026.xlsx,0
2025,berkeley,0,0,0,0,1,"Black or African American, non-Hispanic",117,641,641,CDS_2025-2026.xlsx,0
2025,berkeley,0,0,0,0,1,"White, non-Hispanic",1106,6319,6319,CDS_2025-2026.xlsx,0
2025,berkeley,0,0,0,0,1,"American Indian or Alaska Native, non-Hispanic",19,56,56,CDS_2025-2026.xlsx,0
2025,berkeley,0,0,0,0,1,"Asian, non-Hispanic",2434,11696,11697,CDS_2025-2026.xlsx,0
2025,berkeley,0,0,0,0,1,"Native Hawaiian or other Pacific Islander, non-Hispanic",11,34,34,CDS_2025-2026.xlsx,0
2025,berkeley,0,0,0,0,1,"Two or more races, non-Hispanic",460,2310,2310,CDS_2025-2026.xlsx,0
2025,berkeley,0,0,0,0,1,Race and/or ethnicity unknown,348,1344,1344,CDS_2025-2026.xlsx,0
2025,berkeley,0,0,0,0,1,Total,6687,33120,33122,CDS_2025-2026.xlsx,0
2025,bowdoin,0,0,1,1,1,Nonresident,26,118,119,bowdoin-cds_2025-2026.pdf,0
2025,bowdoin,0,0,1,1,1,Hispanic/Latino,61,276,276,bowdoin-cds_2025-2026.pdf,0
2025,bowdoin,0,0,1,1,1,"Black or African American, non-Hispanic",24,99,99,bowdoin-cds_2025-2026.pdf,0
2025,bowdoin,0,0,1,1,1,"White, non-Hispanic",299,981,983,bowdoin-cds_2025-2026.pdf,0
2025,bowdoin,0,0,1,1,1,"American Indian or Alaska Native, non-Hispanic",1,2,2,bowdoin-cds_2025-2026.pdf,0
2025,bowdoin,0,0,1,1,1,"Asian, non-Hispanic",54,186,187,bowdoin-cds_2025-2026.pdf,0
2025,bowdoin,0,0,1,1,1,"Native Hawaiian or other Pacific Islander, non-Hispanic",0,1,1,bowdoin-cds_2025-2026.pdf,0
2025,bowdoin,0,0,1,1,1,"Two or more races, non-Hispanic",44,160,160,bowdoin-cds_2025-2026.pdf,0
2025,bowdoin,0,0,1,1,1,Race and/or ethnicity unknown,6,14,14,bowdoin-cds_2025-2026.pdf,0
2025,bowdoin,0,0,1,1,1,Total,515,1837,1841,bowdoin-cds_2025-2026.pdf,0
2025,brown,1,1,0,0,1,Nonresident,227,926,1074,CDS-PDF-2025-2026.pdf,0
2025,brown,1,1,0,0,1,Hispanic/Latino,198,828,854,CDS-PDF-2025-2026.pdf,0
2025,brown,1,1,0,0,1,"Black or African American, non-Hispanic",129,566,570,CDS-PDF-2025-2026.pdf,0
2025,brown,1,1,0,0,1,"White, non-Hispanic",497,2227,2241,CDS-PDF-2025-2026.pdf,0
2025,brown,1,1,0,0,1,"American Indian or Alaska Native, non-Hispanic",1,14,14,CDS-PDF-2025-2026.pdf,0
2025,brown,1,1,0,0,1,"Asian, non-Hispanic",429,1734,1761,CDS-PDF-2025-2026.pdf,0
2025,brown,1,1,0,0,1,"Native Hawaiian or other Pacific Islander, non-Hispanic",2,7,7,CDS-PDF-2025-2026.pdf,0
2025,brown,1,1,0,0,1,"Two or more races, non-Hispanic",147,575,584,CDS-PDF-2025-2026.pdf,0
2025,brown,1,1,0,0,1,Race and/or ethnicity unknown,120,319,846,CDS-PDF-2025-2026.pdf,0
2025,brown,1,1,0,0,1,Total,1750,7196,7951,CDS-PDF-2025-2026.pdf,0
2025,bucknell,0,0,0,1,0,Nonresident,37,163,168,cds_2025-26.pdf,0
2025,bucknell,0,0,0,1,0,Hispanic/Latino,110,378,380,cds_2025-26.pdf,0
2025,bucknell,0,0,0,1,0,"Black or African American, non-Hispanic",49,167,167,cds_2025-26.pdf,0
2025,bucknell,0,0,0,1,0,"White, non-Hispanic",753,2844,2852,cds_2025-26.pdf,0
2025,bucknell,0,0,0,1,0,"American Indian or Alaska Native, non-Hispanic",1,3,3,cds_2025-26.pdf,0
2025,bucknell,0,0,0,1,0,"Asian, non-Hispanic",33,149,151,cds_2025-26.pdf,0
2025,bucknell,0,0,0,1,0,"Native Hawaiian or other Pacific Islander, non-Hispanic",0,2,2,cds_2025-26.pdf,0
2025,bucknell,0,0,0,1,0,"Two or more races, non-Hispanic",49,173,177,cds_2025-26.pdf,0
2025,bucknell,0,0,0,1,0,Race and/or ethnicity unknown,5,9,28,cds_2025-26.pdf,0
2025,bucknell,0,0,0,1,0,Total,1037,3888,3928,cds_2025-26.pdf,0
2025,carleton,0,0,0,1,1,Nonresident,51,193,201,Carleton_CDS_2025-26.pdf,0
2025,carleton,0,0,0,1,1,Hispanic/Latino,43,200,208,Carleton_CDS_2025-26.pdf,0
2025,carleton,0,0,0,1,1,"Black or African American, non-Hispanic",28,104,104,Carleton_CDS_2025-26.pdf,0
2025,carleton,0,0,0,1,1,"White, non-Hispanic",285,976,1006,Carleton_CDS_2025-26.pdf,0
2025,carleton,0,0,0,1,1,"American Indian or Alaska Native, non-Hispanic",0,2,2,Carleton_CDS_2025-26.pdf,0
2025,carleton,0,0,0,1,1,"Asian, non-Hispanic",57,211,216,Carleton_CDS_2025-26.pdf,0
2025,carleton,0,0,0,1,1,"Native Hawaiian or other Pacific Islander, non-Hispanic",0,1,1,Carleton_CDS_2025-26.pdf,0
2025,carleton,0,0,0,1,1,"Two or more races, non-Hispanic",38,160,166,Carleton_CDS_2025-26.pdf,0
2025,carleton,0,0,0,1,1,Race and/or ethnicity unknown,16,64,70,Carleton_CDS_2025-26.pdf,0
2025,carleton,0,0,0,1,1,Total,518,1911,1974,Carleton_CDS_2025-26.pdf,0
2025,cmc,0,0,0,0,1,Nonresident,43,186,189,cds_2025-2026.pdf,0
2025,cmc,0,0,0,0,1,Hispanic/Latino,38,186,186,cds_2025-2026.pdf,0
2025,cmc,0,0,0,0,1,"Black or African American, non-Hispanic",9,49,49,cds_2025-2026.pdf,0
2025,cmc,0,0,0,0,1,"White, non-Hispanic",101,477,479,cds_2025-2026.pdf,0
2025,cmc,0,0,0,0,1,"American Indian or Alaska Native, non-Hispanic",0,0,0,cds_2025-2026.pdf,0
2025,cmc,0,0,0,0,1,"Asian, non-Hispanic",89,271,273,cds_2025-2026.pdf,0
2025,cmc,0,0,0,0,1,"Native Hawaiian or other Pacific Islander, non-Hispanic",1,1,1,cds_2025-2026.pdf,0
2025,cmc,0,0,0,0,1,"Two or more races, non-Hispanic",31,132,132,cds_2025-2026.pdf,0
2025,cmc,0,0,0,0,1,Race and/or ethnicity unknown,23,69,69,cds_2025-2026.pdf,0
2025,cmc,0,0,0,0,1,Total,335,1371,1378,cds_2025-2026.pdf,0
2025,cmu,0,0,0,0,1,Nonresident,261,1703,1716,CDS_2025-2026.pdf,0
2025,cmu,0,0,0,0,1,Hispanic/Latino,108,643,651,CDS_2025-2026.pdf,0
2025,cmu,0,0,0,0,1,"Black or African American, non-Hispanic",56,277,295,CDS_2025-2026.pdf,0
2025,cmu,0,0,0,0,1,"White, non-Hispanic",346,1481,1504,CDS_2025-2026.pdf,0
2025,cmu,0,0,0,0,1,"American Indian or Alaska Native, non-Hispanic",0,2,3,CDS_2025-2026.pdf,0
2025,cmu,0,0,0,0,1,"Asian, non-Hispanic",769,2673,2680,CDS_2025-2026.pdf,0
2025,cmu,0,0,0,0,1,"Native Hawaiian or other Pacific Islander, non-Hispanic",0,2,2,CDS_2025-2026.pdf,0
2025,cmu,0,0,0,0,1,"Two or more races, non-Hispanic",90,354,355,CDS_2025-2026.pdf,0
2025,cmu,0,0,0,0,1,Race and/or ethnicity unknown,174,485,522,CDS_2025-2026.pdf,0
2025,cmu,0,0,0,0,1,Total,1804,7620,7728,CDS_2025-2026.pdf,0
2025,colgate,0,0,0,0,1,Nonresident,53,222,222,CDS_2025-2026.pdf,0
2025,colgate,0,0,0,0,1,Hispanic/Latino,84,313,314,CDS_2025-2026.pdf,0
2025,colgate,0,0,0,0,1,"Black or African American, non-Hispanic",24,123,124,CDS_2025-2026.pdf,0
2025,colgate,0,0,0,0,1,"White, non-Hispanic",519,1938,1945,CDS_2025-2026.pdf,0
2025,colgate,0,0,0,0,1,"American Indian or Alaska Native, non-Hispanic",,2,2,CDS_2025-2026.pdf,0
2025,colgate,0,0,0,0,1,"Asian, non-Hispanic",51,177,177,CDS_2025-2026.pdf,0
2025,colgate,0,0,0,0,1,"Native Hawaiian or other Pacific Islander, non-Hispanic",0,3,3,CDS_2025-2026.pdf,0
2025,colgate,0,0,0,0,1,"Two or more races, non-Hispanic",51,193,194,CDS_2025-2026.pdf,0
2025,colgate,0,0,0,0,1,Race and/or ethnicity unknown,31,79,84,CDS_2025-2026.pdf,0
2025,colgate,0,0,0,0,1,Total,813,3050,3065,CDS_2025-2026.pdf,0
2025,conncoll,0,0,1,1,0,Nonresident,38,111,113,Common-Data-Set-2025-26.pdf,0
2025,conncoll,0,0,1,1,0,Hispanic/Latino,60,224,227,Common-Data-Set-2025-26.pdf,0
2025,conncoll,0,0,1,1,0,"Black or African American, non-Hispanic",26,99,113,Common-Data-Set-2025-26.pdf,0
2025,conncoll,0,0,1,1,0,"White, non-Hispanic",275,1244,1287,Common-Data-Set-2025-26.pdf,0
2025,conncoll,0,0,1,1,0,"American Indian or Alaska Native, non-Hispanic",0,0,1,Common-Data-Set-2025-26.pdf,0
2025,conncoll,0,0,1,1,0,"Asian, non-Hispanic",20,71,77,Common-Data-Set-2025-26.pdf,0
2025,conncoll,0,0,1,1,0,"Native Hawaiian or other Pacific Islander, non-Hispanic",1,2,2,Common-Data-Set-2025-26.pdf,0
2025,conncoll,0,0,1,1,0,"Two or more races, non-Hispanic",28,88,88,Common-Data-Set-2025-26.pdf,0
2025,conncoll,0,0,1,1,0,Race and/or ethnicity unknown,11,41,45,Common-Data-Set-2025-26.pdf,0
2025,conncoll,0,0,1,1,0,Total,459,1880,1953,Common-Data-Set-2025-26.pdf,0
2025,cornell,1,1,0,0,1,Nonresident,373,1523,1677,CDS_2025-2026.xlsx,0
2025,cornell,1,1,0,0,1,Hispanic/Latino,423,1967,1967,CDS_2025-2026.xlsx,0
2025,cornell,1,1,0,0,1,"Black or African American, non-Hispanic",182,934,934,CDS_2025-2026.xlsx,0
2025,cornell,1,1,0,0,1,"White, non-Hispanic",1147,4887,4887,CDS_2025-2026.xlsx,0
2025,cornell,1,1,0,0,1,"American Indian or Alaska Native, non-Hispanic",4,24,24,CDS_2025-2026.xlsx,0
2025,cornell,1,1,0,0,1,"Asian, non-Hispanic",1088,4440,4440,CDS_2025-2026.xlsx,0
2025,cornell,1,1,0,0,1,"Native Hawaiian or other Pacific Islander, non-Hispanic",4,21,21,CDS_2025-2026.xlsx,0
2025,cornell,1,1,0,0,1,"Two or more races, non-Hispanic",251,988,988,CDS_2025-2026.xlsx,0
2025,cornell,1,1,0,0,1,Race and/or ethnicity unknown,355,1195,1200,CDS_2025-2026.xlsx,0
2025,cornell,1,1,0,0,1,Total,3827,15979,16138,CDS_2025-2026.xlsx,0
2025,dartmouth,1,1,0,0,1,Nonresident,154,648,684,cds_2025-26.pdf,0
2025,dartmouth,1,1,0,0,1,Hispanic/Latino,117,434,436,cds_2025-26.pdf,0
2025,dartmouth,1,1,0,0,1,"Black or African American, non-Hispanic",53,246,247,cds_2025-26.pdf,0
2025,dartmouth,1,1,0,0,1,"White, non-Hispanic",600,2023,2065,cds_2025-26.pdf,0
2025,dartmouth,1,1,0,0,1,"American Indian or Alaska Native, non-Hispanic",9,48,48,cds_2025-26.pdf,0
2025,dartmouth,1,1,0,0,1,"Asian, non-Hispanic",145,581,589,cds_2025-26.pdf,0
2025,dartmouth,1,1,0,0,1,"Two or more races, non-Hispanic",105,348,352,cds_2025-26.pdf,0
2025,dartmouth,1,1,0,0,1,Race and/or ethnicity unknown,22,136,294,cds_2025-26.pdf,0
2025,dartmouth,1,1,0,0,1,Total,1205,4464,4715,cds_2025-26.pdf,0
2025,davidson,0,0,0,1,1,Nonresident,52,209,210,CDS_2025-2026.pdf,0
2025,davidson,0,0,0,1,1,Hispanic/Latino,78,231,231,CDS_2025-2026.pdf,0
2025,davidson,0,0,0,1,1,"Black or African American, non-Hispanic",45,138,138,CDS_2025-2026.pdf,0
2025,davidson,0,0,0,1,1,"White, non-Hispanic",286,1063,1063,CDS_2025-2026.pdf,0
2025,davidson,0,0,0,1,1,"American Indian or Alaska Native, non-Hispanic",1,4,4,CDS_2025-2026.pdf,0
2025,davidson,0,0,0,1,1,"Asian, non-Hispanic",31,94,94,CDS_2025-2026.pdf,0
2025,davidson,0,0,0,1,1,"Native Hawaiian or other Pacific Islander, non-Hispanic",0,0,0,CDS_2025-2026.pdf,0
2025,davidson,0,0,0,1,1,"Two or more races, non-Hispanic",29,90,90,CDS_2025-2026.pdf,0
2025,davidson,0,0,0,1,1,Race and/or ethnicity unknown,9,30,30,CDS_2025-2026.pdf,0
2025,davidson,0,0,0,1,1,Total,531,1859,1860,CDS_2025-2026.pdf,0
2025,duke,0,1,0,0,1,Nonresident,193,716,738,CDS_2025-2026.pdf,0
2025,duke,0,1,0,0,1,Hispanic/Latino,197,756,760,CDS_2025-2026.pdf,0
2025,duke,0,1,0,0,1,"Black or African American, non-Hispanic",113,543,549,CDS_2025-2026.pdf,0
2025,duke,0,1,0,0,1,"White, non-Hispanic",573,2125,2142,CDS_2025-2026.pdf,0
2025,duke,0,1,0,0,1,"American Indian or Alaska Native, non-Hispanic",1,7,7,CDS_2025-2026.pdf,0
2025,duke,0,1,0,0,1,"Asian, non-Hispanic",439,1477,1485,CDS_2025-2026.pdf,0
2025,duke,0,1,0,0,1,"Native Hawaiian or other Pacific Islander, non-Hispanic",,4,4,CDS_2025-2026.pdf,0
2025,duke,0,1,0,0,1,"Two or more races, non-Hispanic",102,386,388,CDS_2025-2026.pdf,0
2025,duke,0,1,0,0,1,Race and/or ethnicity unknown,131,420,452,CDS_2025-2026.pdf,0
2025,duke,0,1,0,0,1,Total,1749,6434,6525,CDS_2025-2026.pdf,0
2025,emory,0,0,0,0,1,Nonresident,198,1098,1208,CDS_2025-2026.pdf,0
2025,emory,0,0,0,0,1,Hispanic/Latino,157,864,865,CDS_2025-2026.pdf,0
2025,emory,0,0,0,0,1,"Black or African American, non-Hispanic",126,745,748,CDS_2025-2026.pdf,0
2025,emory,0,0,0,0,1,"White, non-Hispanic",378,2030,2046,CDS_2025-2026.pdf,0
2025,emory,0,0,0,0,1,"American Indian or Alaska Native, non-Hispanic",0,4,4,CDS_2025-2026.pdf,0
2025,emory,0,0,0,0,1,"Asian, non-Hispanic",424,1901,1905,CDS_2025-2026.pdf,0
2025,emory,0,0,0,0,1,"Native Hawaiian or other Pacific Islander, non-Hispanic",0,1,1,CDS_2025-2026.pdf,0
2025,emory,0,0,0,0,1,"Two or more races, non-Hispanic",74,311,312,CDS_2025-2026.pdf,0
2025,emory,0,0,0,0,1,Race and/or ethnicity unknown,86,231,231,CDS_2025-2026.pdf,0
2025,emory,0,0,0,0,1,Total,1443,7185,7320,CDS_2025-2026.pdf,0
2025,fandm,0,0,0,1,0,Nonresident,128,351,351,CDS_2025-2026.pdf,0
2025,fandm,0,0,0,1,0,Hispanic/Latino,56,173,174,CDS_2025-2026.pdf,0
2025,fandm,0,0,0,1,0,"Black or African American, non-Hispanic",25,83,83,CDS_2025-2026.pdf,0
2025,fandm,0,0,0,1,0,"White, non-Hispanic",225,979,982,CDS_2025-2026.pdf,0
2025,fandm,0,0,0,1,0,"American Indian or Alaska Native, non-Hispanic",1,2,2,CDS_2025-2026.pdf,0
2025,fandm,0,0,0,1,0,"Asian, non-Hispanic",30,104,105,CDS_2025-2026.pdf,0
2025,fandm,0,0,0,1,0,"Native Hawaiian or other Pacific Islander, non-Hispanic",0,0,0,CDS_2025-2026.pdf,0
2025,fandm,0,0,0,1,0,"Two or more races, non-Hispanic",20,72,72,CDS_2025-2026.pdf,0
2025,fandm,0,0,0,1,0,Race and/or ethnicity unknown,3,9,9,CDS_2025-2026.pdf,0
2025,fandm,0,0,0,1,0,Total,488,1773,1778,CDS_2025-2026.pdf,0
2025,georgetown,0,0,0,0,1,Nonresident,133,1050,1140,georgetown_cds_2025-2026.pdf,0
2025,georgetown,0,0,0,0,1,Hispanic/Latino,149,493,498,georgetown_cds_2025-2026.pdf,0
2025,georgetown,0,0,0,0,1,"Black or African American, non-Hispanic",70,363,369,georgetown_cds_2025-2026.pdf,0
2025,georgetown,0,0,0,0,1,"White, non-Hispanic",697,3325,3375,georgetown_cds_2025-2026.pdf,0
2025,georgetown,0,0,0,0,1,"American Indian or Alaska Native, non-Hispanic",3,10,10,georgetown_cds_2025-2026.pdf,0
2025,georgetown,0,0,0,0,1,"Asian, non-Hispanic",352,1315,1320,georgetown_cds_2025-2026.pdf,0
2025,georgetown,0,0,0,0,1,"Native Hawaiian or other Pacific Islander, non-Hispanic",1,8,9,georgetown_cds_2025-2026.pdf,0
2025,georgetown,0,0,0,0,1,"Two or more races, non-Hispanic",59,437,437,georgetown_cds_2025-2026.pdf,0
2025,georgetown,0,0,0,0,1,Race and/or ethnicity unknown,125,617,750,georgetown_cds_2025-2026.pdf,0
2025,georgetown,0,0,0,0,1,Total,1589,7618,7908,georgetown_cds_2025-2026.pdf,0
2025,hamilton,0,0,1,1,1,Nonresident,40,155,,hamilton_cds_2025-2026.pdf,0
2025,hamilton,0,0,1,1,1,Hispanic/Latino,52,198,,hamilton_cds_2025-2026.pdf,0
2025,hamilton,0,0,1,1,1,"Black or African American, non-Hispanic",25,72,,hamilton_cds_2025-2026.pdf,0
2025,hamilton,0,0,1,1,1,"White, non-Hispanic",266,1206,,hamilton_cds_2025-2026.pdf,0
2025,hamilton,0,0,1,1,1,"American Indian or Alaska Native, non-Hispanic",,1,,hamilton_cds_2025-2026.pdf,0
2025,hamilton,0,0,1,1,1,"Asian, non-Hispanic",46,174,,hamilton_cds_2025-2026.pdf,0
2025,hamilton,0,0,1,1,1,"Two or more races, non-Hispanic",34,127,,hamilton_cds_2025-2026.pdf,0
2025,hamilton,0,0,1,1,1,Race and/or ethnicity unknown,15,43,,hamilton_cds_2025-2026.pdf,0
2025,hamilton,0,0,1,1,1,Total,478,1976,0,hamilton_cds_2025-2026.pdf,0
2025,harvard,1,1,0,0,1,Nonresident,251,1021,1077,CDS_2025-2026.pdf,0
2025,harvard,1,1,0,0,1,Hispanic/Latino,139,728,729,CDS_2025-2026.pdf,0
2025,harvard,1,1,0,0,1,"Black or African American, non-Hispanic",97,547,547,CDS_2025-2026.pdf,0
2025,harvard,1,1,0,0,1,"White, non-Hispanic",480,1929,1933,CDS_2025-2026.pdf,0
2025,harvard,1,1,0,0,1,"American Indian or Alaska Native, non-Hispanic",1,18,18,CDS_2025-2026.pdf,0
2025,harvard,1,1,0,0,1,"Asian, non-Hispanic",462,1681,1681,CDS_2025-2026.pdf,0
2025,harvard,1,1,0,0,1,"Native Hawaiian or other Pacific Islander, non-Hispanic",2,9,9,CDS_2025-2026.pdf,0
2025,harvard,1,1,0,0,1,"Two or more races, non-Hispanic",139,531,532,CDS_2025-2026.pdf,0
2025,harvard,1,1,0,0,1,Race and/or ethnicity unknown,102,211,212,CDS_2025-2026.pdf,0
2025,harvard,1,1,0,0,1,Total,1673,6675,6738,CDS_2025-2026.pdf,0
2025,haverford,0,0,0,1,0,Nonresident,35,153,153,cds_2025-2026.pdf,0
2025,haverford,0,0,0,1,0,Hispanic/Latino,58,180,181,cds_2025-2026.pdf,0
2025,haverford,0,0,0,1,0,"Black or African American, non-Hispanic",8,53,53,cds_2025-2026.pdf,0
2025,haverford,0,0,0,1,0,"White, non-Hispanic",188,676,677,cds_2025-2026.pdf,0
2025,haverford,0,0,0,1,0,"American Indian or Alaska Native, non-Hispanic",0,0,0,cds_2025-2026.pdf,0
2025,haverford,0,0,0,1,0,"Asian, non-Hispanic",64,196,196,cds_2025-2026.pdf,0
2025,haverford,0,0,0,1,0,"Native Hawaiian or other Pacific Islander, non-Hispanic",0,3,3,cds_2025-2026.pdf,0
2025,haverford,0,0,0,1,0,"Two or more races, non-Hispanic",41,147,147,cds_2025-2026.pdf,0
2025,haverford,0,0,0,1,0,Race and/or ethnicity unknown,3,10,10,cds_2025-2026.pdf,0
2025,haverford,0,0,0,1,0,Total,397,1418,1420,cds_2025-2026.pdf,0
2025,hmc,0,0,0,0,1,Nonresident,30,99,99,cds_2025-2026.pdf,0
2025,hmc,0,0,0,0,1,Hispanic/Latino,36,186,186,cds_2025-2026.pdf,0
2025,hmc,0,0,0,0,1,"Black or African American, non-Hispanic",1,32,32,cds_2025-2026.pdf,0
2025,hmc,0,0,0,0,1,"White, non-Hispanic",64,233,233,cds_2025-2026.pdf,0
2025,hmc,0,0,0,0,1,"American Indian or Alaska Native, non-Hispanic",0,2,2,cds_2025-2026.pdf,0
2025,hmc,0,0,0,0,1,"Asian, non-Hispanic",62,198,198,cds_2025-2026.pdf,0
2025,hmc,0,0,0,0,1,"Native Hawaiian or other Pacific Islander, non-Hispanic",0,1,1,cds_2025-2026.pdf,0
2025,hmc,0,0,0,0,1,"Two or more races, non-Hispanic",22,102,102,cds_2025-2026.pdf,0
2025,hmc,0,0,0,0,1,Race and/or ethnicity unknown,21,60,60,cds_2025-2026.pdf,0
2025,hmc,0,0,0,0,1,Total,236,913,913,cds_2025-2026.pdf,0
2025,jhu,0,1,0,0,1,Nonresident,188,812,,2025-2026-CDS-Johns-Hopkins-University-v2.pdf,0
2025,jhu,0,1,0,0,1,Hispanic/Latino,140,920,,2025-2026-CDS-Johns-Hopkins-University-v2.pdf,0
2025,jhu,0,1,0,0,1,"Black or African American, non-Hispanic",56,407,,2025-2026-CDS-Johns-Hopkins-University-v2.pdf,0
2025,jhu,0,1,0,0,1,"White, non-Hispanic",292,1124,,2025-2026-CDS-Johns-Hopkins-University-v2.pdf,0
2025,jhu,0,1,0,0,1,"American Indian or Alaska Native, non-Hispanic",1,9,,2025-2026-CDS-Johns-Hopkins-University-v2.pdf,0
2025,jhu,0,1,0,0,1,"Asian, non-Hispanic",626,1924,,2025-2026-CDS-Johns-Hopkins-University-v2.pdf,0
2025,jhu,0,1,0,0,1,"Native Hawaiian or other Pacific Islander, non-Hispanic",,3,,2025-2026-CDS-Johns-Hopkins-University-v2.pdf,0
2025,jhu,0,1,0,0,1,"Two or more races, non-Hispanic",57,334,,2025-2026-CDS-Johns-Hopkins-University-v2.pdf,0
2025,jhu,0,1,0,0,1,Race and/or ethnicity unknown,29,118,,2025-2026-CDS-Johns-Hopkins-University-v2.pdf,0
2025,jhu,0,1,0,0,1,Total,1389,5651,,2025-2026-CDS-Johns-Hopkins-University-v2.pdf,0
2025,macalester,0,0,0,1,0,Nonresident,90,333,338,Macalester_CDS_2025-26.pdf,0
2025,macalester,0,0,0,1,0,Hispanic/Latino,60,220,220,Macalester_CDS_2025-26.pdf,0
2025,macalester,0,0,0,1,0,"Black or African American, non-Hispanic",28,120,120,Macalester_CDS_2025-26.pdf,0
2025,macalester,0,0,0,1,0,"White, non-Hispanic",257,1001,1002,Macalester_CDS_2025-26.pdf,0
2025,macalester,0,0,0,1,0,"American Indian or Alaska Native, non-Hispanic",0,1,1,Macalester_CDS_2025-26.pdf,0
2025,macalester,0,0,0,1,0,"Asian, non-Hispanic",37,159,159,Macalester_CDS_2025-26.pdf,0
2025,macalester,0,0,0,1,0,"Native Hawaiian or other Pacific Islander, non-Hispanic",0,4,4,Macalester_CDS_2025-26.pdf,0
2025,macalester,0,0,0,1,0,"Two or more races, non-Hispanic",45,185,186,Macalester_CDS_2025-26.pdf,0
2025,macalester,0,0,0,1,0,Race and/or ethnicity unknown,17,38,38,Macalester_CDS_2025-26.pdf,0
2025,middlebury,0,0,1,1,1,Nonresident,84,328,351,CDS_2025-2026.pdf,0
2025,middlebury,0,0,1,1,1,Hispanic/Latino,62,310,310,CDS_2025-2026.pdf,0
2025,middlebury,0,0,1,1,1,"Black or African American, non-Hispanic",38,130,130,CDS_2025-2026.pdf,0
2025,middlebury,0,0,1,1,1,"White, non-Hispanic",358,1451,1455,CDS_2025-2026.pdf,0
2025,middlebury,0,0,1,1,1,"American Indian or Alaska Native, non-Hispanic",0,1,1,CDS_2025-2026.pdf,0
2025,middlebury,0,0,1,1,1,"Asian, non-Hispanic",44,177,177,CDS_2025-2026.pdf,0
2025,middlebury,0,0,1,1,1,"Native Hawaiian or other Pacific Islander, non-Hispanic",1,1,1,CDS_2025-2026.pdf,0
2025,middlebury,0,0,1,1,1,"Two or more races, non-Hispanic",36,194,195,CDS_2025-2026.pdf,0
2025,middlebury,0,0,1,1,1,Race and/or ethnicity unknown,11,32,33,CDS_2025-2026.pdf,0
2025,middlebury,0,0,1,1,1,Total,634,2624,2653,CDS_2025-2026.pdf,0
2025,mit,0,1,0,0,1,Nonresident,124,529,529,2025-26-common-data-set.html,0
2025,mit,0,1,0,0,1,Hispanic/Latino,149,632,632,2025-26-common-data-set.html,0
2025,mit,0,1,0,0,1,"Black or African American, non-Hispanic",68,307,307,2025-26-common-data-set.html,0
2025,mit,0,1,0,0,1,"White, non-Hispanic",261,983,983,2025-26-common-data-set.html,0
2025,mit,0,1,0,0,1,"American Indian or Alaska Native, non-Hispanic",3,11,11,2025-26-common-data-set.html,0
2025,mit,0,1,0,0,1,"Asian, non-Hispanic",442,1638,1638,2025-26-common-data-set.html,0
2025,mit,0,1,0,0,1,"Native Hawaiian or other Pacific Islander, non-Hispanic",0,1,1,2025-26-common-data-set.html,0
2025,mit,0,1,0,0,1,"Two or more races, non-Hispanic",78,298,298,2025-26-common-data-set.html,0
2025,mit,0,1,0,0,1,Race and/or ethnicity unknown,27,162,162,2025-26-common-data-set.html,0
2025,mit,0,1,0,0,1,Total,1152,4561,4561,2025-26-common-data-set.html,0
2025,mtholyoke,0,0,0,1,0,Nonresident,123,417,422,mtholyoke_cds_2025-2026.pdf,0
2025,mtholyoke,0,0,0,1,0,Hispanic/Latino,74,258,258,mtholyoke_cds_2025-2026.pdf,0
2025,mtholyoke,0,0,0,1,0,"Black or African American, non-Hispanic",24,113,114,mtholyoke_cds_2025-2026.pdf,0
2025,mtholyoke,0,0,0,1,0,"White, non-Hispanic",251,1078,1080,mtholyoke_cds_2025-2026.pdf,0
2025,mtholyoke,0,0,0,1,0,"American Indian or Alaska Native, non-Hispanic",2,4,4,mtholyoke_cds_2025-2026.pdf,0
2025,mtholyoke,0,0,0,1,0,"Asian, non-Hispanic",22,119,119,mtholyoke_cds_2025-2026.pdf,0
2025,mtholyoke,0,0,0,1,0,"Two or more races, non-Hispanic",33,122,122,mtholyoke_cds_2025-2026.pdf,0
2025,mtholyoke,0,0,0,1,0,Race and/or ethnicity unknown,7,15,16,mtholyoke_cds_2025-2026.pdf,0
2025,mtholyoke,0,0,0,1,0,Total,536,2126,2135,mtholyoke_cds_2025-2026.pdf,0
2025,notredame,0,0,0,0,1,Nonresident,158,629,678,CDS_2025-2026.pdf,0
2025,notredame,0,0,0,0,1,Hispanic/Latino,346,1415,1415,CDS_2025-2026.pdf,0
2025,notredame,0,0,0,0,1,"Black or African American, non-Hispanic",89,411,411,CDS_2025-2026.pdf,0
2025,notredame,0,0,0,0,1,"White, non-Hispanic",1221,5198,5198,CDS_2025-2026.pdf,0
2025,notredame,0,0,0,0,1,"American Indian or Alaska Native, non-Hispanic",5,14,14,CDS_2025-2026.pdf,0
2025,notredame,0,0,0,0,1,"Asian, non-Hispanic",125,516,516,CDS_2025-2026.pdf,0
2025,notredame,0,0,0,0,1,"Native Hawaiian or other Pacific Islander, non-Hispanic",3,15,15,CDS_2025-2026.pdf,0
2025,notredame,0,0,0,0,1,"Two or more races, non-Hispanic",105,472,472,CDS_2025-2026.pdf,0
2025,notredame,0,0,0,0,1,Race and/or ethnicity unknown,66,231,231,CDS_2025-2026.pdf,0
2025,notredame,0,0,0,0,1,Total,2118,8901,8950,CDS_2025-2026.pdf,0
2025,pomona,0,0,0,1,1,Nonresident,45,206,208,CDS_2025-2026.pdf,0
2025,pomona,0,0,0,1,1,Hispanic/Latino,91,303,305,CDS_2025-2026.pdf,0
2025,pomona,0,0,0,1,1,"Black or African American, non-Hispanic",29,141,141,CDS_2025-2026.pdf,0
2025,pomona,0,0,0,1,1,"White, non-Hispanic",117,425,441,CDS_2025-2026.pdf,0
2025,pomona,0,0,0,1,1,"American Indian or Alaska Native, non-Hispanic",1,2,2,CDS_2025-2026.pdf,0
2025,pomona,0,0,0,1,1,"Asian, non-Hispanic",75,305,316,CDS_2025-2026.pdf,0
2025,pomona,0,0,0,1,1,"Native Hawaiian or other Pacific Islander, non-Hispanic",0,5,5,CDS_2025-2026.pdf,0
2025,pomona,0,0,0,1,1,"Two or more races, non-Hispanic",40,137,137,CDS_2025-2026.pdf,0
2025,pomona,0,0,0,1,1,Race and/or ethnicity unknown,22,62,62,CDS_2025-2026.pdf,0
2025,pomona,0,0,0,1,1,Total,420,1586,1617,CDS_2025-2026.pdf,0
2025,princeton,1,1,0,0,1,Nonresident,200,758,784,CDS_2526_Princeton_v1.3.pdf,0
2025,princeton,1,1,0,0,1,Hispanic/Latino,130,560,562,CDS_2526_Princeton_v1.3.pdf,0
2025,princeton,1,1,0,0,1,"Black or African American, non-Hispanic",70,464,464,CDS_2526_Princeton_v1.3.pdf,0
2025,princeton,1,1,0,0,1,"White, non-Hispanic",399,1823,1833,CDS_2526_Princeton_v1.3.pdf,0
2025,princeton,1,1,0,0,1,"American Indian or Alaska Native, non-Hispanic",1,9,9,CDS_2526_Princeton_v1.3.pdf,0
2025,princeton,1,1,0,0,1,"Asian, non-Hispanic",381,1451,1456,CDS_2526_Princeton_v1.3.pdf,0
2025,princeton,1,1,0,0,1,"Native Hawaiian or other Pacific Islander, non-Hispanic",,3,3,CDS_2526_Princeton_v1.3.pdf,0
2025,princeton,1,1,0,0,1,"Two or more races, non-Hispanic",108,426,426,CDS_2526_Princeton_v1.3.pdf,0
2025,princeton,1,1,0,0,1,Race and/or ethnicity unknown,115,314,379,CDS_2526_Princeton_v1.3.pdf,0
2025,princeton,1,1,0,0,1,Total,1404,5808,5916,CDS_2526_Princeton_v1.3.pdf,0
2025,reed,0,0,0,1,0,Nonresident,36,132,140,CDS_2025-2026.pdf,0
2025,reed,0,0,0,1,0,Hispanic/Latino,43,158,160,CDS_2025-2026.pdf,0
2025,reed,0,0,0,1,0,"Black or African American, non-Hispanic",10,22,23,CDS_2025-2026.pdf,0
2025,reed,0,0,0,1,0,"White, non-Hispanic",181,675,683,CDS_2025-2026.pdf,0
2025,reed,0,0,0,1,0,"American Indian or Alaska Native, non-Hispanic",0,4,4,CDS_2025-2026.pdf,0
2025,reed,0,0,0,1,0,"Asian, non-Hispanic",27,102,103,CDS_2025-2026.pdf,0
2025,reed,0,0,0,1,0,"Native Hawaiian or other Pacific Islander, non-Hispanic",1,1,1,CDS_2025-2026.pdf,0
2025,reed,0,0,0,1,0,"Two or more races, non-Hispanic",43,143,143,CDS_2025-2026.pdf,0
2025,reed,0,0,0,1,0,Race and/or ethnicity unknown,1,3,10,CDS_2025-2026.pdf,0
2025,reed,0,0,0,1,0,Total,342,1240,1267,CDS_2025-2026.pdf,0
2025,rice,0,0,0,0,1,Nonresident,164,642,654,CDS_2025-2026.pdf,0
2025,rice,0,0,0,0,1,Hispanic/Latino,178,775,775,CDS_2025-2026.pdf,0
2025,rice,0,0,0,0,1,"Black or African American, non-Hispanic",94,361,361,CDS_2025-2026.pdf,0
2025,rice,0,0,0,0,1,"White, non-Hispanic",276,1162,1164,CDS_2025-2026.pdf,0
2025,rice,0,0,0,0,1,"American Indian or Alaska Native, non-Hispanic",1,7,7,CDS_2025-2026.pdf,0
2025,rice,0,0,0,0,1,"Asian, non-Hispanic",439,1445,1445,CDS_2025-2026.pdf,0
2025,rice,0,0,0,0,1,"Native Hawaiian or other Pacific Islander, non-Hispanic",1,4,4,CDS_2025-2026.pdf,0
2025,rice,0,0,0,0,1,"Two or more races, non-Hispanic",68,262,262,CDS_2025-2026.pdf,0
2025,rice,0,0,0,0,1,Race and/or ethnicity unknown,42,135,135,CDS_2025-2026.pdf,0
2025,rice,0,0,0,0,1,Total,1263,4793,4807,CDS_2025-2026.pdf,0
2025,richmond,0,0,0,0,1,Nonresident,72,287,351,cds_2025-26_sectionB.pdf,0
2025,richmond,0,0,0,0,1,Hispanic/Latino,82,263,264,cds_2025-26_sectionB.pdf,0
2025,richmond,0,0,0,0,1,"Black or African American, non-Hispanic",37,175,175,cds_2025-26_sectionB.pdf,0
2025,richmond,0,0,0,0,1,"White, non-Hispanic",562,1889,1898,cds_2025-26_sectionB.pdf,0
2025,richmond,0,0,0,0,1,"American Indian or Alaska Native, non-Hispanic",0,1,1,cds_2025-26_sectionB.pdf,0
2025,richmond,0,0,0,0,1,"Asian, non-Hispanic",42,160,161,cds_2025-26_sectionB.pdf,0
2025,richmond,0,0,0,0,1,"Native Hawaiian or other Pacific Islander, non-Hispanic",1,1,1,cds_2025-26_sectionB.pdf,0
2025,richmond,0,0,0,0,1,"Two or more races, non-Hispanic",50,153,154,cds_2025-26_sectionB.pdf,0
2025,richmond,0,0,0,0,1,Race and/or ethnicity unknown,11,46,47,cds_2025-26_sectionB.pdf,0
2025,richmond,0,0,0,0,1,Total,857,2975,3052,cds_2025-26_sectionB.pdf,0
2025,sarahlawrence,0,0,0,1,0,Nonresident,28,75,86,CDS_2025-2026.pdf,0
2025,sarahlawrence,0,0,0,1,0,Hispanic/Latino,66,209,209,CDS_2025-2026.pdf,0
2025,sarahlawrence,0,0,0,1,0,"Black or African American, non-Hispanic",9,64,64,CDS_2025-2026.pdf,0
2025,sarahlawrence,0,0,0,1,0,"White, non-Hispanic",215,862,864,CDS_2025-2026.pdf,0
2025,sarahlawrence,0,0,0,1,0,"American Indian or Alaska Native, non-Hispanic",0,2,2,CDS_2025-2026.pdf,0
2025,sarahlawrence,0,0,0,1,0,"Asian, non-Hispanic",15,74,74,CDS_2025-2026.pdf,0
2025,sarahlawrence,0,0,0,1,0,"Native Hawaiian or other Pacific Islander, non-Hispanic",0,3,3,CDS_2025-2026.pdf,0
2025,sarahlawrence,0,0,0,1,0,"Two or more races, non-Hispanic",12,76,76,CDS_2025-2026.pdf,0
2025,sarahlawrence,0,0,0,1,0,Race and/or ethnicity unknown,5,25,69,CDS_2025-2026.pdf,0
2025,sarahlawrence,0,0,0,1,0,Total,350,1390,1447,CDS_2025-2026.pdf,0
2025,smith,0,0,0,1,1,Nonresident,84,326,329,CDS_2025-2026.pdf,0
2025,smith,0,0,0,1,1,Hispanic/Latino,105,356,356,CDS_2025-2026.pdf,0
2025,smith,0,0,0,1,1,"Black or African American, non-Hispanic",48,147,147,CDS_2025-2026.pdf,0
2025,smith,0,0,0,1,1,"White, non-Hispanic",324,1251,1251,CDS_2025-2026.pdf,0
2025,smith,0,0,0,1,1,"American Indian or Alaska Native, non-Hispanic",0,1,1,CDS_2025-2026.pdf,0
2025,smith,0,0,0,1,1,"Asian, non-Hispanic",74,244,244,CDS_2025-2026.pdf,0
2025,smith,0,0,0,1,1,"Native Hawaiian or other Pacific Islander, non-Hispanic",0,3,3,CDS_2025-2026.pdf,0
2025,smith,0,0,0,1,1,"Two or more races, non-Hispanic",54,177,177,CDS_2025-2026.pdf,0
2025,smith,0,0,0,1,1,Race and/or ethnicity unknown,9,69,70,CDS_2025-2026.pdf,0
2025,smith,0,0,0,1,1,Total,698,2574,2578,CDS_2025-2026.pdf,0
2025,stanford,0,1,0,0,1,Nonresident,237,965,965,cds_2025-2026.pdf,0
2025,stanford,0,1,0,0,1,Hispanic/Latino,232,1146,1155,cds_2025-2026.pdf,0
2025,stanford,0,1,0,0,1,"Black or African American, non-Hispanic",68,449,477,cds_2025-2026.pdf,0
2025,stanford,0,1,0,0,1,"White, non-Hispanic",466,1725,1737,cds_2025-2026.pdf,0
2025,stanford,0,1,0,0,1,"American Indian or Alaska Native, non-Hispanic",7,56,57,cds_2025-2026.pdf,0
2025,stanford,0,1,0,0,1,"Asian, non-Hispanic",657,2231,2236,cds_2025-2026.pdf,0
2025,stanford,0,1,0,0,1,"Native Hawaiian or other Pacific Islander, non-Hispanic",3,14,14,cds_2025-2026.pdf,0
2025,stanford,0,1,0,0,1,"Two or more races, non-Hispanic",183,659,659,cds_2025-2026.pdf,0
2025,stanford,0,1,0,0,1,Race and/or ethnicity unknown,13,44,46,cds_2025-2026.pdf,0
2025,stanford,0,1,0,0,1,Total,1866,7289,7346,cds_2025-2026.pdf,0
2025,stolaf,0,0,0,1,0,Nonresident,95,334,336,stolaf_2025-2026_CDS-B-v2.pdf,0
2025,stolaf,0,0,0,1,0,Hispanic/Latino,90,319,319,stolaf_2025-2026_CDS-B-v2.pdf,0
2025,stolaf,0,0,0,1,0,"Black or African American, non-Hispanic",23,90,90,stolaf_2025-2026_CDS-B-v2.pdf,0
2025,stolaf,0,0,0,1,0,"White, non-Hispanic",506,2064,2070,stolaf_2025-2026_CDS-B-v2.pdf,0
2025,stolaf,0,0,0,1,0,"American Indian or Alaska Native, non-Hispanic",1,4,4,stolaf_2025-2026_CDS-B-v2.pdf,0
2025,stolaf,0,0,0,1,0,"Asian, non-Hispanic",32,139,140,stolaf_2025-2026_CDS-B-v2.pdf,0
2025,stolaf,0,0,0,1,0,"Native Hawaiian or other Pacific Islander, non-Hispanic",1,1,1,stolaf_2025-2026_CDS-B-v2.pdf,0
2025,stolaf,0,0,0,1,0,"Two or more races, non-Hispanic",41,142,142,stolaf_2025-2026_CDS-B-v2.pdf,0
2025,stolaf,0,0,0,1,0,Race and/or ethnicity unknown,5,12,12,stolaf_2025-2026_CDS-B-v2.pdf,0
2025,stolaf,0,0,0,1,0,Total,794,3105,3114,stolaf_2025-2026_CDS-B-v2.pdf,0
2025,swarthmore,0,0,0,1,1,Nonresident,57,220,222,cds-2025-2026.pdf,0
2025,swarthmore,0,0,0,1,1,Hispanic/Latino,76,267,268,cds-2025-2026.pdf,0
2025,swarthmore,0,0,0,1,1,"Black or African American, non-Hispanic",23,135,136,cds-2025-2026.pdf,0
2025,swarthmore,0,0,0,1,1,"White, non-Hispanic",142,490,493,cds-2025-2026.pdf,0
2025,swarthmore,0,0,0,1,1,"American Indian or Alaska Native, non-Hispanic",2,8,8,cds-2025-2026.pdf,0
2025,swarthmore,0,0,0,1,1,"Asian, non-Hispanic",66,271,272,cds-2025-2026.pdf,0
2025,swarthmore,0,0,0,1,1,"Native Hawaiian or other Pacific Islander, non-Hispanic",0,2,2,cds-2025-2026.pdf,0
2025,swarthmore,0,0,0,1,1,"Two or more races, non-Hispanic",42,176,176,cds-2025-2026.pdf,0
2025,swarthmore,0,0,0,1,1,Race and/or ethnicity unknown,18,54,54,cds-2025-2026.pdf,0
2025,swarthmore,0,0,0,1,1,Total,426,1623,1631,cds-2025-2026.pdf,0
2025,trinity,0,0,1,1,0,Nonresident,47,252,,CDS_2025-2026.pdf,0
2025,trinity,0,0,1,1,0,Hispanic/Latino,59,224,,CDS_2025-2026.pdf,0
2025,trinity,0,0,1,1,0,"Black or African American, non-Hispanic",35,132,,CDS_2025-2026.pdf,0
2025,trinity,0,0,1,1,0,"White, non-Hispanic",284,1229,,CDS_2025-2026.pdf,0
2025,trinity,0,0,1,1,0,"American Indian or Alaska Native, non-Hispanic",2,3,,CDS_2025-2026.pdf,0
2025,trinity,0,0,1,1,0,"Asian, non-Hispanic",18,85,,CDS_2025-2026.pdf,0
2025,trinity,0,0,1,1,0,"Native Hawaiian or other Pacific Islander, non-Hispanic",0,0,,CDS_2025-2026.pdf,0
2025,trinity,0,0,1,1,0,"Two or more races, non-Hispanic",27,106,,CDS_2025-2026.pdf,0
2025,trinity,0,0,1,1,0,Race and/or ethnicity unknown,6,40,,CDS_2025-2026.pdf,0
2025,trinity,0,0,1,1,0,Total,478,2071,0,CDS_2025-2026.pdf,0
2025,tufts,0,0,1,1,0,Nonresident,211,874,876,CDS_2025-2026.pdf,0
2025,tufts,0,0,1,1,0,Hispanic/Latino,184,702,717,CDS_2025-2026.pdf,0
2025,tufts,0,0,1,1,0,"Black or African American, non-Hispanic",109,405,427,CDS_2025-2026.pdf,0
2025,tufts,0,0,1,1,0,"White, non-Hispanic",696,2756,2775,CDS_2025-2026.pdf,0
2025,tufts,0,0,1,1,0,"American Indian or Alaska Native, non-Hispanic",2,3,3,CDS_2025-2026.pdf,0
2025,tufts,0,0,1,1,0,"Asian, non-Hispanic",302,1187,1193,CDS_2025-2026.pdf,0
2025,tufts,0,0,1,1,0,"Native Hawaiian or other Pacific Islander, non-Hispanic",1,6,6,CDS_2025-2026.pdf,0
2025,tufts,0,0,1,1,0,"Two or more races, non-Hispanic",138,533,535,CDS_2025-2026.pdf,0
2025,tufts,0,0,1,1,0,Race and/or ethnicity unknown,133,479,499,CDS_2025-2026.pdf,0
2025,tufts,0,0,1,1,0,Total,1776,6945,7031,CDS_2025-2026.pdf,0
2025,ucla,0,0,0,0,1,Nonresident,549,2078,2627,cds_2025-26.pdf,0
2025,ucla,0,0,0,0,1,Hispanic/Latino,1601,6698,8299,cds_2025-26.pdf,0
2025,ucla,0,0,0,0,1,"Black or African American, non-Hispanic",202,869,1071,cds_2025-26.pdf,0
2025,ucla,0,0,0,0,1,"White, non-Hispanic",1291,6319,7610,cds_2025-26.pdf,0
2025,ucla,0,0,0,0,1,"American Indian or Alaska Native, non-Hispanic",8,33,41,cds_2025-26.pdf,0
2025,ucla,0,0,0,0,1,"Asian, non-Hispanic",2005,8009,10014,cds_2025-26.pdf,0
2025,ucla,0,0,0,0,1,"Native Hawaiian or other Pacific Islander, non-Hispanic",6,47,53,cds_2025-26.pdf,0
2025,ucla,0,0,0,0,1,"Two or more races, non-Hispanic",576,2095,2671,cds_2025-26.pdf,0
2025,ucla,0,0,0,0,1,Race and/or ethnicity unknown,313,835,1148,cds_2025-26.pdf,0
2025,ucla,0,0,0,0,1,Total,6551,26983,33534,cds_2025-26.pdf,0
2025,umich,0,0,0,0,1,Nonresident,391,2493,2658,CDS_2025-2026.pdf,0
2025,umich,0,0,0,0,1,Hispanic/Latino,1066,4460,4469,CDS_2025-2026.pdf,0
2025,umich,0,0,0,0,1,"Black or African American, non-Hispanic",487,2018,2030,CDS_2025-2026.pdf,0
2025,umich,0,0,0,0,1,"White, non-Hispanic",3616,15786,15828,CDS_2025-2026.pdf,0
2025,umich,0,0,0,0,1,"American Indian or Alaska Native, non-Hispanic",19,64,64,CDS_2025-2026.pdf,0
2025,umich,0,0,0,0,1,"Asian, non-Hispanic",1530,6480,6503,CDS_2025-2026.pdf,0
2025,umich,0,0,0,0,1,"Native Hawaiian or other Pacific Islander, non-Hispanic",13,43,43,CDS_2025-2026.pdf,0
2025,umich,0,0,0,0,1,"Two or more races, non-Hispanic",510,2071,2078,CDS_2025-2026.pdf,0
2025,umich,0,0,0,0,1,Race and/or ethnicity unknown,546,1663,1685,CDS_2025-2026.pdf,0
2025,umich,0,0,0,0,1,Total,8178,35078,35358,CDS_2025-2026.pdf,0
2025,union,0,0,0,1,0,Nonresident,28,186,187,union-cds-2025-2026.pdf,0
2025,union,0,0,0,1,0,Hispanic/Latino,64,223,224,union-cds-2025-2026.pdf,0
2025,union,0,0,0,1,0,"Black or African American, non-Hispanic",50,119,119,union-cds-2025-2026.pdf,0
2025,union,0,0,0,1,0,"White, non-Hispanic",262,1164,1167,union-cds-2025-2026.pdf,0
2025,union,0,0,0,1,0,"American Indian or Alaska Native, non-Hispanic",0,0,0,union-cds-2025-2026.pdf,0
2025,union,0,0,0,1,0,"Asian, non-Hispanic",34,150,152,union-cds-2025-2026.pdf,0
2025,union,0,0,0,1,0,"Native Hawaiian or other Pacific Islander, non-Hispanic",0,2,2,union-cds-2025-2026.pdf,0
2025,union,0,0,0,1,0,"Two or more races, non-Hispanic",27,87,87,union-cds-2025-2026.pdf,0
2025,union,0,0,0,1,0,Race and/or ethnicity unknown,0,2,16,union-cds-2025-2026.pdf,0
2025,union,0,0,0,1,0,Total,465,1933,1954,union-cds-2025-2026.pdf,0
2025,vanderbilt,0,0,0,0,1,Nonresident,215,826,828,CDS_2025-2026.xlsx,0
2025,vanderbilt,0,0,0,0,1,Hispanic/Latino,168,792,793,CDS_2025-2026.xlsx,0
2025,vanderbilt,0,0,0,0,1,"Black or African American, non-Hispanic",97,577,578,CDS_2025-2026.xlsx,0
2025,vanderbilt,0,0,0,0,1,"White, non-Hispanic",646,2918,2921,CDS_2025-2026.xlsx,0
2025,vanderbilt,0,0,0,0,1,"American Indian or Alaska Native, non-Hispanic",8,30,30,CDS_2025-2026.xlsx,0
2025,vanderbilt,0,0,0,0,1,"Asian, non-Hispanic",284,1379,1379,CDS_2025-2026.xlsx,0
2025,vanderbilt,0,0,0,0,1,"Native Hawaiian or other Pacific Islander, non-Hispanic",2,14,14,CDS_2025-2026.xlsx,0
2025,vanderbilt,0,0,0,0,1,"Two or more races, non-Hispanic",98,424,424,CDS_2025-2026.xlsx,0
2025,vanderbilt,0,0,0,0,1,Race and/or ethnicity unknown,117,395,399,CDS_2025-2026.xlsx,0
2025,vanderbilt,0,0,0,0,1,Total,1635,7355,7366,CDS_2025-2026.xlsx,0
2025,vassar,0,0,0,1,1,Nonresident,48,155,157,CDS_2025-2026.pdf,0
2025,vassar,0,0,0,1,1,Hispanic/Latino,90,333,336,CDS_2025-2026.pdf,0
2025,vassar,0,0,0,1,1,"Black or African American, non-Hispanic",14,86,87,CDS_2025-2026.pdf,0
2025,vassar,0,0,0,1,1,"White, non-Hispanic",393,1353,1359,CDS_2025-2026.pdf,0
2025,vassar,0,0,0,1,1,"American Indian or Alaska Native, non-Hispanic",1,2,2,CDS_2025-2026.pdf,0
2025,vassar,0,0,0,1,1,"Asian, non-Hispanic",51,252,253,CDS_2025-2026.pdf,0
2025,vassar,0,0,0,1,1,"Native Hawaiian or other Pacific Islander, non-Hispanic",0,0,0,CDS_2025-2026.pdf,0
2025,vassar,0,0,0,1,1,"Two or more races, non-Hispanic",54,200,201,CDS_2025-2026.pdf,0
2025,vassar,0,0,0,1,1,Race and/or ethnicity unknown,43,104,119,CDS_2025-2026.pdf,0
2025,vassar,0,0,0,1,1,Total,694,2485,2514,CDS_2025-2026.pdf,0
2025,washandlee,0,0,0,1,1,Nonresident,45,166,168,wlu_cds_2025-26.pdf,0
2025,washandlee,0,0,0,1,1,Hispanic/Latino,41,163,164,wlu_cds_2025-26.pdf,0
2025,washandlee,0,0,0,1,1,"Black or African American, non-Hispanic",23,87,87,wlu_cds_2025-26.pdf,0
2025,washandlee,0,0,0,1,1,"White, non-Hispanic",332,1285,1285,wlu_cds_2025-26.pdf,0
2025,washandlee,0,0,0,1,1,"American Indian or Alaska Native, non-Hispanic",0,2,2,wlu_cds_2025-26.pdf,0
2025,washandlee,0,0,0,1,1,"Asian, non-Hispanic",20,91,91,wlu_cds_2025-26.pdf,0
2025,washandlee,0,0,0,1,1,"Native Hawaiian or other Pacific Islander, non-Hispanic",0,2,2,wlu_cds_2025-26.pdf,0
2025,washandlee,0,0,0,1,1,"Two or more races, non-Hispanic",27,84,84,wlu_cds_2025-26.pdf,0
2025,washandlee,0,0,0,1,1,Race and/or ethnicity unknown,11,32,33,wlu_cds_2025-26.pdf,0
2025,washandlee,0,0,0,1,1,Total,499,1912,1916,wlu_cds_2025-26.pdf,0
2025,wellesley,0,0,0,1,1,Nonresident,73,292,307,Wellesley_CDS_2025-2026.pdf,0
2025,wellesley,0,0,0,1,1,Hispanic/Latino,66,302,303,Wellesley_CDS_2025-2026.pdf,0
2025,wellesley,0,0,0,1,1,"Black or African American, non-Hispanic",29,166,169,Wellesley_CDS_2025-2026.pdf,0
2025,wellesley,0,0,0,1,1,"White, non-Hispanic",185,689,705,Wellesley_CDS_2025-2026.pdf,0
2025,wellesley,0,0,0,1,1,"American Indian or Alaska Native, non-Hispanic",1,3,3,Wellesley_CDS_2025-2026.pdf,0
2025,wellesley,0,0,0,1,1,"Asian, non-Hispanic",172,642,655,Wellesley_CDS_2025-2026.pdf,0
2025,wellesley,0,0,0,1,1,"Native Hawaiian or other Pacific Islander, non-Hispanic",0,4,4,Wellesley_CDS_2025-2026.pdf,0
2025,wellesley,0,0,0,1,1,"Two or more races, non-Hispanic",45,176,180,Wellesley_CDS_2025-2026.pdf,0
2025,wellesley,0,0,0,1,1,Race and/or ethnicity unknown,5,11,40,Wellesley_CDS_2025-2026.pdf,0
2025,wellesley,0,0,0,1,1,Total,576,2285,2366,Wellesley_CDS_2025-2026.pdf,0
2025,williams,0,0,1,1,1,Nonresident,60,191,196,Williams-CDS-2025-2026-V2.pdf,0
2025,williams,0,0,1,1,1,Hispanic/Latino,79,317,317,Williams-CDS-2025-2026-V2.pdf,0
2025,williams,0,0,1,1,1,"Black or African American, non-Hispanic",28,127,129,Williams-CDS-2025-2026-V2.pdf,0
2025,williams,0,0,1,1,1,"White, non-Hispanic",252,898,920,Williams-CDS-2025-2026-V2.pdf,0
2025,williams,0,0,1,1,1,"American Indian or Alaska Native, non-Hispanic",0,2,2,Williams-CDS-2025-2026-V2.pdf,0
2025,williams,0,0,1,1,1,"Asian, non-Hispanic",85,271,272,Williams-CDS-2025-2026-V2.pdf,0
2025,williams,0,0,1,1,1,"Native Hawaiian or other Pacific Islander, non-Hispanic",0,0,0,Williams-CDS-2025-2026-V2.pdf,0
2025,williams,0,0,1,1,1,"Two or more races, non-Hispanic",36,150,153,Williams-CDS-2025-2026-V2.pdf,0
2025,williams,0,0,1,1,1,Race and/or ethnicity unknown,44,111,112,Williams-CDS-2025-2026-V2.pdf,0
2025,williams,0,0,1,1,1,Total,584,2067,2101,Williams-CDS-2025-2026-V2.pdf,0
2025,wustl,0,0,0,0,1,Nonresident,235,810,850,CDS_2025-2026.pdf,0
2025,wustl,0,0,0,0,1,Hispanic/Latino,221,961,981,CDS_2025-2026.pdf,0
2025,wustl,0,0,0,0,1,"Black or African American, non-Hispanic",142,662,727,CDS_2025-2026.pdf,0
2025,wustl,0,0,0,0,1,"White, non-Hispanic",748,3075,3174,CDS_2025-2026.pdf,0
2025,wustl,0,0,0,0,1,"American Indian or Alaska Native, non-Hispanic",3,7,7,CDS_2025-2026.pdf,0
2025,wustl,0,0,0,0,1,"Asian, non-Hispanic",428,1695,1723,CDS_2025-2026.pdf,0
2025,wustl,0,0,0,0,1,"Native Hawaiian or other Pacific Islander, non-Hispanic",2,7,7,CDS_2025-2026.pdf,0
2025,wustl,0,0,0,0,1,"Two or more races, non-Hispanic",121,477,479,CDS_2025-2026.pdf,0
2025,wustl,0,0,0,0,1,Race and/or ethnicity unknown,61,176,205,CDS_2025-2026.pdf,0
2025,wustl,0,0,0,0,1,Total,1961,7870,8153,CDS_2025-2026.pdf,0
2025,yale,1,1,0,0,1,Nonresident,155,706,706,yale_cds_2025-26_md_20260410_0.pdf,0
2025,yale,1,1,0,0,1,Hispanic/Latino,222,1074,1074,yale_cds_2025-26_md_20260410_0.pdf,0
2025,yale,1,1,0,0,1,"Black or African American, non-Hispanic",137,620,620,yale_cds_2025-26_md_20260410_0.pdf,0
2025,yale,1,1,0,0,1,"White, non-Hispanic",501,1984,1984,yale_cds_2025-26_md_20260410_0.pdf,0
2025,yale,1,1,0,0,1,"American Indian or Alaska Native, non-Hispanic",10,34,34,yale_cds_2025-26_md_20260410_0.pdf,0
2025,yale,1,1,0,0,1,"Asian, non-Hispanic",422,1562,1562,yale_cds_2025-26_md_20260410_0.pdf,0
2025,yale,1,1,0,0,1,"Native Hawaiian or other Pacific Islander, non-Hispanic",4,11,11,yale_cds_2025-26_md_20260410_0.pdf,0
2025,yale,1,1,0,0,1,"Two or more races, non-Hispanic",129,483,483,yale_cds_2025-26_md_20260410_0.pdf,0
2025,yale,1,1,0,0,1,Race and/or ethnicity unknown,53,162,193,yale_cds_2025-26_md_20260410_0.pdf,0
2025,yale,1,1,0,0,1,Total,1633,6636,6667,yale_cds_2025-26_md_20260410_0.pdf,0
